-6.343516688429365162e-03,-3.021774215520256143e-02,5.319665021359016865e-01,9.972336292266845703e-01,-1.025028992444276810e-02,7.356870174407958984e-02,-2.759772120043635368e-03,0.000000000000000000e+00,0.000000000000000000e+00,0.000000000000000000e+00,-1.100000000000000089e+00,2.000000000000000111e-01,-5.000000000000000000e-01,0.000000000000000000e+00,1.100000000000000089e+00,2.000000000000000111e-01,5.000000000000000000e-01,5.610523000359535217e-02,-1.300817634910345078e-02,4.378877207636833191e-02,8.523364067077636719e-01,4.314566403627395630e-02,-1.838066279888153076e-01,-5.260558128356933594e-01,5.967096984386444092e-02,-1.937743462622165680e-02,5.326430797576904297e-01,-1.764117628335952759e-01,3.077577985823154449e-02
1.983882251840009617e-02,-3.103842304069360722e-02,5.179283282002716815e-01,9.977157711982727051e-01,-1.761939562857151031e-02,6.520659476518630981e-02,9.183164802379906178e-04,0.000000000000000000e+00,0.000000000000000000e+00,0.000000000000000000e+00,-1.100000000000000089e+00,2.000000000000000111e-01,-5.000000000000000000e-01,0.000000000000000000e+00,1.100000000000000089e+00,2.000000000000000111e-01,5.000000000000000000e-01,3.359526745043694973e-04,4.849306121468544006e-02,5.144051089882850647e-02,1.083249807357788086e+00,-2.251165360212326050e-02,-1.720987260341644287e-01,-5.387625694274902344e-01,6.630001962184906006e-02,-4.618650302290916443e-02,7.405462265014648438e-01,-3.434931635856628418e-01,-2.784291841089725494e-02
5.076172588863456930e-02,-3.113954848845047058e-02,5.057908663499837143e-01,9.974724650382995605e-01,-3.359389677643775940e-02,6.166008487343788147e-02,1.086450833827257156e-02,0.000000000000000000e+00,0.000000000000000000e+00,0.000000000000000000e+00,-1.100000000000000089e+00,2.000000000000000111e-01,-5.000000000000000000e-01,0.000000000000000000e+00,1.100000000000000089e+00,2.000000000000000111e-01,5.000000000000000000e-01,-1.077768504619598389e-01,9.438393265008926392e-02,-3.220377955585718155e-03,1.315988659858703613e+00,-1.223295703530311584e-01,-1.767859607934951782e-01,-5.239453315734863281e-01,8.449755609035491943e-02,-8.899015188217163086e-02,8.644558787345886230e-01,-4.618318676948547363e-01,-4.363563284277915955e-02
7.802493900737979271e-02,-3.075365772414388049e-02,5.004470416625039775e-01,9.972972273826599121e-01,-3.549320995807647705e-02,5.784123018383979797e-02,2.815696038305759430e-02,0.000000000000000000e+00,0.000000000000000000e+00,0.000000000000000000e+00,-1.100000000000000089e+00,2.000000000000000111e-01,-5.000000000000000000e-01,0.000000000000000000e+00,1.100000000000000089e+00,2.000000000000000111e-01,5.000000000000000000e-01,-2.278641760349273682e-01,8.288393169641494751e-02,-5.739649012684822083e-02,1.466048479080200195e+00,-1.915225386619567871e-01,-1.933512836694717407e-01,-4.621801674365997314e-01,7.206080853939056396e-02,-1.181298121809959412e-01,9.124369025230407715e-01,-5.540115237236022949e-01,-4.819760471582412720e-02
1.053231840364333982e-01,-2.984684245355163912e-02,4.992612919422110829e-01,9.972009062767028809e-01,-2.912652865052223206e-02,5.446789413690567017e-02,4.213318973779678345e-02,0.000000000000000000e+00,0.000000000000000000e+00,0.000000000000000000e+00,-1.100000000000000089e+00,2.000000000000000111e-01,-5.000000000000000000e-01,0.000000000000000000e+00,1.100000000000000089e+00,2.000000000000000111e-01,5.000000000000000000e-01,-3.479419052600860596e-01,7.806495577096939087e-02,-6.297389417886734009e-02,1.542991757392883301e+00,-2.596878707408905029e-01,-1.936240643262863159e-01,-3.748665452003479004e-01,4.901261255145072937e-02,-1.315681487321853638e-01,9.086927175521850586e-01,-6.132212877273559570e-01,-3.882206976413726807e-02
1.340257156271525141e-01,-2.820674183134064955e-02,5.030148858780210119e-01,9.971250295639038086e-01,-1.985043101012706757e-02,5.418988689780235291e-02,4.910231381654739380e-02,0.000000000000000000e+00,0.000000000000000000e+00,0.000000000000000000e+00,-1.100000000000000089e+00,2.000000000000000111e-01,-5.000000000000000000e-01,0.000000000000000000e+00,1.100000000000000089e+00,2.000000000000000111e-01,5.000000000000000000e-01,-4.592988193035125732e-01,9.670558571815490723e-02,-2.231553010642528534e-02,1.529897093772888184e+00,-3.129600584506988525e-01,-1.712626516819000244e-01,-2.677784264087677002e-01,2.983316220343112946e-02,-1.298138797283172607e-01,8.416588306427001953e-01,-6.291765570640563965e-01,-2.468707785010337830e-02
1.655219564314066027e-01,-2.517894939312504549e-02,5.116560073821532217e-01,9.969070553779602051e-01,-8.692798204720020294e-03,5.708579346537590027e-02,5.331093445420265198e-02,0.000000000000000000e+00,0.000000000000000000e+00,0.000000000000000000e+00,-1.100000000000000089e+00,2.000000000000000111e-01,-5.000000000000000000e-01,0.000000000000000000e+00,1.100000000000000089e+00,2.000000000000000111e-01,5.000000000000000000e-01,-5.306206345558166504e-01,1.111491322517395020e-01,4.375257343053817749e-02,1.412599325180053711e+00,-3.353033363819122314e-01,-1.469447314739227295e-01,-1.514198929071426392e-01,1.100607216358184814e-02,-1.228396669030189514e-01,7.235787510871887207e-01,-5.873088240623474121e-01,-1.075569633394479752e-02
1.987230835373353377e-01,-2.102989319662535231e-02,5.233590943042678578e-01,9.961550235748291016e-01,5.301347468048334122e-03,6.367883086204528809e-02,5.993418768048286438e-02,0.000000000000000000e+00,0.000000000000000000e+00,0.000000000000000000e+00,-1.100000000000000089e+00,2.000000000000000111e-01,-5.000000000000000000e-01,0.000000000000000000e+00,1.100000000000000089e+00,2.000000000000000111e-01,5.000000000000000000e-01,-5.609273314476013184e-01,9.296783059835433960e-02,1.124836802482604980e-01,1.192711114883422852e+00,-3.214342296123504639e-01,-1.362347751855850220e-01,-4.548446089029312134e-02,-1.765989884734153748e-02,-1.189776882529258728e-01,5.967213511466979980e-01,-4.836877882480621338e-01,7.382143288850784302e-03
2.323351583057882697e-01,-1.581652993809036511e-02,5.354186244263793304e-01,9.948031902313232422e-01,1.853922754526138306e-02,7.225528359413146973e-02,6.929702311754226685e-02,0.000000000000000000e+00,0.000000000000000000e+00,0.000000000000000000e+00,-1.100000000000000089e+00,2.000000000000000111e-01,-5.000000000000000000e-01,0.000000000000000000e+00,1.100000000000000089e+00,2.000000000000000111e-01,5.000000000000000000e-01,-5.401272177696228027e-01,4.317123442888259888e-02,1.632715463638305664e-01,8.645586371421813965e-01,-2.607012093067169189e-01,-1.533857285976409912e-01,3.045247495174407959e-02,-4.850194603204727173e-02,-1.169235259294509888e-01,5.138525366783142090e-01,-3.246203660964965820e-01,3.072722814977169037e-02
2.677846074657458386e-01,-1.047020501019715367e-02,5.442978591223557316e-01,9.935688972473144531e-01,2.195321954786777496e-02,7.737784832715988159e-02,7.969674468040466309e-02,0.000000000000000000e+00,0.000000000000000000e+00,0.000000000000000000e+00,-1.100000000000000089e+00,2.000000000000000111e-01,-5.000000000000000000e-01,0.000000000000000000e+00,1.100000000000000089e+00,2.000000000000000111e-01,5.000000000000000000e-01,-4.566335380077362061e-01,-1.094137970358133316e-02,1.940172165632247925e-01,4.405148029327392578e-01,-1.474024206399917603e-01,-1.931206583976745605e-01,8.448369055986404419e-02,-5.559430643916130066e-02,-1.076766029000282288e-01,4.908500909805297852e-01,-1.504913866519927979e-01,5.522228032350540161e-02
3.029542995748495948e-01,-5.567019475445226899e-03,5.477277685867415480e-01,9.938454627990722656e-01,2.274312544614076614e-03,7.099315524101257324e-02,8.500576764345169067e-02,0.000000000000000000e+00,0.000000000000000000e+00,0.000000000000000000e+00,-1.100000000000000089e+00,2.000000000000000111e-01,-5.000000000000000000e-01,0.000000000000000000e+00,1.100000000000000089e+00,2.000000000000000111e-01,5.000000000000000000e-01,-3.642849624156951904e-01,-1.608185283839702606e-02,1.613762080669403076e-01,1.220994293689727783e-01,-6.747657060623168945e-02,-2.502577006816864014e-01,1.265433132648468018e-01,-2.751447260379791260e-03,-7.177780568599700928e-02,5.178440809249877930e-01,4.664691165089607239e-03,5.678346380591392517e-02
3.358440838216079638e-01,-8.541532270516259467e-04,5.460540010012460144e-01,9.936735630035400391e-01,-9.402582421898841858e-03,6.202003359794616699e-02,9.315653145313262939e-02,0.000000000000000000e+00,0.000000000000000000e+00,0.000000000000000000e+00,-1.100000000000000089e+00,2.000000000000000111e-01,-5.000000000000000000e-01,0.000000000000000000e+00,1.100000000000000089e+00,2.000000000000000111e-01,5.000000000000000000e-01,-3.620279729366302490e-01,-2.014043182134628296e-02,1.125662028789520264e-01,1.138660088181495667e-01,-1.127158030867576599e-01,-2.465003132820129395e-01,1.334941387176513672e-01,4.230502992868423462e-02,-8.307823911309242249e-03,6.259240508079528809e-01,9.565740823745727539e-02,8.115237951278686523e-02
3.673340033122686199e-01,3.739568196905005294e-03,5.393528688413025129e-01,9.927818775177001953e-01,-6.015500985085964203e-03,5.448106303811073303e-02,1.066757738590240479e-01,0.000000000000000000e+00,0.000000000000000000e+00,0.000000000000000000e+00,-1.100000000000000089e+00,2.000000000000000111e-01,-5.000000000000000000e-01,0.000000000000000000e+00,1.100000000000000089e+00,2.000000000000000111e-01,5.000000000000000000e-01,-3.176773190498352051e-01,-4.918885231018066406e-02,1.163806244730949402e-01,1.134944036602973938e-01,-1.138807758688926697e-01,-2.426618039608001709e-01,1.064592972397804260e-01,6.762424111366271973e-02,5.243095755577087402e-02,8.012034296989440918e-01,1.186742931604385376e-01,1.216199621558189392e-01
3.979924780386264738e-01,8.416281513860354724e-03,5.286171401156620764e-01,9.904047846794128418e-01,2.487998642027378082e-02,5.531464517116546631e-02,1.241760849952697754e-01,0.000000000000000000e+00,0.000000000000000000e+00,0.000000000000000000e+00,-1.100000000000000089e+00,2.000000000000000111e-01,-5.000000000000000000e-01,0.000000000000000000e+00,1.100000000000000089e+00,2.000000000000000111e-01,5.000000000000000000e-01,-3.314875662326812744e-01,-1.209136769175529480e-01,1.390628665685653687e-01,2.582328915596008301e-01,-1.175765171647071838e-01,-1.267470121383666992e-01,4.330987483263015747e-02,-6.509164813905954361e-05,6.128818169236183167e-02,1.026674270629882812e+00,4.143280163407325745e-02,1.497714668512344360e-01
4.297666179050098623e-01,1.289485953602412943e-02,5.154191507572176700e-01,9.872907996177673340e-01,5.318529903888702393e-02,5.001363530755043030e-02,1.411622911691665649e-01,0.000000000000000000e+00,0.000000000000000000e+00,0.000000000000000000e+00,-1.100000000000000089e+00,2.000000000000000111e-01,-5.000000000000000000e-01,0.000000000000000000e+00,1.100000000000000089e+00,2.000000000000000111e-01,5.000000000000000000e-01,-4.285178184509277344e-01,-1.792473644018173218e-01,1.420118510723114014e-01,6.084406971931457520e-01,-2.857036292552947998e-01,3.859307989478111267e-02,-2.702000550925731659e-02,-1.294222623109817505e-01,6.664744112640619278e-03,1.256293058395385742e+00,-9.393953531980514526e-02,1.323242187500000000e-01
4.631075716372390905e-01,1.699509033190105267e-02,5.051909954876008246e-01,9.863269329071044922e-01,6.347560137510299683e-02,4.112914949655532837e-02,1.464186459779739380e-01,0.000000000000000000e+00,0.000000000000000000e+00,0.000000000000000000e+00,-1.100000000000000089e+00,2.000000000000000111e-01,-5.000000000000000000e-01,0.000000000000000000e+00,1.100000000000000089e+00,2.000000000000000111e-01,5.000000000000000000e-01,-4.075487256050109863e-01,-1.937202960252761841e-01,1.358144432306289673e-01,7.598434090614318848e-01,-4.171165227890014648e-01,5.384550243616104126e-02,-1.073107123374938965e-01,-2.261689454317092896e-01,-1.808203198015689850e-02,1.448800206184387207e+00,-2.152100950479507446e-01,6.846204400062561035e-02
4.959558573425418282e-01,2.141479917500882860e-02,5.003931911289691836e-01,9.873174428939819336e-01,6.663794815540313721e-02,3.634562343358993530e-02,1.394367218017578125e-01,0.000000000000000000e+00,0.000000000000000000e+00,0.000000000000000000e+00,-1.100000000000000089e+00,2.000000000000000111e-01,-5.000000000000000000e-01,0.000000000000000000e+00,1.100000000000000089e+00,2.000000000000000111e-01,5.000000000000000000e-01,-3.314595520496368408e-01,-1.878073215484619141e-01,1.390920281410217285e-01,7.961969971656799316e-01,-5.106557607650756836e-01,4.919631779193878174e-02,-2.162332832813262939e-01,-2.702385187149047852e-01,3.431777935475111008e-03,1.575494170188903809e+00,-3.074011504650115967e-01,3.461820259690284729e-02
5.276914672974986065e-01,2.609421124653608579e-02,5.013827206322339913e-01,9.885224699974060059e-01,6.527293473482131958e-02,3.279048576951026917e-02,1.322405934333801270e-01,0.000000000000000000e+00,0.000000000000000000e+00,0.000000000000000000e+00,-1.100000000000000089e+00,2.000000000000000111e-01,-5.000000000000000000e-01,0.000000000000000000e+00,1.100000000000000089e+00,2.000000000000000111e-01,5.000000000000000000e-01,-2.162341028451919556e-01,-1.746556013822555542e-01,1.373832672834396362e-01,7.458977699279785156e-01,-5.550212264060974121e-01,3.528434410691261292e-02,-3.302305638790130615e-01,-2.702117264270782471e-01,2.669302374124526978e-02,1.610685944557189941e+00,-3.599314987659454346e-01,3.392287716269493103e-02
5.616224933370496109e-01,3.081947100630989464e-02,5.085195978572873976e-01,9.895415306091308594e-01,5.703222751617431641e-02,2.977636642754077911e-02,1.291052848100662231e-01,0.000000000000000000e+00,0.000000000000000000e+00,0.000000000000000000e+00,-1.100000000000000089e+00,2.000000000000000111e-01,-5.000000000000000000e-01,0.000000000000000000e+00,1.100000000000000089e+00,2.000000000000000111e-01,5.000000000000000000e-01,-7.532636076211929321e-02,-1.480614244937896729e-01,1.242095157504081726e-01,6.278085708618164062e-01,-5.325514674186706543e-01,8.247526362538337708e-03,-4.183361232280731201e-01,-2.553421258926391602e-01,9.189288131892681122e-03,1.542747497558593750e+00,-3.864063918590545654e-01,3.614635020494461060e-02
5.999914344332435423e-01,3.587800619606342639e-02,5.199807102925548818e-01,9.908391237258911133e-01,4.096449166536331177e-02,2.935141883790493011e-02,1.252925693988800049e-01,0.000000000000000000e+00,0.000000000000000000e+00,0.000000000000000000e+00,-1.100000000000000089e+00,2.000000000000000111e-01,-5.000000000000000000e-01,0.000000000000000000e+00,1.100000000000000089e+00,2.000000000000000111e-01,5.000000000000000000e-01,5.647255480289459229e-02,-1.002052128314971924e-01,1.090887486934661865e-01,4.978775978088378906e-01,-4.343395829200744629e-01,-2.480021864175796509e-02,-4.676387906074523926e-01,-2.276833951473236084e-01,-4.649425670504570007e-02,1.375172376632690430e+00,-3.883900046348571777e-01,3.962520509958267212e-02
6.386841430394637475e-01,4.010165051952230275e-02,5.323005664326024844e-01,9.921263456344604492e-01,2.230897732079029083e-02,3.403582796454429626e-02,1.184444725513458252e-01,0.000000000000000000e+00,0.000000000000000000e+00,0.000000000000000000e+00,-1.100000000000000089e+00,2.000000000000000111e-01,-5.000000000000000000e-01,0.000000000000000000e+00,1.100000000000000089e+00,2.000000000000000111e-01,5.000000000000000000e-01,1.442634612321853638e-01,-4.941182211041450500e-02,9.466227889060974121e-02,4.162691235542297363e-01,-2.840120494365692139e-01,-6.499028950929641724e-02,-4.867115318775177002e-01,-1.755010932683944702e-01,-1.025073453783988953e-01,1.118440151214599609e+00,-3.604785501956939697e-01,5.382363125681877136e-02
6.760539221545361910e-01,4.306277333998657225e-02,5.423874730398559052e-01,9.930293560028076172e-01,5.240477621555328369e-03,4.176123440265655518e-02,1.100962460041046143e-01,0.000000000000000000e+00,0.000000000000000000e+00,0.000000000000000000e+00,-1.100000000000000089e+00,2.000000000000000111e-01,-5.000000000000000000e-01,0.000000000000000000e+00,1.100000000000000089e+00,2.000000000000000111e-01,5.000000000000000000e-01,1.874242424964904785e-01,-2.823139773681759834e-03,8.428064733743667603e-02,3.993521034717559814e-01,-1.260181814432144165e-01,-1.118364259600639343e-01,-4.714167416095733643e-01,-1.092902272939682007e-01,-1.468807756900787354e-01,7.821776270866394043e-01,-3.001848161220550537e-01,7.110474258661270142e-02
7.161361987301797516e-01,4.509097303433174525e-02,5.485998399871768738e-01,9.936086535453796387e-01,-5.831815651617944241e-04,4.801720008254051208e-02,1.021559312939643860e-01,0.000000000000000000e+00,0.000000000000000000e+00,0.000000000000000000e+00,-1.100000000000000089e+00,2.000000000000000111e-01,-5.000000000000000000e-01,0.000000000000000000e+00,1.100000000000000089e+00,2.000000000000000111e-01,5.000000000000000000e-01,2.033858299255371094e-01,1.680604368448257446e-02,6.937064975500106812e-02,4.490472674369812012e-01,1.536943763494491577e-02,-1.528468281030654907e-01,-4.140084683895111084e-01,-5.376688763499259949e-02,-1.683896929025650024e-01,4.008013606071472168e-01,-2.095788419246673584e-01,9.680187702178955078e-02
7.514064298269123032e-01,4.771371614573655107e-02,5.483966030082618737e-01,9.939909577369689941e-01,1.138671208173036575e-02,4.852667823433876038e-02,9.745461493730545044e-02,0.000000000000000000e+00,0.000000000000000000e+00,0.000000000000000000e+00,-1.100000000000000089e+00,2.000000000000000111e-01,-5.000000000000000000e-01,0.000000000000000000e+00,1.100000000000000089e+00,2.000000000000000111e-01,5.000000000000000000e-01,1.998350322246551514e-01,2.430344698950648308e-03,6.541860848665237427e-02,5.600161552429199219e-01,1.009628251194953918e-01,-1.620788127183914185e-01,-3.625361919403076172e-01,-4.277222231030464172e-02,-1.422434151172637939e-01,1.476667076349258423e-01,-1.259861737489700317e-01,1.288698166608810425e-01
7.855739082862632783e-01,5.116058105471157913e-02,5.437322416833856309e-01,9.949945807456970215e-01,1.245012506842613220e-02,4.446282237768173218e-02,8.862219005823135376e-02,0.000000000000000000e+00,0.000000000000000000e+00,0.000000000000000000e+00,-1.100000000000000089e+00,2.000000000000000111e-01,-5.000000000000000000e-01,0.000000000000000000e+00,1.100000000000000089e+00,2.000000000000000111e-01,5.000000000000000000e-01,1.655835956335067749e-01,2.559660561382770538e-02,8.295728266239166260e-02,7.471047639846801758e-01,1.115003228187561035e-01,-1.514882147312164307e-01,-3.673021793365478516e-01,-1.993808709084987640e-02,-1.103844717144966125e-01,1.515530943870544434e-01,-9.053125977516174316e-02,1.312070339918136597e-01
8.190544083895104910e-01,5.486409233356214638e-02,5.340096254240382923e-01,9.964216947555541992e-01,-2.650051377713680267e-03,3.506346046924591064e-02,7.685916125774383545e-02,0.000000000000000000e+00,0.000000000000000000e+00,0.000000000000000000e+00,-1.100000000000000089e+00,2.000000000000000111e-01,-5.000000000000000000e-01,0.000000000000000000e+00,1.100000000000000089e+00,2.000000000000000111e-01,5.000000000000000000e-01,1.233086809515953064e-01,9.739924222230911255e-02,9.865022450685501099e-02,9.682587981224060059e-01,4.960168153047561646e-02,-1.521710604429244995e-01,-4.166894555091857910e-01,2.707862108945846558e-02,-9.482216835021972656e-02,3.915644586086273193e-01,-9.308604151010513306e-02,6.030878797173500061e-02
8.524848362156236536e-01,5.775195694218079184e-02,5.191260354792830434e-01,9.970146417617797852e-01,-1.548131089657545090e-02,2.175359800457954407e-02,7.244917750358581543e-02,0.000000000000000000e+00,0.000000000000000000e+00,0.000000000000000000e+00,-1.100000000000000089e+00,2.000000000000000111e-01,-5.000000000000000000e-01,0.000000000000000000e+00,1.100000000000000089e+00,2.000000000000000111e-01,5.000000000000000000e-01,5.504691973328590393e-02,1.490465700626373291e-01,7.254196703433990479e-02,1.189511537551879883e+00,-4.279248043894767761e-02,-1.611246913671493530e-01,-4.733104705810546875e-01,5.740088969469070435e-02,-1.099142432212829590e-01,7.166477441787719727e-01,-3.047281205654144287e-01,-6.359013170003890991e-02
8.845958636911830375e-01,6.053721697794066381e-02,5.087066423087710509e-01,9.966018795967102051e-01,-3.166596964001655579e-02,1.414726395159959793e-02,7.471119612455368042e-02,0.000000000000000000e+00,0.000000000000000000e+00,0.000000000000000000e+00,-1.100000000000000089e+00,2.000000000000000111e-01,-5.000000000000000000e-01,0.000000000000000000e+00,1.100000000000000089e+00,2.000000000000000111e-01,5.000000000000000000e-01,-6.040038913488388062e-02,1.740527451038360596e-01,3.448895178735256195e-03,1.388657927513122559e+00,-1.516485661268234253e-01,-1.767527461051940918e-01,-4.419710040092468262e-01,9.016055613756179810e-02,-1.387151479721069336e-01,8.380609154701232910e-01,-4.341405034065246582e-01,-8.200626820325851440e-02
9.165502803629697048e-01,6.357850578397211683e-02,5.055945630943534663e-01,9.961747527122497559e-01,-2.842203341424465179e-02,1.216620299965143204e-02,8.173193037509918213e-02,0.000000000000000000e+00,0.000000000000000000e+00,0.000000000000000000e+00,-1.100000000000000089e+00,2.000000000000000111e-01,-5.000000000000000000e-01,0.000000000000000000e+00,1.100000000000000089e+00,2.000000000000000111e-01,5.000000000000000000e-01,-1.935933381319046021e-01,1.481313705444335938e-01,-3.184047341346740723e-02,1.509082555770874023e+00,-2.288405895233154297e-01,-1.724270880222320557e-01,-3.717958629131317139e-01,8.202598989009857178e-02,-1.439280062913894653e-01,8.766180872917175293e-01,-5.251301527023315430e-01,-7.948409020900726318e-02
9.490876280222878547e-01,6.652910605656227327e-02,5.076498930570152446e-01,9.963086843490600586e-01,-1.835104264318943024e-02,1.400569640100002289e-02,8.268119394779205322e-02,0.000000000000000000e+00,0.000000000000000000e+00,0.000000000000000000e+00,-1.100000000000000089e+00,2.000000000000000111e-01,-5.000000000000000000e-01,0.000000000000000000e+00,1.100000000000000089e+00,2.000000000000000111e-01,5.000000000000000000e-01,-3.162030577659606934e-01,1.234639063477516174e-01,-1.556186098605394363e-02,1.541087269783020020e+00,-2.854629456996917725e-01,-1.658826172351837158e-01,-2.758158147335052490e-01,6.714291870594024658e-02,-1.296816319227218628e-01,8.455806374549865723e-01,-5.740391612052917480e-01,-6.831751018762588501e-02
9.825661351990819803e-01,6.951968422620510846e-02,5.157673316162945110e-01,9.967325925827026367e-01,-8.240747265517711639e-03,1.979248970746994019e-02,7.787475734949111938e-02,0.000000000000000000e+00,0.000000000000000000e+00,0.000000000000000000e+00,-1.100000000000000089e+00,2.000000000000000111e-01,-5.000000000000000000e-01,0.000000000000000000e+00,1.100000000000000089e+00,2.000000000000000111e-01,5.000000000000000000e-01,-4.158335030078887939e-01,1.191653683781623840e-01,3.992910310626029968e-02,1.468894839286804199e+00,-3.063150644302368164e-01,-1.554627567529678345e-01,-1.613461971282958984e-01,5.682055652141571045e-02,-1.065741032361984253e-01,7.385228872299194336e-01,-5.576534271240234375e-01,-5.626719817519187927e-02
1.018373044781913705e+00,7.301912814011853048e-02,5.287372554537623781e-01,9.967976808547973633e-01,2.666512271389365196e-03,2.707328461110591888e-02,7.519488781690597534e-02,0.000000000000000000e+00,0.000000000000000000e+00,0.000000000000000000e+00,-1.100000000000000089e+00,2.000000000000000111e-01,-5.000000000000000000e-01,0.000000000000000000e+00,1.100000000000000089e+00,2.000000000000000111e-01,5.000000000000000000e-01,-4.683822095394134521e-01,1.113674640655517578e-01,1.088030040264129639e-01,1.291501283645629883e+00,-2.893734574317932129e-01,-1.463576555252075195e-01,-4.411033540964126587e-02,4.146387800574302673e-02,-8.596730232238769531e-02,6.004174351692199707e-01,-4.621362984180450439e-01,-4.755101725459098816e-02
1.056081787471217392e+00,7.718406417181319923e-02,5.428991153873879982e-01,9.962838888168334961e-01,1.406282186508178711e-02,3.677438572049140930e-02,7.660527527332305908e-02,0.000000000000000000e+00,0.000000000000000000e+00,0.000000000000000000e+00,-1.100000000000000089e+00,2.000000000000000111e-01,-5.000000000000000000e-01,0.000000000000000000e+00,1.100000000000000089e+00,2.000000000000000111e-01,5.000000000000000000e-01,-4.741524457931518555e-01,7.813233137130737305e-02,1.625448167324066162e-01,1.016143918037414551e+00,-2.406001240015029907e-01,-1.464635729789733887e-01,4.776026308536529541e-02,1.854242011904716492e-02,-6.940770894289016724e-02,4.921652376651763916e-01,-3.035934865474700928e-01,-3.354743868112564087e-02
1.094902250966941493e+00,8.196762222025280598e-02,5.541542920891684432e-01,9.955531358718872070e-01,2.134318836033344269e-02,4.725396633148193359e-02,7.864819467067718506e-02,0.000000000000000000e+00,0.000000000000000000e+00,0.000000000000000000e+00,-1.100000000000000089e+00,2.000000000000000111e-01,-5.000000000000000000e-01,0.000000000000000000e+00,1.100000000000000089e+00,2.000000000000000111e-01,5.000000000000000000e-01,-4.349741041660308838e-01,2.464853972196578979e-02,1.864400357007980347e-01,6.506784558296203613e-01,-1.569461971521377563e-01,-1.572850942611694336e-01,1.002167016267776489e-01,2.601958112791180611e-03,-4.800930991768836975e-02,4.528332650661468506e-01,-1.316400766372680664e-01,-6.974992807954549789e-03
1.133058488683568177e+00,8.632099360001808941e-02,5.598420211477110886e-01,9.956132769584655762e-01,1.387808751314878464e-02,5.069732293486595154e-02,7.740459591150283813e-02,0.000000000000000000e+00,0.000000000000000000e+00,0.000000000000000000e+00,-1.100000000000000089e+00,2.000000000000000111e-01,-5.000000000000000000e-01,0.000000000000000000e+00,1.100000000000000089e+00,2.000000000000000111e-01,5.000000000000000000e-01,-3.601939082145690918e-01,-1.190914306789636612e-02,1.675447970628738403e-01,2.684942483901977539e-01,-5.584244057536125183e-02,-1.867225617170333862e-01,1.383701413869857788e-01,2.670010179281234741e-02,-1.069348212331533432e-02,4.569238424301147461e-01,1.099748443812131882e-02,2.754025720059871674e-02
1.170514129713328133e+00,9.086883100633970367e-02,5.593438725730385253e-01,9.962294697761535645e-01,-7.185054011642932892e-03,4.447578638792037964e-02,7.414264976978302002e-02,0.000000000000000000e+00,0.000000000000000000e+00,0.000000000000000000e+00,-1.100000000000000089e+00,2.000000000000000111e-01,-5.000000000000000000e-01,0.000000000000000000e+00,1.100000000000000089e+00,2.000000000000000111e-01,5.000000000000000000e-01,-3.302019834518432617e-01,-1.806019688956439495e-03,9.652819484472274780e-02,1.115988120436668396e-01,-4.387611523270606995e-02,-2.140824496746063232e-01,1.761360317468643188e-01,8.712630718946456909e-02,3.245284035801887512e-02,4.947884082794189453e-01,1.145329400897026062e-01,7.601049542427062988e-02
1.207938049997043128e+00,9.613236774530524442e-02,5.536962926786656025e-01,9.961316585540771484e-01,-1.578804105520248413e-02,3.608876094222068787e-02,7.854937016963958740e-02,0.000000000000000000e+00,0.000000000000000000e+00,0.000000000000000000e+00,-1.100000000000000089e+00,2.000000000000000111e-01,-5.000000000000000000e-01,0.000000000000000000e+00,1.100000000000000089e+00,2.000000000000000111e-01,5.000000000000000000e-01,-3.210348188877105713e-01,-7.099770009517669678e-03,6.546685099601745605e-02,1.133050769567489624e-01,-8.131282776594161987e-02,-2.202381491661071777e-01,1.853096485137939453e-01,1.197983250021934509e-01,5.529723688960075378e-02,6.176787018775939941e-01,1.455250084400177002e-01,1.353949755430221558e-01
1.242789268307011419e+00,1.010601067567488687e-01,5.430103455950515690e-01,9.955273270606994629e-01,-1.865126308985054493e-03,2.911520190536975861e-02,8.985656499862670898e-02,0.000000000000000000e+00,0.000000000000000000e+00,0.000000000000000000e+00,-1.100000000000000089e+00,2.000000000000000111e-01,-5.000000000000000000e-01,0.000000000000000000e+00,1.100000000000000089e+00,2.000000000000000111e-01,5.000000000000000000e-01,-2.686932682991027832e-01,-5.421967804431915283e-02,8.832553029060363770e-02,1.233021542429924011e-01,-7.326595485210418701e-02,-1.892691254615783691e-01,1.439262479543685913e-01,5.767808109521865845e-02,-9.816098958253860474e-03,8.376029729843139648e-01,5.488304421305656433e-02,1.460051238536834717e-01
1.274696934245752589e+00,1.063536827100647758e-01,5.290719010206785811e-01,9.935593605041503906e-01,3.757638111710548401e-02,2.906247973442077637e-02,1.028746515512466431e-01,0.000000000000000000e+00,0.000000000000000000e+00,0.000000000000000000e+00,-1.100000000000000089e+00,2.000000000000000111e-01,-5.000000000000000000e-01,0.000000000000000000e+00,1.100000000000000089e+00,2.000000000000000111e-01,5.000000000000000000e-01,-3.443366885185241699e-01,-1.442502886056900024e-01,1.210460439324378967e-01,4.031404852867126465e-01,-1.548065245151519775e-01,1.724580489099025726e-02,6.504590809345245361e-02,-1.270407140254974365e-01,-8.964101225137710571e-02,1.105653285980224609e+00,-1.101060733199119568e-01,1.162029355764389038e-01
1.305250821852623755e+00,1.097053282918653144e-01,5.135129581241294483e-01,9.923012256622314453e-01,5.904625356197357178e-02,2.069366723299026489e-02,1.068814694881439209e-01,0.000000000000000000e+00,0.000000000000000000e+00,0.000000000000000000e+00,-1.100000000000000089e+00,2.000000000000000111e-01,-5.000000000000000000e-01,0.000000000000000000e+00,1.100000000000000089e+00,2.000000000000000111e-01,5.000000000000000000e-01,-3.847909271717071533e-01,-1.813209205865859985e-01,1.384197771549224854e-01,6.746870279312133789e-01,-3.390037119388580322e-01,7.129951566457748413e-02,-3.047956898808479309e-02,-2.577676475048065186e-01,-1.003570184111595154e-01,1.355364561080932617e+00,-2.528543770313262939e-01,6.262913346290588379e-02
1.337248169481754401e+00,1.138205864797863648e-01,5.045223686625861514e-01,9.934850335121154785e-01,6.418366730213165283e-02,1.387876551598310471e-02,9.314120560884475708e-02,0.000000000000000000e+00,0.000000000000000000e+00,0.000000000000000000e+00,-1.100000000000000089e+00,2.000000000000000111e-01,-5.000000000000000000e-01,0.000000000000000000e+00,1.100000000000000089e+00,2.000000000000000111e-01,5.000000000000000000e-01,-3.370770215988159180e-01,-1.767128556966781616e-01,1.571502834558486938e-01,7.814208865165710449e-01,-4.679210484027862549e-01,7.121327519416809082e-02,-1.552812755107879639e-01,-2.990973889827728271e-01,-4.395100101828575134e-02,1.526287794113159180e+00,-3.428194224834442139e-01,2.742846868932247162e-02
1.370651194569137310e+00,1.183508197024389363e-01,5.021188578408475323e-01,9.946217536926269531e-01,6.610737740993499756e-02,9.568976238369941711e-03,7.915645837783813477e-02,0.000000000000000000e+00,0.000000000000000000e+00,0.000000000000000000e+00,-1.100000000000000089e+00,2.000000000000000111e-01,-5.000000000000000000e-01,0.000000000000000000e+00,1.100000000000000089e+00,2.000000000000000111e-01,5.000000000000000000e-01,-2.369423210620880127e-01,-1.730610579252243042e-01,1.708001047372817993e-01,7.755914926528930664e-01,-5.387346744537353516e-01,6.132431328296661377e-02,-2.875350713729858398e-01,-2.966311573982238770e-01,1.356430072337388992e-02,1.602974891662597656e+00,-3.865077197551727295e-01,2.394262701272964478e-02
1.404751411760696289e+00,1.221826982804846834e-01,5.065958840791323636e-01,9.948861598968505859e-01,6.160487607121467590e-02,6.485498510301113129e-03,7.977658510208129883e-02,0.000000000000000000e+00,0.000000000000000000e+00,0.000000000000000000e+00,-1.100000000000000089e+00,2.000000000000000111e-01,-5.000000000000000000e-01,0.000000000000000000e+00,1.100000000000000089e+00,2.000000000000000111e-01,5.000000000000000000e-01,-1.133947074413299561e-01,-1.674230843782424927e-01,1.547693461179733276e-01,6.992747783660888672e-01,-5.452986359596252441e-01,3.853801265358924866e-02,-3.898039758205413818e-01,-2.691076993942260742e-01,2.511828765273094177e-02,1.574659109115600586e+00,-4.029218852519989014e-01,3.027311339974403381e-02
1.439404749081592438e+00,1.259251235242970779e-01,5.175424893350913935e-01,9.950590133666992188e-01,5.054565146565437317e-02,5.859550554305315018e-03,8.525434136390686035e-02,0.000000000000000000e+00,0.000000000000000000e+00,0.000000000000000000e+00,-1.100000000000000089e+00,2.000000000000000111e-01,-5.000000000000000000e-01,0.000000000000000000e+00,1.100000000000000089e+00,2.000000000000000111e-01,5.000000000000000000e-01,1.703737303614616394e-02,-1.435830444097518921e-01,1.242276281118392944e-01,5.783627629280090332e-01,-4.701699614524841309e-01,1.044211816042661667e-02,-4.511563181877136230e-01,-2.447267174720764160e-01,-1.379600819200277328e-02,1.444439649581909180e+00,-3.964384496212005615e-01,3.131341934204101562e-02
1.475843582427260881e+00,1.296645697582550771e-01,5.314035834515034029e-01,9.956528544425964355e-01,3.345440700650215149e-02,1.026745326817035675e-02,8.631803840398788452e-02,0.000000000000000000e+00,0.000000000000000000e+00,0.000000000000000000e+00,-1.100000000000000089e+00,2.000000000000000111e-01,-5.000000000000000000e-01,0.000000000000000000e+00,1.100000000000000089e+00,2.000000000000000111e-01,5.000000000000000000e-01,1.225306615233421326e-01,-1.012720316648483276e-01,9.096425026655197144e-02,4.685172140598297119e-01,-3.274795711040496826e-01,-2.879290096461772919e-02,-4.774512648582458496e-01,-2.144378423690795898e-01,-8.275052160024642944e-02,1.222769737243652344e+00,-3.742089867591857910e-01,2.428738959133625031e-02
1.513162624956381430e+00,1.328502834531845589e-01,5.438969072315729125e-01,9.962508082389831543e-01,1.597937569022178650e-02,1.871457509696483612e-02,8.293826133012771606e-02,0.000000000000000000e+00,0.000000000000000000e+00,0.000000000000000000e+00,-1.100000000000000089e+00,2.000000000000000111e-01,-5.000000000000000000e-01,0.000000000000000000e+00,1.100000000000000089e+00,2.000000000000000111e-01,5.000000000000000000e-01,1.869594305753707886e-01,-5.789447203278541565e-02,6.645427644252777100e-02,4.040276706218719482e-01,-1.652845889329910278e-01,-8.273826539516448975e-02,-4.711453020572662354e-01,-1.556918025016784668e-01,-1.331519484519958496e-01,9.226451516151428223e-01,-3.259866237640380859e-01,3.611399233341217041e-02
1.550785754846804032e+00,1.355265968428416568e-01,5.528741689974611129e-01,9.964758157730102539e-01,6.911884527653455734e-03,2.771566621959209442e-02,7.886667549610137939e-02,0.000000000000000000e+00,0.000000000000000000e+00,0.000000000000000000e+00,-1.100000000000000089e+00,2.000000000000000111e-01,-5.000000000000000000e-01,0.000000000000000000e+00,1.100000000000000089e+00,2.000000000000000111e-01,5.000000000000000000e-01,2.150455713272094727e-01,-3.441559523344039917e-02,4.667038470506668091e-02,4.054812192916870117e-01,-9.940743446350097656e-03,-1.410257518291473389e-01,-4.302948117256164551e-01,-8.625953644514083862e-02,-1.337864845991134644e-01,5.745787024497985840e-01,-2.507829368114471436e-01,7.315921038389205933e-02
1.587277400743479561e+00,1.380189382092970873e-01,5.563659007011940716e-01,9.963749647140502930e-01,1.325037330389022827e-02,3.362124413251876831e-02,7.701305299997329712e-02,0.000000000000000000e+00,0.000000000000000000e+00,0.000000000000000000e+00,-1.100000000000000089e+00,2.000000000000000111e-01,-5.000000000000000000e-01,0.000000000000000000e+00,1.100000000000000089e+00,2.000000000000000111e-01,5.000000000000000000e-01,2.122702896595001221e-01,-4.232400283217430115e-02,4.252331331372261047e-02,4.863717555999755859e-01,1.054172739386558533e-01,-1.723169237375259399e-01,-3.766050338745117188e-01,-5.651006475090980530e-02,-9.881206601858139038e-02,2.778714597225189209e-01,-1.766853481531143188e-01,9.890630841255187988e-02
1.621922268126950062e+00,1.409278012044501982e-01,5.541346534597452189e-01,9.962626099586486816e-01,2.409076876938343048e-02,3.442718833684921265e-02,7.546696066856384277e-02,0.000000000000000000e+00,0.000000000000000000e+00,0.000000000000000000e+00,-1.100000000000000089e+00,2.000000000000000111e-01,-5.000000000000000000e-01,0.000000000000000000e+00,1.100000000000000089e+00,2.000000000000000111e-01,5.000000000000000000e-01,1.850245743989944458e-01,-4.928604885935783386e-02,6.051025167107582092e-02,6.345725059509277344e-01,1.591556817293167114e-01,-1.768180876970291138e-01,-3.419173657894134521e-01,-5.499399453401565552e-02,-6.105220690369606018e-02,1.413299143314361572e-01,-1.410705149173736572e-01,1.128846257925033569e-01
1.655400775303744298e+00,1.435260064089012300e-01,5.471423879604447871e-01,9.969062805175781250e-01,1.860704831779003143e-02,3.081288561224937439e-02,6.987331062555313110e-02,0.000000000000000000e+00,0.000000000000000000e+00,0.000000000000000000e+00,-1.100000000000000089e+00,2.000000000000000111e-01,-5.000000000000000000e-01,0.000000000000000000e+00,1.100000000000000089e+00,2.000000000000000111e-01,5.000000000000000000e-01,1.332951188087463379e-01,-3.843488637357950211e-03,8.796240389347076416e-02,8.486700057983398438e-01,1.391739994287490845e-01,-1.687544882297515869e-01,-3.401646316051483154e-01,-2.544436603784561157e-02,-5.264667421579360962e-02,1.994592994451522827e-01,-1.302910298109054565e-01,9.608253091573715210e-02
1.687417803081599166e+00,1.456363702051793052e-01,5.345313154424380375e-01,9.975964426994323730e-01,-2.659538527950644493e-03,2.250458300113677979e-02,6.548126041889190674e-02,0.000000000000000000e+00,0.000000000000000000e+00,0.000000000000000000e+00,-1.100000000000000089e+00,2.000000000000000111e-01,-5.000000000000000000e-01,0.000000000000000000e+00,1.100000000000000089e+00,2.000000000000000111e-01,5.000000000000000000e-01,7.337822020053863525e-02,8.902502059936523438e-02,9.084226191043853760e-02,1.087020277976989746e+00,4.298996180295944214e-02,-1.658437699079513550e-01,-4.035615324974060059e-01,3.335694596171379089e-02,-4.377512633800506592e-02,4.874361753463745117e-01,-1.689310520887374878e-01,-1.130473241209983826e-02
1.721344054401522827e+00,1.475266609459437994e-01,5.187004211236431184e-01,9.975429773330688477e-01,-1.523058209568262100e-02,1.106338016688823700e-02,6.748120486736297607e-02,0.000000000000000000e+00,0.000000000000000000e+00,0.000000000000000000e+00,-1.100000000000000089e+00,2.000000000000000111e-01,-5.000000000000000000e-01,0.000000000000000000e+00,1.100000000000000089e+00,2.000000000000000111e-01,5.000000000000000000e-01,-1.040757913142442703e-02,1.490505039691925049e-01,5.739520862698554993e-02,1.311267375946044922e+00,-6.970846652984619141e-02,-1.532436311244964600e-01,-4.363254308700561523e-01,5.747931078076362610e-02,-7.449322193861007690e-02,7.542791366577148438e-01,-3.596053719520568848e-01,-6.097463145852088928e-02
1.754904271562894191e+00,1.500938304728179351e-01,5.090701022706549672e-01,9.969058632850646973e-01,-2.516209706664085388e-02,4.290649201720952988e-03,7.434439659118652344e-02,0.000000000000000000e+00,0.000000000000000000e+00,0.000000000000000000e+00,-1.100000000000000089e+00,2.000000000000000111e-01,-5.000000000000000000e-01,0.000000000000000000e+00,1.100000000000000089e+00,2.000000000000000111e-01,5.000000000000000000e-01,-1.272015273571014404e-01,1.640474945306777954e-01,-5.474654491990804672e-03,1.479588270187377930e+00,-1.679022014141082764e-01,-1.505129188299179077e-01,-3.945963978767395020e-01,7.477871328592300415e-02,-1.027237623929977417e-01,8.605440258979797363e-01,-4.846124649047851562e-01,-7.164076715707778931e-02
1.788185977252444880e+00,1.535387491645535951e-01,5.061355180684665722e-01,9.965929388999938965e-01,-2.332863584160804749e-02,1.709376927465200424e-03,7.909064739942550659e-02,0.000000000000000000e+00,0.000000000000000000e+00,0.000000000000000000e+00,-1.100000000000000089e+00,2.000000000000000111e-01,-5.000000000000000000e-01,0.000000000000000000e+00,1.100000000000000089e+00,2.000000000000000111e-01,5.000000000000000000e-01,-2.475107461214065552e-01,1.381601244211196899e-01,-3.506260365247726440e-02,1.565219521522521973e+00,-2.364726960659027100e-01,-1.492720097303390503e-01,-3.129080235958099365e-01,7.180458307266235352e-02,-1.069810986518859863e-01,8.796738982200622559e-01,-5.633230209350585938e-01,-7.119031995534896851e-02
1.822136974075827975e+00,1.569638942891374289e-01,5.087293118471749587e-01,9.969758987426757812e-01,-1.606545411050319672e-02,2.890274859964847565e-03,7.597751915454864502e-02,0.000000000000000000e+00,0.000000000000000000e+00,0.000000000000000000e+00,-1.100000000000000089e+00,2.000000000000000111e-01,-5.000000000000000000e-01,0.000000000000000000e+00,1.100000000000000089e+00,2.000000000000000111e-01,5.000000000000000000e-01,-3.546082079410552979e-01,1.253275424242019653e-01,-9.846621192991733551e-03,1.553944945335388184e+00,-2.769683599472045898e-01,-1.411955058574676514e-01,-2.113673835992813110e-01,6.438655406236648560e-02,-9.072522819042205811e-02,8.328680992126464844e-01,-5.937672257423400879e-01,-5.906605720520019531e-02
1.856619916184984120e+00,1.607818120021862196e-01,5.173619218945804121e-01,9.974408745765686035e-01,-7.327471394091844559e-03,7.637350820004940033e-03,7.070814818143844604e-02,0.000000000000000000e+00,0.000000000000000000e+00,0.000000000000000000e+00,-1.100000000000000089e+00,2.000000000000000111e-01,-5.000000000000000000e-01,0.000000000000000000e+00,1.100000000000000089e+00,2.000000000000000111e-01,5.000000000000000000e-01,-4.283957481384277344e-01,1.364958286285400391e-01,5.991801247000694275e-02,1.437749147415161133e+00,-2.821223735809326172e-01,-1.193207427859306335e-01,-1.012948155403137207e-01,5.439158156514167786e-02,-6.827036291360855103e-02,7.319413423538208008e-01,-5.567717552185058594e-01,-4.824241250753402710e-02
1.891465903063012988e+00,1.655397266922800925e-01,5.297425207721464524e-01,9.974280595779418945e-01,2.097435295581817627e-03,1.559983100742101669e-02,6.992585957050323486e-02,0.000000000000000000e+00,0.000000000000000000e+00,0.000000000000000000e+00,-1.100000000000000089e+00,2.000000000000000111e-01,-5.000000000000000000e-01,0.000000000000000000e+00,1.100000000000000089e+00,2.000000000000000111e-01,5.000000000000000000e-01,-4.630125164985656738e-01,1.390296965837478638e-01,1.458503305912017822e-01,1.225828409194946289e+00,-2.554276287555694580e-01,-9.851086139678955078e-02,5.281668622046709061e-03,3.584391623735427856e-02,-5.356146395206451416e-02,6.089892387390136719e-01,-4.523762762546539307e-01,-3.556643426418304443e-02
1.926846658539290269e+00,1.713077852186379868e-01,5.420593460032132604e-01,9.967938065528869629e-01,1.390075124800205231e-02,2.742556110024452209e-02,7.386911660432815552e-02,0.000000000000000000e+00,0.000000000000000000e+00,0.000000000000000000e+00,-1.100000000000000089e+00,2.000000000000000111e-01,-5.000000000000000000e-01,0.000000000000000000e+00,1.100000000000000089e+00,2.000000000000000111e-01,5.000000000000000000e-01,-4.515942633152008057e-01,1.040784120559692383e-01,2.256803214550018311e-01,9.117649793624877930e-01,-1.985364854335784912e-01,-9.821887314319610596e-02,8.282811939716339111e-02,6.172972731292247772e-03,-4.123398661613464355e-02,5.200964212417602539e-01,-2.995353043079376221e-01,-1.142668817192316055e-02
1.964925006047041789e+00,1.778394148318153400e-01,5.507568922375488674e-01,9.959614276885986328e-01,2.051814459264278412e-02,3.871003165841102600e-02,7.836660742759704590e-02,0.000000000000000000e+00,0.000000000000000000e+00,0.000000000000000000e+00,-1.100000000000000089e+00,2.000000000000000111e-01,-5.000000000000000000e-01,0.000000000000000000e+00,1.100000000000000089e+00,2.000000000000000111e-01,5.000000000000000000e-01,-3.921642601490020752e-01,2.806818485260009766e-02,2.595870494842529297e-01,4.904466569423675537e-01,-9.557863324880599976e-02,-1.317226886749267578e-01,1.293834000825881958e-01,-9.282922372221946716e-03,-1.767692528665065765e-02,4.921251535415649414e-01,-1.411595493555068970e-01,2.819541469216346741e-02
2.003083236690121449e+00,1.841854946883489386e-01,5.539450348115930733e-01,9.963100552558898926e-01,-1.159745734184980392e-04,3.799438849091529846e-02,7.695912569761276245e-02,0.000000000000000000e+00,0.000000000000000000e+00,0.000000000000000000e+00,-1.100000000000000089e+00,2.000000000000000111e-01,-5.000000000000000000e-01,0.000000000000000000e+00,1.100000000000000089e+00,2.000000000000000111e-01,5.000000000000000000e-01,-3.155544400215148926e-01,1.539512537419795990e-03,1.992539465427398682e-01,1.243666261434555054e-01,-5.714685656130313873e-03,-2.062171399593353271e-01,1.750681251287460327e-01,4.350370541214942932e-02,1.309546642005443573e-02,4.921199679374694824e-01,1.316703204065561295e-02,5.877543613314628601e-02
2.039785800636416901e+00,1.903208225724672964e-01,5.520297079322614708e-01,9.962500929832458496e-01,-1.897658780217170715e-02,3.090944141149520874e-02,7.855114340782165527e-02,0.000000000000000000e+00,0.000000000000000000e+00,0.000000000000000000e+00,-1.100000000000000089e+00,2.000000000000000111e-01,-5.000000000000000000e-01,0.000000000000000000e+00,1.100000000000000089e+00,2.000000000000000111e-01,5.000000000000000000e-01,-3.295898735523223877e-01,1.229211688041687012e-02,1.373669654130935669e-01,1.109821647405624390e-01,-6.672581285238265991e-02,-2.276169061660766602e-01,2.057541310787200928e-01,9.855734556913375854e-02,4.946393892168998718e-02,5.572606325149536133e-01,1.260560750961303711e-01,1.146771535277366638e-01
2.074154979860541648e+00,1.962429903647062712e-01,5.454166797292654412e-01,9.955923557281494141e-01,-1.604417897760868073e-02,2.399818226695060730e-02,8.923338353633880615e-02,0.000000000000000000e+00,0.000000000000000000e+00,0.000000000000000000e+00,-1.100000000000000089e+00,2.000000000000000111e-01,-5.000000000000000000e-01,0.000000000000000000e+00,1.100000000000000089e+00,2.000000000000000111e-01,5.000000000000000000e-01,-2.922732830047607422e-01,-1.947136595845222473e-02,1.436201930046081543e-01,1.069469004869461060e-01,-6.702961027622222900e-02,-2.265143841505050659e-01,1.956127136945724487e-01,1.039077118039131165e-01,5.560943856835365295e-02,7.158265113830566406e-01,1.508381366729736328e-01,1.660692095756530762e-01
2.105894492629802439e+00,2.017870003624696873e-01,5.341448953070423444e-01,9.943013787269592285e-01,1.306451112031936646e-02,2.034518122673034668e-02,1.038278862833976746e-01,0.000000000000000000e+00,0.000000000000000000e+00,0.000000000000000000e+00,-1.100000000000000089e+00,2.000000000000000111e-01,-5.000000000000000000e-01,0.000000000000000000e+00,1.100000000000000089e+00,2.000000000000000111e-01,5.000000000000000000e-01,-2.555590271949768066e-01,-9.440144896507263184e-02,1.713395863771438599e-01,1.813646852970123291e-01,-5.293913185596466064e-02,-1.305037140846252441e-01,1.430443674325942993e-01,4.153470974415540695e-03,2.812128746882081032e-03,9.497759342193603516e-01,5.779002606868743896e-02,1.656490415334701538e-01
2.137926301278851415e+00,2.070970490984994916e-01,5.206869536043718938e-01,9.919719696044921875e-01,4.683496057987213135e-02,1.643042080104351044e-02,1.163107082247734070e-01,0.000000000000000000e+00,0.000000000000000000e+00,0.000000000000000000e+00,-1.100000000000000089e+00,2.000000000000000111e-01,-5.000000000000000000e-01,0.000000000000000000e+00,1.100000000000000089e+00,2.000000000000000111e-01,5.000000000000000000e-01,-3.686160743236541748e-01,-1.648550331592559814e-01,1.843435615301132202e-01,5.679707527160644531e-01,-2.491414695978164673e-01,9.408508241176605225e-02,7.107568532228469849e-02,-1.476984918117523193e-01,-4.160656407475471497e-02,1.193607449531555176e+00,-8.552541583776473999e-02,1.360474675893783569e-01
2.170539546220591642e+00,2.114938185277460692e-01,5.085017445578117190e-01,9.912105202674865723e-01,5.895413458347320557e-02,7.782609667629003525e-03,1.181760877370834351e-01,0.000000000000000000e+00,0.000000000000000000e+00,0.000000000000000000e+00,-1.100000000000000089e+00,2.000000000000000111e-01,-5.000000000000000000e-01,0.000000000000000000e+00,1.100000000000000089e+00,2.000000000000000111e-01,5.000000000000000000e-01,-3.651348054409027100e-01,-1.831941306591033936e-01,1.856523156166076660e-01,7.560830116271972656e-01,-4.008938670158386230e-01,1.191552206873893738e-01,-2.234711311757564545e-02,-2.177608162164688110e-01,-2.037284336984157562e-02,1.403399705886840820e+00,-1.987678855657577515e-01,8.936323225498199463e-02
2.201549647908017882e+00,2.160117412776206558e-01,5.031089270950266368e-01,9.919371604919433594e-01,6.310407817363739014e-02,2.720352262258529663e-03,1.098683401942253113e-01,0.000000000000000000e+00,0.000000000000000000e+00,0.000000000000000000e+00,-1.100000000000000089e+00,2.000000000000000111e-01,-5.000000000000000000e-01,0.000000000000000000e+00,1.100000000000000089e+00,2.000000000000000111e-01,5.000000000000000000e-01,-2.966452538967132568e-01,-1.845552027225494385e-01,1.903108209371566772e-01,8.092958927154541016e-01,-4.965493977069854736e-01,1.142425984144210815e-01,-1.375831812620162964e-01,-2.356185615062713623e-01,2.912425249814987183e-02,1.533303380012512207e+00,-2.803474068641662598e-01,6.934474408626556396e-02
2.232775816038401473e+00,2.204634615018813415e-01,5.034842200577258620e-01,9.924364686012268066e-01,6.286636739969253540e-02,-2.251819387311115861e-04,1.054402664303779602e-01,0.000000000000000000e+00,0.000000000000000000e+00,0.000000000000000000e+00,-1.100000000000000089e+00,2.000000000000000111e-01,-5.000000000000000000e-01,0.000000000000000000e+00,1.100000000000000089e+00,2.000000000000000111e-01,5.000000000000000000e-01,-1.967173069715499878e-01,-1.827293932437896729e-01,1.875646412372589111e-01,7.863391637802124023e-01,-5.407235026359558105e-01,9.881633520126342773e-02,-2.544983923435211182e-01,-2.500744462013244629e-01,4.264400526881217957e-02,1.579819679260253906e+00,-3.356044590473175049e-01,5.190457403659820557e-02
2.264815596393262354e+00,2.247676221300104749e-01,5.102216400868362367e-01,9.922165870666503906e-01,5.897501483559608459e-02,4.207277088426053524e-04,1.096730530261993408e-01,0.000000000000000000e+00,0.000000000000000000e+00,0.000000000000000000e+00,-1.100000000000000089e+00,2.000000000000000111e-01,-5.000000000000000000e-01,0.000000000000000000e+00,1.100000000000000089e+00,2.000000000000000111e-01,5.000000000000000000e-01,-8.991665393114089966e-02,-1.755666881799697876e-01,1.679797768592834473e-01,7.084060907363891602e-01,-5.159867405891418457e-01,7.807122915983200073e-02,-3.552216291427612305e-01,-2.626265883445739746e-01,1.768226735293865204e-02,1.536825656890869141e+00,-3.690584003925323486e-01,3.718198090791702271e-02
2.298421983017463699e+00,2.295564583196031960e-01,5.221978409716275804e-01,9.925011396408081055e-01,4.747512191534042358e-02,3.179062390699982643e-03,1.125944033265113831e-01,0.000000000000000000e+00,0.000000000000000000e+00,0.000000000000000000e+00,-1.100000000000000089e+00,2.000000000000000111e-01,-5.000000000000000000e-01,0.000000000000000000e+00,1.100000000000000089e+00,2.000000000000000111e-01,5.000000000000000000e-01,1.618144102394580841e-02,-1.465682089328765869e-01,1.396754384040832520e-01,6.083368659019470215e-01,-4.222549200057983398e-01,4.753420874476432800e-02,-4.204985499382019043e-01,-2.496073246002197266e-01,-3.416458889842033386e-02,1.396935701370239258e+00,-3.746916353702545166e-01,2.501553855836391449e-02
2.333466432154780890e+00,2.346448147473762791e-01,5.358899100132361593e-01,9.936069846153259277e-01,3.069603815674781799e-02,8.542931638658046722e-03,1.083047091960906982e-01,0.000000000000000000e+00,0.000000000000000000e+00,0.000000000000000000e+00,-1.100000000000000089e+00,2.000000000000000111e-01,-5.000000000000000000e-01,0.000000000000000000e+00,1.100000000000000089e+00,2.000000000000000111e-01,5.000000000000000000e-01,1.050481572747230530e-01,-1.027783676981925964e-01,1.183541640639305115e-01,5.159686803817749023e-01,-2.790742516517639160e-01,8.703291416168212891e-03,-4.465287625789642334e-01,-2.067065536975860596e-01,-9.704982489347457886e-02,1.166324496269226074e+00,-3.505010604858398438e-01,2.343465015292167664e-02
2.369306391101293041e+00,2.393635455970511416e-01,5.474694770145597245e-01,9.949027895927429199e-01,1.460266113281250000e-02,1.583308354020118713e-02,9.851125627756118774e-02,0.000000000000000000e+00,0.000000000000000000e+00,0.000000000000000000e+00,-1.100000000000000089e+00,2.000000000000000111e-01,-5.000000000000000000e-01,0.000000000000000000e+00,1.100000000000000089e+00,2.000000000000000111e-01,5.000000000000000000e-01,1.667112261056900024e-01,-6.385255604982376099e-02,1.036479696631431580e-01,4.593923985958099365e-01,-1.247634515166282654e-01,-3.878389298915863037e-02,-4.366489946842193604e-01,-1.412961930036544800e-01,-1.459843516349792480e-01,8.656321763992309570e-01,-2.969932854175567627e-01,4.368016496300697327e-02
2.405287681748770723e+00,2.438094531191569436e-01,5.541907875548408580e-01,9.958282709121704102e-01,6.352847907692193985e-03,2.160049229860305786e-02,8.842580765485763550e-02,0.000000000000000000e+00,0.000000000000000000e+00,0.000000000000000000e+00,-1.100000000000000089e+00,2.000000000000000111e-01,-5.000000000000000000e-01,0.000000000000000000e+00,1.100000000000000089e+00,2.000000000000000111e-01,5.000000000000000000e-01,2.079857438802719116e-01,-4.359979182481765747e-02,9.447053819894790649e-02,4.512546062469482422e-01,6.903661880642175674e-03,-9.024330973625183105e-02,-3.948388397693634033e-01,-7.414361089468002319e-02,-1.646427810192108154e-01,5.368257761001586914e-01,-2.239889204502105713e-01,7.520044595003128052e-02
2.439998647859602077e+00,2.487255044473391519e-01,5.551327359390378913e-01,9.962937831878662109e-01,1.400798838585615158e-02,2.433097176253795624e-02,8.130486309528350830e-02,0.000000000000000000e+00,0.000000000000000000e+00,0.000000000000000000e+00,-1.100000000000000089e+00,2.000000000000000111e-01,-5.000000000000000000e-01,0.000000000000000000e+00,1.100000000000000089e+00,2.000000000000000111e-01,5.000000000000000000e-01,2.342699915170669556e-01,-5.549405515193939209e-02,9.430834650993347168e-02,4.932095408439636230e-01,1.046552956104278564e-01,-1.290928870439529419e-01,-3.517476320266723633e-01,-3.764950484037399292e-02,-1.298311650753021240e-01,2.722834646701812744e-01,-1.590047776699066162e-01,1.044815406203269958e-01
2.474337601032521761e+00,2.535719694268673274e-01,5.505622082346617319e-01,9.964711070060729980e-01,2.746351249516010284e-02,2.161038294434547424e-02,7.631500065326690674e-02,0.000000000000000000e+00,0.000000000000000000e+00,0.000000000000000000e+00,-1.100000000000000089e+00,2.000000000000000111e-01,-5.000000000000000000e-01,0.000000000000000000e+00,1.100000000000000089e+00,2.000000000000000111e-01,5.000000000000000000e-01,2.305446416139602661e-01,-6.814997643232345581e-02,1.123140826821327209e-01,6.190643310546875000e-01,1.539437174797058105e-01,-1.439444720745086670e-01,-3.228292465209960938e-01,-2.604358829557895660e-02,-6.591767072677612305e-02,1.543229818344116211e-01,-1.282602250576019287e-01,1.390265524387359619e-01
2.507127219965361586e+00,2.571941340150254995e-01,5.413729904366262335e-01,9.976021051406860352e-01,1.713204383850097656e-02,1.536490861326456070e-02,6.527226418256759644e-02,0.000000000000000000e+00,0.000000000000000000e+00,0.000000000000000000e+00,-1.100000000000000089e+00,2.000000000000000111e-01,-5.000000000000000000e-01,0.000000000000000000e+00,1.100000000000000089e+00,2.000000000000000111e-01,5.000000000000000000e-01,1.888004839420318604e-01,-2.077761292457580566e-02,1.290043741464614868e-01,8.402802944183349609e-01,1.216031759977340698e-01,-1.558482348918914795e-01,-3.350683748722076416e-01,2.640031091868877411e-02,-4.934955760836601257e-02,2.365247458219528198e-01,-1.044117361307144165e-01,1.008862555027008057e-01
2.537912951349610147e+00,2.603848923050394171e-01,5.266597541843098806e-01,9.984412193298339844e-01,-4.860488697886466980e-03,4.895825404673814774e-03,5.538515374064445496e-02,0.000000000000000000e+00,0.000000000000000000e+00,0.000000000000000000e+00,-1.100000000000000089e+00,2.000000000000000111e-01,-5.000000000000000000e-01,0.000000000000000000e+00,1.100000000000000089e+00,2.000000000000000111e-01,5.000000000000000000e-01,1.388218849897384644e-01,6.693258136510848999e-02,1.349482536315917969e-01,1.076443433761596680e+00,1.412325631827116013e-02,-1.707252413034439087e-01,-4.227895736694335938e-01,8.993874490261077881e-02,-4.670846834778785706e-02,5.768305063247680664e-01,-1.916018426418304443e-01,-6.576243042945861816e-02
2.568722265696886886e+00,2.635210527140985914e-01,5.099718184520800612e-01,9.984242916107177734e-01,-1.551721058785915375e-02,-8.795677684247493744e-03,5.320524796843528748e-02,0.000000000000000000e+00,0.000000000000000000e+00,0.000000000000000000e+00,-1.100000000000000089e+00,2.000000000000000111e-01,-5.000000000000000000e-01,0.000000000000000000e+00,1.100000000000000089e+00,2.000000000000000111e-01,5.000000000000000000e-01,6.493110209703445435e-02,1.251597851514816284e-01,1.092769280076026917e-01,1.308548688888549805e+00,-1.182177662849426270e-01,-1.639007478952407837e-01,-4.461525082588195801e-01,1.105439215898513794e-01,-7.531578093767166138e-02,8.234674334526062012e-01,-3.768471777439117432e-01,-9.659393876791000366e-02
2.597948033899971865e+00,2.676069671359628255e-01,5.001870477989767139e-01,9.978975057601928711e-01,-2.079277671873569489e-02,-1.512665953487157822e-02,5.949332565069198608e-02,0.000000000000000000e+00,0.000000000000000000e+00,0.000000000000000000e+00,-1.100000000000000089e+00,2.000000000000000111e-01,-5.000000000000000000e-01,0.000000000000000000e+00,1.100000000000000089e+00,2.000000000000000111e-01,5.000000000000000000e-01,-5.786046013236045837e-02,1.554520279169082642e-01,6.011458858847618103e-02,1.493062973022460938e+00,-2.208294123411178589e-01,-1.445774585008621216e-01,-4.120015799999237061e-01,1.141405701637268066e-01,-9.751727432012557983e-02,9.382029771804809570e-01,-5.023829340934753418e-01,-1.036940589547157288e-01
2.626328635209738582e+00,2.720633790412484987e-01,4.967281578624188065e-01,9.974777698516845703e-01,-2.064620517194271088e-02,-1.812526024878025055e-02,6.544713675975799561e-02,0.000000000000000000e+00,0.000000000000000000e+00,0.000000000000000000e+00,-1.100000000000000089e+00,2.000000000000000111e-01,-5.000000000000000000e-01,0.000000000000000000e+00,1.100000000000000089e+00,2.000000000000000111e-01,5.000000000000000000e-01,-1.892844438552856445e-01,1.680737882852554321e-01,3.044481202960014343e-02,1.602041363716125488e+00,-2.994241118431091309e-01,-1.274718791246414185e-01,-3.382307589054107666e-01,1.084187254309654236e-01,-1.045414432883262634e-01,9.661259055137634277e-01,-5.855852365493774414e-01,-1.043161079287528992e-01
2.655948172464515089e+00,2.760770706388384621e-01,4.982486777075312290e-01,9.977686405181884766e-01,-1.711252704262733459e-02,-1.735965535044670105e-02,6.215730309486389160e-02,0.000000000000000000e+00,0.000000000000000000e+00,0.000000000000000000e+00,-1.100000000000000089e+00,2.000000000000000111e-01,-5.000000000000000000e-01,0.000000000000000000e+00,1.100000000000000089e+00,2.000000000000000111e-01,5.000000000000000000e-01,-3.054268062114715576e-01,1.787029653787612915e-01,4.135146737098693848e-02,1.615881681442260742e+00,-3.454589247703552246e-01,-1.193398237228393555e-01,-2.461826205253601074e-01,1.061823070049285889e-01,-8.791462332010269165e-02,9.330228567123413086e-01,-6.263912320137023926e-01,-9.750700742006301880e-02
2.688702250875607991e+00,2.801065810901498532e-01,5.052487903547406844e-01,9.984356760978698730e-01,-1.039778161793947220e-02,-1.192006096243858337e-02,5.362759158015251160e-02,0.000000000000000000e+00,0.000000000000000000e+00,0.000000000000000000e+00,-1.100000000000000089e+00,2.000000000000000111e-01,-5.000000000000000000e-01,0.000000000000000000e+00,1.100000000000000089e+00,2.000000000000000111e-01,5.000000000000000000e-01,-3.995763659477233887e-01,1.789431571960449219e-01,7.944566011428833008e-02,1.522197127342224121e+00,-3.485322594642639160e-01,-1.145313233137130737e-01,-1.424602717161178589e-01,9.865226596593856812e-02,-5.842136591672897339e-02,8.413852453231811523e-01,-6.181227564811706543e-01,-8.468315750360488892e-02
2.723628619120578520e+00,2.852833113503275286e-01,5.164709176928407031e-01,9.988022446632385254e-01,-1.045250683091580868e-03,-3.344608470797538757e-03,4.880298674106597900e-02,0.000000000000000000e+00,0.000000000000000000e+00,0.000000000000000000e+00,-1.100000000000000089e+00,2.000000000000000111e-01,-5.000000000000000000e-01,0.000000000000000000e+00,1.100000000000000089e+00,2.000000000000000111e-01,5.000000000000000000e-01,-4.555394947528839111e-01,1.666601151227951050e-01,1.314202994108200073e-01,1.333736062049865723e+00,-3.190561532974243164e-01,-1.090182736515998840e-01,-3.614476323127746582e-02,7.815199345350265503e-02,-3.466568142175674438e-02,7.166531682014465332e-01,-5.524087548255920410e-01,-7.074155658483505249e-02
2.758891459781714239e+00,2.914976297048005316e-01,5.287838401096035534e-01,9.987409710884094238e-01,1.013108529150485992e-02,7.725994102656841278e-03,4.851998388767242432e-02,0.000000000000000000e+00,0.000000000000000000e+00,0.000000000000000000e+00,-1.100000000000000089e+00,2.000000000000000111e-01,-5.000000000000000000e-01,0.000000000000000000e+00,1.100000000000000089e+00,2.000000000000000111e-01,5.000000000000000000e-01,-4.710496068000793457e-01,1.358823478221893311e-01,1.868554949760437012e-01,1.065656661987304688e+00,-2.698482275009155273e-01,-1.109555885195732117e-01,5.357753485441207886e-02,4.649134725332260132e-02,-1.752875372767448425e-02,6.045489907264709473e-01,-4.361854195594787598e-01,-4.830276593565940857e-02
2.793915813577295459e+00,2.980614782956362840e-01,5.393239714077325830e-01,9.982494711875915527e-01,2.073092013597488403e-02,2.020911872386932373e-02,5.157347396016120911e-02,0.000000000000000000e+00,0.000000000000000000e+00,0.000000000000000000e+00,-1.100000000000000089e+00,2.000000000000000111e-01,-5.000000000000000000e-01,0.000000000000000000e+00,1.100000000000000089e+00,2.000000000000000111e-01,5.000000000000000000e-01,-4.426688253879547119e-01,7.841788232326507568e-02,2.264105230569839478e-01,7.107888460159301758e-01,-1.860987395048141479e-01,-1.339181065559387207e-01,1.148291602730751038e-01,1.399234775453805923e-02,-1.157246646471321583e-03,5.372229218482971191e-01,-2.888311445713043213e-01,-1.140581816434860229e-02
2.829316498318103612e+00,3.042813187171564127e-01,5.450148559331592368e-01,9.980020523071289062e-01,1.703271456062793732e-02,2.698935195803642273e-02,5.452908948063850403e-02,0.000000000000000000e+00,0.000000000000000000e+00,0.000000000000000000e+00,-1.100000000000000089e+00,2.000000000000000111e-01,-5.000000000000000000e-01,0.000000000000000000e+00,1.100000000000000089e+00,2.000000000000000111e-01,5.000000000000000000e-01,-3.719669580459594727e-01,2.835237607359886169e-02,2.289889305830001831e-01,3.187719285488128662e-01,-8.738830685615539551e-02,-1.848172694444656372e-01,1.674495339393615723e-01,1.815523579716682434e-02,1.349217537790536880e-02,5.107228159904479980e-01,-1.408317536115646362e-01,3.311222046613693237e-02
2.865061295026480437e+00,3.109307801068731947e-01,5.453980375630687050e-01,9.981744885444641113e-01,-4.012654069811105728e-03,2.333405800163745880e-02,5.556133016943931580e-02,0.000000000000000000e+00,0.000000000000000000e+00,0.000000000000000000e+00,-1.100000000000000089e+00,2.000000000000000111e-01,-5.000000000000000000e-01,0.000000000000000000e+00,1.100000000000000089e+00,2.000000000000000111e-01,5.000000000000000000e-01,-3.259927034378051758e-01,3.300669789314270020e-02,1.757863163948059082e-01,1.166949123144149780e-01,-5.768999084830284119e-02,-2.440903931856155396e-01,2.121757417917251587e-01,6.418849527835845947e-02,2.439147792756557465e-02,5.321575999259948730e-01,-9.144240990281105042e-03,8.015061169862747192e-02
2.901732138226730484e+00,3.181735107900969806e-01,5.417292675594187479e-01,9.976667761802673340e-01,-6.978850811719894409e-03,1.707901060581207275e-02,6.573087722063064575e-02,0.000000000000000000e+00,0.000000000000000000e+00,0.000000000000000000e+00,-1.100000000000000089e+00,2.000000000000000111e-01,-5.000000000000000000e-01,0.000000000000000000e+00,1.100000000000000089e+00,2.000000000000000111e-01,5.000000000000000000e-01,-3.123646974563598633e-01,1.220806129276752472e-02,1.443344205617904663e-01,1.117431297898292542e-01,-7.264494150876998901e-02,-2.469384521245956421e-01,2.066724151372909546e-01,7.858599722385406494e-02,4.009384289383888245e-02,6.780060529708862305e-01,7.641331851482391357e-02,1.370445340871810913e-01
2.935210977557933809e+00,3.245183450675974135e-01,5.336552581890965374e-01,9.964322447776794434e-01,1.507867313921451569e-02,1.173852663487195969e-02,8.220471441745758057e-02,0.000000000000000000e+00,0.000000000000000000e+00,0.000000000000000000e+00,-1.100000000000000089e+00,2.000000000000000111e-01,-5.000000000000000000e-01,0.000000000000000000e+00,1.100000000000000089e+00,2.000000000000000111e-01,5.000000000000000000e-01,-2.701548039913177490e-01,-5.652006715536117554e-02,1.491837799549102783e-01,1.397486627101898193e-01,-2.593327872455120087e-02,-2.064443826675415039e-01,1.523970812559127808e-01,2.900366112589836121e-02,2.627489715814590454e-02,9.182740449905395508e-01,7.324995845556259155e-02,1.650576740503311157e-01
2.967023066065528347e+00,3.312170275887756365e-01,5.215018114078827649e-01,9.939396381378173828e-01,5.177345499396324158e-02,7.919820025563240051e-03,9.664782881736755371e-02,0.000000000000000000e+00,0.000000000000000000e+00,0.000000000000000000e+00,-1.100000000000000089e+00,2.000000000000000111e-01,-5.000000000000000000e-01,0.000000000000000000e+00,1.100000000000000089e+00,2.000000000000000111e-01,5.000000000000000000e-01,-3.724304139614105225e-01,-1.377845406532287598e-01,1.580585837364196777e-01,4.873744845390319824e-01,-1.518806964159011841e-01,1.615398004651069641e-02,8.275412768125534058e-02,-9.729343652725219727e-02,-3.167272312566637993e-03,1.178138136863708496e+00,-2.672565355896949768e-02,1.642718613147735596e-01
2.994890820968030720e+00,3.362196466597643929e-01,5.087319275631446702e-01,9.927542209625244141e-01,6.697205454111099243e-02,-2.509788144379854202e-03,9.973752498626708984e-02,0.000000000000000000e+00,0.000000000000000000e+00,0.000000000000000000e+00,-1.100000000000000089e+00,2.000000000000000111e-01,-5.000000000000000000e-01,0.000000000000000000e+00,1.100000000000000089e+00,2.000000000000000111e-01,5.000000000000000000e-01,-3.925674855709075928e-01,-1.615326553583145142e-01,1.649817377328872681e-01,7.213029861450195312e-01,-3.189189732074737549e-01,6.218396872282028198e-02,9.638602496124804020e-04,-1.983532458543777466e-01,-2.079297043383121490e-02,1.412026882171630859e+00,-1.436885148286819458e-01,1.085132807493209839e-01
3.022698123768122525e+00,3.414232191481072487e-01,5.019349688562479983e-01,9.925873279571533203e-01,7.933907955884933472e-02,-7.391432765871286392e-03,9.176605194807052612e-02,0.000000000000000000e+00,0.000000000000000000e+00,0.000000000000000000e+00,-1.100000000000000089e+00,2.000000000000000111e-01,-5.000000000000000000e-01,0.000000000000000000e+00,1.100000000000000089e+00,2.000000000000000111e-01,5.000000000000000000e-01,-3.376450538635253906e-01,-1.815488487482070923e-01,1.826975643634796143e-01,7.945228219032287598e-01,-4.226674437522888184e-01,7.316683232784271240e-02,-1.092614009976387024e-01,-2.752499282360076904e-01,7.441391702741384506e-03,1.581705570220947266e+00,-2.550229132175445557e-01,6.204600259661674500e-02
3.051875563504720112e+00,3.465862480389199085e-01,5.004709982992422423e-01,9.930194616317749023e-01,8.175610005855560303e-02,-1.067706570029258728e-02,8.434642106294631958e-02,0.000000000000000000e+00,0.000000000000000000e+00,0.000000000000000000e+00,-1.100000000000000089e+00,2.000000000000000111e-01,-5.000000000000000000e-01,0.000000000000000000e+00,1.100000000000000089e+00,2.000000000000000111e-01,5.000000000000000000e-01,-2.502052187919616699e-01,-1.853915452957153320e-01,1.898463964462280273e-01,7.939915060997009277e-01,-4.923196434974670410e-01,7.004548609256744385e-02,-2.244820892810821533e-01,-3.037235736846923828e-01,2.920026518404483795e-02,1.654170632362365723e+00,-3.257475197315216064e-01,4.175234213471412659e-02
3.082654319646382479e+00,3.502912021134839127e-01,5.045939064183921907e-01,9.929333925247192383e-01,7.996203750371932983e-02,-1.112021412700414658e-02,8.698096871376037598e-02,0.000000000000000000e+00,0.000000000000000000e+00,0.000000000000000000e+00,-1.100000000000000089e+00,2.000000000000000111e-01,-5.000000000000000000e-01,0.000000000000000000e+00,1.100000000000000089e+00,2.000000000000000111e-01,5.000000000000000000e-01,-1.508094519376754761e-01,-1.885042488574981689e-01,1.763783693313598633e-01,7.331025600433349609e-01,-5.054280161857604980e-01,5.604203045368194580e-02,-3.269279003143310547e-01,-3.167123496532440186e-01,1.810491271317005157e-02,1.631880640983581543e+00,-3.689924478530883789e-01,3.568315878510475159e-02
3.114721502739973946e+00,3.534025754997826563e-01,5.143808360751530584e-01,9.930531978607177734e-01,7.182043790817260742e-02,-9.058563970029354095e-03,9.276335686445236206e-02,0.000000000000000000e+00,0.000000000000000000e+00,0.000000000000000000e+00,-1.100000000000000089e+00,2.000000000000000111e-01,-5.000000000000000000e-01,0.000000000000000000e+00,1.100000000000000089e+00,2.000000000000000111e-01,5.000000000000000000e-01,-4.341756552457809448e-02,-1.735029816627502441e-01,1.510436236858367920e-01,6.297791004180908203e-01,-4.549102783203125000e-01,3.396156057715415955e-02,-3.981817960739135742e-01,-3.216468393802642822e-01,-3.392849862575531006e-02,1.518902301788330078e+00,-3.881811201572418213e-01,2.471316047012805939e-02
3.147984441705424352e+00,3.564209041323023741e-01,5.275510075018562395e-01,9.940457940101623535e-01,5.754211172461509705e-02,-3.694649785757064819e-03,9.245642274618148804e-02,0.000000000000000000e+00,0.000000000000000000e+00,0.000000000000000000e+00,-1.100000000000000089e+00,2.000000000000000111e-01,-5.000000000000000000e-01,0.000000000000000000e+00,1.100000000000000089e+00,2.000000000000000111e-01,5.000000000000000000e-01,5.593730881810188293e-02,-1.375048011541366577e-01,1.293293684720993042e-01,5.173737406730651855e-01,-3.437306284904479980e-01,3.117070809821598232e-05,-4.353146553039550781e-01,-3.038121461868286133e-01,-1.078058108687400818e-01,1.320253610610961914e+00,-3.803356289863586426e-01,8.611762896180152893e-03
3.181642312262997319e+00,3.588055651913387711e-01,5.408671192719478604e-01,9.955707192420959473e-01,4.045501351356506348e-02,5.750004667788743973e-03,8.467127382755279541e-02,0.000000000000000000e+00,0.000000000000000000e+00,0.000000000000000000e+00,-1.100000000000000089e+00,2.000000000000000111e-01,-5.000000000000000000e-01,0.000000000000000000e+00,1.100000000000000089e+00,2.000000000000000111e-01,5.000000000000000000e-01,1.258839070796966553e-01,-9.388703107833862305e-02,1.165306642651557922e-01,4.333386421203613281e-01,-2.000161111354827881e-01,-4.430491477251052856e-02,-4.409835636615753174e-01,-2.464740574359893799e-01,-1.713683605194091797e-01,1.040581226348876953e+00,-3.339352309703826904e-01,1.309394929558038712e-02
3.215760880985645276e+00,3.608809904957359649e-01,5.507510380160929309e-01,9.968831539154052734e-01,2.603392675518989563e-02,1.529545243829488754e-02,7.288561761379241943e-02,0.000000000000000000e+00,0.000000000000000000e+00,0.000000000000000000e+00,-1.100000000000000089e+00,2.000000000000000111e-01,-5.000000000000000000e-01,0.000000000000000000e+00,1.100000000000000089e+00,2.000000000000000111e-01,5.000000000000000000e-01,1.697300821542739868e-01,-5.737414211034774780e-02,1.103701740503311157e-01,3.942189216613769531e-01,-6.447619199752807617e-02,-1.010515317320823669e-01,-4.090846478939056396e-01,-1.528188586235046387e-01,-1.866826266050338745e-01,6.850574612617492676e-01,-2.489093840122222900e-01,5.633716657757759094e-02
3.249720347746454241e+00,3.634371262683410708e-01,5.556806246364357493e-01,9.973691701889038086e-01,2.852789312601089478e-02,2.089576981961727142e-02,6.327939033508300781e-02,0.000000000000000000e+00,0.000000000000000000e+00,0.000000000000000000e+00,-1.100000000000000089e+00,2.000000000000000111e-01,-5.000000000000000000e-01,0.000000000000000000e+00,1.100000000000000089e+00,2.000000000000000111e-01,5.000000000000000000e-01,2.068705409765243530e-01,-6.148800626397132874e-02,1.028284281492233276e-01,3.964556157588958740e-01,5.325407162308692932e-02,-1.463294178247451782e-01,-3.418619930744171143e-01,-8.313371241092681885e-02,-1.451372802257537842e-01,3.094135820865631104e-01,-1.602892577648162842e-01,1.263233572244644165e-01
3.282980961631042582e+00,3.663690532352587015e-01,5.549510889966982052e-01,9.972045421600341797e-01,4.287079721689224243e-02,2.070589549839496613e-02,5.758904293179512024e-02,0.000000000000000000e+00,0.000000000000000000e+00,0.000000000000000000e+00,-1.100000000000000089e+00,2.000000000000000111e-01,-5.000000000000000000e-01,0.000000000000000000e+00,1.100000000000000089e+00,2.000000000000000111e-01,5.000000000000000000e-01,2.189300656318664551e-01,-8.291704207658767700e-02,1.055907234549522400e-01,4.732477068901062012e-01,1.301621496677398682e-01,-1.548667401075363159e-01,-3.043663799762725830e-01,-7.548752427101135254e-02,-9.857898950576782227e-02,1.225433424115180969e-01,-1.281046420335769653e-01,1.519449800252914429e-01
3.314346634613142939e+00,3.689838972996280497e-01,5.501630416738264584e-01,9.976512193679809570e-01,4.387843981385231018e-02,1.554629113525152206e-02,5.024927854537963867e-02,0.000000000000000000e+00,0.000000000000000000e+00,0.000000000000000000e+00,-1.100000000000000089e+00,2.000000000000000111e-01,-5.000000000000000000e-01,0.000000000000000000e+00,1.100000000000000089e+00,2.000000000000000111e-01,5.000000000000000000e-01,2.018336504697799683e-01,-7.143471390008926392e-02,1.078830584883689880e-01,6.312652230262756348e-01,1.476898640394210815e-01,-1.552137583494186401e-01,-2.896632254123687744e-01,-5.882103741168975830e-02,-9.166730195283889771e-02,1.198415011167526245e-01,-1.257784366607666016e-01,1.514139920473098755e-01
3.345251277275759882e+00,3.707664454540218757e-01,5.414064965126189621e-01,9.989079833030700684e-01,2.180194668471813202e-02,7.524033542722463608e-03,4.063206538558006287e-02,0.000000000000000000e+00,0.000000000000000000e+00,0.000000000000000000e+00,-1.100000000000000089e+00,2.000000000000000111e-01,-5.000000000000000000e-01,0.000000000000000000e+00,1.100000000000000089e+00,2.000000000000000111e-01,5.000000000000000000e-01,1.662317514419555664e-01,-6.409421097487211227e-03,9.673114866018295288e-02,8.508145809173583984e-01,1.044874489307403564e-01,-1.648168563842773438e-01,-3.068979382514953613e-01,1.083586597815155983e-03,-1.051276698708534241e-01,2.744476199150085449e-01,-9.123411029577255249e-02,8.038229495286941528e-02
3.373837814319013528e+00,3.730226042761344840e-01,5.261470323349490830e-01,9.993426799774169922e-01,2.639827318489551544e-03,-5.049163941293954849e-03,3.580008074641227722e-02,0.000000000000000000e+00,0.000000000000000000e+00,0.000000000000000000e+00,-1.100000000000000089e+00,2.000000000000000111e-01,-5.000000000000000000e-01,0.000000000000000000e+00,1.100000000000000089e+00,2.000000000000000111e-01,5.000000000000000000e-01,1.248316839337348938e-01,6.239739060401916504e-02,8.571234345436096191e-02,1.072735071182250977e+00,2.407143265008926392e-02,-1.774463057518005371e-01,-3.840895295143127441e-01,3.869102150201797485e-02,-1.147318333387374878e-01,6.252723336219787598e-01,-2.593128979206085205e-01,-7.538632303476333618e-02
3.399560516049163539e+00,3.757126813141083432e-01,5.113487230346660528e-01,9.991031289100646973e-01,-7.912367582321166992e-03,-1.701891981065273285e-02,3.795672953128814697e-02,0.000000000000000000e+00,0.000000000000000000e+00,0.000000000000000000e+00,-1.100000000000000089e+00,2.000000000000000111e-01,-5.000000000000000000e-01,0.000000000000000000e+00,1.100000000000000089e+00,2.000000000000000111e-01,5.000000000000000000e-01,4.942445084452629089e-02,9.539455920457839966e-02,4.453108832240104675e-02,1.295833349227905273e+00,-6.933760643005371094e-02,-1.763195395469665527e-01,-3.864298164844512939e-01,4.903838410973548889e-02,-1.404277235269546509e-01,8.255490064620971680e-01,-4.247720837593078613e-01,-9.256593137979507446e-02
3.425595775078041250e+00,3.785430520705201363e-01,5.028869649113127949e-01,9.986287355422973633e-01,-1.464541070163249969e-02,-2.208949625492095947e-02,4.514731839299201965e-02,0.000000000000000000e+00,0.000000000000000000e+00,0.000000000000000000e+00,-1.100000000000000089e+00,2.000000000000000111e-01,-5.000000000000000000e-01,0.000000000000000000e+00,1.100000000000000089e+00,2.000000000000000111e-01,5.000000000000000000e-01,-6.082620844244956970e-02,1.107278391718864441e-01,-3.714510239660739899e-05,1.467444658279418945e+00,-1.641568392515182495e-01,-1.733570247888565063e-01,-3.427505195140838623e-01,5.374366044998168945e-02,-1.621011942625045776e-01,9.087778925895690918e-01,-5.315529704093933105e-01,-9.476549923419952393e-02
3.453002167506651343e+00,3.812904257440205558e-01,4.998642767521769281e-01,9.983099102973937988e-01,-1.538783404976129532e-02,-2.383554540574550629e-02,5.071992054581642151e-02,0.000000000000000000e+00,0.000000000000000000e+00,0.000000000000000000e+00,-1.100000000000000089e+00,2.000000000000000111e-01,-5.000000000000000000e-01,0.000000000000000000e+00,1.100000000000000089e+00,2.000000000000000111e-01,5.000000000000000000e-01,-1.760784685611724854e-01,1.277095228433609009e-01,-1.197512075304985046e-02,1.562349915504455566e+00,-2.519502341747283936e-01,-1.596463173627853394e-01,-2.706122994422912598e-01,5.153538659214973450e-02,-1.715633124113082886e-01,9.200830459594726562e-01,-5.993215441703796387e-01,-9.275080263614654541e-02
3.481781686261446573e+00,3.828399260613051247e-01,5.023352149189120874e-01,9.984113574028015137e-01,-1.162615790963172913e-02,-2.173424512147903442e-02,5.066773667931556702e-02,0.000000000000000000e+00,0.000000000000000000e+00,0.000000000000000000e+00,-1.100000000000000089e+00,2.000000000000000111e-01,-5.000000000000000000e-01,0.000000000000000000e+00,1.100000000000000089e+00,2.000000000000000111e-01,5.000000000000000000e-01,-2.803746461868286133e-01,1.581913828849792480e-01,2.262212336063385010e-02,1.560301184654235840e+00,-3.129423558712005615e-01,-1.371298730373382568e-01,-1.811613142490386963e-01,4.958869516849517822e-02,-1.626267582178115845e-01,8.696814775466918945e-01,-6.251369118690490723e-01,-8.293345570564270020e-02
3.513214454434134826e+00,3.842729232196855915e-01,5.101410511233890333e-01,9.986531734466552734e-01,-5.409425124526023865e-03,-1.581284590065479279e-02,4.911706596612930298e-02,0.000000000000000000e+00,0.000000000000000000e+00,0.000000000000000000e+00,-1.100000000000000089e+00,2.000000000000000111e-01,-5.000000000000000000e-01,0.000000000000000000e+00,1.100000000000000089e+00,2.000000000000000111e-01,5.000000000000000000e-01,-3.640509247779846191e-01,1.819605529308319092e-01,8.501440286636352539e-02,1.457679390907287598e+00,-3.345963954925537109e-01,-1.108600050210952759e-01,-7.929386198520660400e-02,4.458106309175491333e-02,-1.497663408517837524e-01,7.598068118095397949e-01,-6.024703979492187500e-01,-6.958474218845367432e-02
3.544845518788906080e+00,3.872315470972145235e-01,5.212679747040525058e-01,9.987381696701049805e-01,5.050098523497581482e-03,-6.606347858905792236e-03,4.952741414308547974e-02,0.000000000000000000e+00,0.000000000000000000e+00,0.000000000000000000e+00,-1.100000000000000089e+00,2.000000000000000111e-01,-5.000000000000000000e-01,0.000000000000000000e+00,1.100000000000000089e+00,2.000000000000000111e-01,5.000000000000000000e-01,-4.127930104732513428e-01,1.687261313199996948e-01,1.489233076572418213e-01,1.265107870101928711e+00,-3.143734633922576904e-01,-9.713843464851379395e-02,1.541392970830202103e-02,2.592130191624164581e-02,-1.401430666446685791e-01,6.362742185592651367e-01,-5.281383395195007324e-01,-5.364691093564033508e-02
3.575127039780520377e+00,3.909105723682377298e-01,5.326973663932746961e-01,9.985554814338684082e-01,1.723790913820266724e-02,5.088379140943288803e-03,5.063521489500999451e-02,0.000000000000000000e+00,0.000000000000000000e+00,0.000000000000000000e+00,-1.100000000000000089e+00,2.000000000000000111e-01,-5.000000000000000000e-01,0.000000000000000000e+00,1.100000000000000089e+00,2.000000000000000111e-01,5.000000000000000000e-01,-4.271490871906280518e-01,1.108577921986579895e-01,1.833953857421875000e-01,9.908518791198730469e-01,-2.572453320026397705e-01,-1.197174414992332458e-01,8.236385881900787354e-02,-1.950438367202877998e-03,-1.288392096757888794e-01,5.490486025810241699e-01,-4.165629148483276367e-01,-3.024050965905189514e-02
3.604428373111618900e+00,3.947736942203659005e-01,5.420338946716352080e-01,9.982365369796752930e-01,2.519951201975345612e-02,1.660314574837684631e-02,5.111936479806900024e-02,0.000000000000000000e+00,0.000000000000000000e+00,0.000000000000000000e+00,-1.100000000000000089e+00,2.000000000000000111e-01,-5.000000000000000000e-01,0.000000000000000000e+00,1.100000000000000089e+00,2.000000000000000111e-01,5.000000000000000000e-01,-3.994568586349487305e-01,3.509745746850967407e-02,1.808936297893524170e-01,6.300763487815856934e-01,-1.495202183723449707e-01,-1.753305345773696899e-01,1.194601058959960938e-01,-2.281609550118446350e-02,-1.107402369379997253e-01,5.202556848526000977e-01,-2.860029041767120361e-01,-1.259052776731550694e-03
3.635440301648293904e+00,3.986462409538452101e-01,5.469217959136674079e-01,9.984636902809143066e-01,1.545315980911254883e-02,2.073233574628829956e-02,4.900654032826423645e-02,0.000000000000000000e+00,0.000000000000000000e+00,0.000000000000000000e+00,-1.100000000000000089e+00,2.000000000000000111e-01,-5.000000000000000000e-01,0.000000000000000000e+00,1.100000000000000089e+00,2.000000000000000111e-01,5.000000000000000000e-01,-3.283475935459136963e-01,-5.276707815937697887e-04,1.483611315488815308e-01,2.426913231611251831e-01,-3.847054019570350647e-02,-2.384681850671768188e-01,1.458325982093811035e-01,-4.902980290353298187e-04,-8.760562539100646973e-02,5.419971346855163574e-01,-1.580034345388412476e-01,2.053257264196872711e-02
3.666508032125656236e+00,4.024832056462764873e-01,5.467014529826965674e-01,9.988152980804443359e-01,-7.044614292681217194e-03,1.716467551887035370e-02,4.498592764139175415e-02,0.000000000000000000e+00,0.000000000000000000e+00,0.000000000000000000e+00,-1.100000000000000089e+00,2.000000000000000111e-01,-5.000000000000000000e-01,0.000000000000000000e+00,1.100000000000000089e+00,2.000000000000000111e-01,5.000000000000000000e-01,-3.191089928150177002e-01,2.343324385583400726e-02,8.820576965808868408e-02,1.120866164565086365e-01,-5.533560737967491150e-02,-2.594110667705535889e-01,1.582121104001998901e-01,4.717430844902992249e-02,-7.645455747842788696e-02,6.151440739631652832e-01,-5.053874477744102478e-02,3.521418571472167969e-02
3.697008110718293494e+00,4.066201472892002622e-01,5.422389169804977538e-01,9.986584186553955078e-01,-1.188525650650262833e-02,1.012445800006389618e-02,4.937209933996200562e-02,0.000000000000000000e+00,0.000000000000000000e+00,0.000000000000000000e+00,-1.100000000000000089e+00,2.000000000000000111e-01,-5.000000000000000000e-01,0.000000000000000000e+00,1.100000000000000089e+00,2.000000000000000111e-01,5.000000000000000000e-01,-3.142305016517639160e-01,1.690994761884212494e-02,6.888299435377120972e-02,1.107844710350036621e-01,-7.421450316905975342e-02,-2.593824863433837891e-01,1.378562152385711670e-01,5.710898339748382568e-02,-5.946811288595199585e-02,7.735425829887390137e-01,2.718887105584144592e-02,6.884547322988510132e-02
3.725964003464188323e+00,4.097078546738684990e-01,5.327625516960114993e-01,9.980511665344238281e-01,9.552722796797752380e-03,3.530081594362854958e-03,6.156459078192710876e-02,0.000000000000000000e+00,0.000000000000000000e+00,0.000000000000000000e+00,-1.100000000000000089e+00,2.000000000000000111e-01,-5.000000000000000000e-01,0.000000000000000000e+00,1.100000000000000089e+00,2.000000000000000111e-01,5.000000000000000000e-01,-2.736596167087554932e-01,-4.522058740258216858e-02,8.642821013927459717e-02,1.270784437656402588e-01,2.667315490543842316e-02,-2.444721758365631104e-01,9.148109704256057739e-02,5.217352882027626038e-03,-5.316843092441558838e-02,9.809237122535705566e-01,3.209409117698669434e-02,1.102165430784225464e-01
3.753758020087925917e+00,4.138716593046080083e-01,5.197731968256259494e-01,9.961817860603332520e-01,4.618654772639274597e-02,1.753243122948333621e-04,7.408542186021804810e-02,0.000000000000000000e+00,0.000000000000000000e+00,0.000000000000000000e+00,-1.100000000000000089e+00,2.000000000000000111e-01,-5.000000000000000000e-01,0.000000000000000000e+00,1.100000000000000089e+00,2.000000000000000111e-01,5.000000000000000000e-01,-4.022480249404907227e-01,-1.279744207859039307e-01,1.107380390167236328e-01,5.016589760780334473e-01,-1.286119520664215088e-01,1.554975315229967237e-04,3.654184564948081970e-02,-1.348489224910736084e-01,-7.797665148973464966e-02,1.202186346054077148e+00,-6.855288147926330566e-02,1.068828105926513672e-01
3.779651449184225243e+00,4.161370769308673223e-01,5.063244724078009851e-01,9.948286414146423340e-01,6.127275153994560242e-02,-1.007619034498929977e-02,8.037432283163070679e-02,0.000000000000000000e+00,0.000000000000000000e+00,0.000000000000000000e+00,-1.100000000000000089e+00,2.000000000000000111e-01,-5.000000000000000000e-01,0.000000000000000000e+00,1.100000000000000089e+00,2.000000000000000111e-01,5.000000000000000000e-01,-4.347429871559143066e-01,-1.564965546131134033e-01,1.168640926480293274e-01,7.344705462455749512e-01,-2.928102910518646240e-01,4.452937468886375427e-02,-1.944492384791374207e-02,-2.482043057680130005e-01,-9.506857395172119141e-02,1.399471163749694824e+00,-1.972595900297164917e-01,4.492439702153205872e-02
3.804426182231517739e+00,4.174823022867091837e-01,4.975700447309499008e-01,9.947178959846496582e-01,6.414356827735900879e-02,-1.785617507994174957e-02,7.812262326478958130e-02,0.000000000000000000e+00,0.000000000000000000e+00,0.000000000000000000e+00,-1.100000000000000089e+00,2.000000000000000111e-01,-5.000000000000000000e-01,0.000000000000000000e+00,1.100000000000000089e+00,2.000000000000000111e-01,5.000000000000000000e-01,-4.151748418807983398e-01,-1.578277647495269775e-01,1.180436089634895325e-01,8.610258698463439941e-01,-4.124153852462768555e-01,5.242941528558731079e-02,-9.715814143419265747e-02,-3.175381422042846680e-01,-7.882805168628692627e-02,1.546686887741088867e+00,-3.230468332767486572e-01,-1.383099611848592758e-02
3.829007601412859785e+00,4.182751133413326605e-01,4.934252559401169913e-01,9.947296380996704102e-01,6.346595287322998047e-02,-2.135440520942211151e-02,7.764638215303421021e-02,0.000000000000000000e+00,0.000000000000000000e+00,0.000000000000000000e+00,-1.100000000000000089e+00,2.000000000000000111e-01,-5.000000000000000000e-01,0.000000000000000000e+00,1.100000000000000089e+00,2.000000000000000111e-01,5.000000000000000000e-01,-3.693543970584869385e-01,-1.545497328042984009e-01,1.144002154469490051e-01,9.130218029022216797e-01,-4.978690147399902344e-01,5.081247910857200623e-02,-1.995971500873565674e-01,-3.352433443069458008e-01,-3.702591359615325928e-02,1.628517031669616699e+00,-4.119201004505157471e-01,-3.258813917636871338e-02
3.852002983291944016e+00,4.185199111406550099e-01,4.931680023504628196e-01,9.938440322875976562e-01,6.481512635946273804e-02,-2.219262346625328064e-02,8.706651628017425537e-02,0.000000000000000000e+00,0.000000000000000000e+00,0.000000000000000000e+00,-1.100000000000000089e+00,2.000000000000000111e-01,-5.000000000000000000e-01,0.000000000000000000e+00,1.100000000000000089e+00,2.000000000000000111e-01,5.000000000000000000e-01,-3.096184432506561279e-01,-1.645440757274627686e-01,9.757906198501586914e-02,9.092258214950561523e-01,-5.464189052581787109e-01,4.393432661890983582e-02,-2.988031804561614990e-01,-3.400446474552154541e-01,-5.669706035405397415e-03,1.642497897148132324e+00,-4.716373682022094727e-01,-2.413062006235122681e-02
3.873316667399020918e+00,4.183397588931551114e-01,4.970452822842681972e-01,9.927868247032165527e-01,6.227053329348564148e-02,-2.165824174880981445e-02,1.001380756497383118e-01,0.000000000000000000e+00,0.000000000000000000e+00,0.000000000000000000e+00,-1.100000000000000089e+00,2.000000000000000111e-01,-5.000000000000000000e-01,0.000000000000000000e+00,1.100000000000000089e+00,2.000000000000000111e-01,5.000000000000000000e-01,-2.363922894001007080e-01,-1.653555035591125488e-01,7.155168056488037109e-02,8.630560040473937988e-01,-5.602368712425231934e-01,2.787464670836925507e-02,-3.812329471111297607e-01,-3.501209616661071777e-01,-1.880817674100399017e-02,1.589903235435485840e+00,-4.791209995746612549e-01,-2.131343446671962738e-02
