-8.500856978952827867e-03,-2.643042935698170989e-02,5.436255785988436395e-01,9.999939203262329102e-01,7.970630540512502193e-04,3.346214303746819496e-03,5.434104241430759430e-04,0.000000000000000000e+00,0.000000000000000000e+00,0.000000000000000000e+00,-1.100000000000000089e+00,2.000000000000000111e-01,-5.000000000000000000e-01,0.000000000000000000e+00,1.100000000000000089e+00,2.000000000000000111e-01,5.000000000000000000e-01,-5.342085659503936768e-02,1.081422120332717896e-01,6.646811962127685547e-02,2.894468009471893311e-01,-2.370088696479797363e-01,-1.280531734228134155e-01,1.267101708799600601e-02,-1.518145352602005005e-01,-3.344942927360534668e-01,2.472910135984420776e-01,-2.551271319389343262e-01,1.210110932588577271e-01
-9.425086352663735942e-03,-2.485509365458380207e-02,5.431156800619580949e-01,9.999824166297912598e-01,1.454344484955072403e-03,5.400971509516239166e-03,-1.960193272680044174e-03,0.000000000000000000e+00,0.000000000000000000e+00,0.000000000000000000e+00,-1.100000000000000089e+00,2.000000000000000111e-01,-5.000000000000000000e-01,0.000000000000000000e+00,1.100000000000000089e+00,2.000000000000000111e-01,5.000000000000000000e-01,-6.166311353445053101e-02,1.074261814355850220e-01,7.255526632070541382e-02,2.982080876827239990e-01,-2.442758679389953613e-01,-1.276123374700546265e-01,-4.057733342051506042e-03,-1.583576202392578125e-01,-3.279779255390167236e-01,2.720066905021667480e-01,-2.673848569393157959e-01,1.227185577154159546e-01
-1.039083827117627361e-02,-2.540888587760767314e-02,5.422192368317734212e-01,9.999531507492065430e-01,2.675091847777366638e-03,7.896191440522670746e-03,-4.920006264001131058e-03,0.000000000000000000e+00,0.000000000000000000e+00,0.000000000000000000e+00,-1.100000000000000089e+00,2.000000000000000111e-01,-5.000000000000000000e-01,0.000000000000000000e+00,1.100000000000000089e+00,2.000000000000000111e-01,5.000000000000000000e-01,-7.328780740499496460e-02,1.067693680524826050e-01,7.709133625030517578e-02,3.121195137500762939e-01,-2.520620524883270264e-01,-1.284343451261520386e-01,-2.997923828661441803e-02,-1.674558967351913452e-01,-3.200072944164276123e-01,3.135582506656646729e-01,-2.866794764995574951e-01,1.208458393812179565e-01
-1.113946370707561383e-02,-2.701067975463552692e-02,5.410788677075896169e-01,9.998979568481445312e-01,3.927828278392553329e-03,1.078675780445337296e-02,-8.506646379828453064e-03,0.000000000000000000e+00,0.000000000000000000e+00,0.000000000000000000e+00,-1.100000000000000089e+00,2.000000000000000111e-01,-5.000000000000000000e-01,0.000000000000000000e+00,1.100000000000000089e+00,2.000000000000000111e-01,5.000000000000000000e-01,-8.928707242012023926e-02,1.093343943357467651e-01,8.039707690477371216e-02,3.326029181480407715e-01,-2.605296969413757324e-01,-1.327645033597946167e-01,-6.396527588367462158e-02,-1.758406013250350952e-01,-3.117329776287078857e-01,3.685430288314819336e-01,-3.096306622028350830e-01,1.161082983016967773e-01
-1.199036934629383634e-02,-3.051461813289371022e-02,5.397093120412994605e-01,9.998015761375427246e-01,4.313247278332710266e-03,1.446556486189365387e-02,-1.299702469259500504e-02,0.000000000000000000e+00,0.000000000000000000e+00,0.000000000000000000e+00,-1.100000000000000089e+00,2.000000000000000111e-01,-5.000000000000000000e-01,0.000000000000000000e+00,1.100000000000000089e+00,2.000000000000000111e-01,5.000000000000000000e-01,-1.109436005353927612e-01,1.182199344038963318e-01,8.347845077514648438e-02,3.613696694374084473e-01,-2.713597118854522705e-01,-1.405631452798843384e-01,-1.073942109942436218e-01,-1.798939257860183716e-01,-3.005883991718292236e-01,4.360536038875579834e-01,-3.332835733890533447e-01,1.115015223622322083e-01
-1.318515859692442199e-02,-3.541744815862991891e-02,5.378928010986008257e-01,9.996339678764343262e-01,3.283540252596139908e-03,1.926748082041740417e-02,-1.870584115386009216e-02,0.000000000000000000e+00,0.000000000000000000e+00,0.000000000000000000e+00,-1.100000000000000089e+00,2.000000000000000111e-01,-5.000000000000000000e-01,0.000000000000000000e+00,1.100000000000000089e+00,2.000000000000000111e-01,5.000000000000000000e-01,-1.411938220262527466e-01,1.358595043420791626e-01,8.766253292560577393e-02,4.035337269306182861e-01,-2.884745895862579346e-01,-1.515562683343887329e-01,-1.662944853305816650e-01,-1.816508620977401733e-01,-2.880195975303649902e-01,5.255520343780517578e-01,-3.665238022804260254e-01,1.111317202448844910e-01
-1.443950987994821293e-02,-4.090208036589878388e-02,5.355236682581780983e-01,9.993798732757568359e-01,-2.627836947795003653e-04,2.471064589917659760e-02,-2.508370392024517059e-02,0.000000000000000000e+00,0.000000000000000000e+00,0.000000000000000000e+00,-1.100000000000000089e+00,2.000000000000000111e-01,-5.000000000000000000e-01,0.000000000000000000e+00,1.100000000000000089e+00,2.000000000000000111e-01,5.000000000000000000e-01,-1.753269582986831665e-01,1.613799184560775757e-01,8.529921621084213257e-02,4.507426321506500244e-01,-3.088979423046112061e-01,-1.682719141244888306e-01,-2.397113591432571411e-01,-1.805761158466339111e-01,-2.689271867275238037e-01,6.385408043861389160e-01,-3.952017724514007568e-01,1.161540672183036804e-01
-1.584794318181170780e-02,-4.699183043722778008e-02,5.325542493623615092e-01,9.990624785423278809e-01,-5.233333911746740341e-03,3.008050471544265747e-02,-3.068860620260238647e-02,0.000000000000000000e+00,0.000000000000000000e+00,0.000000000000000000e+00,-1.100000000000000089e+00,2.000000000000000111e-01,-5.000000000000000000e-01,0.000000000000000000e+00,1.100000000000000089e+00,2.000000000000000111e-01,5.000000000000000000e-01,-2.127515673637390137e-01,1.917919218540191650e-01,7.721194624900817871e-02,5.039107203483581543e-01,-3.325224220752716064e-01,-1.880853474140167236e-01,-3.270969390869140625e-01,-1.948269456624984741e-01,-2.510243952274322510e-01,7.771865725517272949e-01,-4.236858487129211426e-01,1.074160709977149963e-01
-1.740510121519404582e-02,-5.354831973194248279e-02,5.288841092217750894e-01,9.987848997116088867e-01,-9.556814096868038177e-03,3.470188751816749573e-02,-3.366298973560333252e-02,0.000000000000000000e+00,0.000000000000000000e+00,0.000000000000000000e+00,-1.100000000000000089e+00,2.000000000000000111e-01,-5.000000000000000000e-01,0.000000000000000000e+00,1.100000000000000089e+00,2.000000000000000111e-01,5.000000000000000000e-01,-2.498083710670471191e-01,2.209826707839965820e-01,6.378699094057083130e-02,5.575891137123107910e-01,-3.574386239051818848e-01,-2.071811109781265259e-01,-4.127980470657348633e-01,-2.228298038244247437e-01,-2.166130244731903076e-01,9.022964239120483398e-01,-4.368080794811248779e-01,1.041234582662582397e-01
-1.803014055891620851e-02,-6.088887507848516484e-02,5.245262018583639607e-01,9.985535144805908203e-01,-1.328063849359750748e-02,3.815476223826408386e-02,-3.547638654708862305e-02,0.000000000000000000e+00,0.000000000000000000e+00,0.000000000000000000e+00,-1.100000000000000089e+00,2.000000000000000111e-01,-5.000000000000000000e-01,0.000000000000000000e+00,1.100000000000000089e+00,2.000000000000000111e-01,5.000000000000000000e-01,-2.828172743320465088e-01,2.497470229864120483e-01,4.838778823614120483e-02,6.096096634864807129e-01,-3.840036392211914062e-01,-2.238730639219284058e-01,-4.838491082191467285e-01,-2.621415555477142334e-01,-1.726213097572326660e-01,9.891804456710815430e-01,-4.321592152118682861e-01,1.109221428632736206e-01
-1.818456770694635780e-02,-6.949281085856409690e-02,5.194450697889834156e-01,9.983244538307189941e-01,-1.718108355998992920e-02,4.068403318524360657e-02,-3.738865628838539124e-02,0.000000000000000000e+00,0.000000000000000000e+00,0.000000000000000000e+00,-1.100000000000000089e+00,2.000000000000000111e-01,-5.000000000000000000e-01,0.000000000000000000e+00,1.100000000000000089e+00,2.000000000000000111e-01,5.000000000000000000e-01,-3.141434490680694580e-01,2.812538444995880127e-01,3.178991749882698059e-02,6.640340685844421387e-01,-4.111895859241485596e-01,-2.384255677461624146e-01,-5.396020412445068359e-01,-3.102892339229583740e-01,-1.265284568071365356e-01,1.034973382949829102e+00,-4.123002886772155762e-01,1.188484802842140198e-01
-1.796692482802565369e-02,-7.928563106616939860e-02,5.135522353829758968e-01,9.980428218841552734e-01,-2.190645784139633179e-02,4.245257377624511719e-02,-4.035347700119018555e-02,0.000000000000000000e+00,0.000000000000000000e+00,0.000000000000000000e+00,-1.100000000000000089e+00,2.000000000000000111e-01,-5.000000000000000000e-01,0.000000000000000000e+00,1.100000000000000089e+00,2.000000000000000111e-01,5.000000000000000000e-01,-3.464422225952148438e-01,3.180922269821166992e-01,1.294686459004878998e-02,7.253417372703552246e-01,-4.372629523277282715e-01,-2.509700655937194824e-01,-5.838704109191894531e-01,-3.593207895755767822e-01,-7.711429148912429810e-02,1.041777372360229492e+00,-3.754615187644958496e-01,1.254828870296478271e-01
-1.780608035301827277e-02,-9.039152512082246349e-02,5.067049552831385251e-01,9.976648092269897461e-01,-2.664698287844657898e-02,4.372813180088996887e-02,-4.519613459706306458e-02,0.000000000000000000e+00,0.000000000000000000e+00,0.000000000000000000e+00,-1.100000000000000089e+00,2.000000000000000111e-01,-5.000000000000000000e-01,0.000000000000000000e+00,1.100000000000000089e+00,2.000000000000000111e-01,5.000000000000000000e-01,-3.822938501834869385e-01,3.580839633941650391e-01,-8.778852410614490509e-03,7.952545285224914551e-01,-4.597107172012329102e-01,-2.607529163360595703e-01,-6.244989633560180664e-01,-4.063116014003753662e-01,-2.378582954406738281e-02,1.017167806625366211e+00,-3.197350203990936279e-01,1.292125433683395386e-01
-1.785559082210929488e-02,-1.025858476539753955e-01,4.987866017726635404e-01,9.972732663154602051e-01,-2.822748944163322449e-02,4.387370869517326355e-02,-5.219543352723121643e-02,0.000000000000000000e+00,0.000000000000000000e+00,0.000000000000000000e+00,-1.100000000000000089e+00,2.000000000000000111e-01,-5.000000000000000000e-01,0.000000000000000000e+00,1.100000000000000089e+00,2.000000000000000111e-01,5.000000000000000000e-01,-4.143877029418945312e-01,3.939048349857330322e-01,-3.024995513260364532e-02,8.659694194793701172e-01,-4.754368662834167480e-01,-2.671772539615631104e-01,-6.630875468254089355e-01,-4.627753198146820068e-01,2.198174595832824707e-02,9.641594886779785156e-01,-2.466547191143035889e-01,1.269750893115997314e-01
-1.824238463121494527e-02,-1.159851848631344717e-01,4.900202165370938778e-01,9.969478249549865723e-01,-2.284508757293224335e-02,4.333700239658355713e-02,-6.078620627522468567e-02,0.000000000000000000e+00,0.000000000000000000e+00,0.000000000000000000e+00,-1.100000000000000089e+00,2.000000000000000111e-01,-5.000000000000000000e-01,0.000000000000000000e+00,1.100000000000000089e+00,2.000000000000000111e-01,5.000000000000000000e-01,-4.348743557929992676e-01,4.188223779201507568e-01,-4.328422993421554565e-02,9.233785271644592285e-01,-4.850386679172515869e-01,-2.694228589534759521e-01,-7.044809460639953613e-01,-5.205744504928588867e-01,7.254431396722793579e-02,8.886196613311767578e-01,-1.688248962163925171e-01,1.328793019056320190e-01
-1.877564685731994421e-02,-1.317950911752202303e-01,4.814554905469971557e-01,9.963960051536560059e-01,-1.198932714760303497e-02,4.337193444371223450e-02,-7.190476357936859131e-02,0.000000000000000000e+00,0.000000000000000000e+00,0.000000000000000000e+00,-1.100000000000000089e+00,2.000000000000000111e-01,-5.000000000000000000e-01,0.000000000000000000e+00,1.100000000000000089e+00,2.000000000000000111e-01,5.000000000000000000e-01,-4.406630396842956543e-01,4.401573836803436279e-01,-4.308960214257240295e-02,9.557461738586425781e-01,-4.820840358734130859e-01,-2.694816589355468750e-01,-7.447751164436340332e-01,-5.657339096069335938e-01,1.186687275767326355e-01,7.899646759033203125e-01,-8.786489069461822510e-02,1.500832140445709229e-01
-1.921686338782874898e-02,-1.516410887478427394e-01,4.745125084581098274e-01,9.953871965408325195e-01,7.224023574963212013e-04,4.424527660012245178e-02,-8.512503653764724731e-02,0.000000000000000000e+00,0.000000000000000000e+00,0.000000000000000000e+00,-1.100000000000000089e+00,2.000000000000000111e-01,-5.000000000000000000e-01,0.000000000000000000e+00,1.100000000000000089e+00,2.000000000000000111e-01,5.000000000000000000e-01,-4.198945760726928711e-01,4.650516808032989502e-01,-2.512602880597114563e-02,9.416396617889404297e-01,-4.635429978370666504e-01,-2.690627276897430420e-01,-7.807081341743469238e-01,-5.724728107452392578e-01,1.661858409643173218e-01,7.028077244758605957e-01,-9.416922926902770996e-03,1.756713092327117920e-01
-1.887021095802386694e-02,-1.760004004279170364e-01,4.700727250329171936e-01,9.941303730010986328e-01,1.281903684139251709e-02,4.573038965463638306e-02,-9.720732271671295166e-02,0.000000000000000000e+00,0.000000000000000000e+00,0.000000000000000000e+00,-1.100000000000000089e+00,2.000000000000000111e-01,-5.000000000000000000e-01,0.000000000000000000e+00,1.100000000000000089e+00,2.000000000000000111e-01,5.000000000000000000e-01,-3.674590289592742920e-01,4.994221925735473633e-01,7.540212012827396393e-03,8.620406985282897949e-01,-4.284441471099853516e-01,-2.704344987869262695e-01,-7.892534732818603516e-01,-5.287360548973083496e-01,2.207202166318893433e-01,6.561961770057678223e-01,3.884349390864372253e-02,2.195964753627777100e-01
-1.823528093829130184e-02,-2.057058411166824419e-01,4.669719805877016183e-01,9.929171204566955566e-01,2.725818566977977753e-02,4.797477275133132935e-02,-1.052188798785209656e-01,0.000000000000000000e+00,0.000000000000000000e+00,0.000000000000000000e+00,-1.100000000000000089e+00,2.000000000000000111e-01,-5.000000000000000000e-01,0.000000000000000000e+00,1.100000000000000089e+00,2.000000000000000111e-01,5.000000000000000000e-01,-2.906854450702667236e-01,5.267339944839477539e-01,4.867765679955482483e-02,7.233518958091735840e-01,-3.453132808208465576e-01,-2.747376263141632080e-01,-7.957460880279541016e-01,-4.915953576564788818e-01,1.953097730875015259e-01,6.706963777542114258e-01,9.210439398884773254e-03,2.581132650375366211e-01
-1.816371204300943482e-02,-2.386731003793050587e-01,4.676875242229663887e-01,9.919386506080627441e-01,5.354129150509834290e-02,5.516548082232475281e-02,-1.007364988327026367e-01,0.000000000000000000e+00,0.000000000000000000e+00,0.000000000000000000e+00,-1.100000000000000089e+00,2.000000000000000111e-01,-5.000000000000000000e-01,0.000000000000000000e+00,1.100000000000000089e+00,2.000000000000000111e-01,5.000000000000000000e-01,-1.855806857347488403e-01,5.153495669364929199e-01,1.009817793965339661e-01,4.923558831214904785e-01,-1.684647202491760254e-01,-2.770970463752746582e-01,-8.911804556846618652e-01,-5.100090503692626953e-01,1.510441601276397705e-01,8.532789349555969238e-01,-1.054358258843421936e-01,2.410053759813308716e-01
-2.025395973790154736e-02,-2.737978686046118604e-01,4.702562818631078057e-01,9.913412928581237793e-01,6.864412873983383179e-02,6.685461103916168213e-02,-8.978302776813507080e-02,0.000000000000000000e+00,0.000000000000000000e+00,0.000000000000000000e+00,-1.100000000000000089e+00,2.000000000000000111e-01,-5.000000000000000000e-01,0.000000000000000000e+00,1.100000000000000089e+00,2.000000000000000111e-01,5.000000000000000000e-01,-1.358552873134613037e-01,5.117972493171691895e-01,8.111291378736495972e-02,2.878322899341583252e-01,7.360653579235076904e-02,-2.813670039176940918e-01,-9.845873117446899414e-01,-5.177257657051086426e-01,9.482754021883010864e-02,1.018714189529418945e+00,-1.880795508623123169e-01,1.615151464939117432e-01
-2.329228899625101698e-02,-3.101300388657384222e-01,4.733142199088828939e-01,9.919992685317993164e-01,6.042757630348205566e-02,7.640282809734344482e-02,-8.030311018228530884e-02,0.000000000000000000e+00,0.000000000000000000e+00,0.000000000000000000e+00,-1.100000000000000089e+00,2.000000000000000111e-01,-5.000000000000000000e-01,0.000000000000000000e+00,1.100000000000000089e+00,2.000000000000000111e-01,5.000000000000000000e-01,-2.318820059299468994e-01,6.006927490234375000e-01,6.101714074611663818e-02,3.629347085952758789e-01,1.704047620296478271e-01,-2.389024943113327026e-01,-9.782579541206359863e-01,-4.737673103809356689e-01,-1.146156433969736099e-02,1.099426269531250000e+00,-2.719507217407226562e-01,1.032112464308738708e-01
-2.553416258382676732e-02,-3.496689108285037095e-01,4.766915244187670542e-01,9.931528568267822266e-01,5.874685943126678467e-02,7.559377700090408325e-02,-6.694585084915161133e-02,0.000000000000000000e+00,0.000000000000000000e+00,0.000000000000000000e+00,-1.100000000000000089e+00,2.000000000000000111e-01,-5.000000000000000000e-01,0.000000000000000000e+00,1.100000000000000089e+00,2.000000000000000111e-01,5.000000000000000000e-01,-2.753561735153198242e-01,6.775853037834167480e-01,2.073023766279220581e-01,5.068209767341613770e-01,4.098315909504890442e-02,-1.432182043790817261e-01,-9.311372041702270508e-01,-4.364087581634521484e-01,-1.022026091814041138e-01,1.140695571899414062e+00,-3.543878495693206787e-01,4.377952590584754944e-02
-2.607748415810291071e-02,-3.838948484638122771e-01,4.806860548588964832e-01,9.941790103912353516e-01,6.669304519891738892e-02,6.577643752098083496e-02,-5.323202162981033325e-02,0.000000000000000000e+00,0.000000000000000000e+00,0.000000000000000000e+00,-1.100000000000000089e+00,2.000000000000000111e-01,-5.000000000000000000e-01,0.000000000000000000e+00,1.100000000000000089e+00,2.000000000000000111e-01,5.000000000000000000e-01,-2.436961978673934937e-01,7.042167186737060547e-01,3.805130720138549805e-01,7.181302905082702637e-01,-1.642992049455642700e-01,-6.560762226581573486e-02,-8.692039847373962402e-01,-4.128208160400390625e-01,-1.699070781469345093e-01,1.161598682403564453e+00,-4.301833212375640869e-01,-1.504397019743919373e-02
-2.572482699937553990e-02,-4.196359914736916275e-01,4.855735824272187084e-01,9.951134920120239258e-01,7.126216590404510498e-02,5.444675683975219727e-02,-4.130944609642028809e-02,0.000000000000000000e+00,0.000000000000000000e+00,0.000000000000000000e+00,-1.100000000000000089e+00,2.000000000000000111e-01,-5.000000000000000000e-01,0.000000000000000000e+00,1.100000000000000089e+00,2.000000000000000111e-01,5.000000000000000000e-01,-1.878564208745956421e-01,6.948020458221435547e-01,5.024576187133789062e-01,9.487693905830383301e-01,-3.111840188503265381e-01,-9.316673502326011658e-03,-7.877644300460815430e-01,-3.780050277709960938e-01,-2.471620291471481323e-01,1.145160436630249023e+00,-4.876034855842590332e-01,-7.114128023386001587e-02
-2.474607694466043201e-02,-4.555579095205875562e-01,4.915079361343323572e-01,9.958269000053405762e-01,7.338690757751464844e-02,4.424025490880012512e-02,-3.139862045645713806e-02,0.000000000000000000e+00,0.000000000000000000e+00,0.000000000000000000e+00,-1.100000000000000089e+00,2.000000000000000111e-01,-5.000000000000000000e-01,0.000000000000000000e+00,1.100000000000000089e+00,2.000000000000000111e-01,5.000000000000000000e-01,-1.258359402418136597e-01,6.156456470489501953e-01,5.683898925781250000e-01,1.121673345565795898e+00,-3.949244022369384766e-01,3.310493892058730125e-03,-7.002684473991394043e-01,-3.259922266006469727e-01,-3.281774818897247314e-01,1.090310096740722656e+00,-5.174958705902099609e-01,-1.263976246118545532e-01
-2.395000143498746820e-02,-4.895163382988686473e-01,4.976305798719627416e-01,9.962781667709350586e-01,7.375446707010269165e-02,3.818182274699211121e-02,-2.307020872831344604e-02,0.000000000000000000e+00,0.000000000000000000e+00,0.000000000000000000e+00,-1.100000000000000089e+00,2.000000000000000111e-01,-5.000000000000000000e-01,0.000000000000000000e+00,1.100000000000000089e+00,2.000000000000000111e-01,5.000000000000000000e-01,-8.848211169242858887e-02,4.573280513286590576e-01,5.850222110748291016e-01,1.197986602783203125e+00,-4.224430322647094727e-01,-5.689455941319465637e-02,-6.218649148941040039e-01,-2.582726776599884033e-01,-4.079903066158294678e-01,1.003223896026611328e+00,-5.135210752487182617e-01,-1.819392591714859009e-01
-2.475207907862660150e-02,-5.211261862907746734e-01,5.029691316082020025e-01,9.964976310729980469e-01,7.292436808347702026e-02,3.767444193363189697e-02,-1.597416959702968597e-02,0.000000000000000000e+00,0.000000000000000000e+00,0.000000000000000000e+00,-1.100000000000000089e+00,2.000000000000000111e-01,-5.000000000000000000e-01,0.000000000000000000e+00,1.100000000000000089e+00,2.000000000000000111e-01,5.000000000000000000e-01,-7.956612855195999146e-02,2.402731329202651978e-01,5.722444653511047363e-01,1.177497148513793945e+00,-4.044436514377593994e-01,-1.665564775466918945e-01,-5.641279220581054688e-01,-1.796623617410659790e-01,-4.804186522960662842e-01,8.990371823310852051e-01,-4.707124531269073486e-01,-2.341583520174026489e-01
-2.888421486244734451e-02,-5.535166386627790036e-01,5.078353182557556744e-01,9.964345693588256836e-01,7.278247922658920288e-02,4.103124886751174927e-02,-1.171507034450769424e-02,0.000000000000000000e+00,0.000000000000000000e+00,0.000000000000000000e+00,-1.100000000000000089e+00,2.000000000000000111e-01,-5.000000000000000000e-01,0.000000000000000000e+00,1.100000000000000089e+00,2.000000000000000111e-01,5.000000000000000000e-01,-9.355267882347106934e-02,5.328609840944409370e-04,5.400634407997131348e-01,1.056395411491394043e+00,-3.643232583999633789e-01,-2.452630102634429932e-01,-5.415480136871337891e-01,-1.106666997075080872e-01,-5.395538210868835449e-01,8.167313337326049805e-01,-3.671684563159942627e-01,-2.825233936309814453e-01
-3.635087989618757121e-02,-5.866559331495352358e-01,5.120209205195759283e-01,9.965313673019409180e-01,6.880405545234680176e-02,4.458924755454063416e-02,-1.424957998096942902e-02,0.000000000000000000e+00,0.000000000000000000e+00,0.000000000000000000e+00,-1.100000000000000089e+00,2.000000000000000111e-01,-5.000000000000000000e-01,0.000000000000000000e+00,1.100000000000000089e+00,2.000000000000000111e-01,5.000000000000000000e-01,-8.413553237915039062e-02,-2.118728160858154297e-01,4.920395314693450928e-01,8.303417563438415527e-01,-2.955105304718017578e-01,-2.650949656963348389e-01,-5.538376569747924805e-01,-4.609842225909233093e-02,-5.711796283721923828e-01,7.724627256393432617e-01,-1.798003613948822021e-01,-2.919613718986511230e-01
-4.612752833601200392e-02,-6.223989445279644039e-01,5.153785864000368644e-01,9.972894191741943359e-01,5.428572371602058411e-02,4.157293215394020081e-02,-2.717580460011959076e-02,0.000000000000000000e+00,0.000000000000000000e+00,0.000000000000000000e+00,-1.100000000000000089e+00,2.000000000000000111e-01,-5.000000000000000000e-01,0.000000000000000000e+00,1.100000000000000089e+00,2.000000000000000111e-01,5.000000000000000000e-01,-3.094762377440929413e-02,-3.097728788852691650e-01,4.444299638271331787e-01,5.818099379539489746e-01,-2.319638431072235107e-01,-2.376037985086441040e-01,-5.846395492553710938e-01,6.669080257415771484e-02,-5.274043083190917969e-01,7.137364149093627930e-01,1.054200828075408936e-01,-1.666735261678695679e-01
-5.774071559140628307e-02,-6.632678873016677468e-01,5.163572793657129623e-01,9.976028800010681152e-01,3.829142823815345764e-02,2.947542257606983185e-02,-4.953225329518318176e-02,0.000000000000000000e+00,0.000000000000000000e+00,0.000000000000000000e+00,-1.100000000000000089e+00,2.000000000000000111e-01,-5.000000000000000000e-01,0.000000000000000000e+00,1.100000000000000089e+00,2.000000000000000111e-01,5.000000000000000000e-01,-1.930127106606960297e-02,-2.667055428028106689e-01,4.126870930194854736e-01,5.460674762725830078e-01,-2.955071032047271729e-01,-1.175444275140762329e-01,-6.095234155654907227e-01,2.376725226640701294e-01,-3.858601152896881104e-01,6.197303533554077148e-01,3.449999999999999734e-01,2.101782560348510742e-01
-7.064529323884559397e-02,-7.036475251118341490e-01,5.120967762826970082e-01,9.972668886184692383e-01,1.705923303961753845e-02,2.009396627545356750e-02,-6.902188807725906372e-02,0.000000000000000000e+00,0.000000000000000000e+00,0.000000000000000000e+00,-1.100000000000000089e+00,2.000000000000000111e-01,-5.000000000000000000e-01,0.000000000000000000e+00,1.100000000000000089e+00,2.000000000000000111e-01,5.000000000000000000e-01,-6.060042977333068848e-02,-1.171858608722686768e-01,4.351314902305603027e-01,6.957738399505615234e-01,-4.652928113937377930e-01,4.022075608372688293e-02,-6.732791066169738770e-01,2.295869588851928711e-01,-4.166081845760345459e-01,8.267712593078613281e-01,3.449999999999999734e-01,2.293895632028579712e-01
-8.295025951953398369e-02,-7.425068506733937257e-01,5.064393147946608664e-01,9.974617362022399902e-01,5.111700389534235001e-03,1.200984232127666473e-02,-6.999760121107101440e-02,0.000000000000000000e+00,0.000000000000000000e+00,0.000000000000000000e+00,-1.100000000000000089e+00,2.000000000000000111e-01,-5.000000000000000000e-01,0.000000000000000000e+00,1.100000000000000089e+00,2.000000000000000111e-01,5.000000000000000000e-01,-8.185618370771408081e-02,4.921021405607461929e-03,4.099457263946533203e-01,7.876214385032653809e-01,-5.920343399047851562e-01,1.320174522697925568e-02,-7.590569257736206055e-01,1.003724336624145508e-01,-3.707231581211090088e-01,1.135690927505493164e+00,1.663602292537689209e-01,2.059563100337982178e-01
-9.363324835294424553e-02,-7.796673725108907993e-01,5.006813350786464278e-01,9.980393648147583008e-01,-2.264584647491574287e-03,8.527997881174087524e-03,-6.196442991495132446e-02,0.000000000000000000e+00,0.000000000000000000e+00,0.000000000000000000e+00,-1.100000000000000089e+00,2.000000000000000111e-01,-5.000000000000000000e-01,0.000000000000000000e+00,1.100000000000000089e+00,2.000000000000000111e-01,5.000000000000000000e-01,-1.284436136484146118e-01,1.185909137129783630e-01,3.556258976459503174e-01,8.887990713119506836e-01,-6.640520691871643066e-01,-5.847210809588432312e-02,-8.281921148300170898e-01,-8.851563930511474609e-02,-2.886938750743865967e-01,1.372377872467041016e+00,-1.085715088993310928e-02,1.206148117780685425e-01
-1.019632968733632794e-01,-8.154377451087488904e-01,4.957208996175816451e-01,9.986896514892578125e-01,-2.793422201648354530e-03,6.176317110657691956e-03,-5.072481185197830200e-02,0.000000000000000000e+00,0.000000000000000000e+00,0.000000000000000000e+00,-1.100000000000000089e+00,2.000000000000000111e-01,-5.000000000000000000e-01,0.000000000000000000e+00,1.100000000000000089e+00,2.000000000000000111e-01,5.000000000000000000e-01,-1.774568706750869751e-01,2.131329774856567383e-01,2.965656518936157227e-01,9.692603945732116699e-01,-6.720602512359619141e-01,-1.337051689624786377e-01,-8.710015416145324707e-01,-3.206944167613983154e-01,-1.867767125368118286e-01,1.469711899757385254e+00,-1.244346648454666138e-01,-3.201704844832420349e-02
-1.080672361658453345e-01,-8.496368612755428318e-01,4.917071457410400748e-01,9.990903139114379883e-01,5.704652518033981323e-03,3.698145737871527672e-03,-4.209826886653900146e-02,0.000000000000000000e+00,0.000000000000000000e+00,0.000000000000000000e+00,-1.100000000000000089e+00,2.000000000000000111e-01,-5.000000000000000000e-01,0.000000000000000000e+00,1.100000000000000089e+00,2.000000000000000111e-01,5.000000000000000000e-01,-2.037117928266525269e-01,2.773398756980895996e-01,2.476372718811035156e-01,9.932997226715087891e-01,-6.422019600868225098e-01,-2.001088857650756836e-01,-8.996495008468627930e-01,-5.392523407936096191e-01,-6.453006714582443237e-02,1.406035184860229492e+00,-1.570252925157546997e-01,-1.607541143894195557e-01
-1.128501143357293207e-01,-8.869201141671099187e-01,4.883477775692337541e-01,9.990285634994506836e-01,1.987510547041893005e-02,2.734081353992223740e-03,-3.923642635345458984e-02,0.000000000000000000e+00,0.000000000000000000e+00,0.000000000000000000e+00,-1.100000000000000089e+00,2.000000000000000111e-01,-5.000000000000000000e-01,0.000000000000000000e+00,1.100000000000000089e+00,2.000000000000000111e-01,5.000000000000000000e-01,-1.997912973165512085e-01,3.182607591152191162e-01,2.127831876277923584e-01,9.473434090614318848e-01,-5.918456912040710449e-01,-2.492602765560150146e-01,-9.063188433647155762e-01,-6.805561780929565430e-01,5.466774106025695801e-02,1.223222374916076660e+00,-9.880375117063522339e-02,-1.861358880996704102e-01
-1.164259122443771083e-01,-9.295899981455971739e-01,4.863317663847195882e-01,9.985775351524353027e-01,3.233403712511062622e-02,8.019050583243370056e-03,-4.163099452853202820e-02,0.000000000000000000e+00,0.000000000000000000e+00,0.000000000000000000e+00,-1.100000000000000089e+00,2.000000000000000111e-01,-5.000000000000000000e-01,0.000000000000000000e+00,1.100000000000000089e+00,2.000000000000000111e-01,5.000000000000000000e-01,-1.603592932224273682e-01,3.657194375991821289e-01,1.989406496286392212e-01,8.127365112304687500e-01,-5.231273770332336426e-01,-2.739700675010681152e-01,-8.659460544586181641e-01,-7.088320851325988770e-01,1.933848559856414795e-01,9.895442128181457520e-01,8.423115126788616180e-03,-1.361642032861709595e-01
-1.185839817176262551e-01,-9.789037176485013703e-01,4.863470870068277718e-01,9.981358647346496582e-01,3.737666085362434387e-02,2.429148554801940918e-02,-4.168542847037315369e-02,0.000000000000000000e+00,0.000000000000000000e+00,0.000000000000000000e+00,-1.100000000000000089e+00,2.000000000000000111e-01,-5.000000000000000000e-01,0.000000000000000000e+00,1.100000000000000089e+00,2.000000000000000111e-01,5.000000000000000000e-01,-1.188467666506767273e-01,4.296697676181793213e-01,2.037191987037658691e-01,5.975895524024963379e-01,-3.735980689525604248e-01,-2.788863182067871094e-01,-7.777393460273742676e-01,-6.521817445755004883e-01,3.249873816967010498e-01,7.912328839302062988e-01,1.225214451551437378e-01,-3.124981932342052460e-02
-1.199615817485057273e-01,-1.033577412847015653e+00,4.865873592023295391e-01,9.974589943885803223e-01,2.950506471097469330e-02,5.210173130035400391e-02,-3.860545903444290161e-02,0.000000000000000000e+00,0.000000000000000000e+00,0.000000000000000000e+00,-1.100000000000000089e+00,2.000000000000000111e-01,-5.000000000000000000e-01,0.000000000000000000e+00,1.100000000000000089e+00,2.000000000000000111e-01,5.000000000000000000e-01,-1.045286431908607483e-01,5.194663405418395996e-01,1.961821764707565308e-01,3.480413258075714111e-01,-1.062358245253562927e-01,-2.793471217155456543e-01,-6.841863989830017090e-01,-5.638421177864074707e-01,3.470897674560546875e-01,6.685917377471923828e-01,1.746787577867507935e-01,1.892993748188018799e-01
-1.231177233212222971e-01,-1.087713765250613029e+00,4.877844021725233348e-01,9.966466426849365234e-01,-2.877132967114448547e-03,7.362918555736541748e-02,-3.558022901415824890e-02,0.000000000000000000e+00,0.000000000000000000e+00,0.000000000000000000e+00,-1.100000000000000089e+00,2.000000000000000111e-01,-5.000000000000000000e-01,0.000000000000000000e+00,1.100000000000000089e+00,2.000000000000000111e-01,5.000000000000000000e-01,-2.025738209486007690e-01,6.879886984825134277e-01,1.202342286705970764e-01,3.468434810638427734e-01,8.373767137527465820e-02,-2.490680962800979614e-01,-5.864449739456176758e-01,-4.713109135627746582e-01,1.314793974161148071e-01,6.135869026184082031e-01,-2.308355644345283508e-02,2.675328254699707031e-01
-1.318580967146489313e-01,-1.140135453557125311e+00,4.881375238284317852e-01,9.971618652343750000e-01,-2.734171575866639614e-04,7.433506846427917480e-02,-1.193793863058090210e-02,0.000000000000000000e+00,0.000000000000000000e+00,0.000000000000000000e+00,-1.100000000000000089e+00,2.000000000000000111e-01,-5.000000000000000000e-01,0.000000000000000000e+00,1.100000000000000089e+00,2.000000000000000111e-01,5.000000000000000000e-01,-3.550334572792053223e-01,7.713285684585571289e-01,1.643691211938858032e-01,5.576439499855041504e-01,2.881663478910923004e-02,-5.995933711528778076e-02,-5.922411680221557617e-01,-4.286873042583465576e-01,-4.115167248528450727e-04,7.487340569496154785e-01,-2.527884542942047119e-01,2.735219299793243408e-01
-1.431147265919681666e-01,-1.190393571082991819e+00,4.913923464000525820e-01,9.975947737693786621e-01,1.661168225109577179e-02,6.628471612930297852e-02,1.162089407444000244e-02,0.000000000000000000e+00,0.000000000000000000e+00,0.000000000000000000e+00,-1.100000000000000089e+00,2.000000000000000111e-01,-5.000000000000000000e-01,0.000000000000000000e+00,1.100000000000000089e+00,2.000000000000000111e-01,5.000000000000000000e-01,-3.344521820545196533e-01,7.167094349861145020e-01,2.773375809192657471e-01,6.748892664909362793e-01,-1.327337771654129028e-01,-9.960439801216125488e-02,-6.594305634498596191e-01,-4.073429703712463379e-01,-4.743630811572074890e-02,9.390345215797424316e-01,-3.600691854953765869e-01,2.233645766973495483e-01
-1.519181885634257323e-01,-1.237585903415174160e+00,4.972736384403524945e-01,9.976306557655334473e-01,2.519639767706394196e-02,5.457036197185516357e-02,3.347126767039299011e-02,0.000000000000000000e+00,0.000000000000000000e+00,0.000000000000000000e+00,-1.100000000000000089e+00,2.000000000000000111e-01,-5.000000000000000000e-01,0.000000000000000000e+00,1.100000000000000089e+00,2.000000000000000111e-01,5.000000000000000000e-01,-2.919774353504180908e-01,6.937274932861328125e-01,4.357618093490600586e-01,9.007278680801391602e-01,-2.598588168621063232e-01,-6.593228876590728760e-02,-6.393521428108215332e-01,-3.716767430305480957e-01,-1.446312218904495239e-01,9.904452562332153320e-01,-4.205134510993957520e-01,1.410457640886306763e-01
-1.586509688106374771e-01,-1.282297706622065991e+00,5.030757531734427745e-01,9.974667429924011230e-01,2.748996205627918243e-02,4.486223682761192322e-02,4.787228256464004517e-02,0.000000000000000000e+00,0.000000000000000000e+00,0.000000000000000000e+00,-1.100000000000000089e+00,2.000000000000000111e-01,-5.000000000000000000e-01,0.000000000000000000e+00,1.100000000000000089e+00,2.000000000000000111e-01,5.000000000000000000e-01,-2.281120568513870239e-01,6.146799921989440918e-01,5.242518782615661621e-01,1.112404465675354004e+00,-3.508841693401336670e-01,-7.709606736898422241e-02,-5.973485112190246582e-01,-3.104001581668853760e-01,-2.433511316776275635e-01,9.704737067222595215e-01,-4.479155242443084717e-01,5.437084287405014038e-02
-1.641896643378593090e-01,-1.325891312011564516e+00,5.083331761953204797e-01,9.971793293952941895e-01,2.724802307784557343e-02,3.781962022185325623e-02,5.882745236158370972e-02,0.000000000000000000e+00,0.000000000000000000e+00,0.000000000000000000e+00,-1.100000000000000089e+00,2.000000000000000111e-01,-5.000000000000000000e-01,0.000000000000000000e+00,1.100000000000000089e+00,2.000000000000000111e-01,5.000000000000000000e-01,-1.727019995450973511e-01,4.465446770191192627e-01,5.420829653739929199e-01,1.237874507904052734e+00,-3.802118301391601562e-01,-1.435188353061676025e-01,-5.517826676368713379e-01,-2.342673689126968384e-01,-3.332859277725219727e-01,9.071909189224243164e-01,-4.358882606029510498e-01,-2.856202982366085052e-02
-1.691070131442010960e-01,-1.369869137013500326e+00,5.123658213538654360e-01,9.967556595802307129e-01,2.582663111388683319e-02,3.311320394277572632e-02,6.866369396448135376e-02,0.000000000000000000e+00,0.000000000000000000e+00,0.000000000000000000e+00,-1.100000000000000089e+00,2.000000000000000111e-01,-5.000000000000000000e-01,0.000000000000000000e+00,1.100000000000000089e+00,2.000000000000000111e-01,5.000000000000000000e-01,-1.205607354640960693e-01,2.210265845060348511e-01,5.386862158775329590e-01,1.243111848831176758e+00,-3.530320823192596436e-01,-2.151690125465393066e-01,-5.116033554077148438e-01,-1.477656364440917969e-01,-4.137998521327972412e-01,8.193936347961425781e-01,-3.872619271278381348e-01,-1.090957447886466980e-01
-1.744555710320069286e-01,-1.413315348884071954e+00,5.143168963514493930e-01,9.963078498840332031e-01,2.246154844760894775e-02,3.019296191632747650e-02,7.716625928878784180e-02,0.000000000000000000e+00,0.000000000000000000e+00,0.000000000000000000e+00,-1.100000000000000089e+00,2.000000000000000111e-01,-5.000000000000000000e-01,0.000000000000000000e+00,1.100000000000000089e+00,2.000000000000000111e-01,5.000000000000000000e-01,-6.962846964597702026e-02,-1.603560149669647217e-02,4.995174109935760498e-01,1.119025588035583496e+00,-2.946417629718780518e-01,-2.471170872449874878e-01,-4.893874526023864746e-01,-6.198273599147796631e-02,-4.817827939987182617e-01,7.409203648567199707e-01,-2.934005856513977051e-01,-1.832777708768844604e-01
-1.814366055603581218e-01,-1.456417033594064048e+00,5.136049233760797694e-01,9.962934851646423340e-01,1.604024507105350494e-02,2.680295333266258240e-02,8.014741539955139160e-02,0.000000000000000000e+00,0.000000000000000000e+00,0.000000000000000000e+00,-1.100000000000000089e+00,2.000000000000000111e-01,-5.000000000000000000e-01,0.000000000000000000e+00,1.100000000000000089e+00,2.000000000000000111e-01,5.000000000000000000e-01,-5.863928236067295074e-03,-2.387448251247406006e-01,4.071727693080902100e-01,8.541910648345947266e-01,-1.856369376182556152e-01,-2.505878806114196777e-01,-4.993664920330047607e-01,2.399866841733455658e-02,-5.099445581436157227e-01,6.931328773498535156e-01,-1.330600678920745850e-01,-1.870478540658950806e-01
-1.898355242214871119e-01,-1.502497645119825975e+00,5.124262734562761157e-01,9.973381757736206055e-01,1.753267133608460426e-03,1.907235942780971527e-02,7.035440951585769653e-02,0.000000000000000000e+00,0.000000000000000000e+00,0.000000000000000000e+00,-1.100000000000000089e+00,2.000000000000000111e-01,-5.000000000000000000e-01,0.000000000000000000e+00,1.100000000000000089e+00,2.000000000000000111e-01,5.000000000000000000e-01,1.052161827683448792e-01,-3.442839086055755615e-01,3.376366198062896729e-01,5.259944796562194824e-01,-6.524198502302169800e-02,-2.154041528701782227e-01,-5.230905413627624512e-01,1.585982888936996460e-01,-4.567474722862243652e-01,6.068798899650573730e-01,1.244687736034393311e-01,4.054682329297065735e-03
-2.006123155359216537e-01,-1.551217223423900116e+00,5.067972942087987098e-01,9.983901381492614746e-01,-1.935723796486854553e-02,-1.376341679133474827e-03,5.329658091068267822e-02,0.000000000000000000e+00,0.000000000000000000e+00,0.000000000000000000e+00,-1.100000000000000089e+00,2.000000000000000111e-01,-5.000000000000000000e-01,0.000000000000000000e+00,1.100000000000000089e+00,2.000000000000000111e-01,5.000000000000000000e-01,1.439811885356903076e-01,-2.389617115259170532e-01,3.995928764343261719e-01,5.824320912361145020e-01,-3.246620297431945801e-01,1.078421324491500854e-01,-4.911674261093139648e-01,3.132782876491546631e-01,-4.256369471549987793e-01,4.428522586822509766e-01,3.449999999999999734e-01,2.232476025819778442e-01
-2.121293959890802605e-01,-1.596780670535082658e+00,5.007133879791004771e-01,9.972704648971557617e-01,-3.584505245089530945e-02,-1.683876477181911469e-02,6.231549754738807678e-02,0.000000000000000000e+00,0.000000000000000000e+00,0.000000000000000000e+00,-1.100000000000000089e+00,2.000000000000000111e-01,-5.000000000000000000e-01,0.000000000000000000e+00,1.100000000000000089e+00,2.000000000000000111e-01,5.000000000000000000e-01,1.479768157005310059e-01,-1.179125979542732239e-01,3.669267296791076660e-01,6.292052865028381348e-01,-5.576167702674865723e-01,1.353367865085601807e-01,-6.062765717506408691e-01,2.962923049926757812e-01,-3.725381195545196533e-01,7.732270359992980957e-01,2.675313353538513184e-01,2.367858886718750000e-01
-2.230036953821627754e-01,-1.638060986544146669e+00,4.965872828737653566e-01,9.954921007156372070e-01,-2.763901837170124054e-02,-2.725467272102832794e-02,8.653700351715087891e-02,0.000000000000000000e+00,0.000000000000000000e+00,0.000000000000000000e+00,-1.100000000000000089e+00,2.000000000000000111e-01,-5.000000000000000000e-01,0.000000000000000000e+00,1.100000000000000089e+00,2.000000000000000111e-01,5.000000000000000000e-01,8.776244521141052246e-02,-3.265218436717987061e-02,3.138352036476135254e-01,7.430949807167053223e-01,-6.800653934478759766e-01,7.565095275640487671e-02,-6.608315110206604004e-01,1.378021687269210815e-01,-2.981954514980316162e-01,1.125293493270874023e+00,2.951586060225963593e-02,2.527917325496673584e-01
-2.326938435480450096e-01,-1.677676710733259524e+00,4.955532031604135690e-01,9.943025708198547363e-01,-1.962552219629287720e-02,-2.879228256642818451e-02,1.007385700941085815e-01,0.000000000000000000e+00,0.000000000000000000e+00,0.000000000000000000e+00,-1.100000000000000089e+00,2.000000000000000111e-01,-5.000000000000000000e-01,0.000000000000000000e+00,1.100000000000000089e+00,2.000000000000000111e-01,5.000000000000000000e-01,-2.614567428827285767e-02,5.781944468617439270e-02,2.608854472637176514e-01,9.106444120407104492e-01,-6.920185089111328125e-01,-1.205436140298843384e-02,-6.767166256904602051e-01,-6.181037798523902893e-02,-2.224866300821304321e-01,1.340138912200927734e+00,-1.429389864206314087e-01,2.355056107044219971e-01
-2.403696620611078805e-01,-1.714346889624692061e+00,4.958690404839287136e-01,9.948344826698303223e-01,-1.400491036474704742e-02,-2.345298230648040771e-02,9.776640683412551880e-02,0.000000000000000000e+00,0.000000000000000000e+00,0.000000000000000000e+00,-1.100000000000000089e+00,2.000000000000000111e-01,-5.000000000000000000e-01,0.000000000000000000e+00,1.100000000000000089e+00,2.000000000000000111e-01,5.000000000000000000e-01,-1.246298179030418396e-01,1.486312150955200195e-01,2.334106862545013428e-01,1.030688881874084473e+00,-6.588565707206726074e-01,-9.432550519704818726e-02,-6.815867424011230469e-01,-2.894635200500488281e-01,-1.689265221357345581e-01,1.413658261299133301e+00,-2.487691044807434082e-01,1.410527378320693970e-01
-2.465982007762097250e-01,-1.750371360345320149e+00,4.957214808877971612e-01,9.962713122367858887e-01,-6.496442947536706924e-03,-1.524099707603454590e-02,8.467032015323638916e-02,0.000000000000000000e+00,0.000000000000000000e+00,0.000000000000000000e+00,-1.100000000000000089e+00,2.000000000000000111e-01,-5.000000000000000000e-01,0.000000000000000000e+00,1.100000000000000089e+00,2.000000000000000111e-01,5.000000000000000000e-01,-1.888951212167739868e-01,2.253161817789077759e-01,2.163068205118179321e-01,1.072467565536499023e+00,-6.155123710632324219e-01,-1.678971946239471436e-01,-6.902546286582946777e-01,-5.117785334587097168e-01,-1.195688843727111816e-01,1.361684083938598633e+00,-2.903021275997161865e-01,1.244691107422113419e-02
-2.514503746596400413e-01,-1.787359909237635325e+00,4.948998554382059156e-01,9.974201917648315430e-01,4.601443186402320862e-03,-7.653766777366399765e-03,7.122709602117538452e-02,0.000000000000000000e+00,0.000000000000000000e+00,0.000000000000000000e+00,-1.100000000000000089e+00,2.000000000000000111e-01,-5.000000000000000000e-01,0.000000000000000000e+00,1.100000000000000089e+00,2.000000000000000111e-01,5.000000000000000000e-01,-2.234096378087997437e-01,2.861136496067047119e-01,1.990760415792465210e-01,1.053189754486083984e+00,-5.641837120056152344e-01,-2.247349023818969727e-01,-7.007963657379150391e-01,-6.631359457969665527e-01,-4.985336586833000183e-02,1.213225483894348145e+00,-2.489455193281173706e-01,-4.047837853431701660e-02
-2.554184157856636550e-01,-1.828459367171080485e+00,4.942477532950314556e-01,9.979629516601562500e-01,1.634112372994422913e-02,1.372523111058399081e-04,6.166796013712882996e-02,0.000000000000000000e+00,0.000000000000000000e+00,0.000000000000000000e+00,-1.100000000000000089e+00,2.000000000000000111e-01,-5.000000000000000000e-01,0.000000000000000000e+00,1.100000000000000089e+00,2.000000000000000111e-01,5.000000000000000000e-01,-2.344076186418533325e-01,3.367453515529632568e-01,1.816191822290420532e-01,9.800679087638854980e-01,-5.038366913795471191e-01,-2.562084197998046875e-01,-6.893575191497802734e-01,-7.325472831726074219e-01,3.351518139243125916e-02,1.026336789131164551e+00,-1.568685322999954224e-01,-2.030982263386249542e-02
-2.582537065792565589e-01,-1.874060181653258716e+00,4.952372827982962633e-01,9.978622198104858398e-01,2.635599114000797272e-02,1.209688559174537659e-02,5.856659635901451111e-02,0.000000000000000000e+00,0.000000000000000000e+00,0.000000000000000000e+00,-1.100000000000000089e+00,2.000000000000000111e-01,-5.000000000000000000e-01,0.000000000000000000e+00,1.100000000000000089e+00,2.000000000000000111e-01,5.000000000000000000e-01,-2.229420840740203857e-01,3.885983526706695557e-01,1.651112735271453857e-01,8.277876377105712891e-01,-4.034929573535919189e-01,-2.698194086551666260e-01,-6.508610248565673828e-01,-7.503308057785034180e-01,1.296117156744003296e-01,8.566797375679016113e-01,-4.933617636561393738e-02,9.114893153309822083e-03
-2.598529677789169212e-01,-1.922301789762997926e+00,4.980529972414175499e-01,9.973053336143493652e-01,2.864989824593067169e-02,3.182083740830421448e-02,5.957094579935073853e-02,0.000000000000000000e+00,0.000000000000000000e+00,0.000000000000000000e+00,-1.100000000000000089e+00,2.000000000000000111e-01,-5.000000000000000000e-01,0.000000000000000000e+00,1.100000000000000089e+00,2.000000000000000111e-01,5.000000000000000000e-01,-2.148898243904113770e-01,4.491562247276306152e-01,1.573040634393692017e-01,6.147376894950866699e-01,-2.125741392374038696e-01,-2.709168195724487305e-01,-6.162477731704711914e-01,-7.153947949409484863e-01,1.939891278743743896e-01,7.524539828300476074e-01,9.039487689733505249e-02,5.013979226350784302e-02
-2.609383861080865619e-01,-1.975458286660488172e+00,5.003505508067330743e-01,9.962814450263977051e-01,1.678426750004291534e-02,6.044229120016098022e-02,5.906194075942039490e-02,0.000000000000000000e+00,0.000000000000000000e+00,0.000000000000000000e+00,-1.100000000000000089e+00,2.000000000000000111e-01,-5.000000000000000000e-01,0.000000000000000000e+00,1.100000000000000089e+00,2.000000000000000111e-01,5.000000000000000000e-01,-2.249621152877807617e-01,5.398690104484558105e-01,1.232369393110275269e-01,3.758466839790344238e-01,6.302051991224288940e-02,-2.742536365985870361e-01,-5.570711493492126465e-01,-6.198835372924804688e-01,1.670768260955810547e-01,6.605157256126403809e-01,1.563486158847808838e-01,2.147750109434127808e-01
-2.636891020853260326e-01,-2.031881023937403441e+00,5.017309845299130489e-01,9.950443506240844727e-01,-6.267130374908447266e-03,7.680176198482513428e-02,6.284086406230926514e-02,0.000000000000000000e+00,0.000000000000000000e+00,0.000000000000000000e+00,-1.100000000000000089e+00,2.000000000000000111e-01,-5.000000000000000000e-01,0.000000000000000000e+00,1.100000000000000089e+00,2.000000000000000111e-01,5.000000000000000000e-01,-3.128153383731842041e-01,6.605721712112426758e-01,4.828948155045509338e-02,3.377655446529388428e-01,1.881491690874099731e-01,-2.280990779399871826e-01,-4.743537902832031250e-01,-5.349594950675964355e-01,-4.563487321138381958e-02,6.224132776260375977e-01,-6.154698133468627930e-02,2.710870504379272461e-01
-2.706141063168344130e-01,-2.084631129915666126e+00,5.022605632155230371e-01,9.936562180519104004e-01,9.765982395038008690e-04,7.624228298664093018e-02,8.266490697860717773e-02,0.000000000000000000e+00,0.000000000000000000e+00,0.000000000000000000e+00,-1.100000000000000089e+00,2.000000000000000111e-01,-5.000000000000000000e-01,0.000000000000000000e+00,1.100000000000000089e+00,2.000000000000000111e-01,5.000000000000000000e-01,-3.642939627170562744e-01,7.117080688476562500e-01,1.656157076358795166e-01,4.161056876182556152e-01,3.969173133373260498e-02,-1.047775074839591980e-01,-5.021947026252746582e-01,-4.948990941047668457e-01,-1.321375966072082520e-01,7.517702579498291016e-01,-2.428454607725143433e-01,2.730600833892822266e-01
-2.792428965885380143e-01,-2.136367002406505566e+00,5.041309246917565767e-01,9.936136007308959961e-01,1.054259762167930603e-02,6.482412666082382202e-02,9.175322949886322021e-02,0.000000000000000000e+00,0.000000000000000000e+00,0.000000000000000000e+00,-1.100000000000000089e+00,2.000000000000000111e-01,-5.000000000000000000e-01,0.000000000000000000e+00,1.100000000000000089e+00,2.000000000000000111e-01,5.000000000000000000e-01,-3.131029307842254639e-01,7.095456719398498535e-01,3.131870925426483154e-01,5.490792989730834961e-01,-1.420249789953231812e-01,-1.068282052874565125e-01,-5.623323321342468262e-01,-4.453378617763519287e-01,-1.692271977663040161e-01,9.088797569274902344e-01,-3.266173303127288818e-01,2.145675271749496460e-01
-2.855014745179902391e-01,-2.184117188068351201e+00,5.084822304862918196e-01,9.929381012916564941e-01,2.364853955805301666e-02,4.981613904237747192e-02,1.050387993454933167e-01,0.000000000000000000e+00,0.000000000000000000e+00,0.000000000000000000e+00,-1.100000000000000089e+00,2.000000000000000111e-01,-5.000000000000000000e-01,0.000000000000000000e+00,1.100000000000000089e+00,2.000000000000000111e-01,5.000000000000000000e-01,-2.704287469387054443e-01,6.311287283897399902e-01,3.538517653942108154e-01,7.559737563133239746e-01,-2.626321017742156982e-01,-1.068644076585769653e-01,-5.438929200172424316e-01,-4.023348391056060791e-01,-2.422730326652526855e-01,9.446793794631958008e-01,-3.949900865554809570e-01,1.228765398263931274e-01
-2.902964763237972368e-01,-2.227939315691138678e+00,5.139196811977660984e-01,9.925269484519958496e-01,2.966119535267353058e-02,3.889769688248634338e-02,1.117923706769943237e-01,0.000000000000000000e+00,0.000000000000000000e+00,0.000000000000000000e+00,-1.100000000000000089e+00,2.000000000000000111e-01,-5.000000000000000000e-01,0.000000000000000000e+00,1.100000000000000089e+00,2.000000000000000111e-01,5.000000000000000000e-01,-1.999873369932174683e-01,4.954421520233154297e-01,3.611549437046051025e-01,9.160569310188293457e-01,-3.446231186389923096e-01,-1.624872684478759766e-01,-5.222082138061523438e-01,-3.327894210815429688e-01,-3.070427179336547852e-01,9.261051416397094727e-01,-4.090119302272796631e-01,1.984481327235698700e-02
-2.947597804330665539e-01,-2.268252564138836469e+00,5.194547022668399849e-01,9.929835796356201172e-01,3.313770517706871033e-02,3.314347937703132629e-02,1.085682511329650879e-01,0.000000000000000000e+00,0.000000000000000000e+00,0.000000000000000000e+00,-1.100000000000000089e+00,2.000000000000000111e-01,-5.000000000000000000e-01,0.000000000000000000e+00,1.100000000000000089e+00,2.000000000000000111e-01,5.000000000000000000e-01,-1.207223609089851379e-01,3.065246343612670898e-01,3.876539766788482666e-01,9.977447390556335449e-01,-3.789715766906738281e-01,-2.239041179418563843e-01,-5.116903781890869141e-01,-2.437086552381515503e-01,-3.538703024387359619e-01,8.675000667572021484e-01,-3.661646246910095215e-01,-7.920695096254348755e-02
-3.002119497367830014e-01,-2.306583847228926842e+00,5.239821329366679548e-01,9.938976168632507324e-01,3.498985245823860168e-02,3.250237554311752319e-02,9.943270683288574219e-02,0.000000000000000000e+00,0.000000000000000000e+00,0.000000000000000000e+00,-1.100000000000000089e+00,2.000000000000000111e-01,-5.000000000000000000e-01,0.000000000000000000e+00,1.100000000000000089e+00,2.000000000000000111e-01,5.000000000000000000e-01,-5.068302899599075317e-02,9.426587074995040894e-02,4.300369918346405029e-01,9.654135107994079590e-01,-3.475651741027832031e-01,-2.566347420215606689e-01,-5.157694220542907715e-01,-1.532495915889739990e-01,-3.875033259391784668e-01,7.952843904495239258e-01,-2.704907953739166260e-01,-1.642429977655410767e-01
-3.074010790022786432e-01,-2.347388850278926409e+00,5.266610412826441268e-01,9.950085282325744629e-01,3.139278665184974670e-02,3.472900763154029846e-02,8.812721073627471924e-02,0.000000000000000000e+00,0.000000000000000000e+00,0.000000000000000000e+00,-1.100000000000000089e+00,2.000000000000000111e-01,-5.000000000000000000e-01,0.000000000000000000e+00,1.100000000000000089e+00,2.000000000000000111e-01,5.000000000000000000e-01,6.854970939457416534e-03,-1.149483919143676758e-01,4.357112348079681396e-01,8.342484831809997559e-01,-2.571828663349151611e-01,-2.613520622253417969e-01,-5.299502611160278320e-01,-6.021637097001075745e-02,-4.241062402725219727e-01,7.225879430770874023e-01,-1.260832995176315308e-01,-2.251906096935272217e-01
-3.168720260179704873e-01,-2.392278356094553082e+00,5.272466710247475374e-01,9.960554242134094238e-01,1.782778836786746979e-02,3.533889725804328918e-02,7.941543310880661011e-02,0.000000000000000000e+00,0.000000000000000000e+00,0.000000000000000000e+00,-1.100000000000000089e+00,2.000000000000000111e-01,-5.000000000000000000e-01,0.000000000000000000e+00,1.100000000000000089e+00,2.000000000000000111e-01,5.000000000000000000e-01,5.567898601293563843e-02,-2.621220946311950684e-01,4.137158095836639404e-01,6.552656292915344238e-01,-1.380181461572647095e-01,-2.354725748300552368e-01,-5.461336970329284668e-01,5.399736389517784119e-02,-4.432275593280792236e-01,6.328325867652893066e-01,8.765509724617004395e-02,-2.169425636529922485e-01
-3.286257457277840799e-01,-2.439232201561181146e+00,5.253785100714727374e-01,9.967627525329589844e-01,1.647288096137344837e-03,3.013403527438640594e-02,7.452046871185302734e-02,0.000000000000000000e+00,0.000000000000000000e+00,0.000000000000000000e+00,-1.100000000000000089e+00,2.000000000000000111e-01,-5.000000000000000000e-01,0.000000000000000000e+00,1.100000000000000089e+00,2.000000000000000111e-01,5.000000000000000000e-01,1.036912426352500916e-01,-2.974465191364288330e-01,4.182973802089691162e-01,5.143488645553588867e-01,-7.192209362983703613e-02,-1.248069554567337036e-01,-5.550936460494995117e-01,1.873068958520889282e-01,-4.011672437191009521e-01,4.931774139404296875e-01,3.449999999999999734e-01,-1.407076139003038406e-02
-3.424159041182561203e-01,-2.485504300103645203e+00,5.192129353764984856e-01,9.968064427375793457e-01,-1.624345406889915466e-02,1.580941304564476013e-02,7.657118141651153564e-02,0.000000000000000000e+00,0.000000000000000000e+00,0.000000000000000000e+00,-1.100000000000000089e+00,2.000000000000000111e-01,-5.000000000000000000e-01,0.000000000000000000e+00,1.100000000000000089e+00,2.000000000000000111e-01,5.000000000000000000e-01,1.220447570085525513e-01,-2.079750597476959229e-01,4.648185670375823975e-01,5.386630892753601074e-01,-2.409738749265670776e-01,1.608918756246566772e-01,-5.440830588340759277e-01,2.864469885826110840e-01,-3.761967718601226807e-01,3.594206571578979492e-01,3.449999999999999734e-01,2.163733989000320435e-01
-3.572320667180148290e-01,-2.529159686213189762e+00,5.116537238205923765e-01,9.953314661979675293e-01,-3.913116082549095154e-02,2.969482215121388435e-03,8.817742764949798584e-02,0.000000000000000000e+00,0.000000000000000000e+00,0.000000000000000000e+00,-1.100000000000000089e+00,2.000000000000000111e-01,-5.000000000000000000e-01,0.000000000000000000e+00,1.100000000000000089e+00,2.000000000000000111e-01,5.000000000000000000e-01,1.008757054805755615e-01,-8.910642564296722412e-02,4.262033402919769287e-01,5.901742577552795410e-01,-4.793849289417266846e-01,1.888621002435684204e-01,-6.255037784576416016e-01,2.611244320869445801e-01,-3.644664585590362549e-01,6.019173264503479004e-01,3.449999999999999734e-01,2.310990989208221436e-01
-3.718657935087126831e-01,-2.571228536788863206e+00,5.044122594760523937e-01,9.937185049057006836e-01,-3.892055526375770569e-02,-1.166442409157752991e-02,1.042720824480056763e-01,0.000000000000000000e+00,0.000000000000000000e+00,0.000000000000000000e+00,-1.100000000000000089e+00,2.000000000000000111e-01,-5.000000000000000000e-01,0.000000000000000000e+00,1.100000000000000089e+00,2.000000000000000111e-01,5.000000000000000000e-01,5.060045421123504639e-02,3.815622301772236824e-03,3.918850719928741455e-01,6.767131090164184570e-01,-6.446436047554016113e-01,1.435971260070800781e-01,-6.947019100189208984e-01,1.423278003931045532e-01,-2.635682225227355957e-01,9.766861200332641602e-01,2.596954107284545898e-01,2.596720159053802490e-01
-3.859753806422455136e-01,-2.612108274580854150e+00,4.999048826286587865e-01,9.936618208885192871e-01,-3.110266290605068207e-02,-1.883188821375370026e-02,1.063679680228233337e-01,0.000000000000000000e+00,0.000000000000000000e+00,0.000000000000000000e+00,-1.100000000000000089e+00,2.000000000000000111e-01,-5.000000000000000000e-01,0.000000000000000000e+00,1.100000000000000089e+00,2.000000000000000111e-01,5.000000000000000000e-01,-4.437468200922012329e-02,9.741547703742980957e-02,3.709803819656372070e-01,8.329648375511169434e-01,-6.998554468154907227e-01,8.126935362815856934e-02,-7.099859118461608887e-01,-3.980652987957000732e-02,-1.851596534252166748e-01,1.242888450622558594e+00,8.396366983652114868e-02,2.491937577724456787e-01
-3.979093148785107226e-01,-2.651020495732023363e+00,4.981044396554881737e-01,9.954693317413330078e-01,-1.955926790833473206e-02,-2.010032534599304199e-02,9.085281938314437866e-02,0.000000000000000000e+00,0.000000000000000000e+00,0.000000000000000000e+00,-1.100000000000000089e+00,2.000000000000000111e-01,-5.000000000000000000e-01,0.000000000000000000e+00,1.100000000000000089e+00,2.000000000000000111e-01,5.000000000000000000e-01,-1.247431188821792603e-01,1.883924305438995361e-01,3.709075152873992920e-01,9.696940183639526367e-01,-6.898030638694763184e-01,9.886112995445728302e-03,-7.083942294120788574e-01,-2.640584707260131836e-01,-1.116162613034248352e-01,1.369951009750366211e+00,-4.493296146392822266e-02,1.706677079200744629e-01
-4.068129214042364716e-01,-2.686964585085709789e+00,4.962494403206639815e-01,9.979279637336730957e-01,-8.400405757129192352e-03,-1.920997165143489838e-02,6.082911416888237000e-02,0.000000000000000000e+00,0.000000000000000000e+00,0.000000000000000000e+00,-1.100000000000000089e+00,2.000000000000000111e-01,-5.000000000000000000e-01,0.000000000000000000e+00,1.100000000000000089e+00,2.000000000000000111e-01,5.000000000000000000e-01,-1.656477302312850952e-01,2.707312703132629395e-01,3.856434822082519531e-01,1.029869794845581055e+00,-6.519713401794433594e-01,-7.537746429443359375e-02,-7.244639992713928223e-01,-4.797797501087188721e-01,-2.960079163312911987e-02,1.359682321548461914e+00,-9.124872088432312012e-02,4.632966965436935425e-02
-4.144571229695069858e-01,-2.727527115417249348e+00,4.943037213129226615e-01,9.995002150535583496e-01,4.550984129309654236e-03,-1.582372002303600311e-02,2.698492445051670074e-02,0.000000000000000000e+00,0.000000000000000000e+00,0.000000000000000000e+00,-1.100000000000000089e+00,2.000000000000000111e-01,-5.000000000000000000e-01,0.000000000000000000e+00,1.100000000000000089e+00,2.000000000000000111e-01,5.000000000000000000e-01,-1.662917882204055786e-01,3.417426645755767822e-01,4.017604291439056396e-01,1.008711814880371094e+00,-6.200930476188659668e-01,-1.669192463159561157e-01,-7.536441683769226074e-01,-6.309313774108886719e-01,6.869537383317947388e-02,1.245205879211425781e+00,-6.882814317941665649e-02,-2.734206430613994598e-02
-4.207767757908864592e-01,-2.770513708624574800e+00,4.928113100346591668e-01,9.998580813407897949e-01,1.511968858540058136e-02,-7.429765537381172180e-03,1.159467065008357167e-04,0.000000000000000000e+00,0.000000000000000000e+00,0.000000000000000000e+00,-1.100000000000000089e+00,2.000000000000000111e-01,-5.000000000000000000e-01,0.000000000000000000e+00,1.100000000000000089e+00,2.000000000000000111e-01,5.000000000000000000e-01,-1.736062616109848022e-01,4.169331192970275879e-01,4.037715494632720947e-01,9.660620093345642090e-01,-5.590224862098693848e-01,-2.332940846681594849e-01,-7.613242864608764648e-01,-6.769570708274841309e-01,1.843284368515014648e-01,1.070108175277709961e+00,1.151646394282579422e-02,-2.421041950583457947e-02
-4.261511171646792384e-01,-2.817134403219126781e+00,4.933832384073975064e-01,9.995709061622619629e-01,2.496717497706413269e-02,5.510972812771797180e-03,-1.429073140025138855e-02,0.000000000000000000e+00,0.000000000000000000e+00,0.000000000000000000e+00,-1.100000000000000089e+00,2.000000000000000111e-01,-5.000000000000000000e-01,0.000000000000000000e+00,1.100000000000000089e+00,2.000000000000000111e-01,5.000000000000000000e-01,-1.804600805044174194e-01,4.844078719615936279e-01,4.018162190914154053e-01,8.709837198257446289e-01,-4.398038983345031738e-01,-2.586275339126586914e-01,-7.291197776794433594e-01,-6.491384506225585938e-01,3.208594918251037598e-01,9.039007425308227539e-01,1.213496029376983643e-01,4.749515093863010406e-03
-4.307678558511866540e-01,-2.867797250892176741e+00,4.951926910689081751e-01,9.989726543426513672e-01,3.201704472303390503e-02,2.630544640123844147e-02,-1.834384724497795105e-02,0.000000000000000000e+00,0.000000000000000000e+00,0.000000000000000000e+00,-1.100000000000000089e+00,2.000000000000000111e-01,-5.000000000000000000e-01,0.000000000000000000e+00,1.100000000000000089e+00,2.000000000000000111e-01,5.000000000000000000e-01,-1.851308643817901611e-01,5.408460497856140137e-01,4.036932587623596191e-01,6.997950673103332520e-01,-2.460543364286422729e-01,-2.620601654052734375e-01,-6.618860960006713867e-01,-5.918239355087280273e-01,4.024123847484588623e-01,7.851538062095642090e-01,2.189567238092422485e-01,8.364705741405487061e-02
-4.359154188023371956e-01,-2.925714350854507373e+00,4.966215778164791428e-01,9.978901743888854980e-01,1.827692985534667969e-02,5.564339458942413330e-02,-2.801868505775928497e-02,0.000000000000000000e+00,0.000000000000000000e+00,0.000000000000000000e+00,-1.100000000000000089e+00,2.000000000000000111e-01,-5.000000000000000000e-01,0.000000000000000000e+00,1.100000000000000089e+00,2.000000000000000111e-01,5.000000000000000000e-01,-2.203357368707656860e-01,6.444179415702819824e-01,3.501651287078857422e-01,5.208978056907653809e-01,4.652592819184064865e-03,-2.579365968704223633e-01,-5.678942799568176270e-01,-5.324683785438537598e-01,2.845692634582519531e-01,6.369687318801879883e-01,1.439609378576278687e-01,2.373806536197662354e-01
-4.428797833312942411e-01,-2.980335814772230307e+00,4.962233246802681408e-01,9.962813258171081543e-01,1.499387319199740887e-03,7.659152150154113770e-02,-3.943397477269172668e-02,0.000000000000000000e+00,0.000000000000000000e+00,0.000000000000000000e+00,-1.100000000000000089e+00,2.000000000000000111e-01,-5.000000000000000000e-01,0.000000000000000000e+00,1.100000000000000089e+00,2.000000000000000111e-01,5.000000000000000000e-01,-2.989283204078674316e-01,7.437099218368530273e-01,2.059922218322753906e-01,4.507966935634613037e-01,1.403605788946151733e-01,-1.931092292070388794e-01,-5.172411203384399414e-01,-4.378493428230285645e-01,1.139630526304244995e-01,5.935872197151184082e-01,-1.417235136032104492e-01,2.747162878513336182e-01
-4.532920351820160509e-01,-3.027283515382294787e+00,4.946260771667114198e-01,9.958220720291137695e-01,1.735282503068447113e-02,8.259959518909454346e-02,-3.485141694545745850e-02,0.000000000000000000e+00,0.000000000000000000e+00,0.000000000000000000e+00,-1.100000000000000089e+00,2.000000000000000111e-01,-5.000000000000000000e-01,0.000000000000000000e+00,1.100000000000000089e+00,2.000000000000000111e-01,5.000000000000000000e-01,-2.986672818660736084e-01,7.060430049896240234e-01,1.723994761705398560e-01,4.204162061214447021e-01,6.489427387714385986e-02,-1.383181959390640259e-01,-6.242730617523193359e-01,-3.774747252464294434e-01,9.268194437026977539e-02,7.980943322181701660e-01,-3.054499030113220215e-01,2.802572548389434814e-01
-4.637756587113394668e-01,-3.072115724562394679e+00,4.945924880521164746e-01,9.966693520545959473e-01,2.980050072073936462e-02,7.089036703109741211e-02,-2.714269794523715973e-02,0.000000000000000000e+00,0.000000000000000000e+00,0.000000000000000000e+00,-1.100000000000000089e+00,2.000000000000000111e-01,-5.000000000000000000e-01,0.000000000000000000e+00,1.100000000000000089e+00,2.000000000000000111e-01,5.000000000000000000e-01,-2.443571984767913818e-01,6.491947174072265625e-01,2.115581333637237549e-01,4.842728674411773682e-01,-7.601430267095565796e-02,-1.617048233747482300e-01,-6.827308535575866699e-01,-3.203144669532775879e-01,5.604105070233345032e-02,9.793552160263061523e-01,-4.033973515033721924e-01,2.498849779367446899e-01
-4.722334725010876588e-01,-3.116546691216603548e+00,4.972203276577321085e-01,9.976066946983337402e-01,4.374419525265693665e-02,5.264957249164581299e-02,-9.763345122337341309e-03,0.000000000000000000e+00,0.000000000000000000e+00,0.000000000000000000e+00,-1.100000000000000089e+00,2.000000000000000111e-01,-5.000000000000000000e-01,0.000000000000000000e+00,1.100000000000000089e+00,2.000000000000000111e-01,5.000000000000000000e-01,-1.905850768089294434e-01,5.870425701141357422e-01,3.109087347984313965e-01,6.708530187606811523e-01,-2.353410869836807251e-01,-1.359474658966064453e-01,-6.669592857360839844e-01,-2.929676175117492676e-01,-1.884399168193340302e-02,1.053074598312377930e+00,-4.672400951385498047e-01,1.747834682464599609e-01
-4.789815629905823657e-01,-3.159418192921262580e+00,5.020969771691644601e-01,9.979363679885864258e-01,5.034491047263145447e-02,3.903650864958763123e-02,8.031838573515415192e-03,0.000000000000000000e+00,0.000000000000000000e+00,0.000000000000000000e+00,-1.100000000000000089e+00,2.000000000000000111e-01,-5.000000000000000000e-01,0.000000000000000000e+00,1.100000000000000089e+00,2.000000000000000111e-01,5.000000000000000000e-01,-1.347707360982894897e-01,4.973718523979187012e-01,3.878435790538787842e-01,8.751738667488098145e-01,-3.645852208137512207e-01,-1.212146058678627014e-01,-6.222010254859924316e-01,-2.493743300437927246e-01,-1.054245084524154663e-01,1.039518594741821289e+00,-4.909348189830780029e-01,8.169281482696533203e-02
-4.847990813843830460e-01,-3.201649633080068114e+00,5.086151752884340294e-01,9.980590939521789551e-01,4.930858314037322998e-02,3.191248700022697449e-02,2.069534361362457275e-02,0.000000000000000000e+00,0.000000000000000000e+00,0.000000000000000000e+00,-1.100000000000000089e+00,2.000000000000000111e-01,-5.000000000000000000e-01,0.000000000000000000e+00,1.100000000000000089e+00,2.000000000000000111e-01,5.000000000000000000e-01,-7.498340308666229248e-02,3.579128384590148926e-01,4.369386136531829834e-01,1.017620086669921875e+00,-4.335727691650390625e-01,-1.517482399940490723e-01,-5.703889131546020508e-01,-1.766723543405532837e-01,-1.912650167942047119e-01,9.618894457817077637e-01,-4.630005955696105957e-01,-5.927097983658313751e-03
-4.905644930552954808e-01,-3.243018136084681924e+00,5.154030827876895371e-01,9.981326460838317871e-01,4.442593827843666077e-02,2.983419224619865417e-02,2.945143915712833405e-02,0.000000000000000000e+00,0.000000000000000000e+00,0.000000000000000000e+00,-1.100000000000000089e+00,2.000000000000000111e-01,-5.000000000000000000e-01,0.000000000000000000e+00,1.100000000000000089e+00,2.000000000000000111e-01,5.000000000000000000e-01,-2.357318624854087830e-02,1.640738248825073242e-01,4.594740569591522217e-01,1.041289925575256348e+00,-4.214035570621490479e-01,-2.194388657808303833e-01,-5.201684832572937012e-01,-8.661338686943054199e-02,-2.700996994972229004e-01,8.370029330253601074e-01,-3.791919350624084473e-01,-8.184699714183807373e-02
-4.982408305596221498e-01,-3.285659122629599249e+00,5.214191464793802577e-01,9.980298280715942383e-01,4.004659131169319153e-02,3.207814320921897888e-02,3.610739856958389282e-02,0.000000000000000000e+00,0.000000000000000000e+00,0.000000000000000000e+00,-1.100000000000000089e+00,2.000000000000000111e-01,-5.000000000000000000e-01,0.000000000000000000e+00,1.100000000000000089e+00,2.000000000000000111e-01,5.000000000000000000e-01,1.138707250356674194e-02,-5.028153955936431885e-02,4.492476284503936768e-01,9.385156631469726562e-01,-3.413355648517608643e-01,-2.581658959388732910e-01,-4.841674268245697021e-01,-8.913453784771263599e-04,-3.349418342113494873e-01,6.987032294273376465e-01,-2.426164150238037109e-01,-1.307294815778732300e-01
-5.085753997979741703e-01,-3.330224279664983467e+00,5.255804184327522721e-01,9.981919527053833008e-01,3.026299178600311279e-02,3.660134971141815186e-02,3.684205934405326843e-02,0.000000000000000000e+00,0.000000000000000000e+00,0.000000000000000000e+00,-1.100000000000000089e+00,2.000000000000000111e-01,-5.000000000000000000e-01,0.000000000000000000e+00,1.100000000000000089e+00,2.000000000000000111e-01,5.000000000000000000e-01,4.697605967521667480e-02,-2.337485551834106445e-01,4.069280624389648438e-01,7.282823920249938965e-01,-2.183609306812286377e-01,-2.619386613368988037e-01,-4.762462973594665527e-01,1.024819239974021912e-01,-3.569322526454925537e-01,5.629561543464660645e-01,-1.889716088771820068e-02,-8.676523715257644653e-02
-5.208701782801536950e-01,-3.375429498246221627e+00,5.267507229730336027e-01,9.987541437149047852e-01,1.491524372249841690e-02,3.671306371688842773e-02,3.032777458429336548e-02,0.000000000000000000e+00,0.000000000000000000e+00,0.000000000000000000e+00,-1.100000000000000089e+00,2.000000000000000111e-01,-5.000000000000000000e-01,0.000000000000000000e+00,1.100000000000000089e+00,2.000000000000000111e-01,5.000000000000000000e-01,1.132225766777992249e-01,-3.339216709136962891e-01,3.503890037536621094e-01,4.478796422481536865e-01,-6.747582554817199707e-02,-2.433828115463256836e-01,-4.793700277805328369e-01,2.338615804910659790e-01,-3.089347183704376221e-01,3.996968269348144531e-01,2.811363935470581055e-01,1.624187380075454712e-01
-5.349007541836813262e-01,-3.424802590349707909e+00,5.252168754322661393e-01,9.994564056396484375e-01,-9.707640856504440308e-03,2.865520305931568146e-02,1.309815142303705215e-02,0.000000000000000000e+00,0.000000000000000000e+00,0.000000000000000000e+00,-1.100000000000000089e+00,2.000000000000000111e-01,-5.000000000000000000e-01,0.000000000000000000e+00,1.100000000000000089e+00,2.000000000000000111e-01,5.000000000000000000e-01,1.145317256450653076e-01,-2.700083255767822266e-01,3.271037042140960693e-01,3.952265977859497070e-01,-3.082976676523685455e-02,-1.331508159637451172e-01,-5.080195665359497070e-01,3.368841409683227539e-01,-2.782692313194274902e-01,3.720673918724060059e-01,3.449999999999999734e-01,2.411156296730041504e-01
-5.497739643031599455e-01,-3.468532379046834979e+00,5.172595768173535724e-01,9.994592666625976562e-01,-3.126372769474983215e-02,1.018225587904453278e-02,3.790929622482508421e-04,0.000000000000000000e+00,0.000000000000000000e+00,0.000000000000000000e+00,-1.100000000000000089e+00,2.000000000000000111e-01,-5.000000000000000000e-01,0.000000000000000000e+00,1.100000000000000089e+00,2.000000000000000111e-01,5.000000000000000000e-01,8.782149106264114380e-02,-1.419629007577896118e-01,3.678435683250427246e-01,5.537027716636657715e-01,-3.301855027675628662e-01,1.280660480260848999e-01,-5.967381596565246582e-01,3.231833279132843018e-01,-2.870815992355346680e-01,6.605120897293090820e-01,3.449999999999999734e-01,2.382025718688964844e-01
-5.633229993524575541e-01,-3.507881715400050560e+00,5.086655797199769458e-01,9.992796182632446289e-01,-3.726346045732498169e-02,-6.013010628521442413e-03,-3.944454714655876160e-03,0.000000000000000000e+00,0.000000000000000000e+00,0.000000000000000000e+00,-1.100000000000000089e+00,2.000000000000000111e-01,-5.000000000000000000e-01,0.000000000000000000e+00,1.100000000000000089e+00,2.000000000000000111e-01,5.000000000000000000e-01,8.473946154117584229e-02,-4.230185225605964661e-02,3.639266192913055420e-01,6.305275559425354004e-01,-5.453705787658691406e-01,1.026862338185310364e-01,-6.811720132827758789e-01,2.332989275455474854e-01,-2.012247890233993530e-01,9.966891407966613770e-01,2.177320569753646851e-01,2.567133605480194092e-01
-5.746470980940744377e-01,-3.544035062031312577e+00,5.020311690769111435e-01,9.991731643676757812e-01,-3.597833588719367981e-02,-1.649386063218116760e-02,-9.300862438976764679e-03,0.000000000000000000e+00,0.000000000000000000e+00,0.000000000000000000e+00,-1.100000000000000089e+00,2.000000000000000111e-01,-5.000000000000000000e-01,0.000000000000000000e+00,1.100000000000000089e+00,2.000000000000000111e-01,5.000000000000000000e-01,4.514674097299575806e-02,5.751660466194152832e-02,3.475891351699829102e-01,7.517724633216857910e-01,-6.575896739959716797e-01,2.084466814994812012e-02,-7.141916155815124512e-01,9.913017600774765015e-02,-9.584708511829376221e-02,1.217341184616088867e+00,5.875338613986968994e-02,2.650800347328186035e-01
-5.832564158135592480e-01,-3.578300443002671916e+00,4.974493481226340830e-01,9.990727305412292480e-01,-3.241695463657379150e-02,-2.132404595613479614e-02,-1.865925453603267670e-02,0.000000000000000000e+00,0.000000000000000000e+00,0.000000000000000000e+00,-1.100000000000000089e+00,2.000000000000000111e-01,-5.000000000000000000e-01,0.000000000000000000e+00,1.100000000000000089e+00,2.000000000000000111e-01,5.000000000000000000e-01,-8.305104449391365051e-03,1.625913828611373901e-01,3.291036486625671387e-01,8.889419436454772949e-01,-7.013955116271972656e-01,-7.386913895606994629e-02,-7.205953598022460938e-01,-9.785611182451248169e-02,-2.601335570216178894e-02,1.311082363128662109e+00,-7.154151797294616699e-02,2.326076626777648926e-01
-5.891553120375281338e-01,-3.614414263259280613e+00,4.938244225009523203e-01,9.988998770713806152e-01,-2.538416348397731781e-02,-2.295398898422718048e-02,-3.205847740173339844e-02,0.000000000000000000e+00,0.000000000000000000e+00,0.000000000000000000e+00,-1.100000000000000089e+00,2.000000000000000111e-01,-5.000000000000000000e-01,0.000000000000000000e+00,1.100000000000000089e+00,2.000000000000000111e-01,5.000000000000000000e-01,-4.363563656806945801e-02,2.558187842369079590e-01,3.166719675064086914e-01,9.751445055007934570e-01,-6.910626292228698730e-01,-1.614925116300582886e-01,-7.231311798095703125e-01,-3.187798559665679932e-01,2.591139823198318481e-02,1.277089238166809082e+00,-1.351021379232406616e-01,1.478491425514221191e-01
-5.927332378103576938e-01,-3.651984912753105217e+00,4.914361907820207764e-01,9.986616373062133789e-01,-1.364129502326250076e-02,-2.043742872774600983e-02,-4.551001638174057007e-02,0.000000000000000000e+00,0.000000000000000000e+00,0.000000000000000000e+00,-1.100000000000000089e+00,2.000000000000000111e-01,-5.000000000000000000e-01,0.000000000000000000e+00,1.100000000000000089e+00,2.000000000000000111e-01,5.000000000000000000e-01,-5.187941715121269226e-02,3.248606920242309570e-01,3.067292869091033936e-01,9.808242917060852051e-01,-6.552116870880126953e-01,-2.287559360265731812e-01,-7.285396456718444824e-01,-5.024241209030151367e-01,7.390869408845901489e-02,1.137717962265014648e+00,-1.171893998980522156e-01,6.887433677911758423e-02
-5.944606483328823687e-01,-3.691242242335069257e+00,4.904741055367872193e-01,9.984620213508605957e-01,2.258626045659184456e-03,-1.395751349627971649e-02,-5.360715836286544800e-02,0.000000000000000000e+00,0.000000000000000000e+00,0.000000000000000000e+00,-1.100000000000000089e+00,2.000000000000000111e-01,-5.000000000000000000e-01,0.000000000000000000e+00,1.100000000000000089e+00,2.000000000000000111e-01,5.000000000000000000e-01,-4.041824489831924438e-02,3.721702694892883301e-01,2.962296009063720703e-01,9.142295122146606445e-01,-5.938370227813720703e-01,-2.657160758972167969e-01,-7.182478904724121094e-01,-6.054895520210266113e-01,1.449329704046249390e-01,9.347305893898010254e-01,-2.955785207450389862e-02,5.200467258691787720e-02
-5.949885662464481362e-01,-3.735396524366706217e+00,4.914057156150087868e-01,9.984745979309082031e-01,1.997506991028785706e-02,-3.492173505946993828e-03,-5.135448649525642395e-02,0.000000000000000000e+00,0.000000000000000000e+00,0.000000000000000000e+00,-1.100000000000000089e+00,2.000000000000000111e-01,-5.000000000000000000e-01,0.000000000000000000e+00,1.100000000000000089e+00,2.000000000000000111e-01,5.000000000000000000e-01,-1.688860729336738586e-02,4.068084955215454102e-01,2.869811058044433594e-01,7.769727110862731934e-01,-4.774878025054931641e-01,-2.750155925750732422e-01,-6.870287060737609863e-01,-6.380142569541931152e-01,2.659722864627838135e-01,7.307099103927612305e-01,1.074450761079788208e-01,6.959937512874603271e-02
-5.950329503793306829e-01,-3.786143407105195369e+00,4.939204151251099240e-01,9.985772967338562012e-01,3.517661243677139282e-02,1.496291160583496094e-02,-3.717676550149917603e-02,0.000000000000000000e+00,0.000000000000000000e+00,0.000000000000000000e+00,-1.100000000000000089e+00,2.000000000000000111e-01,-5.000000000000000000e-01,0.000000000000000000e+00,1.100000000000000089e+00,2.000000000000000111e-01,5.000000000000000000e-01,4.576651845127344131e-03,4.365827441215515137e-01,2.843851745128631592e-01,5.609257221221923828e-01,-2.727828919887542725e-01,-2.748737633228302002e-01,-6.416471600532531738e-01,-6.131309866905212402e-01,4.143266081809997559e-01,6.075857877731323242e-01,2.560369372367858887e-01,1.145998686552047729e-01
-5.951328458177922442e-01,-3.843914691282041218e+00,4.965194818550588973e-01,9.983389973640441895e-01,2.825304120779037476e-02,4.536556825041770935e-02,-2.151711657643318176e-02,0.000000000000000000e+00,0.000000000000000000e+00,0.000000000000000000e+00,-1.100000000000000089e+00,2.000000000000000111e-01,-5.000000000000000000e-01,0.000000000000000000e+00,1.100000000000000089e+00,2.000000000000000111e-01,5.000000000000000000e-01,-3.522587567567825317e-02,5.129601359367370605e-01,2.192094027996063232e-01,3.608114421367645264e-01,9.488239884376525879e-03,-2.811329662799835205e-01,-5.655276179313659668e-01,-5.558604001998901367e-01,3.789258897304534912e-01,5.327455401420593262e-01,2.614448964595794678e-01,2.346877455711364746e-01
-5.981936902146447466e-01,-3.901845741729543793e+00,4.994812196801708404e-01,9.977673292160034180e-01,8.605304174125194550e-03,6.617517769336700439e-02,-2.682565711438655853e-03,0.000000000000000000e+00,0.000000000000000000e+00,0.000000000000000000e+00,-1.100000000000000089e+00,2.000000000000000111e-01,-5.000000000000000000e-01,0.000000000000000000e+00,1.100000000000000089e+00,2.000000000000000111e-01,5.000000000000000000e-01,-1.543975770473480225e-01,6.358585953712463379e-01,1.310050934553146362e-01,3.455334901809692383e-01,2.179786115884780884e-01,-2.527761161327362061e-01,-5.290922522544860840e-01,-5.030615329742431641e-01,1.687813997268676758e-01,5.801109671592712402e-01,3.860590234398841858e-02,2.694014012813568115e-01
-6.039650806649164982e-01,-3.954997090233696611e+00,5.022237771147429752e-01,9.977516531944274902e-01,1.403442933224141598e-03,6.383324414491653442e-02,2.037278749048709869e-02,0.000000000000000000e+00,0.000000000000000000e+00,0.000000000000000000e+00,-1.100000000000000089e+00,2.000000000000000111e-01,-5.000000000000000000e-01,0.000000000000000000e+00,1.100000000000000089e+00,2.000000000000000111e-01,5.000000000000000000e-01,-2.301547229290008545e-01,7.423117160797119141e-01,2.606376409530639648e-01,4.694610238075256348e-01,1.515462547540664673e-01,-1.534899026155471802e-01,-5.080829262733459473e-01,-4.287708997726440430e-01,4.204916581511497498e-02,6.884159445762634277e-01,-1.570168733596801758e-01,2.756002843379974365e-01
-6.089579011808441411e-01,-4.003082419694072414e+00,5.062542632696303002e-01,9.975233674049377441e-01,2.560793049633502960e-02,4.785094782710075378e-02,4.473973065614700317e-02,0.000000000000000000e+00,0.000000000000000000e+00,0.000000000000000000e+00,-1.100000000000000089e+00,2.000000000000000111e-01,-5.000000000000000000e-01,0.000000000000000000e+00,1.100000000000000089e+00,2.000000000000000111e-01,5.000000000000000000e-01,-1.555266380310058594e-01,7.258042693138122559e-01,5.050298571586608887e-01,6.222438812255859375e-01,-6.129056587815284729e-02,-6.114773824810981750e-02,-4.958349764347076416e-01,-4.190992712974548340e-01,-8.247599937021732330e-03,7.859745621681213379e-01,-3.098469972610473633e-01,2.661399841308593750e-01
-6.128930590203915951e-01,-4.047519697282049300e+00,5.102859950035509851e-01,9.974384903907775879e-01,3.172153979539871216e-02,2.950780652463436127e-02,5.691600963473320007e-02,0.000000000000000000e+00,0.000000000000000000e+00,0.000000000000000000e+00,-1.100000000000000089e+00,2.000000000000000111e-01,-5.000000000000000000e-01,0.000000000000000000e+00,1.100000000000000089e+00,2.000000000000000111e-01,5.000000000000000000e-01,-1.026100516319274902e-01,6.552794575691223145e-01,5.422220826148986816e-01,8.030706048011779785e-01,-2.300245016813278198e-01,-5.046156421303749084e-02,-4.744729399681091309e-01,-3.620871007442474365e-01,-6.054589897394180298e-02,8.513672947883605957e-01,-3.933816850185394287e-01,2.092926353216171265e-01
-6.157792732367912691e-01,-4.089747151587948437e+00,5.150053278830918346e-01,9.976025819778442383e-01,2.786224335432052612e-02,1.316398847848176956e-02,6.196384131908416748e-02,0.000000000000000000e+00,0.000000000000000000e+00,0.000000000000000000e+00,-1.100000000000000089e+00,2.000000000000000111e-01,-5.000000000000000000e-01,0.000000000000000000e+00,1.100000000000000089e+00,2.000000000000000111e-01,5.000000000000000000e-01,-6.803931295871734619e-02,5.192775130271911621e-01,4.834454059600830078e-01,9.289985299110412598e-01,-3.194004595279693604e-01,-1.065003052353858948e-01,-4.395514726638793945e-01,-2.779085636138916016e-01,-1.213148385286331177e-01,8.642691969871520996e-01,-4.164414703845977783e-01,1.275999099016189575e-01
-6.188242157413200717e-01,-4.131326904796591037e+00,5.200550298415350658e-01,9.975782036781311035e-01,2.715027891099452972e-02,1.536197843961417675e-03,6.401745975017547607e-02,0.000000000000000000e+00,0.000000000000000000e+00,0.000000000000000000e+00,-1.100000000000000089e+00,2.000000000000000111e-01,-5.000000000000000000e-01,0.000000000000000000e+00,1.100000000000000089e+00,2.000000000000000111e-01,5.000000000000000000e-01,-3.237105906009674072e-02,2.912121117115020752e-01,4.127001464366912842e-01,9.484482407569885254e-01,-3.287453353404998779e-01,-2.131462097167968750e-01,-4.107455909252166748e-01,-1.997347772121429443e-01,-1.739656180143356323e-01,8.397015333175659180e-01,-3.942052125930786133e-01,4.044384881854057312e-02
-6.236892813677438197e-01,-4.170986473367671366e+00,5.242865109330776541e-01,9.977945685386657715e-01,2.640601247549057007e-02,-2.901997882872819901e-03,6.082989275455474854e-02,0.000000000000000000e+00,0.000000000000000000e+00,0.000000000000000000e+00,-1.100000000000000089e+00,2.000000000000000111e-01,-5.000000000000000000e-01,0.000000000000000000e+00,1.100000000000000089e+00,2.000000000000000111e-01,5.000000000000000000e-01,9.258405305445194244e-03,4.344240948557853699e-02,3.662815690040588379e-01,8.574226498603820801e-01,-3.062283098697662354e-01,-2.659472525119781494e-01,-4.109867215156555176e-01,-1.226720139384269714e-01,-2.161436229944229126e-01,8.129146695137023926e-01,-3.250134587287902832e-01,-4.801296442747116089e-02
-6.307099875883021012e-01,-4.212509428172400483e+00,5.266322268876764134e-01,9.986897706985473633e-01,1.777133159339427948e-02,-1.835480798035860062e-03,4.795374721288681030e-02,0.000000000000000000e+00,0.000000000000000000e+00,0.000000000000000000e+00,-1.100000000000000089e+00,2.000000000000000111e-01,-5.000000000000000000e-01,0.000000000000000000e+00,1.100000000000000089e+00,2.000000000000000111e-01,5.000000000000000000e-01,5.578964576125144958e-02,-1.699486374855041504e-01,3.215442597866058350e-01,6.685678362846374512e-01,-2.598715722560882568e-01,-2.599808871746063232e-01,-4.445118308067321777e-01,-3.129360452294349670e-02,-2.594824433326721191e-01,7.984169721603393555e-01,-1.849328279495239258e-01,-1.269244253635406494e-01
-6.389666818834915940e-01,-4.258085331073915292e+00,5.269559943977027983e-01,9.996759891510009766e-01,-5.749367177486419678e-03,-9.829563787207007408e-04,2.477837353944778442e-02,0.000000000000000000e+00,0.000000000000000000e+00,0.000000000000000000e+00,-1.100000000000000089e+00,2.000000000000000111e-01,-5.000000000000000000e-01,0.000000000000000000e+00,1.100000000000000089e+00,2.000000000000000111e-01,5.000000000000000000e-01,1.010284647345542908e-01,-2.816878557205200195e-01,2.908582985401153564e-01,4.340019822120666504e-01,-2.070000022649765015e-01,-2.301920652389526367e-01,-4.854144454002380371e-01,9.195385128259658813e-02,-3.052348494529724121e-01,7.698281407356262207e-01,3.506834432482719421e-02,-1.471731513738632202e-01
-6.474587075773513556e-01,-4.304810488230049970e+00,5.246280902232786092e-01,9.994642138481140137e-01,-3.065756708383560181e-02,-9.766777977347373962e-03,-6.009584758430719376e-03,0.000000000000000000e+00,0.000000000000000000e+00,0.000000000000000000e+00,-1.100000000000000089e+00,2.000000000000000111e-01,-5.000000000000000000e-01,0.000000000000000000e+00,1.100000000000000089e+00,2.000000000000000111e-01,5.000000000000000000e-01,1.328613907098770142e-01,-2.538545131683349609e-01,3.459836244583129883e-01,3.275647163391113281e-01,-2.024476230144500732e-01,-1.437916308641433716e-01,-5.060406327247619629e-01,2.454354465007781982e-01,-2.894073724746704102e-01,6.906725764274597168e-01,2.698789834976196289e-01,-2.086182823404669762e-03
-6.566193600962257904e-01,-4.347439185061840128e+00,5.179860400288093247e-01,9.982419013977050781e-01,-3.755230456590652466e-02,-3.543314710259437561e-02,-2.910919301211833954e-02,0.000000000000000000e+00,0.000000000000000000e+00,0.000000000000000000e+00,-1.100000000000000089e+00,2.000000000000000111e-01,-5.000000000000000000e-01,0.000000000000000000e+00,1.100000000000000089e+00,2.000000000000000111e-01,5.000000000000000000e-01,1.005380600690841675e-01,-1.388961523771286011e-01,4.522521495819091797e-01,5.420985221862792969e-01,-4.093504250049591064e-01,1.633380800485610962e-01,-5.039352774620056152e-01,3.590542674064636230e-01,-1.942462623119354248e-01,6.750293970108032227e-01,3.449999999999999734e-01,2.483731210231781006e-01
-6.669911721476701194e-01,-4.381686297540713149e+00,5.075686813040514167e-01,9.972017407417297363e-01,-4.316559433937072754e-02,-5.166033282876014709e-02,-3.250501677393913269e-02,0.000000000000000000e+00,0.000000000000000000e+00,0.000000000000000000e+00,-1.100000000000000089e+00,2.000000000000000111e-01,-5.000000000000000000e-01,0.000000000000000000e+00,1.100000000000000089e+00,2.000000000000000111e-01,5.000000000000000000e-01,8.024175465106964111e-02,-3.090663999319076538e-02,4.527803659439086914e-01,6.623227596282958984e-01,-6.038693785667419434e-01,1.699308007955551147e-01,-5.639591217041015625e-01,2.988804876804351807e-01,-1.915825903415679932e-01,8.989753127098083496e-01,2.491150945425033569e-01,2.658917605876922607e-01
-6.777657629391460326e-01,-4.414850254492326265e+00,4.993146442441326327e-01,9.972298145294189453e-01,-3.706123679876327515e-02,-5.957129597663879395e-02,-2.470769733190536499e-02,0.000000000000000000e+00,0.000000000000000000e+00,0.000000000000000000e+00,-1.100000000000000089e+00,2.000000000000000111e-01,-5.000000000000000000e-01,0.000000000000000000e+00,1.100000000000000089e+00,2.000000000000000111e-01,5.000000000000000000e-01,3.699862957000732422e-02,5.741629377007484436e-02,4.161271452903747559e-01,7.850737571716308594e-01,-7.178822755813598633e-01,1.233897283673286438e-01,-6.124287843704223633e-01,1.318580955266952515e-01,-1.511579751968383789e-01,1.123391866683959961e+00,5.470478534698486328e-02,2.728689908981323242e-01
-6.881311394989189090e-01,-4.450741863449414915e+00,4.934025448824119198e-01,9.976890087127685547e-01,-3.026255592703819275e-02,-5.880107358098030090e-02,-1.559744309633970261e-02,0.000000000000000000e+00,0.000000000000000000e+00,0.000000000000000000e+00,-1.100000000000000089e+00,2.000000000000000111e-01,-5.000000000000000000e-01,0.000000000000000000e+00,1.100000000000000089e+00,2.000000000000000111e-01,5.000000000000000000e-01,-5.017678812146186829e-02,1.505129337310791016e-01,3.595933318138122559e-01,9.384151697158813477e-01,-7.505605816841125488e-01,6.796229630708694458e-02,-6.529734134674072266e-01,-3.275996819138526917e-02,-6.558813899755477905e-02,1.249821782112121582e+00,-7.130457460880279541e-02,2.759232819080352783e-01
-6.968807094175406558e-01,-4.488756603387870747e+00,4.890617019517554120e-01,9.982519745826721191e-01,-2.502560615539550781e-02,-5.263898149132728577e-02,-9.784934110939502716e-03,0.000000000000000000e+00,0.000000000000000000e+00,0.000000000000000000e+00,-1.100000000000000089e+00,2.000000000000000111e-01,-5.000000000000000000e-01,0.000000000000000000e+00,1.100000000000000089e+00,2.000000000000000111e-01,5.000000000000000000e-01,-1.367988288402557373e-01,2.415558397769927979e-01,3.022836148738861084e-01,1.044802665710449219e+00,-7.363473773002624512e-01,1.896624336950480938e-03,-6.792163848876953125e-01,-1.696859598159790039e-01,5.095920711755752563e-02,1.277755379676818848e+00,-1.360047310590744019e-01,2.706350088119506836e-01
-7.038078726527065010e-01,-4.526578029460377017e+00,4.843881648613346802e-01,9.987702965736389160e-01,-1.918239146471023560e-02,-4.501035809516906738e-02,-7.999230176210403442e-03,0.000000000000000000e+00,0.000000000000000000e+00,0.000000000000000000e+00,-1.100000000000000089e+00,2.000000000000000111e-01,-5.000000000000000000e-01,0.000000000000000000e+00,1.100000000000000089e+00,2.000000000000000111e-01,5.000000000000000000e-01,-2.008228749036788940e-01,3.304557204246520996e-01,2.620901763439178467e-01,1.081692218780517578e+00,-6.958451271057128906e-01,-6.781002879142761230e-02,-6.886826753616333008e-01,-3.267499208450317383e-01,1.064619645476341248e-01,1.225394248962402344e+00,-1.603519767522811890e-01,2.435846179723739624e-01
