-1.875150987111746936e-02,-5.348558925788360341e-02,5.236405536464669996e-01,9.998387098312377930e-01,1.793014816939830780e-02,1.094440522138029337e-04,-1.006448641419410706e-03,0.000000000000000000e+00,0.000000000000000000e+00,0.000000000000000000e+00,-1.100000000000000089e+00,2.000000000000000111e-01,-5.000000000000000000e-01,0.000000000000000000e+00,1.100000000000000089e+00,2.000000000000000111e-01,5.000000000000000000e-01,-5.196203589439392090e-01,3.319404125213623047e-01,6.124084591865539551e-01,1.302069902420043945e+00,-4.106517136096954346e-01,2.340071946382522583e-01,8.158534765243530273e-02,-9.702119976282119751e-02,-4.605781137943267822e-01,7.047033905982971191e-01,-5.761742591857910156e-01,-5.306261405348777771e-02
-1.728727203361088080e-02,-1.573651056755522373e-02,5.181974978293433232e-01,9.998200535774230957e-01,1.551039796322584152e-02,9.585439227521419525e-03,5.232016090303659439e-03,0.000000000000000000e+00,0.000000000000000000e+00,0.000000000000000000e+00,-1.100000000000000089e+00,2.000000000000000111e-01,-5.000000000000000000e-01,0.000000000000000000e+00,1.100000000000000089e+00,2.000000000000000111e-01,5.000000000000000000e-01,-6.230179667472839355e-01,4.275023937225341797e-01,4.908033013343811035e-01,1.342923283576965332e+00,-3.748158812522888184e-01,2.330769449472427368e-01,4.182763397693634033e-02,-1.874185651540756226e-01,-4.441599845886230469e-01,7.674534916877746582e-01,-6.227061748504638672e-01,2.916189096868038177e-02
-1.250426930582357841e-02,2.577092639838505367e-02,5.178053895496961267e-01,9.997527003288269043e-01,8.681455627083778381e-03,1.597156561911106110e-02,1.280856691300868988e-02,0.000000000000000000e+00,0.000000000000000000e+00,0.000000000000000000e+00,-1.100000000000000089e+00,2.000000000000000111e-01,-5.000000000000000000e-01,0.000000000000000000e+00,1.100000000000000089e+00,2.000000000000000111e-01,5.000000000000000000e-01,-6.903563141822814941e-01,4.798983335494995117e-01,3.442775011062622070e-01,1.287296772003173828e+00,-2.970850765705108643e-01,2.110109627246856689e-01,4.490907490253448486e-02,-2.529464960098266602e-01,-4.345853030681610107e-01,7.504349350929260254e-01,-5.915265083312988281e-01,1.215195655822753906e-01
-5.185135323695386905e-03,6.546430725030449871e-02,5.224275672646484514e-01,9.994932413101196289e-01,2.975316252559423447e-03,2.493823505938053131e-02,1.955795660614967346e-02,0.000000000000000000e+00,0.000000000000000000e+00,0.000000000000000000e+00,-1.100000000000000089e+00,2.000000000000000111e-01,-5.000000000000000000e-01,0.000000000000000000e+00,1.100000000000000089e+00,2.000000000000000111e-01,5.000000000000000000e-01,-7.058308124542236328e-01,4.916790425777435303e-01,2.218443006277084351e-01,1.150464057922363281e+00,-2.028200179338455200e-01,1.785021275281906128e-01,8.455666899681091309e-02,-2.966622114181518555e-01,-4.141654670238494873e-01,6.349700689315795898e-01,-4.870708882808685303e-01,1.994034647941589355e-01
3.276922517112747842e-03,1.075008194803288436e-01,5.293822993157487611e-01,9.991108179092407227e-01,1.491511939093470573e-03,3.779326006770133972e-02,1.862765289843082428e-02,0.000000000000000000e+00,0.000000000000000000e+00,0.000000000000000000e+00,-1.100000000000000089e+00,2.000000000000000111e-01,-5.000000000000000000e-01,0.000000000000000000e+00,1.100000000000000089e+00,2.000000000000000111e-01,5.000000000000000000e-01,-6.849428415298461914e-01,4.736274778842926025e-01,1.294741481542587280e-01,9.934226870536804199e-01,-9.954943507909774780e-02,1.462853848934173584e-01,1.043427363038063049e-01,-3.474792540073394775e-01,-3.608142137527465820e-01,5.180848836898803711e-01,-3.262593150138854980e-01,2.437469810247421265e-01
1.218064451839473775e-02,1.533893211998722805e-01,5.359141988043832905e-01,9.985619783401489258e-01,5.733822006732225418e-03,5.285830795764923096e-02,6.865156814455986023e-03,0.000000000000000000e+00,0.000000000000000000e+00,0.000000000000000000e+00,-1.100000000000000089e+00,2.000000000000000111e-01,-5.000000000000000000e-01,0.000000000000000000e+00,1.100000000000000089e+00,2.000000000000000111e-01,5.000000000000000000e-01,-6.412194967269897461e-01,4.228331744670867920e-01,6.129070743918418884e-02,8.469564914703369141e-01,5.197323393076658249e-03,8.441008627414703369e-02,5.712255090475082397e-02,-4.295145273208618164e-01,-2.754749059677124023e-01,4.951040744781494141e-01,-1.757737100124359131e-01,2.293762564659118652e-01
2.132974039930191773e-02,2.006703179995670550e-01,5.390384431740250504e-01,9.975236058235168457e-01,1.759978942573070526e-02,6.654398888349533081e-02,-1.445366814732551575e-02,0.000000000000000000e+00,0.000000000000000000e+00,0.000000000000000000e+00,-1.100000000000000089e+00,2.000000000000000111e-01,-5.000000000000000000e-01,0.000000000000000000e+00,1.100000000000000089e+00,2.000000000000000111e-01,5.000000000000000000e-01,-5.521418452262878418e-01,3.293706476688385010e-01,3.292014822363853455e-02,6.927198171615600586e-01,3.691906854510307312e-02,-1.116053014993667603e-01,-3.726096451282501221e-02,-5.428467392921447754e-01,-2.121613025665283203e-01,5.411894917488098145e-01,-1.075406670570373535e-01,1.413424015045166016e-01
3.075281695829647916e-02,2.460040180580784497e-01,5.379670376089786821e-01,9.957861900329589844e-01,1.993215456604957581e-02,7.720428705215454102e-02,-4.529979079961776733e-02,0.000000000000000000e+00,0.000000000000000000e+00,0.000000000000000000e+00,-1.100000000000000089e+00,2.000000000000000111e-01,-5.000000000000000000e-01,0.000000000000000000e+00,1.100000000000000089e+00,2.000000000000000111e-01,5.000000000000000000e-01,-4.519274830818176270e-01,2.686813473701477051e-01,1.095841974020004272e-01,5.971105694770812988e-01,-1.196509599685668945e-01,-2.429919987916946411e-01,-9.199878573417663574e-02,-6.256334185600280762e-01,-2.493845224380493164e-01,5.609854459762573242e-01,-1.695002317428588867e-01,1.876727677881717682e-02
3.908271497124900240e-02,2.923134424522368380e-01,5.341403281839206540e-01,9.943209290504455566e-01,1.575425639748573303e-02,8.243002742528915405e-02,-6.544408202171325684e-02,0.000000000000000000e+00,0.000000000000000000e+00,0.000000000000000000e+00,-1.100000000000000089e+00,2.000000000000000111e-01,-5.000000000000000000e-01,0.000000000000000000e+00,1.100000000000000089e+00,2.000000000000000111e-01,5.000000000000000000e-01,-4.685007929801940918e-01,2.271284610033035278e-01,1.947078257799148560e-01,7.008997797966003418e-01,-2.592320740222930908e-01,-1.727246940135955811e-01,-7.822733372449874878e-02,-6.347547769546508789e-01,-3.283463418483734131e-01,5.746880173683166504e-01,-2.698896527290344238e-01,-2.814672887325286865e-02
4.748118210997846061e-02,3.308234246142885970e-01,5.300423731647356806e-01,9.945483207702636719e-01,1.368166506290435791e-02,7.629096508026123047e-02,-6.975776702165603638e-02,0.000000000000000000e+00,0.000000000000000000e+00,0.000000000000000000e+00,-1.100000000000000089e+00,2.000000000000000111e-01,-5.000000000000000000e-01,0.000000000000000000e+00,1.100000000000000089e+00,2.000000000000000111e-01,5.000000000000000000e-01,-4.512363970279693604e-01,1.664072126150131226e-01,2.628058493137359619e-01,7.563408613204956055e-01,-3.546315729618072510e-01,-8.146986365318298340e-02,-2.894753217697143555e-02,-5.911926031112670898e-01,-3.767703473567962646e-01,6.377817988395690918e-01,-3.293908536434173584e-01,-1.403065398335456848e-02
5.553044597684132777e-02,3.678917736033297525e-01,5.304235618681919506e-01,9.951241612434387207e-01,4.981852602213621140e-03,6.782518327236175537e-02,-7.143439352512359619e-02,0.000000000000000000e+00,0.000000000000000000e+00,0.000000000000000000e+00,-1.100000000000000089e+00,2.000000000000000111e-01,-5.000000000000000000e-01,0.000000000000000000e+00,1.100000000000000089e+00,2.000000000000000111e-01,5.000000000000000000e-01,-4.242224991321563721e-01,1.102462559938430786e-01,3.144785165786743164e-01,7.751286625862121582e-01,-3.949119448661804199e-01,1.237287651747465134e-02,5.129907280206680298e-02,-5.036962032318115234e-01,-4.920918345451354980e-01,6.995348334312438965e-01,-3.672881722450256348e-01,-8.981009013950824738e-03
6.206817373736864957e-02,4.047688016528733779e-01,5.355515692285215401e-01,9.952270984649658203e-01,4.136685747653245926e-03,5.744225904345512390e-02,-7.877948135137557983e-02,0.000000000000000000e+00,0.000000000000000000e+00,0.000000000000000000e+00,-1.100000000000000089e+00,2.000000000000000111e-01,-5.000000000000000000e-01,0.000000000000000000e+00,1.100000000000000089e+00,2.000000000000000111e-01,5.000000000000000000e-01,-3.708726465702056885e-01,4.269183054566383362e-02,3.819304406642913818e-01,7.302153706550598145e-01,-3.501638174057006836e-01,1.060196086764335632e-01,1.259645819664001465e-01,-3.831738531589508057e-01,-5.775682330131530762e-01,6.998924016952514648e-01,-3.727137148380279541e-01,2.368836663663387299e-02
6.703332682902163331e-02,4.425171122361313270e-01,5.443923570516735477e-01,9.949064850807189941e-01,5.213557276874780655e-03,4.996895790100097656e-02,-8.738950639963150024e-02,0.000000000000000000e+00,0.000000000000000000e+00,0.000000000000000000e+00,-1.100000000000000089e+00,2.000000000000000111e-01,-5.000000000000000000e-01,0.000000000000000000e+00,1.100000000000000089e+00,2.000000000000000111e-01,5.000000000000000000e-01,-3.302937448024749756e-01,-2.244637906551361084e-02,4.473932087421417236e-01,6.673498749732971191e-01,-2.157772034406661987e-01,1.699512451887130737e-01,1.810957044363021851e-01,-2.168913483619689941e-01,-6.119838356971740723e-01,5.991964340209960938e-01,-3.388190269470214844e-01,7.657520473003387451e-02
7.058616456415767182e-02,4.797171189289803350e-01,5.540225513467583740e-01,9.952581524848937988e-01,9.264026768505573273e-03,4.492126405239105225e-02,-8.577547222375869751e-02,0.000000000000000000e+00,0.000000000000000000e+00,0.000000000000000000e+00,-1.100000000000000089e+00,2.000000000000000111e-01,-5.000000000000000000e-01,0.000000000000000000e+00,1.100000000000000089e+00,2.000000000000000111e-01,5.000000000000000000e-01,-3.198262453079223633e-01,-7.961055636405944824e-02,5.003064870834350586e-01,6.246320605278015137e-01,-1.377376634627580643e-02,1.875053942203521729e-01,2.279969006776809692e-01,-3.129441663622856140e-02,-5.921759605407714844e-01,4.005139768123626709e-01,-2.513584494590759277e-01,1.487111747264862061e-01
7.245042270312856969e-02,5.173398336263919095e-01,5.605820611706285872e-01,9.965026974678039551e-01,2.021279931068420410e-02,3.958611935377120972e-02,-7.075788080692291260e-02,0.000000000000000000e+00,0.000000000000000000e+00,0.000000000000000000e+00,-1.100000000000000089e+00,2.000000000000000111e-01,-5.000000000000000000e-01,0.000000000000000000e+00,1.100000000000000089e+00,2.000000000000000111e-01,5.000000000000000000e-01,-3.414077460765838623e-01,-1.429119706153869629e-01,5.230216979980468750e-01,6.103419065475463867e-01,2.077144384384155273e-01,1.143602430820465088e-01,2.572222948074340820e-01,1.309687644243240356e-01,-4.964741468429565430e-01,1.736972630023956299e-01,-1.252340674400329590e-01,2.214004993438720703e-01
7.280278144187923850e-02,5.551307430125848041e-01,5.621034944403653366e-01,9.975445866584777832e-01,3.624009713530540466e-02,3.224440664052963257e-02,-5.051440373063087463e-02,0.000000000000000000e+00,0.000000000000000000e+00,0.000000000000000000e+00,-1.100000000000000089e+00,2.000000000000000111e-01,-5.000000000000000000e-01,0.000000000000000000e+00,1.100000000000000089e+00,2.000000000000000111e-01,5.000000000000000000e-01,-3.564461171627044678e-01,-2.016817182302474976e-01,5.362133979797363281e-01,6.096867322921752930e-01,2.959201633930206299e-01,-1.811026781797409058e-02,2.405825108289718628e-01,2.172723412513732910e-01,-3.921407759189605713e-01,7.283755391836166382e-02,-3.067838773131370544e-02,2.519211769104003906e-01
7.247302996258091212e-02,5.924559719175702677e-01,5.592606263743205020e-01,9.981357455253601074e-01,4.759770259261131287e-02,1.953187584877014160e-02,-3.283306583762168884e-02,0.000000000000000000e+00,0.000000000000000000e+00,0.000000000000000000e+00,-1.100000000000000089e+00,2.000000000000000111e-01,-5.000000000000000000e-01,0.000000000000000000e+00,1.100000000000000089e+00,2.000000000000000111e-01,5.000000000000000000e-01,-3.781610727310180664e-01,-1.742695122957229614e-01,5.724987983703613281e-01,7.258147001266479492e-01,1.996824592351913452e-01,-2.171608852222561836e-03,1.849986463785171509e-01,1.979089230298995972e-01,-4.015593826770782471e-01,1.526689231395721436e-01,8.558946661651134491e-03,2.208975255489349365e-01
7.148148677321244926e-02,6.298412792512563252e-01,5.537483578822528507e-01,9.987958669662475586e-01,3.944184631109237671e-02,-3.340647090226411819e-04,-2.917186543345451355e-02,0.000000000000000000e+00,0.000000000000000000e+00,0.000000000000000000e+00,-1.100000000000000089e+00,2.000000000000000111e-01,-5.000000000000000000e-01,0.000000000000000000e+00,1.100000000000000089e+00,2.000000000000000111e-01,5.000000000000000000e-01,-4.021992385387420654e-01,-3.604884445667266846e-02,5.982225537300109863e-01,9.232389330863952637e-01,-1.755283027887344360e-02,6.573792546987533569e-02,9.475501626729965210e-02,1.070688217878341675e-01,-4.936361312866210938e-01,4.633428752422332764e-01,-9.528858214616775513e-02,-1.084085702896118164e-01
7.148992557116229385e-02,6.665571708932067629e-01,5.401605853250230904e-01,9.980530738830566406e-01,5.397027730941772461e-02,-1.123975310474634171e-02,-2.917038090527057648e-02,0.000000000000000000e+00,0.000000000000000000e+00,0.000000000000000000e+00,-1.100000000000000089e+00,2.000000000000000111e-01,-5.000000000000000000e-01,0.000000000000000000e+00,1.100000000000000089e+00,2.000000000000000111e-01,5.000000000000000000e-01,-4.146496355533599854e-01,8.916930854320526123e-02,6.542068719863891602e-01,1.078704833984375000e+00,-2.311562299728393555e-01,1.466000676155090332e-01,6.615020334720611572e-02,-1.029312051832675934e-02,-4.816063046455383301e-01,6.165613532066345215e-01,-3.525442481040954590e-01,-1.637979000806808472e-01
7.183558413269694465e-02,7.018190150911157721e-01,5.263979749908350714e-01,9.980312585830688477e-01,5.639469996094703674e-02,-1.192193571478128433e-02,-2.472016960382461548e-02,0.000000000000000000e+00,0.000000000000000000e+00,0.000000000000000000e+00,-1.100000000000000089e+00,2.000000000000000111e-01,-5.000000000000000000e-01,0.000000000000000000e+00,1.100000000000000089e+00,2.000000000000000111e-01,5.000000000000000000e-01,-4.691056609153747559e-01,2.361951619386672974e-01,6.501162052154541016e-01,1.200398921966552734e+00,-3.730570673942565918e-01,1.944653838872909546e-01,4.266626387834548950e-02,-9.199577569961547852e-02,-4.608130753040313721e-01,6.913788914680480957e-01,-5.565910935401916504e-01,-1.138930991291999817e-01
7.182194504228354981e-02,7.374887449030924635e-01,5.157785833468943038e-01,9.987049698829650879e-01,4.826231300830841064e-02,-8.566572330892086029e-03,-1.362753659486770630e-02,0.000000000000000000e+00,0.000000000000000000e+00,0.000000000000000000e+00,-1.100000000000000089e+00,2.000000000000000111e-01,-5.000000000000000000e-01,0.000000000000000000e+00,1.100000000000000089e+00,2.000000000000000111e-01,5.000000000000000000e-01,-5.727221369743347168e-01,3.473328351974487305e-01,5.530745387077331543e-01,1.257688641548156738e+00,-4.073862433433532715e-01,1.974808126688003540e-01,1.431937329471111298e-02,-1.690986156463623047e-01,-4.589556753635406494e-01,7.671374678611755371e-01,-6.644127964973449707e-01,-2.771213091909885406e-02
7.395041644375657808e-02,7.746344858693956503e-01,5.116953676796019979e-01,9.992661476135253906e-01,3.784216567873954773e-02,-5.239482037723064423e-03,2.759206574410200119e-03,0.000000000000000000e+00,0.000000000000000000e+00,0.000000000000000000e+00,-1.100000000000000089e+00,2.000000000000000111e-01,-5.000000000000000000e-01,0.000000000000000000e+00,1.100000000000000089e+00,2.000000000000000111e-01,5.000000000000000000e-01,-6.664063930511474609e-01,4.128144085407257080e-01,4.257053732872009277e-01,1.231189250946044922e+00,-3.634202778339385986e-01,1.801328063011169434e-01,-2.861303277313709259e-03,-2.473954260349273682e-01,-4.596838951110839844e-01,8.287749886512756348e-01,-6.743174791336059570e-01,7.076825946569442749e-02
7.967906277353940803e-02,8.182535841097735574e-01,5.156127967775770982e-01,9.993306994438171387e-01,3.242414072155952454e-02,2.083041006699204445e-03,1.680758967995643616e-02,0.000000000000000000e+00,0.000000000000000000e+00,0.000000000000000000e+00,-1.100000000000000089e+00,2.000000000000000111e-01,-5.000000000000000000e-01,0.000000000000000000e+00,1.100000000000000089e+00,2.000000000000000111e-01,5.000000000000000000e-01,-7.190511822700500488e-01,4.490596652030944824e-01,3.258700072765350342e-01,1.146162033081054688e+00,-2.790131270885467529e-01,1.693999469280242920e-01,6.431837100535631180e-03,-3.158044219017028809e-01,-4.476830065250396729e-01,7.963715791702270508e-01,-6.150375008583068848e-01,1.635607331991195679e-01
8.600831174338706420e-02,8.580939277178711855e-01,5.255388160930438701e-01,9.993416666984558105e-01,2.829609066247940063e-02,1.423426158726215363e-02,1.768892072141170502e-02,0.000000000000000000e+00,0.000000000000000000e+00,0.000000000000000000e+00,-1.100000000000000089e+00,2.000000000000000111e-01,-5.000000000000000000e-01,0.000000000000000000e+00,1.100000000000000089e+00,2.000000000000000111e-01,5.000000000000000000e-01,-7.422456145286560059e-01,4.706608355045318604e-01,2.401166707277297974e-01,1.053721189498901367e+00,-1.789856851100921631e-01,1.683376133441925049e-01,2.378522045910358429e-02,-3.623195588588714600e-01,-4.090651273727416992e-01,6.838299632072448730e-01,-4.806775450706481934e-01,2.314086258411407471e-01
9.361000792415002936e-02,9.000653740131493441e-01,5.380596256504456276e-01,9.992862343788146973e-01,2.223479561507701874e-02,3.039614483714103699e-02,2.953586168587207794e-03,0.000000000000000000e+00,0.000000000000000000e+00,0.000000000000000000e+00,-1.100000000000000089e+00,2.000000000000000111e-01,-5.000000000000000000e-01,0.000000000000000000e+00,1.100000000000000089e+00,2.000000000000000111e-01,5.000000000000000000e-01,-7.456809282302856445e-01,4.667919874191284180e-01,1.359355896711349487e-01,9.751411676406860352e-01,-7.104273885488510132e-02,1.494747251272201538e-01,1.904562674462795258e-02,-3.950606286525726318e-01,-3.444183468818664551e-01,5.471747517585754395e-01,-2.745054364204406738e-01,2.627829909324645996e-01
1.016656346239074304e-01,9.456152027935692539e-01,5.500237028993139043e-01,9.981307387351989746e-01,2.531426399946212769e-02,5.067482963204383850e-02,-2.294008247554302216e-02,0.000000000000000000e+00,0.000000000000000000e+00,0.000000000000000000e+00,-1.100000000000000089e+00,2.000000000000000111e-01,-5.000000000000000000e-01,0.000000000000000000e+00,1.100000000000000089e+00,2.000000000000000111e-01,5.000000000000000000e-01,-7.223385572433471680e-01,4.105100929737091064e-01,3.255503997206687927e-02,9.012644886970520020e-01,1.234641671180725098e-02,9.476523101329803467e-02,-5.032040178775787354e-02,-4.660691022872924805e-01,-2.752031683921813965e-01,4.877869784832000732e-01,-8.143952488899230957e-02,2.495564967393875122e-01
1.097662578662386978e-01,9.924096141439495700e-01,5.578777845316763573e-01,9.955416321754455566e-01,3.055454045534133911e-02,7.311465591192245483e-02,-5.116238445043563843e-02,0.000000000000000000e+00,0.000000000000000000e+00,0.000000000000000000e+00,-1.100000000000000089e+00,2.000000000000000111e-01,-5.000000000000000000e-01,0.000000000000000000e+00,1.100000000000000089e+00,2.000000000000000111e-01,5.000000000000000000e-01,-6.849656105041503906e-01,3.346366286277770996e-01,-4.256951436400413513e-02,8.316197395324707031e-01,4.981878399848937988e-02,2.396000921726226807e-02,-1.722594648599624634e-01,-5.635471940040588379e-01,-2.588568925857543945e-01,5.147369503974914551e-01,3.528508357703685760e-03,1.449467986822128296e-01
1.184244022838244481e-01,1.038479596728628218e+00,5.597205356726743242e-01,9.924358725547790527e-01,2.896580658853054047e-02,9.203514456748962402e-02,-7.590513676404953003e-02,0.000000000000000000e+00,0.000000000000000000e+00,0.000000000000000000e+00,-1.100000000000000089e+00,2.000000000000000111e-01,-5.000000000000000000e-01,0.000000000000000000e+00,1.100000000000000089e+00,2.000000000000000111e-01,5.000000000000000000e-01,-6.322579383850097656e-01,2.819004654884338379e-01,-6.557723879814147949e-02,7.545427680015563965e-01,8.645512908697128296e-02,-6.972563266754150391e-02,-2.164642661809921265e-01,-6.122051477432250977e-01,-2.966473400592803955e-01,4.879108369350433350e-01,-9.307551197707653046e-03,6.278555840253829956e-02
1.288593548124261079e-01,1.085067906268317284e+00,5.556071354734777312e-01,9.901233911514282227e-01,2.206118591129779816e-02,1.018986105918884277e-01,-9.373180568218231201e-02,0.000000000000000000e+00,0.000000000000000000e+00,0.000000000000000000e+00,-1.100000000000000089e+00,2.000000000000000111e-01,-5.000000000000000000e-01,0.000000000000000000e+00,1.100000000000000089e+00,2.000000000000000111e-01,5.000000000000000000e-01,-5.372757911682128906e-01,2.498749196529388428e-01,-9.327948093414306641e-03,6.427072882652282715e-01,4.504260420799255371e-02,-1.887254267930984497e-01,-1.772994250059127808e-01,-6.128015518188476562e-01,-3.508513271808624268e-01,4.372621476650238037e-01,-6.856364011764526367e-02,3.879964724183082581e-02
1.389617584988173671e-01,1.128336664645960941e+00,5.471409347849061078e-01,9.897658228874206543e-01,6.429296452552080154e-03,9.833309054374694824e-02,-1.032123789191246033e-01,0.000000000000000000e+00,0.000000000000000000e+00,0.000000000000000000e+00,-1.100000000000000089e+00,2.000000000000000111e-01,-5.000000000000000000e-01,0.000000000000000000e+00,1.100000000000000089e+00,2.000000000000000111e-01,5.000000000000000000e-01,-4.604629278182983398e-01,2.348433583974838257e-01,9.788393229246139526e-02,6.372525691986083984e-01,-1.778132468461990356e-01,-1.779422014951705933e-01,-9.681610018014907837e-02,-5.754212141036987305e-01,-4.047278761863708496e-01,4.434428215026855469e-01,-1.529082804918289185e-01,-7.676730863749980927e-03
1.475852135403288856e-01,1.167555713432304687e+00,5.385488475753803517e-01,9.914520978927612305e-01,-1.400543842464685440e-03,9.059425443410873413e-02,-9.388001263141632080e-02,0.000000000000000000e+00,0.000000000000000000e+00,0.000000000000000000e+00,-1.100000000000000089e+00,2.000000000000000111e-01,-5.000000000000000000e-01,0.000000000000000000e+00,1.100000000000000089e+00,2.000000000000000111e-01,5.000000000000000000e-01,-4.383793771266937256e-01,1.747373044490814209e-01,1.700782030820846558e-01,6.833917498588562012e-01,-3.396614789962768555e-01,-7.829648256301879883e-02,4.388790577650070190e-03,-5.384883880615234375e-01,-5.002526044845581055e-01,5.018596053123474121e-01,-2.485495209693908691e-01,-5.166098102927207947e-02
1.549669404638310266e-01,1.204928731052863577e+00,5.334663453690632329e-01,9.937596917152404785e-01,7.833630661480128765e-04,8.300311863422393799e-02,-7.450869679450988770e-02,0.000000000000000000e+00,0.000000000000000000e+00,0.000000000000000000e+00,-1.100000000000000089e+00,2.000000000000000111e-01,-5.000000000000000000e-01,0.000000000000000000e+00,1.100000000000000089e+00,2.000000000000000111e-01,5.000000000000000000e-01,-4.173429906368255615e-01,7.689214497804641724e-02,2.097093462944030762e-01,6.873672008514404297e-01,-3.969064056873321533e-01,3.048938699066638947e-02,1.112375780940055847e-01,-4.808600246906280518e-01,-6.167531609535217285e-01,5.504065155982971191e-01,-3.159271478652954102e-01,-4.095737636089324951e-02
1.622791017983296891e-01,1.243925070308073533e+00,5.358728040611804300e-01,9.951770901679992676e-01,1.729063806124031544e-03,7.420849055051803589e-02,-6.412998586893081665e-02,0.000000000000000000e+00,0.000000000000000000e+00,0.000000000000000000e+00,-1.100000000000000089e+00,2.000000000000000111e-01,-5.000000000000000000e-01,0.000000000000000000e+00,1.100000000000000089e+00,2.000000000000000111e-01,5.000000000000000000e-01,-3.835189342498779297e-01,-1.300732512027025223e-02,2.466455847024917603e-01,6.570271849632263184e-01,-3.622206151485443115e-01,1.221682429313659668e-01,1.926553398370742798e-01,-3.705076575279235840e-01,-7.065479159355163574e-01,5.488587021827697754e-01,-3.418957293033599854e-01,-2.063282020390033722e-02
1.674768408248671347e-01,1.282654606534375130e+00,5.440212160190849300e-01,9.957768321037292480e-01,1.334842410869896412e-03,6.688161194324493408e-02,-6.287693977355957031e-02,0.000000000000000000e+00,0.000000000000000000e+00,0.000000000000000000e+00,-1.100000000000000089e+00,2.000000000000000111e-01,-5.000000000000000000e-01,0.000000000000000000e+00,1.100000000000000089e+00,2.000000000000000111e-01,5.000000000000000000e-01,-3.538300096988677979e-01,-8.701696246862411499e-02,2.860264778137207031e-01,6.046775579452514648e-01,-2.227623611688613892e-01,1.921568214893341064e-01,2.355115413665771484e-01,-2.154758274555206299e-01,-7.294756770133972168e-01,4.830454289913177490e-01,-3.215106427669525146e-01,7.532407063990831375e-03
1.706447634992726003e-01,1.320212883276469684e+00,5.550129112360453476e-01,9.963741302490234375e-01,3.662118921056389809e-03,6.331100314855575562e-02,-5.671815946698188782e-02,0.000000000000000000e+00,0.000000000000000000e+00,0.000000000000000000e+00,-1.100000000000000089e+00,2.000000000000000111e-01,-5.000000000000000000e-01,0.000000000000000000e+00,1.100000000000000089e+00,2.000000000000000111e-01,5.000000000000000000e-01,-3.470868766307830811e-01,-1.602141708135604858e-01,3.094958662986755371e-01,5.390915870666503906e-01,1.361080817878246307e-02,2.036477029323577881e-01,2.644756734371185303e-01,-4.293452948331832886e-02,-7.032208442687988281e-01,3.263645172119140625e-01,-2.388414889574050903e-01,7.194019109010696411e-02
1.726564255369958945e-01,1.359745319747563519e+00,5.643855197870670803e-01,9.972632527351379395e-01,1.332797110080718994e-02,5.968677252531051636e-02,-4.154370725154876709e-02,0.000000000000000000e+00,0.000000000000000000e+00,0.000000000000000000e+00,-1.100000000000000089e+00,2.000000000000000111e-01,-5.000000000000000000e-01,0.000000000000000000e+00,1.100000000000000089e+00,2.000000000000000111e-01,5.000000000000000000e-01,-3.493806123733520508e-01,-2.496376037597656250e-01,2.981391847133636475e-01,4.532533288002014160e-01,2.953967452049255371e-01,9.880246967077255249e-02,2.671538889408111572e-01,1.015146672725677490e-01,-5.787317156791687012e-01,1.365079283714294434e-01,-1.023360788822174072e-01,1.824173480272293091e-01
1.727100580941998698e-01,1.401259638537662111e+00,5.682126444051361913e-01,9.978994727134704590e-01,2.496274374425411224e-02,5.474943295121192932e-02,-2.400069311261177063e-02,0.000000000000000000e+00,0.000000000000000000e+00,0.000000000000000000e+00,-1.100000000000000089e+00,2.000000000000000111e-01,-5.000000000000000000e-01,0.000000000000000000e+00,1.100000000000000089e+00,2.000000000000000111e-01,5.000000000000000000e-01,-3.400762677192687988e-01,-3.431141376495361328e-01,2.636348605155944824e-01,3.532181680202484131e-01,3.449999999999999734e-01,-1.158082336187362671e-01,2.315303981304168701e-01,1.897131651639938354e-01,-4.300292730331420898e-01,4.428387433290481567e-02,1.179986353963613510e-02,2.534582614898681641e-01
1.714631712030280641e-01,1.441030644912912440e+00,5.667077773365408744e-01,9.985055327415466309e-01,3.220342099666595459e-02,4.286925122141838074e-02,-1.057687401771545410e-02,0.000000000000000000e+00,0.000000000000000000e+00,0.000000000000000000e+00,-1.100000000000000089e+00,2.000000000000000111e-01,-5.000000000000000000e-01,0.000000000000000000e+00,1.100000000000000089e+00,2.000000000000000111e-01,5.000000000000000000e-01,-3.507474064826965332e-01,-3.434768915176391602e-01,2.969292104244232178e-01,4.187770187854766846e-01,3.449999999999999734e-01,-1.748061627149581909e-01,1.949584484100341797e-01,2.063923776149749756e-01,-3.923009037971496582e-01,5.702408403158187866e-02,8.873259276151657104e-02,2.526135742664337158e-01
1.696431518793858617e-01,1.483769284854031589e+00,5.628467314494679519e-01,9.989923238754272461e-01,3.830701112747192383e-02,2.315372228622436523e-02,-3.283086931332945824e-03,0.000000000000000000e+00,0.000000000000000000e+00,0.000000000000000000e+00,-1.100000000000000089e+00,2.000000000000000111e-01,-5.000000000000000000e-01,0.000000000000000000e+00,1.100000000000000089e+00,2.000000000000000111e-01,5.000000000000000000e-01,-4.044633507728576660e-01,-3.056808412075042725e-01,2.699671089649200439e-01,6.111319661140441895e-01,2.964476346969604492e-01,-1.878331303596496582e-01,1.151788234710693359e-01,1.227362975478172302e-01,-4.619587361812591553e-01,2.832452356815338135e-01,5.913733690977096558e-02,1.487186104059219360e-01
1.667256113503015336e-01,1.521647509330450898e+00,5.492985683054936175e-01,9.982379078865051270e-01,5.853082239627838135e-02,9.543281048536300659e-03,2.039546146988868713e-03,0.000000000000000000e+00,0.000000000000000000e+00,0.000000000000000000e+00,-1.100000000000000089e+00,2.000000000000000111e-01,-5.000000000000000000e-01,0.000000000000000000e+00,1.100000000000000089e+00,2.000000000000000111e-01,5.000000000000000000e-01,-4.553361535072326660e-01,-2.654243707656860352e-01,2.696242034435272217e-01,7.770296335220336914e-01,8.445446193218231201e-02,-1.798941195011138916e-01,2.112066745758056641e-02,-6.652399897575378418e-02,-5.716516971588134766e-01,6.262953877449035645e-01,-3.068406283855438232e-01,-1.078496649861335754e-01
1.652179936280079031e-01,1.559738810860147318e+00,5.349386613055913120e-01,9.980835318565368652e-01,6.124985218048095703e-02,8.812301792204380035e-03,-2.652051916811615229e-04,0.000000000000000000e+00,0.000000000000000000e+00,0.000000000000000000e+00,-1.100000000000000089e+00,2.000000000000000111e-01,-5.000000000000000000e-01,0.000000000000000000e+00,1.100000000000000089e+00,2.000000000000000111e-01,5.000000000000000000e-01,-5.385112762451171875e-01,-9.819728881120681763e-02,3.067549467086791992e-01,9.690589308738708496e-01,-1.222427189350128174e-01,-8.475173264741897583e-02,-1.234742812812328339e-02,-1.743179112672805786e-01,-5.765143632888793945e-01,7.480329275131225586e-01,-5.189100503921508789e-01,-7.556733489036560059e-02
1.648659203344523261e-01,1.595765606661637692e+00,5.236015255034270899e-01,9.983287453651428223e-01,5.601464211940765381e-02,1.421742793172597885e-02,9.378133836435154080e-05,0.000000000000000000e+00,0.000000000000000000e+00,0.000000000000000000e+00,-1.100000000000000089e+00,2.000000000000000111e-01,-5.000000000000000000e-01,0.000000000000000000e+00,1.100000000000000089e+00,2.000000000000000111e-01,5.000000000000000000e-01,-6.186016798019409180e-01,8.634367585182189941e-02,3.086546361446380615e-01,1.088777065277099609e+00,-2.345453500747680664e-01,3.356155380606651306e-02,-5.186065286397933960e-02,-2.654303014278411865e-01,-5.527243018150329590e-01,8.459252119064331055e-01,-6.199166774749755859e-01,1.656608283519744873e-02
1.673995422660325971e-01,1.630361979501415925e+00,5.173358892927868435e-01,9.987527728080749512e-01,4.607328027486801147e-02,1.749996840953826904e-02,7.994943298399448395e-03,0.000000000000000000e+00,0.000000000000000000e+00,0.000000000000000000e+00,-1.100000000000000089e+00,2.000000000000000111e-01,-5.000000000000000000e-01,0.000000000000000000e+00,1.100000000000000089e+00,2.000000000000000111e-01,5.000000000000000000e-01,-6.828720569610595703e-01,2.316215187311172485e-01,2.686094641685485840e-01,1.119058609008789062e+00,-2.586367428302764893e-01,9.529934078454971313e-02,-7.167485356330871582e-02,-3.413999676704406738e-01,-5.303530693054199219e-01,9.081096053123474121e-01,-6.334102153778076172e-01,1.078299656510353088e-01
1.733095656626980063e-01,1.668371571046535440e+00,5.175956340405073464e-01,9.989869594573974609e-01,3.643365949392318726e-02,2.162052690982818604e-02,1.517140772193670273e-02,0.000000000000000000e+00,0.000000000000000000e+00,0.000000000000000000e+00,-1.100000000000000089e+00,2.000000000000000111e-01,-5.000000000000000000e-01,0.000000000000000000e+00,1.100000000000000089e+00,2.000000000000000111e-01,5.000000000000000000e-01,-7.250468730926513672e-01,3.380675613880157471e-01,2.195391654968261719e-01,1.082157135009765625e+00,-2.208481281995773315e-01,1.257833987474441528e-01,-5.006829276680946350e-02,-3.940127491950988770e-01,-5.116614103317260742e-01,8.590975999832153320e-01,-5.866260528564453125e-01,1.957056522369384766e-01
1.823129949681084605e-01,1.709828593201107472e+00,5.258032110024882799e-01,9.990175366401672363e-01,2.994020096957683563e-02,3.037501312792301178e-02,1.203775685280561447e-02,0.000000000000000000e+00,0.000000000000000000e+00,0.000000000000000000e+00,-1.100000000000000089e+00,2.000000000000000111e-01,-5.000000000000000000e-01,0.000000000000000000e+00,1.100000000000000089e+00,2.000000000000000111e-01,5.000000000000000000e-01,-7.423801422119140625e-01,3.883310258388519287e-01,1.460930854082107544e-01,1.005646228790283203e+00,-1.189831420779228210e-01,1.293341219425201416e-01,-1.109870523214340210e-02,-4.267533421516418457e-01,-4.823437035083770752e-01,7.015395760536193848e-01,-4.518098831176757812e-01,2.524340748786926270e-01
1.924186682994618591e-01,1.755006907275228789e+00,5.379406313334751388e-01,9.986785650253295898e-01,2.719395607709884644e-02,4.354712739586830139e-02,-2.291225362569093704e-03,0.000000000000000000e+00,0.000000000000000000e+00,0.000000000000000000e+00,-1.100000000000000089e+00,2.000000000000000111e-01,-5.000000000000000000e-01,0.000000000000000000e+00,1.100000000000000089e+00,2.000000000000000111e-01,5.000000000000000000e-01,-7.408955693244934082e-01,3.863559365272521973e-01,5.707763135433197021e-02,9.290605187416076660e-01,3.104508621618151665e-03,1.186883449554443359e-01,8.650933392345905304e-03,-4.571228623390197754e-01,-4.219750165939331055e-01,5.173510909080505371e-01,-2.220421731472015381e-01,2.767329216003417969e-01
2.022261707699208599e-01,1.803373239365491099e+00,5.503353052541162249e-01,9.972718358039855957e-01,2.741110697388648987e-02,6.272551417350769043e-02,-2.762402594089508057e-02,0.000000000000000000e+00,0.000000000000000000e+00,0.000000000000000000e+00,-1.100000000000000089e+00,2.000000000000000111e-01,-5.000000000000000000e-01,0.000000000000000000e+00,1.100000000000000089e+00,2.000000000000000111e-01,5.000000000000000000e-01,-7.254413366317749023e-01,3.741930723190307617e-01,2.844026545062661171e-03,8.592896461486816406e-01,1.037781536579132080e-01,9.443771839141845703e-02,-4.269341379404067993e-02,-5.162976384162902832e-01,-3.563121259212493896e-01,4.159949719905853271e-01,1.808120310306549072e-02,2.641979157924652100e-01
2.119500326083013364e-01,1.853564759932383232e+00,5.592005894649209052e-01,9.947238564491271973e-01,2.573025971651077271e-02,8.213264495134353638e-02,-5.582586303353309631e-02,0.000000000000000000e+00,0.000000000000000000e+00,0.000000000000000000e+00,-1.100000000000000089e+00,2.000000000000000111e-01,-5.000000000000000000e-01,0.000000000000000000e+00,1.100000000000000089e+00,2.000000000000000111e-01,5.000000000000000000e-01,-7.090532183647155762e-01,3.695368766784667969e-01,-1.517491322010755539e-02,8.128153681755065918e-01,1.701019704341888428e-01,8.015108853578567505e-02,-1.379907131195068359e-01,-6.084421873092651367e-01,-3.831992745399475098e-01,4.371916353702545166e-01,1.280279457569122314e-01,1.786997467279434204e-01
2.221516985638123665e-01,1.902655520788346877e+00,5.609832206579169478e-01,9.925116896629333496e-01,1.623845286667346954e-02,9.027553349733352661e-02,-8.066732436418533325e-02,0.000000000000000000e+00,0.000000000000000000e+00,0.000000000000000000e+00,-1.100000000000000089e+00,2.000000000000000111e-01,-5.000000000000000000e-01,0.000000000000000000e+00,1.100000000000000089e+00,2.000000000000000111e-01,5.000000000000000000e-01,-6.584889292716979980e-01,3.544000387191772461e-01,-3.440114483237266541e-02,7.742713689804077148e-01,1.794499158859252930e-01,8.813882246613502502e-03,-1.473038643598556519e-01,-6.718099713325500488e-01,-4.856676161289215088e-01,4.728733897209167480e-01,7.645749300718307495e-02,8.120882511138916016e-02
2.343885368612980691e-01,1.949184374688851751e+00,5.561007999636308208e-01,9.916952252388000488e-01,6.891245022416114807e-03,8.530195802450180054e-02,-9.600302577018737793e-02,0.000000000000000000e+00,0.000000000000000000e+00,0.000000000000000000e+00,-1.100000000000000089e+00,2.000000000000000111e-01,-5.000000000000000000e-01,0.000000000000000000e+00,1.100000000000000089e+00,2.000000000000000111e-01,5.000000000000000000e-01,-5.138801932334899902e-01,3.098384439945220947e-01,3.355910768732428551e-03,6.607714891433715820e-01,2.430854178965091705e-02,-1.908285170793533325e-01,-1.110253483057022095e-01,-6.972364187240600586e-01,-4.993341863155364990e-01,5.189135074615478516e-01,-4.715429991483688354e-02,2.682197280228137970e-02
2.449870027774813108e-01,1.993956297843745284e+00,5.471684620815394640e-01,9.921327233314514160e-01,-1.029474288225173950e-02,7.875330746173858643e-02,-9.677054733037948608e-02,0.000000000000000000e+00,0.000000000000000000e+00,0.000000000000000000e+00,-1.100000000000000089e+00,2.000000000000000111e-01,-5.000000000000000000e-01,0.000000000000000000e+00,1.100000000000000089e+00,2.000000000000000111e-01,5.000000000000000000e-01,-4.644363522529602051e-01,2.733099460601806641e-01,6.203709170222282410e-02,7.045431733131408691e-01,-2.164419889450073242e-01,-1.946187466382980347e-01,-3.214891627430915833e-02,-6.630237102508544922e-01,-5.193936824798583984e-01,5.537534356117248535e-01,-1.594979166984558105e-01,-1.327029895037412643e-02
2.528531042475140600e-01,2.037736740088222032e+00,5.378826288698297375e-01,9.942259192466735840e-01,-1.903129741549491882e-02,7.341670244932174683e-02,-7.591183483600616455e-02,0.000000000000000000e+00,0.000000000000000000e+00,0.000000000000000000e+00,-1.100000000000000089e+00,2.000000000000000111e-01,-5.000000000000000000e-01,0.000000000000000000e+00,1.100000000000000089e+00,2.000000000000000111e-01,5.000000000000000000e-01,-4.998092055320739746e-01,1.988301873207092285e-01,9.650453180074691772e-02,8.321090340614318848e-01,-3.575515151023864746e-01,-9.044766426086425781e-02,5.571429803967475891e-02,-6.065518260002136230e-01,-5.531817674636840820e-01,6.225264072418212891e-01,-2.546287178993225098e-01,-2.260879985988140106e-02
2.591331268959876089e-01,2.078024910878051301e+00,5.329062499971402023e-01,9.957980513572692871e-01,-2.290426194667816162e-02,6.878461688756942749e-02,-5.594956129789352417e-02,0.000000000000000000e+00,0.000000000000000000e+00,0.000000000000000000e+00,-1.100000000000000089e+00,2.000000000000000111e-01,-5.000000000000000000e-01,0.000000000000000000e+00,1.100000000000000089e+00,2.000000000000000111e-01,5.000000000000000000e-01,-5.123910307884216309e-01,1.126576587557792664e-01,1.300632357597351074e-01,8.943178653717041016e-01,-4.032888114452362061e-01,2.039694227278232574e-02,1.412518173456192017e-01,-5.223689079284667969e-01,-6.305176615715026855e-01,6.707333326339721680e-01,-3.138436675071716309e-01,-3.563497375580482185e-05
2.652011519930128070e-01,2.117866832219590822e+00,5.341671081331341719e-01,9.965155720710754395e-01,-2.747292257845401764e-02,6.059759855270385742e-02,-5.029840767383575439e-02,0.000000000000000000e+00,0.000000000000000000e+00,0.000000000000000000e+00,-1.100000000000000089e+00,2.000000000000000111e-01,-5.000000000000000000e-01,0.000000000000000000e+00,1.100000000000000089e+00,2.000000000000000111e-01,5.000000000000000000e-01,-4.879970550537109375e-01,4.145104810595512390e-02,1.835332810878753662e-01,8.943330049514770508e-01,-3.809247016906738281e-01,1.152782663702964783e-01,2.040651142597198486e-01,-3.912672400474548340e-01,-6.819834113121032715e-01,6.786695122718811035e-01,-3.494403660297393799e-01,2.708213403820991516e-02
2.696731959151649760e-01,2.160550832760454565e+00,5.406690306863700668e-01,9.970112442970275879e-01,-2.825362980365753174e-02,5.056195333600044250e-02,-5.112560465931892395e-02,0.000000000000000000e+00,0.000000000000000000e+00,0.000000000000000000e+00,-1.100000000000000089e+00,2.000000000000000111e-01,-5.000000000000000000e-01,0.000000000000000000e+00,1.100000000000000089e+00,2.000000000000000111e-01,5.000000000000000000e-01,-4.490428864955902100e-01,-2.849335409700870514e-02,2.460800707340240479e-01,8.455983400344848633e-01,-2.623092532157897949e-01,1.893441528081893921e-01,2.229429930448532104e-01,-1.970501393079757690e-01,-6.306118369102478027e-01,6.080450415611267090e-01,-3.262360990047454834e-01,8.947200328111648560e-02
2.731326048429867370e-01,2.203942156114963691e+00,5.500665092987544469e-01,9.977450966835021973e-01,-2.407322078943252563e-02,4.471950232982635498e-02,-4.387919232249259949e-02,0.000000000000000000e+00,0.000000000000000000e+00,0.000000000000000000e+00,-1.100000000000000089e+00,2.000000000000000111e-01,-5.000000000000000000e-01,0.000000000000000000e+00,1.100000000000000089e+00,2.000000000000000111e-01,5.000000000000000000e-01,-4.346141219139099121e-01,-1.005900427699089050e-01,2.997184693813323975e-01,7.827821373939514160e-01,-4.531111568212509155e-02,2.071876972913742065e-01,2.368128895759582520e-01,1.244259439408779144e-02,-5.685681104660034180e-01,4.270509779453277588e-01,-2.257901430130004883e-01,1.672255247831344604e-01
2.759346594360440608e-01,2.247249776558442491e+00,5.576065804568505202e-01,9.986389875411987305e-01,-9.760813787579536438e-03,4.451071470975875854e-02,-2.536952309310436249e-02,0.000000000000000000e+00,0.000000000000000000e+00,0.000000000000000000e+00,-1.100000000000000089e+00,2.000000000000000111e-01,-5.000000000000000000e-01,0.000000000000000000e+00,1.100000000000000089e+00,2.000000000000000111e-01,5.000000000000000000e-01,-4.520495533943176270e-01,-1.850738376379013062e-01,3.404993414878845215e-01,7.080687880516052246e-01,2.423687130212783813e-01,9.795495867729187012e-02,2.451200485229492188e-01,1.821193695068359375e-01,-4.953151941299438477e-01,1.857028603553771973e-01,-7.719348371028900146e-02,2.319043874740600586e-01
2.761720252804684139e-01,2.289882625320343035e+00,5.587723178740101604e-01,9.989667534828186035e-01,1.490303315222263336e-02,4.291296750307083130e-02,-1.339585636742413044e-03,0.000000000000000000e+00,0.000000000000000000e+00,0.000000000000000000e+00,-1.100000000000000089e+00,2.000000000000000111e-01,-5.000000000000000000e-01,0.000000000000000000e+00,1.100000000000000089e+00,2.000000000000000111e-01,5.000000000000000000e-01,-4.432929754257202148e-01,-2.863817214965820312e-01,3.771875202655792236e-01,6.197113990783691406e-01,3.449999999999999734e-01,-1.173073872923851013e-01,2.097880393266677856e-01,2.697872817516326904e-01,-4.177206456661224365e-01,6.298232078552246094e-02,2.200304344296455383e-02,2.486821115016937256e-01
2.743447608387831194e-01,2.333343701100710543e+00,5.543844750945013944e-01,9.987673759460449219e-01,3.309174627065658569e-02,3.118439391255378723e-02,1.990485936403274536e-02,0.000000000000000000e+00,0.000000000000000000e+00,0.000000000000000000e+00,-1.100000000000000089e+00,2.000000000000000111e-01,-5.000000000000000000e-01,0.000000000000000000e+00,1.100000000000000089e+00,2.000000000000000111e-01,5.000000000000000000e-01,-4.742623269557952881e-01,-3.031362593173980713e-01,4.165817499160766602e-01,7.512649297714233398e-01,3.449999999999999734e-01,-1.575330197811126709e-01,1.449420303106307983e-01,2.441491186618804932e-01,-4.834288060665130615e-01,1.558606624603271484e-01,6.928129587322473526e-03,1.732608079910278320e-01
2.708012130472696177e-01,2.377667381880861353e+00,5.470054157860952948e-01,9.994291663169860840e-01,2.504096552729606628e-02,1.287055201828479767e-02,1.867033541202545166e-02,0.000000000000000000e+00,0.000000000000000000e+00,0.000000000000000000e+00,-1.100000000000000089e+00,2.000000000000000111e-01,-5.000000000000000000e-01,0.000000000000000000e+00,1.100000000000000089e+00,2.000000000000000111e-01,5.000000000000000000e-01,-5.554580688476562500e-01,-1.973688304424285889e-01,4.209702908992767334e-01,1.031731605529785156e+00,1.369849592447280884e-01,-1.819791942834854126e-01,1.049623638391494751e-01,1.515005379915237427e-01,-6.611207723617553711e-01,4.148456454277038574e-01,-1.964210271835327148e-01,-2.247548252344131470e-01
2.691498658843714531e-01,2.421067341250000560e+00,5.346530500332815627e-01,9.991942644119262695e-01,3.833984211087226868e-02,3.776469500735402107e-03,1.125544495880603790e-02,0.000000000000000000e+00,0.000000000000000000e+00,0.000000000000000000e+00,-1.100000000000000089e+00,2.000000000000000111e-01,-5.000000000000000000e-01,0.000000000000000000e+00,1.100000000000000089e+00,2.000000000000000111e-01,5.000000000000000000e-01,-6.023644804954528809e-01,-5.722311884164810181e-02,4.743027091026306152e-01,1.245336294174194336e+00,-4.003860428929328918e-02,-1.324802637100219727e-01,9.889867156744003296e-02,4.075958579778671265e-02,-6.294297575950622559e-01,5.107699632644653320e-01,-4.594396352767944336e-01,-2.050606161355972290e-01
2.686469841093728217e-01,2.462033107033883450e+00,5.246368923151132346e-01,9.992628693580627441e-01,3.795924410223960876e-02,4.902423359453678131e-03,2.967492910102009773e-03,0.000000000000000000e+00,0.000000000000000000e+00,0.000000000000000000e+00,-1.100000000000000089e+00,2.000000000000000111e-01,-5.000000000000000000e-01,0.000000000000000000e+00,1.100000000000000089e+00,2.000000000000000111e-01,5.000000000000000000e-01,-6.481115221977233887e-01,1.613402366638183594e-01,5.054414868354797363e-01,1.423100471496582031e+00,-1.822980344295501709e-01,-2.615628531202673912e-03,6.706367433071136475e-02,-5.777979642152786255e-02,-5.957606434822082520e-01,5.988795757293701172e-01,-6.241406798362731934e-01,-1.269067376852035522e-01
2.690697543928869950e-01,2.500179047963836165e+00,5.186260185360607178e-01,9.996955990791320801e-01,2.411337383091449738e-02,4.757151473313570023e-03,2.128690714016556740e-03,0.000000000000000000e+00,0.000000000000000000e+00,0.000000000000000000e+00,-1.100000000000000089e+00,2.000000000000000111e-01,-5.000000000000000000e-01,0.000000000000000000e+00,1.100000000000000089e+00,2.000000000000000111e-01,5.000000000000000000e-01,-7.012131810188293457e-01,3.683750927448272705e-01,4.518874287605285645e-01,1.516046762466430664e+00,-2.580953836441040039e-01,1.114700213074684143e-01,3.866650909185409546e-02,-1.454732865095138550e-01,-5.825107693672180176e-01,7.019240260124206543e-01,-6.697829961776733398e-01,-3.518781065940856934e-02
2.721382383411430350e-01,2.539257678473838542e+00,5.184074609350375340e-01,9.997816681861877441e-01,1.599982194602489471e-02,4.617636557668447495e-03,1.262637600302696228e-02,0.000000000000000000e+00,0.000000000000000000e+00,0.000000000000000000e+00,-1.100000000000000089e+00,2.000000000000000111e-01,-5.000000000000000000e-01,0.000000000000000000e+00,1.100000000000000089e+00,2.000000000000000111e-01,5.000000000000000000e-01,-7.598836421966552734e-01,4.800255894660949707e-01,3.469290733337402344e-01,1.481136798858642578e+00,-2.492266148328781128e-01,1.770655959844589233e-01,3.126963973045349121e-02,-2.372639328241348267e-01,-5.709904432296752930e-01,7.560909986495971680e-01,-6.396432518959045410e-01,6.529862433671951294e-02
2.780181394848558751e-01,2.581641245351897318e+00,5.243734108302929853e-01,9.996509552001953125e-01,1.333235483616590500e-02,9.627113118767738342e-03,2.067906409502029419e-02,0.000000000000000000e+00,0.000000000000000000e+00,0.000000000000000000e+00,-1.100000000000000089e+00,2.000000000000000111e-01,-5.000000000000000000e-01,0.000000000000000000e+00,1.100000000000000089e+00,2.000000000000000111e-01,5.000000000000000000e-01,-7.883543968200683594e-01,5.135511159896850586e-01,2.439677566289901733e-01,1.341592550277709961e+00,-1.858829706907272339e-01,2.017885595560073853e-01,4.752982780337333679e-02,-3.093998730182647705e-01,-5.450603961944580078e-01,6.978569626808166504e-01,-5.435944199562072754e-01,1.544196605682373047e-01
2.856625901659329836e-01,2.627818347733430038e+00,5.338979385040625303e-01,9.995761513710021973e-01,1.317925006151199341e-02,2.009915560483932495e-02,1.642460189759731293e-02,0.000000000000000000e+00,0.000000000000000000e+00,0.000000000000000000e+00,-1.100000000000000089e+00,2.000000000000000111e-01,-5.000000000000000000e-01,0.000000000000000000e+00,1.100000000000000089e+00,2.000000000000000111e-01,5.000000000000000000e-01,-7.773953676223754883e-01,4.970067143440246582e-01,1.400635391473770142e-01,1.162166118621826172e+00,-9.658660739660263062e-02,2.065528631210327148e-01,6.689653545618057251e-02,-3.653121888637542725e-01,-4.935813546180725098e-01,5.654317140579223633e-01,-3.687934279441833496e-01,2.254601866006851196e-01
2.936435547824761128e-01,2.676207266323494149e+00,5.447856693910528847e-01,9.993035197257995605e-01,1.220517419278621674e-02,3.485335409641265869e-02,-5.359312519431114197e-03,0.000000000000000000e+00,0.000000000000000000e+00,0.000000000000000000e+00,-1.100000000000000089e+00,2.000000000000000111e-01,-5.000000000000000000e-01,0.000000000000000000e+00,1.100000000000000089e+00,2.000000000000000111e-01,5.000000000000000000e-01,-7.369475364685058594e-01,4.370133280754089355e-01,6.263268180191516876e-03,1.000991463661193848e+00,-1.370560843497514725e-02,1.837842762470245361e-01,3.774112090468406677e-02,-4.291566908359527588e-01,-4.170358180999755859e-01,4.660833775997161865e-01,-1.405359804630279541e-01,2.420335412025451660e-01
3.010238181506142419e-01,2.725611747018616526e+00,5.528928111636578491e-01,9.978439211845397949e-01,1.118272263556718826e-02,5.067974328994750977e-02,-4.017493873834609985e-02,0.000000000000000000e+00,0.000000000000000000e+00,0.000000000000000000e+00,-1.100000000000000089e+00,2.000000000000000111e-01,-5.000000000000000000e-01,0.000000000000000000e+00,1.100000000000000089e+00,2.000000000000000111e-01,5.000000000000000000e-01,-6.866320967674255371e-01,3.603878021240234375e-01,-1.077118515968322754e-01,8.961217403411865234e-01,8.413042128086090088e-02,1.449815183877944946e-01,-8.236569911241531372e-02,-5.251324772834777832e-01,-3.844119906425476074e-01,5.069255232810974121e-01,1.621911674737930298e-02,1.412362605333328247e-01
3.076540976232199909e-01,2.775873684320184775e+00,5.554141122426348165e-01,9.953522682189941406e-01,1.149489358067512512e-02,6.182075664401054382e-02,-7.293757051229476929e-02,0.000000000000000000e+00,0.000000000000000000e+00,0.000000000000000000e+00,-1.100000000000000089e+00,2.000000000000000111e-01,-5.000000000000000000e-01,0.000000000000000000e+00,1.100000000000000089e+00,2.000000000000000111e-01,5.000000000000000000e-01,-5.905396938323974609e-01,2.896665632724761963e-01,-1.397870779037475586e-01,7.585938572883605957e-01,1.627463698387145996e-01,-2.864565514028072357e-02,-1.259177327156066895e-01,-6.262986063957214355e-01,-5.087665319442749023e-01,5.368092060089111328e-01,2.015170268714427948e-02,3.342580422759056091e-02
3.156727617651675644e-01,2.827037919073393635e+00,5.521265724617423487e-01,9.929926991462707520e-01,7.924814708530902863e-03,6.771828979253768921e-02,-9.652405232191085815e-02,0.000000000000000000e+00,0.000000000000000000e+00,0.000000000000000000e+00,-1.100000000000000089e+00,2.000000000000000111e-01,-5.000000000000000000e-01,0.000000000000000000e+00,1.100000000000000089e+00,2.000000000000000111e-01,5.000000000000000000e-01,-4.463174641132354736e-01,2.643342018127441406e-01,-3.654149919748306274e-02,5.701538324356079102e-01,2.892223186790943146e-02,-2.051465809345245361e-01,-7.069868594408035278e-02,-7.092072367668151855e-01,-7.138049602508544922e-01,5.774987339973449707e-01,-1.396240890026092529e-01,-5.080126971006393433e-02
3.234624469615142717e-01,2.877750922062180194e+00,5.459178176936175797e-01,9.919832944869995117e-01,-4.354014992713928223e-03,6.363628804683685303e-02,-1.090898215770721436e-01,0.000000000000000000e+00,0.000000000000000000e+00,0.000000000000000000e+00,-1.100000000000000089e+00,2.000000000000000111e-01,-5.000000000000000000e-01,0.000000000000000000e+00,1.100000000000000089e+00,2.000000000000000111e-01,5.000000000000000000e-01,-3.777709305286407471e-01,2.337208539247512817e-01,6.936480849981307983e-02,5.546359419822692871e-01,-1.949902623891830444e-01,-1.863823384046554565e-01,5.090693477541208267e-03,-7.020114660263061523e-01,-7.873769402503967285e-01,6.158784031867980957e-01,-2.798684835433959961e-01,-8.270151913166046143e-02
3.293523127374926029e-01,2.921758059690696907e+00,5.400959812925018033e-01,9.929499626159667969e-01,-9.678398258984088898e-03,5.567338317632675171e-02,-1.041975766420364380e-01,0.000000000000000000e+00,0.000000000000000000e+00,0.000000000000000000e+00,-1.100000000000000089e+00,2.000000000000000111e-01,-5.000000000000000000e-01,0.000000000000000000e+00,1.100000000000000089e+00,2.000000000000000111e-01,5.000000000000000000e-01,-3.760957717895507812e-01,1.588432639837265015e-01,1.174693852663040161e-01,6.192232370376586914e-01,-3.199609220027923584e-01,-9.563375264406204224e-02,6.228677183389663696e-02,-6.602706909179687500e-01,-7.500615715980529785e-01,6.823594570159912109e-01,-3.466113805770874023e-01,-6.560324877500534058e-02
3.336041175269267578e-01,2.961338575512471927e+00,5.382171913981437239e-01,9.943942427635192871e-01,-1.344490703195333481e-02,4.896894842386245728e-02,-9.274366497993469238e-02,0.000000000000000000e+00,0.000000000000000000e+00,0.000000000000000000e+00,-1.100000000000000089e+00,2.000000000000000111e-01,-5.000000000000000000e-01,0.000000000000000000e+00,1.100000000000000089e+00,2.000000000000000111e-01,5.000000000000000000e-01,-4.002285301685333252e-01,7.580883055925369263e-02,1.523825079202651978e-01,6.864026188850402832e-01,-3.534449636936187744e-01,5.842087790369987488e-03,1.238781064748764038e-01,-5.954568386077880859e-01,-7.523186802864074707e-01,7.655587196350097656e-01,-3.757653236389160156e-01,-4.487423971295356750e-02
3.364346958798440923e-01,3.002716710994941973e+00,5.419273561449966525e-01,9.949104189872741699e-01,-1.934838481247425079e-02,4.283692315220832825e-02,-8.912853896617889404e-02,0.000000000000000000e+00,0.000000000000000000e+00,0.000000000000000000e+00,-1.100000000000000089e+00,2.000000000000000111e-01,-5.000000000000000000e-01,0.000000000000000000e+00,1.100000000000000089e+00,2.000000000000000111e-01,5.000000000000000000e-01,-4.061191380023956299e-01,1.317515969276428223e-02,2.028498798608779907e-01,7.005717754364013672e-01,-2.993325293064117432e-01,9.791759401559829712e-02,1.830965876579284668e-01,-4.712871611118316650e-01,-7.658358812332153320e-01,7.852229475975036621e-01,-3.827544152736663818e-01,-2.480967901647090912e-02
3.379539286266222131e-01,3.046131617312479278e+00,5.494763124335293458e-01,9.954090714454650879e-01,-2.275186404585838318e-02,3.951885551214218140e-02,-8.415091037750244141e-02,0.000000000000000000e+00,0.000000000000000000e+00,0.000000000000000000e+00,-1.100000000000000089e+00,2.000000000000000111e-01,-5.000000000000000000e-01,0.000000000000000000e+00,1.100000000000000089e+00,2.000000000000000111e-01,5.000000000000000000e-01,-4.261687695980072021e-01,-4.776864498853683472e-02,2.477746158838272095e-01,6.974530220031738281e-01,-1.455487310886383057e-01,1.472890973091125488e-01,1.981671154499053955e-01,-2.720764279365539551e-01,-6.976602077484130859e-01,6.987323760986328125e-01,-3.370124101638793945e-01,3.474609553813934326e-02
3.396952273553670021e-01,3.086528236516798529e+00,5.577914243853754339e-01,9.969334602355957031e-01,-2.083067968487739563e-02,3.599141165614128113e-02,-6.628970801830291748e-02,0.000000000000000000e+00,0.000000000000000000e+00,0.000000000000000000e+00,-1.100000000000000089e+00,2.000000000000000111e-01,-5.000000000000000000e-01,0.000000000000000000e+00,1.100000000000000089e+00,2.000000000000000111e-01,5.000000000000000000e-01,-4.517160654067993164e-01,-1.178355589509010315e-01,2.810991406440734863e-01,6.712124943733215332e-01,8.804963529109954834e-02,9.380555897951126099e-02,1.973656266927719116e-01,-4.260398447513580322e-02,-5.652952194213867188e-01,5.075013637542724609e-01,-2.330958694219589233e-01,1.393877863883972168e-01
3.407791094703957469e-01,3.127759559750556750e+00,5.623934237199901265e-01,9.987154006958007812e-01,-1.365713309496641159e-02,3.134773671627044678e-02,-3.739482164382934570e-02,0.000000000000000000e+00,0.000000000000000000e+00,0.000000000000000000e+00,-1.100000000000000089e+00,2.000000000000000111e-01,-5.000000000000000000e-01,0.000000000000000000e+00,1.100000000000000089e+00,2.000000000000000111e-01,5.000000000000000000e-01,-4.584819674491882324e-01,-1.801662594079971313e-01,3.255249857902526855e-01,6.236450672149658203e-01,3.241529464721679688e-01,-1.097027808427810669e-01,2.203177213668823242e-01,1.453146487474441528e-01,-4.397746026515960693e-01,2.696208953857421875e-01,-1.041174605488777161e-01,2.211630791425704956e-01
3.399184351181140928e-01,3.167666583356230969e+00,5.586712183758164585e-01,9.995921254158020020e-01,6.328348536044359207e-03,2.725734934210777283e-02,-5.706239491701126099e-03,0.000000000000000000e+00,0.000000000000000000e+00,0.000000000000000000e+00,-1.100000000000000089e+00,2.000000000000000111e-01,-5.000000000000000000e-01,0.000000000000000000e+00,1.100000000000000089e+00,2.000000000000000111e-01,5.000000000000000000e-01,-4.882119297981262207e-01,-2.157246917486190796e-01,4.123444557189941406e-01,6.975549459457397461e-01,3.449464440345764160e-01,-1.473964601755142212e-01,2.050231248140335083e-01,2.273325920104980469e-01,-3.541536927223205566e-01,1.632670015096664429e-01,-6.081102881580591202e-03,2.405405044555664062e-01
3.378859407710607665e-01,3.209394809585629282e+00,5.520776627250392199e-01,9.996320009231567383e-01,1.811228878796100616e-02,1.280306931585073471e-02,1.561619807034730911e-02,0.000000000000000000e+00,0.000000000000000000e+00,0.000000000000000000e+00,-1.100000000000000089e+00,2.000000000000000111e-01,-5.000000000000000000e-01,0.000000000000000000e+00,1.100000000000000089e+00,2.000000000000000111e-01,5.000000000000000000e-01,-5.546942353248596191e-01,-2.165818214416503906e-01,3.912708461284637451e-01,8.984213471412658691e-01,2.392477840185165405e-01,-1.463270336389541626e-01,1.377607882022857666e-01,2.236796170473098755e-01,-3.706636726856231689e-01,2.754592299461364746e-01,6.007565651088953018e-03,1.454833149909973145e-01
3.348619655135905981e-01,3.252057386167121589e+00,5.403663549813055855e-01,9.998154044151306152e-01,1.274396385997533798e-02,-1.664772629737854004e-03,1.428285241127014160e-02,0.000000000000000000e+00,0.000000000000000000e+00,0.000000000000000000e+00,-1.100000000000000089e+00,2.000000000000000111e-01,-5.000000000000000000e-01,0.000000000000000000e+00,1.100000000000000089e+00,2.000000000000000111e-01,5.000000000000000000e-01,-6.246478557586669922e-01,-9.216853976249694824e-02,4.027170240879058838e-01,1.145628213882446289e+00,4.090527072548866272e-02,-1.211259886622428894e-01,1.118053719401359558e-01,1.378046274185180664e-01,-5.271068215370178223e-01,4.951867163181304932e-01,-2.993177473545074463e-01,-2.272435426712036133e-01
3.339806768283097305e-01,3.297191523704865901e+00,5.276832464758796082e-01,9.998981356620788574e-01,1.086009014397859573e-02,-8.503511548042297363e-03,3.659642767161130905e-03,0.000000000000000000e+00,0.000000000000000000e+00,0.000000000000000000e+00,-1.100000000000000089e+00,2.000000000000000111e-01,-5.000000000000000000e-01,0.000000000000000000e+00,1.100000000000000089e+00,2.000000000000000111e-01,5.000000000000000000e-01,-6.582214236259460449e-01,9.478426724672317505e-02,4.304249882698059082e-01,1.318761110305786133e+00,-1.146927401423454285e-01,-4.234809055924415588e-02,1.180086731910705566e-01,7.101973891258239746e-02,-4.811126887798309326e-01,5.473915338516235352e-01,-5.290888547897338867e-01,-1.847335547208786011e-01
3.350795681706883467e-01,3.339681712148165449e+00,5.200204027444124133e-01,9.998441338539123535e-01,-1.285754889249801636e-02,-1.190966274589300156e-02,-2.157861134037375450e-03,0.000000000000000000e+00,0.000000000000000000e+00,0.000000000000000000e+00,-1.100000000000000089e+00,2.000000000000000111e-01,-5.000000000000000000e-01,0.000000000000000000e+00,1.100000000000000089e+00,2.000000000000000111e-01,5.000000000000000000e-01,-7.099797129631042480e-01,3.130793869495391846e-01,3.715046644210815430e-01,1.429131269454956055e+00,-2.086995691061019897e-01,1.951224543154239655e-02,1.303335577249526978e-01,3.864021226763725281e-02,-4.600337743759155273e-01,5.543208122253417969e-01,-6.076163053512573242e-01,-9.599768370389938354e-02
3.381332089687988929e-01,3.384401985292482706e+00,5.204973764755208565e-01,9.996239542961120605e-01,-2.540368400514125824e-02,-8.359386585652828217e-03,6.056255195289850235e-03,0.000000000000000000e+00,0.000000000000000000e+00,0.000000000000000000e+00,-1.100000000000000089e+00,2.000000000000000111e-01,-5.000000000000000000e-01,0.000000000000000000e+00,1.100000000000000089e+00,2.000000000000000111e-01,5.000000000000000000e-01,-7.539857029914855957e-01,4.800850152969360352e-01,3.225923776626586914e-01,1.409308671951293945e+00,-2.149841785430908203e-01,9.381619095802307129e-02,1.118600815534591675e-01,-3.407895192503929138e-02,-4.528221786022186279e-01,5.902279615402221680e-01,-5.889868736267089844e-01,1.164081972092390060e-02
3.424898084742252213e-01,3.428813686990978660e+00,5.287862897483688318e-01,9.996005892753601074e-01,-2.225993201136589050e-02,-1.439833431504666805e-04,1.740875281393527985e-02,0.000000000000000000e+00,0.000000000000000000e+00,0.000000000000000000e+00,-1.100000000000000089e+00,2.000000000000000111e-01,-5.000000000000000000e-01,0.000000000000000000e+00,1.100000000000000089e+00,2.000000000000000111e-01,5.000000000000000000e-01,-7.529419660568237305e-01,5.678805708885192871e-01,3.106006085872650146e-01,1.274513840675354004e+00,-1.572694778442382812e-01,1.453895568847656250e-01,1.226810961961746216e-01,-1.253553330898284912e-01,-4.326960444450378418e-01,5.410718917846679688e-01,-4.985699653625488281e-01,1.143792346119880676e-01
3.486231641915410462e-01,3.474590875464256268e+00,5.416190338149817762e-01,9.996650815010070801e-01,-1.224899850785732269e-02,1.492853928357362747e-02,1.722940988838672638e-02,0.000000000000000000e+00,0.000000000000000000e+00,0.000000000000000000e+00,-1.100000000000000089e+00,2.000000000000000111e-01,-5.000000000000000000e-01,0.000000000000000000e+00,1.100000000000000089e+00,2.000000000000000111e-01,5.000000000000000000e-01,-7.120745778083801270e-01,5.790747404098510742e-01,3.011186718940734863e-01,1.078222274780273438e+00,-5.291922762989997864e-02,1.615142822265625000e-01,1.291651576757431030e-01,-2.210370600223541260e-01,-3.833691775798797607e-01,4.405252933502197266e-01,-3.265621364116668701e-01,1.841302365064620972e-01
3.556390126538698238e-01,3.519304173365987776e+00,5.548146150539620125e-01,9.994037151336669922e-01,-4.442600999027490616e-03,3.424052521586418152e-02,-9.127674275077879429e-05,0.000000000000000000e+00,0.000000000000000000e+00,0.000000000000000000e+00,-1.100000000000000089e+00,2.000000000000000111e-01,-5.000000000000000000e-01,0.000000000000000000e+00,1.100000000000000089e+00,2.000000000000000111e-01,5.000000000000000000e-01,-6.635256409645080566e-01,5.323991179466247559e-01,2.267267853021621704e-01,8.917476534843444824e-01,5.262010544538497925e-02,1.326580494642257690e-01,8.235226571559906006e-02,-3.227766454219818115e-01,-3.210844099521636963e-01,3.899917304515838623e-01,-1.260277777910232544e-01,1.886658221483230591e-01
3.619556345662685581e-01,3.563043594540971526e+00,5.639986844586603043e-01,9.980943202972412109e-01,-3.512101247906684875e-03,5.280137434601783752e-02,-3.174173086881637573e-02,0.000000000000000000e+00,0.000000000000000000e+00,0.000000000000000000e+00,-1.100000000000000089e+00,2.000000000000000111e-01,-5.000000000000000000e-01,0.000000000000000000e+00,1.100000000000000089e+00,2.000000000000000111e-01,5.000000000000000000e-01,-6.089772582054138184e-01,4.841250479221343994e-01,1.394389122724533081e-01,7.757747769355773926e-01,9.719142317771911621e-02,8.333739638328552246e-02,-3.108120523393154144e-02,-4.239372313022613525e-01,-2.837007343769073486e-01,4.499984085559844971e-01,-2.643734589219093323e-02,8.589106798171997070e-02
3.665229652844594899e-01,3.609126697224799951e+00,5.653313709855681823e-01,9.960670471191406250e-01,-8.734683506190776825e-04,6.432268023490905762e-02,-6.092782318592071533e-02,0.000000000000000000e+00,0.000000000000000000e+00,0.000000000000000000e+00,-1.100000000000000089e+00,2.000000000000000111e-01,-5.000000000000000000e-01,0.000000000000000000e+00,1.100000000000000089e+00,2.000000000000000111e-01,5.000000000000000000e-01,-5.480886697769165039e-01,4.246654808521270752e-01,8.283097296953201294e-02,7.237257361412048340e-01,1.328996568918228149e-01,2.501440467312932014e-03,-9.136667102575302124e-02,-4.979003369808197021e-01,-2.870059311389923096e-01,4.899433851242065430e-01,-3.839479014277458191e-02,4.104609414935112000e-02
3.726560718859687205e-01,3.656818091556279349e+00,5.607466021609125439e-01,9.945483803749084473e-01,-3.396832151338458061e-03,6.803771108388900757e-02,-7.894813269376754761e-02,0.000000000000000000e+00,0.000000000000000000e+00,0.000000000000000000e+00,-1.100000000000000089e+00,2.000000000000000111e-01,-5.000000000000000000e-01,0.000000000000000000e+00,1.100000000000000089e+00,2.000000000000000111e-01,5.000000000000000000e-01,-4.291531145572662354e-01,3.614654242992401123e-01,1.029442027211189270e-01,6.231634616851806641e-01,2.298835292458534241e-02,-1.837271600961685181e-01,-7.390595972537994385e-02,-5.381790995597839355e-01,-3.499609827995300293e-01,5.200712084770202637e-01,-1.181705519556999207e-01,1.825200021266937256e-02
3.784152141424140248e-01,3.707037845247923791e+00,5.532738337899096859e-01,9.945276975631713867e-01,-8.737387135624885559e-03,6.483050435781478882e-02,-8.145751804113388062e-02,0.000000000000000000e+00,0.000000000000000000e+00,0.000000000000000000e+00,-1.100000000000000089e+00,2.000000000000000111e-01,-5.000000000000000000e-01,0.000000000000000000e+00,1.100000000000000089e+00,2.000000000000000111e-01,5.000000000000000000e-01,-3.821938037872314453e-01,2.979571521282196045e-01,1.495384573936462402e-01,6.399064064025878906e-01,-1.749919056892395020e-01,-1.953069716691970825e-01,-7.520889863371849060e-03,-5.503157973289489746e-01,-4.535281956195831299e-01,5.885736942291259766e-01,-2.216996103525161743e-01,-1.911243982613086700e-02
3.832478116753727515e-01,3.751943128397970284e+00,5.467854465288345400e-01,9.958441853523254395e-01,-1.055178046226501465e-02,5.831586197018623352e-02,-6.915415078401565552e-02,0.000000000000000000e+00,0.000000000000000000e+00,0.000000000000000000e+00,-1.100000000000000089e+00,2.000000000000000111e-01,-5.000000000000000000e-01,0.000000000000000000e+00,1.100000000000000089e+00,2.000000000000000111e-01,5.000000000000000000e-01,-3.842208385467529297e-01,2.119559645652770996e-01,1.779201477766036987e-01,7.014763951301574707e-01,-3.080716729164123535e-01,-1.070706695318222046e-01,8.638355135917663574e-02,-5.287882089614868164e-01,-5.561543703079223633e-01,6.928690671920776367e-01,-3.190814256668090820e-01,-4.784489050507545471e-02
3.875465125154063939e-01,3.792787491745418738e+00,5.461984466497946666e-01,9.970098137855529785e-01,-1.064522378146648407e-02,5.252115055918693542e-02,-5.567447096109390259e-02,0.000000000000000000e+00,0.000000000000000000e+00,0.000000000000000000e+00,-1.100000000000000089e+00,2.000000000000000111e-01,-5.000000000000000000e-01,0.000000000000000000e+00,1.100000000000000089e+00,2.000000000000000111e-01,5.000000000000000000e-01,-3.972356617450714111e-01,1.196860000491142273e-01,2.050312459468841553e-01,7.501738071441650391e-01,-3.367984592914581299e-01,-3.017590148374438286e-03,1.571885645389556885e-01,-4.322804808616638184e-01,-5.818565487861633301e-01,7.469642162322998047e-01,-3.642838001251220703e-01,-5.079381912946701050e-02
3.901660482608007574e-01,3.833672710085155977e+00,5.520896202837577427e-01,9.977911710739135742e-01,-5.276630166918039322e-03,4.796035960316658020e-02,-4.565761983394622803e-02,0.000000000000000000e+00,0.000000000000000000e+00,0.000000000000000000e+00,-1.100000000000000089e+00,2.000000000000000111e-01,-5.000000000000000000e-01,0.000000000000000000e+00,1.100000000000000089e+00,2.000000000000000111e-01,5.000000000000000000e-01,-4.012646377086639404e-01,2.386144362390041351e-02,2.469480931758880615e-01,7.529209256172180176e-01,-2.468443810939788818e-01,9.309301525354385376e-02,1.824051886796951294e-01,-2.451672703027725220e-01,-4.825054705142974854e-01,6.765975356101989746e-01,-3.231709599494934082e-01,3.220497071743011475e-02
3.913745505580998318e-01,3.871955166477145660e+00,5.609969635465831272e-01,9.985164403915405273e-01,-1.673679216764867306e-03,4.693704843521118164e-02,-2.755140326917171478e-02,0.000000000000000000e+00,0.000000000000000000e+00,0.000000000000000000e+00,-1.100000000000000089e+00,2.000000000000000111e-01,-5.000000000000000000e-01,0.000000000000000000e+00,1.100000000000000089e+00,2.000000000000000111e-01,5.000000000000000000e-01,-4.378924965858459473e-01,-5.844163522124290466e-02,2.762793600559234619e-01,7.630276083946228027e-01,-5.188719928264617920e-02,1.365125477313995361e-01,2.023053169250488281e-01,-2.529479563236236572e-02,-3.695454597473144531e-01,4.828141927719116211e-01,-2.067283391952514648e-01,1.375195980072021484e-01
3.917056669844220518e-01,3.911890423207572187e+00,5.671860381659835637e-01,9.987996220588684082e-01,8.190829306840896606e-03,4.826701059937477112e-02,1.568485517054796219e-03,0.000000000000000000e+00,0.000000000000000000e+00,0.000000000000000000e+00,-1.100000000000000089e+00,2.000000000000000111e-01,-5.000000000000000000e-01,0.000000000000000000e+00,1.100000000000000089e+00,2.000000000000000111e-01,5.000000000000000000e-01,-4.896897375583648682e-01,-1.342816799879074097e-01,3.219846487045288086e-01,7.647314667701721191e-01,2.096703648567199707e-01,7.073213160037994385e-02,2.239398062229156494e-01,1.489303559064865112e-01,-2.750854492187500000e-01,2.343076616525650024e-01,-5.888913571834564209e-02,2.277971059083938599e-01
3.902678120678121365e-01,3.956040055077485462e+00,5.673595473253064680e-01,9.980655908584594727e-01,2.730076573789119720e-02,4.683794826269149780e-02,3.042934834957122803e-02,0.000000000000000000e+00,0.000000000000000000e+00,0.000000000000000000e+00,-1.100000000000000089e+00,2.000000000000000111e-01,-5.000000000000000000e-01,0.000000000000000000e+00,1.100000000000000089e+00,2.000000000000000111e-01,5.000000000000000000e-01,-4.901302456855773926e-01,-1.851720660924911499e-01,4.203568398952484131e-01,7.463721632957458496e-01,3.258689939975738525e-01,-4.759154468774795532e-02,2.141255438327789307e-01,2.374671697616577148e-01,-2.416650205850601196e-01,8.489259332418441772e-02,4.253454506397247314e-02,2.519435286521911621e-01
3.878087484211933944e-01,3.999857864692957676e+00,5.629157365279064962e-01,9.974788427352905273e-01,3.890160098671913147e-02,3.678072616457939148e-02,4.658133909106254578e-02,0.000000000000000000e+00,0.000000000000000000e+00,0.000000000000000000e+00,-1.100000000000000089e+00,2.000000000000000111e-01,-5.000000000000000000e-01,0.000000000000000000e+00,1.100000000000000089e+00,2.000000000000000111e-01,5.000000000000000000e-01,-4.955404400825500488e-01,-1.308240145444869995e-01,5.360283255577087402e-01,8.792654275894165039e-01,2.015654593706130981e-01,1.562959142029285431e-02,1.568164676427841187e-01,2.411695271730422974e-01,-3.436645269393920898e-01,1.444402188062667847e-01,7.983779162168502808e-02,2.021434903144836426e-01
3.843494848109255124e-01,4.041012128103862899e+00,5.527724051904497893e-01,9.979711771011352539e-01,3.905002400279045105e-02,2.068547159433364868e-02,4.583248123526573181e-02,0.000000000000000000e+00,0.000000000000000000e+00,0.000000000000000000e+00,-1.100000000000000089e+00,2.000000000000000111e-01,-5.000000000000000000e-01,0.000000000000000000e+00,1.100000000000000089e+00,2.000000000000000111e-01,5.000000000000000000e-01,-5.046894550323486328e-01,-3.468902083113789558e-03,6.186188459396362305e-01,1.062654256820678711e+00,-2.992639550939202309e-03,9.952689707279205322e-02,1.040590777993202209e-01,1.718571633100509644e-01,-5.262178182601928711e-01,3.873308300971984863e-01,-4.333422705531120300e-02,-9.398948401212692261e-02
3.821709670818815296e-01,4.080885271959834526e+00,5.373170944694617424e-01,9.987324476242065430e-01,3.841762244701385498e-02,7.099675945937633514e-03,3.173584491014480591e-02,0.000000000000000000e+00,0.000000000000000000e+00,0.000000000000000000e+00,-1.100000000000000089e+00,2.000000000000000111e-01,-5.000000000000000000e-01,0.000000000000000000e+00,1.100000000000000089e+00,2.000000000000000111e-01,5.000000000000000000e-01,-5.218525528907775879e-01,1.429753750562667847e-01,6.371105313301086426e-01,1.229620695114135742e+00,-1.680686771869659424e-01,1.285697370767593384e-01,1.215608417987823486e-01,1.083167642354965210e-01,-5.337541699409484863e-01,4.862274825572967529e-01,-3.232249319553375244e-01,-1.708034873008728027e-01
3.824162631128171230e-01,4.120617250192045056e+00,5.233387913660269009e-01,9.997501373291015625e-01,1.657165773212909698e-02,-9.635348105803132057e-04,1.497259456664323807e-02,0.000000000000000000e+00,0.000000000000000000e+00,0.000000000000000000e+00,-1.100000000000000089e+00,2.000000000000000111e-01,-5.000000000000000000e-01,0.000000000000000000e+00,1.100000000000000089e+00,2.000000000000000111e-01,5.000000000000000000e-01,-5.734076499938964844e-01,3.326163589954376221e-01,5.762532949447631836e-01,1.360097408294677734e+00,-2.823144197463989258e-01,1.299263089895248413e-01,1.416686028242111206e-01,8.700821548700332642e-02,-4.953557848930358887e-01,5.152268409729003906e-01,-5.176384449005126953e-01,-1.253214776515960693e-01
3.842425726105769268e-01,4.159453407983587425e+00,5.146572300626172103e-01,9.999448657035827637e-01,-1.513346447609364986e-03,-3.583034034818410873e-03,9.752231650054454803e-03,0.000000000000000000e+00,0.000000000000000000e+00,0.000000000000000000e+00,-1.100000000000000089e+00,2.000000000000000111e-01,-5.000000000000000000e-01,0.000000000000000000e+00,1.100000000000000089e+00,2.000000000000000111e-01,5.000000000000000000e-01,-6.418685317039489746e-01,4.669837057590484619e-01,4.711925387382507324e-01,1.388877511024475098e+00,-3.081885874271392822e-01,1.271523535251617432e-01,1.345025449991226196e-01,3.056176751852035522e-02,-4.777555167675018311e-01,5.763423442840576172e-01,-6.155545711517333984e-01,-4.381293430924415588e-02
3.890621746022893679e-01,4.198633013433879846e+00,5.135068132675657537e-01,9.998713731765747070e-01,-5.457898601889610291e-03,3.333649947308003902e-04,1.507608592510223389e-02,0.000000000000000000e+00,0.000000000000000000e+00,0.000000000000000000e+00,-1.100000000000000089e+00,2.000000000000000111e-01,-5.000000000000000000e-01,0.000000000000000000e+00,1.100000000000000089e+00,2.000000000000000111e-01,5.000000000000000000e-01,-6.915495395660400391e-01,5.398835539817810059e-01,3.784806430339813232e-01,1.323933601379394531e+00,-2.693345248699188232e-01,1.327449530363082886e-01,1.215524151921272278e-01,-5.892911925911903381e-02,-4.605874717235565186e-01,6.276167035102844238e-01,-6.294480562210083008e-01,4.632043093442916870e-02
3.975425748918393620e-01,4.237593729128740883e+00,5.192553681022290535e-01,9.997764229774475098e-01,-2.571702701970934868e-03,8.933694101870059967e-03,1.899203285574913025e-02,0.000000000000000000e+00,0.000000000000000000e+00,0.000000000000000000e+00,-1.100000000000000089e+00,2.000000000000000111e-01,-5.000000000000000000e-01,0.000000000000000000e+00,1.100000000000000089e+00,2.000000000000000111e-01,5.000000000000000000e-01,-7.128328680992126465e-01,5.667909383773803711e-01,3.017613291740417480e-01,1.206096291542053223e+00,-1.917282789945602417e-01,1.388452351093292236e-01,1.289516687393188477e-01,-1.460155844688415527e-01,-4.301379621028900146e-01,5.955916047096252441e-01,-5.704795122146606445e-01,1.292881220579147339e-01
4.084145699637104499e-01,4.277441297095231576e+00,5.289542353213435577e-01,9.996716976165771484e-01,2.166833030059933662e-03,2.071199379861354828e-02,1.492890063673257828e-02,0.000000000000000000e+00,0.000000000000000000e+00,0.000000000000000000e+00,-1.100000000000000089e+00,2.000000000000000111e-01,-5.000000000000000000e-01,0.000000000000000000e+00,1.100000000000000089e+00,2.000000000000000111e-01,5.000000000000000000e-01,-7.039204835891723633e-01,5.628461837768554688e-01,2.362865209579467773e-01,1.063379287719726562e+00,-9.558126330375671387e-02,1.388076841831207275e-01,1.439255028963088989e-01,-2.237580716609954834e-01,-3.782378435134887695e-01,5.063868761062622070e-01,-4.395397603511810303e-01,1.979640275239944458e-01
4.202006954880374567e-01,4.320665878936497784e+00,5.404309174945257643e-01,9.993335604667663574e-01,2.456783782690763474e-03,3.639570623636245728e-02,-1.311962143518030643e-03,0.000000000000000000e+00,0.000000000000000000e+00,0.000000000000000000e+00,-1.100000000000000089e+00,2.000000000000000111e-01,-5.000000000000000000e-01,0.000000000000000000e+00,1.100000000000000089e+00,2.000000000000000111e-01,5.000000000000000000e-01,-6.710069179534912109e-01,5.493348240852355957e-01,1.722919195890426636e-01,9.173829555511474609e-01,-1.537210046080872416e-04,1.146926283836364746e-01,1.385305523872375488e-01,-2.881064116954803467e-01,-3.056861460208892822e-01,4.092687070369720459e-01,-2.465352714061737061e-01,2.371816486120223999e-01
4.315049064844244664e-01,4.363104915600834133e+00,5.512215762555298104e-01,9.981708526611328125e-01,-1.218755962327122688e-03,5.467178672552108765e-02,-2.577745728194713593e-02,0.000000000000000000e+00,0.000000000000000000e+00,0.000000000000000000e+00,-1.100000000000000089e+00,2.000000000000000111e-01,-5.000000000000000000e-01,0.000000000000000000e+00,1.100000000000000089e+00,2.000000000000000111e-01,5.000000000000000000e-01,-6.326269507408142090e-01,5.590974688529968262e-01,1.472388505935668945e-01,8.036667704582214355e-01,6.954570859670639038e-02,1.059143096208572388e-01,7.413178682327270508e-02,-3.625925481319427490e-01,-2.624104619026184082e-01,4.039739072322845459e-01,-7.280284911394119263e-02,2.032919526100158691e-01
4.418746425708134917e-01,4.408103534139767632e+00,5.574459007615694128e-01,9.961438775062561035e-01,-6.282969261519610882e-04,7.147862017154693604e-02,-5.087061598896980286e-02,0.000000000000000000e+00,0.000000000000000000e+00,0.000000000000000000e+00,-1.100000000000000089e+00,2.000000000000000111e-01,-5.000000000000000000e-01,0.000000000000000000e+00,1.100000000000000089e+00,2.000000000000000111e-01,5.000000000000000000e-01,-5.876263380050659180e-01,5.503679513931274414e-01,1.502301692962646484e-01,7.255647778511047363e-01,1.222902908921241760e-01,8.883363753557205200e-02,-3.386914357542991638e-02,-4.750145673751831055e-01,-2.988946139812469482e-01,5.007336139678955078e-01,-3.288526833057403564e-02,4.666423425078392029e-02
4.518999345352252561e-01,4.450523970157209241e+00,5.566490208154374342e-01,9.946679472923278809e-01,2.992564579471945763e-03,7.916263490915298462e-02,-6.603076308965682983e-02,0.000000000000000000e+00,0.000000000000000000e+00,0.000000000000000000e+00,-1.100000000000000089e+00,2.000000000000000111e-01,-5.000000000000000000e-01,0.000000000000000000e+00,1.100000000000000089e+00,2.000000000000000111e-01,5.000000000000000000e-01,-5.052348375320434570e-01,4.646710455417633057e-01,1.145559698343276978e-01,6.140311360359191895e-01,1.672111898660659790e-01,-1.084675937891006470e-01,-3.191731870174407959e-02,-5.559723377227783203e-01,-3.946418166160583496e-01,5.057100653648376465e-01,-9.884310513734817505e-02,-8.524165488779544830e-03
4.614853710237175610e-01,4.492953706498098221e+00,5.506656743330184955e-01,9.945608973503112793e-01,4.862022120505571365e-03,8.143827319145202637e-02,-6.475171446800231934e-02,0.000000000000000000e+00,0.000000000000000000e+00,0.000000000000000000e+00,-1.100000000000000089e+00,2.000000000000000111e-01,-5.000000000000000000e-01,0.000000000000000000e+00,1.100000000000000089e+00,2.000000000000000111e-01,5.000000000000000000e-01,-4.310118556022644043e-01,3.773530125617980957e-01,1.286932975053787231e-01,5.498535037040710449e-01,6.170111894607543945e-02,-2.495066821575164795e-01,1.399586442857980728e-02,-5.846610069274902344e-01,-4.726053178310394287e-01,5.185943841934204102e-01,-2.088254243135452271e-01,-4.152292385697364807e-02
4.700273444368080478e-01,4.535827533283619317e+00,5.426637009501156239e-01,9.958984851837158203e-01,-6.135947769507765770e-04,7.662136852741241455e-02,-4.811451584100723267e-02,0.000000000000000000e+00,0.000000000000000000e+00,0.000000000000000000e+00,-1.100000000000000089e+00,2.000000000000000111e-01,-5.000000000000000000e-01,0.000000000000000000e+00,1.100000000000000089e+00,2.000000000000000111e-01,5.000000000000000000e-01,-4.275170266628265381e-01,3.116882443428039551e-01,1.521261930465698242e-01,6.364399790763854980e-01,-1.543209403753280640e-01,-2.273232638835906982e-01,8.805264532566070557e-02,-5.318800210952758789e-01,-4.910723567008972168e-01,5.316178798675537109e-01,-3.038361370563507080e-01,-6.590433418750762939e-02
4.781695700188478004e-01,4.572638213489994996e+00,5.356514646669831015e-01,9.973899722099304199e-01,-1.632809988223016262e-03,6.985966116189956665e-02,-1.817077770829200745e-02,0.000000000000000000e+00,0.000000000000000000e+00,0.000000000000000000e+00,-1.100000000000000089e+00,2.000000000000000111e-01,-5.000000000000000000e-01,0.000000000000000000e+00,1.100000000000000089e+00,2.000000000000000111e-01,5.000000000000000000e-01,-4.322386384010314941e-01,2.215916812419891357e-01,1.627767980098724365e-01,7.147583961486816406e-01,-3.059321343898773193e-01,-1.435633152723312378e-01,1.407963037490844727e-01,-4.387288391590118408e-01,-4.608885943889617920e-01,5.919636487960815430e-01,-3.610270619392395020e-01,-7.700937986373901367e-02
4.875705362525251108e-01,4.606434260281649706e+00,5.352780400728336385e-01,9.978287816047668457e-01,3.899449482560157776e-03,6.498177349567413330e-02,9.998522698879241943e-03,0.000000000000000000e+00,0.000000000000000000e+00,0.000000000000000000e+00,-1.100000000000000089e+00,2.000000000000000111e-01,-5.000000000000000000e-01,0.000000000000000000e+00,1.100000000000000089e+00,2.000000000000000111e-01,5.000000000000000000e-01,-4.290962815284729004e-01,1.141234859824180603e-01,1.777449101209640503e-01,7.536718249320983887e-01,-3.477646708488464355e-01,-4.315812140703201294e-02,1.873060017824172974e-01,-3.330377340316772461e-01,-4.874434769153594971e-01,6.167219877243041992e-01,-3.850039541721343994e-01,-6.965840607881546021e-02
4.963257943153983609e-01,4.641158678646039704e+00,5.408764611146967827e-01,9.977890849113464355e-01,1.105928048491477966e-02,6.036180257797241211e-02,2.551680430769920349e-02,0.000000000000000000e+00,0.000000000000000000e+00,0.000000000000000000e+00,-1.100000000000000089e+00,2.000000000000000111e-01,-5.000000000000000000e-01,0.000000000000000000e+00,1.100000000000000089e+00,2.000000000000000111e-01,5.000000000000000000e-01,-4.064829349517822266e-01,1.865711621940135956e-02,2.060146331787109375e-01,7.452300190925598145e-01,-3.011543750762939453e-01,5.100418627262115479e-02,2.126165181398391724e-01,-2.014663219451904297e-01,-4.946042299270629883e-01,5.728664994239807129e-01,-3.595079183578491211e-01,-3.354762122035026550e-02
5.030723070714510081e-01,4.676867270523851872e+00,5.499999953783822892e-01,9.975818991661071777e-01,1.898366399109363556e-02,5.827141180634498596e-02,3.277836367487907410e-02,0.000000000000000000e+00,0.000000000000000000e+00,0.000000000000000000e+00,-1.100000000000000089e+00,2.000000000000000111e-01,-5.000000000000000000e-01,0.000000000000000000e+00,1.100000000000000089e+00,2.000000000000000111e-01,5.000000000000000000e-01,-3.869805932044982910e-01,-6.512872874736785889e-02,2.450095415115356445e-01,7.149692177772521973e-01,-1.771140992641448975e-01,1.216013208031654358e-01,2.111072093248367310e-01,-4.497685655951499939e-02,-4.379851222038269043e-01,4.440816640853881836e-01,-2.664469480514526367e-01,4.956900700926780701e-02
5.072486090118234481e-01,4.711688677975625517e+00,5.596837080525930430e-01,9.970856904983520508e-01,2.999885566532611847e-02,5.806573107838630676e-02,3.935132548213005066e-02,0.000000000000000000e+00,0.000000000000000000e+00,0.000000000000000000e+00,-1.100000000000000089e+00,2.000000000000000111e-01,-5.000000000000000000e-01,0.000000000000000000e+00,1.100000000000000089e+00,2.000000000000000111e-01,5.000000000000000000e-01,-3.981163501739501953e-01,-1.387261301279067993e-01,2.928219437599182129e-01,7.001246213912963867e-01,2.141475304961204529e-02,1.530077457427978516e-01,1.968839019536972046e-01,1.054837852716445923e-01,-3.271380662918090820e-01,2.461908012628555298e-01,-1.185928061604499817e-01,1.603490710258483887e-01
5.094741681090207974e-01,4.748509654968676053e+00,5.664506483047899721e-01,9.960972070693969727e-01,4.818079993128776550e-02,5.596230551600456238e-02,4.834488034248352051e-02,0.000000000000000000e+00,0.000000000000000000e+00,0.000000000000000000e+00,-1.100000000000000089e+00,2.000000000000000111e-01,-5.000000000000000000e-01,0.000000000000000000e+00,1.100000000000000089e+00,2.000000000000000111e-01,5.000000000000000000e-01,-4.277305603027343750e-01,-1.980765908956527710e-01,3.628899455070495605e-01,7.072880268096923828e-01,2.436014860868453979e-01,1.131553202867507935e-01,1.568542420864105225e-01,2.111770510673522949e-01,-1.947634518146514893e-01,7.443279027938842773e-02,2.185545861721038818e-02,2.327987551689147949e-01
5.090962179110507524e-01,4.786214826998084426e+00,5.689878097567895310e-01,9.947979450225830078e-01,6.808971613645553589e-02,5.089017376303672791e-02,5.613399296998977661e-02,0.000000000000000000e+00,0.000000000000000000e+00,0.000000000000000000e+00,-1.100000000000000089e+00,2.000000000000000111e-01,-5.000000000000000000e-01,0.000000000000000000e+00,1.100000000000000089e+00,2.000000000000000111e-01,5.000000000000000000e-01,-4.217968881130218506e-01,-2.033302932977676392e-01,4.919266104698181152e-01,7.374520897865295410e-01,3.283847570419311523e-01,5.895078182220458984e-02,8.978559821844100952e-02,2.495269179344177246e-01,-1.408506780862808228e-01,3.006557933986186981e-02,9.305309504270553589e-02,2.464717030525207520e-01
5.082638804817741773e-01,4.825199457810382953e+00,5.671453907702005415e-01,9.953408837318420410e-01,6.930661201477050781e-02,3.506309539079666138e-02,5.712839215993881226e-02,0.000000000000000000e+00,0.000000000000000000e+00,0.000000000000000000e+00,-1.100000000000000089e+00,2.000000000000000111e-01,-5.000000000000000000e-01,0.000000000000000000e+00,1.100000000000000089e+00,2.000000000000000111e-01,5.000000000000000000e-01,-4.001637399196624756e-01,-7.036045193672180176e-02,6.563671231269836426e-01,9.225009679794311523e-01,1.873974800109863281e-01,1.422633081674575806e-01,6.501091271638870239e-02,2.266574501991271973e-01,-2.878797650337219238e-01,6.574952602386474609e-02,1.345064789056777954e-01,1.274460554122924805e-01
5.076699883987506601e-01,4.863139130852439429e+00,5.588514951812197928e-01,9.965108036994934082e-01,6.329211592674255371e-02,1.136329490691423416e-02,5.320852249860763550e-02,0.000000000000000000e+00,0.000000000000000000e+00,0.000000000000000000e+00,-1.100000000000000089e+00,2.000000000000000111e-01,-5.000000000000000000e-01,0.000000000000000000e+00,1.100000000000000089e+00,2.000000000000000111e-01,5.000000000000000000e-01,-3.759848475456237793e-01,6.570091098546981812e-02,7.161875367164611816e-01,1.135579109191894531e+00,-8.127916604280471802e-03,1.852529048919677734e-01,4.163487255573272705e-02,1.606419384479522705e-01,-4.328292310237884521e-01,3.074443340301513672e-01,-1.165136508643627167e-02,-1.713915467262268066e-01
5.083127486991761979e-01,4.902079917282769372e+00,5.458666659146547140e-01,9.972451925277709961e-01,6.001299619674682617e-02,-5.745611153542995453e-03,4.321443662047386169e-02,0.000000000000000000e+00,0.000000000000000000e+00,0.000000000000000000e+00,-1.100000000000000089e+00,2.000000000000000111e-01,-5.000000000000000000e-01,0.000000000000000000e+00,1.100000000000000089e+00,2.000000000000000111e-01,5.000000000000000000e-01,-3.933040797710418701e-01,1.621565967798233032e-01,6.742432713508605957e-01,1.320581436157226562e+00,-1.467654556035995483e-01,1.776875555515289307e-01,6.247250363230705261e-02,1.131691187620162964e-01,-4.338257312774658203e-01,4.229061603546142578e-01,-2.658854424953460693e-01,-2.248898148536682129e-01
