2.840694465757949514e-03,-4.026040216225829776e-02,5.427665027396546549e-01,9.999571442604064941e-01,7.588034495711326599e-03,-5.107532721012830734e-03,-1.423275447450578213e-03,0.000000000000000000e+00,0.000000000000000000e+00,0.000000000000000000e+00,-1.100000000000000089e+00,2.000000000000000111e-01,-5.000000000000000000e-01,0.000000000000000000e+00,1.100000000000000089e+00,2.000000000000000111e-01,5.000000000000000000e-01,7.442681491374969482e-02,1.146954894065856934e-01,1.433211565017700195e-01,1.195056959986686707e-01,-1.738673746585845947e-01,-1.684345155954360962e-01,6.756568700075149536e-02,-1.323446780443191528e-01,-9.580963104963302612e-02,1.290221810340881348e-01,-2.098955512046813965e-01,1.580674350261688232e-01
1.702748706406734995e-03,-3.845217691508658053e-02,5.432259553256961748e-01,9.999575614929199219e-01,9.029854089021682739e-03,-1.242164871655404568e-04,1.801602193154394627e-03,0.000000000000000000e+00,0.000000000000000000e+00,0.000000000000000000e+00,-1.100000000000000089e+00,2.000000000000000111e-01,-5.000000000000000000e-01,0.000000000000000000e+00,1.100000000000000089e+00,2.000000000000000111e-01,5.000000000000000000e-01,5.908765271306037903e-02,1.110757291316986084e-01,1.390529870986938477e-01,1.197652444243431091e-01,-1.708126813173294067e-01,-1.645520627498626709e-01,5.524154752492904663e-02,-1.362595111131668091e-01,-9.896162897348403931e-02,1.333472281694412231e-01,-2.112178355455398560e-01,1.563707590103149414e-01
-5.491264915620587854e-04,-3.827610912883296773e-02,5.435030551412791677e-01,9.998969435691833496e-01,9.971441701054573059e-03,6.654169876128435135e-03,7.903623394668102264e-03,0.000000000000000000e+00,0.000000000000000000e+00,0.000000000000000000e+00,-1.100000000000000089e+00,2.000000000000000111e-01,-5.000000000000000000e-01,0.000000000000000000e+00,1.100000000000000089e+00,2.000000000000000111e-01,5.000000000000000000e-01,3.416075184941291809e-02,1.066793352365493774e-01,1.259318590164184570e-01,1.229644864797592163e-01,-1.670423597097396851e-01,-1.612423360347747803e-01,3.462161868810653687e-02,-1.398142725229263306e-01,-1.049231663346290588e-01,1.453761160373687744e-01,-2.129956334829330444e-01,1.518314480781555176e-01
-3.557378259955463334e-03,-3.920145498250018207e-02,5.436225892091640643e-01,9.997340440750122070e-01,9.641542099416255951e-03,1.382608246058225632e-02,1.574183441698551178e-02,0.000000000000000000e+00,0.000000000000000000e+00,0.000000000000000000e+00,-1.100000000000000089e+00,2.000000000000000111e-01,-5.000000000000000000e-01,0.000000000000000000e+00,1.100000000000000089e+00,2.000000000000000111e-01,5.000000000000000000e-01,4.217794165015220642e-03,1.056464985013008118e-01,1.097857877612113953e-01,1.285065263509750366e-01,-1.635852903127670288e-01,-1.675406694412231445e-01,4.322429187595844269e-03,-1.409619301557540894e-01,-1.129598468542098999e-01,1.736507266759872437e-01,-2.160202413797378540e-01,1.452291607856750488e-01
-7.338950366059299527e-03,-4.091651870285847870e-02,5.423860613836182232e-01,9.994651079177856445e-01,1.231891009956598282e-02,1.952336356043815613e-02,2.316385880112648010e-02,0.000000000000000000e+00,0.000000000000000000e+00,0.000000000000000000e+00,-1.100000000000000089e+00,2.000000000000000111e-01,-5.000000000000000000e-01,0.000000000000000000e+00,1.100000000000000089e+00,2.000000000000000111e-01,5.000000000000000000e-01,-2.700610458850860596e-02,9.993585944175720215e-02,9.261050820350646973e-02,1.395516395568847656e-01,-1.646190434694290161e-01,-1.839639395475387573e-01,-5.603457987308502197e-02,-1.539784222841262817e-01,-1.191421896219253540e-01,2.752142846584320068e-01,-2.534131109714508057e-01,1.334230899810791016e-01
-1.257451347590452309e-02,-4.272700675194048003e-02,5.391626689229348512e-01,9.989470243453979492e-01,2.335487678647041321e-02,2.254328131675720215e-02,3.242358565330505371e-02,0.000000000000000000e+00,0.000000000000000000e+00,0.000000000000000000e+00,-1.100000000000000089e+00,2.000000000000000111e-01,-5.000000000000000000e-01,0.000000000000000000e+00,1.100000000000000089e+00,2.000000000000000111e-01,5.000000000000000000e-01,-7.596647739410400391e-02,8.084332942962646484e-02,7.789537310600280762e-02,1.884441971778869629e-01,-1.754398494958877563e-01,-1.922110766172409058e-01,-1.604096442461013794e-01,-1.928909718990325928e-01,-1.202900260686874390e-01,4.684352576732635498e-01,-3.333413600921630859e-01,1.148840487003326416e-01
-1.916971822142262208e-02,-4.664913012589694957e-02,5.335432391147120201e-01,9.983446598052978516e-01,3.029047884047031403e-02,2.545000985264778137e-02,4.174621403217315674e-02,0.000000000000000000e+00,0.000000000000000000e+00,0.000000000000000000e+00,-1.100000000000000089e+00,2.000000000000000111e-01,-5.000000000000000000e-01,0.000000000000000000e+00,1.100000000000000089e+00,2.000000000000000111e-01,5.000000000000000000e-01,-1.748778074979782104e-01,7.662928849458694458e-02,5.703972280025482178e-02,3.374909460544586182e-01,-2.243199348449707031e-01,-1.977220028638839722e-01,-2.831655144691467285e-01,-2.326209694147109985e-01,-1.568445414304733276e-01,7.010126709938049316e-01,-4.024643003940582275e-01,7.798707485198974609e-02
-2.615842084569687184e-02,-5.214695509109232296e-02,5.248564878986640148e-01,9.977682828903198242e-01,3.055348247289657593e-02,3.070007823407649994e-02,5.081752687692642212e-02,0.000000000000000000e+00,0.000000000000000000e+00,0.000000000000000000e+00,-1.100000000000000089e+00,2.000000000000000111e-01,-5.000000000000000000e-01,0.000000000000000000e+00,1.100000000000000089e+00,2.000000000000000111e-01,5.000000000000000000e-01,-2.955032289028167725e-01,8.685336261987686157e-02,3.007273003458976746e-02,5.173488855361938477e-01,-2.803572416305541992e-01,-2.090155631303787231e-01,-4.058206379413604736e-01,-2.820246219635009766e-01,-2.288896739482879639e-01,9.396812319755554199e-01,-4.611473083496093750e-01,2.262707985937595367e-02
-3.282238804123768783e-02,-5.848519817954211247e-02,5.130423368460903522e-01,9.971200227737426758e-01,2.616081759333610535e-02,3.859927132725715637e-02,5.981085449457168579e-02,0.000000000000000000e+00,0.000000000000000000e+00,0.000000000000000000e+00,-1.100000000000000089e+00,2.000000000000000111e-01,-5.000000000000000000e-01,0.000000000000000000e+00,1.100000000000000089e+00,2.000000000000000111e-01,5.000000000000000000e-01,-4.167430996894836426e-01,1.048658490180969238e-01,-4.474640358239412308e-03,6.848788261413574219e-01,-3.372330367565155029e-01,-2.261659353971481323e-01,-5.175563097000122070e-01,-3.281681239604949951e-01,-2.815937697887420654e-01,1.164983272552490234e+00,-5.178584456443786621e-01,-3.080556727945804596e-02
-3.835174951057956222e-02,-6.576610067022042871e-02,4.991439168779838176e-01,9.962676167488098145e-01,2.170945145189762115e-02,4.776878654956817627e-02,6.853988021612167358e-02,0.000000000000000000e+00,0.000000000000000000e+00,0.000000000000000000e+00,-1.100000000000000089e+00,2.000000000000000111e-01,-5.000000000000000000e-01,0.000000000000000000e+00,1.100000000000000089e+00,2.000000000000000111e-01,5.000000000000000000e-01,-5.256155729293823242e-01,1.212866604328155518e-01,-3.949075192213058472e-02,8.258342742919921875e-01,-3.934494256973266602e-01,-2.416611611843109131e-01,-6.186057925224304199e-01,-3.608276247978210449e-01,-2.795044183731079102e-01,1.360052824020385742e+00,-5.740025639533996582e-01,-5.631154775619506836e-02
-4.264974971240706458e-02,-7.418820267110461109e-02,4.846549263709422073e-01,9.954673051834106445e-01,1.836205646395683289e-02,5.598976835608482361e-02,7.465180754661560059e-02,0.000000000000000000e+00,0.000000000000000000e+00,0.000000000000000000e+00,-1.100000000000000089e+00,2.000000000000000111e-01,-5.000000000000000000e-01,0.000000000000000000e+00,1.100000000000000089e+00,2.000000000000000111e-01,5.000000000000000000e-01,-6.172837615013122559e-01,1.367344856262207031e-01,-6.983298063278198242e-02,9.452325701713562012e-01,-4.463461339473724365e-01,-2.516420781612396240e-01,-6.935378313064575195e-01,-3.938665091991424561e-01,-2.457671910524368286e-01,1.507605791091918945e+00,-6.275910735130310059e-01,-5.051043257117271423e-02
-4.591757042023042468e-02,-8.367151724861351947e-02,4.710433632541786708e-01,9.951257109642028809e-01,1.523971837013959885e-02,6.146582588553428650e-02,7.559401541948318481e-02,0.000000000000000000e+00,0.000000000000000000e+00,0.000000000000000000e+00,-1.100000000000000089e+00,2.000000000000000111e-01,-5.000000000000000000e-01,0.000000000000000000e+00,1.100000000000000089e+00,2.000000000000000111e-01,5.000000000000000000e-01,-6.895272731781005859e-01,1.555662751197814941e-01,-9.607917815446853638e-02,1.049386143684387207e+00,-4.917851686477661133e-01,-2.588187456130981445e-01,-7.376706600189208984e-01,-4.452539086341857910e-01,-1.972115486860275269e-01,1.605717301368713379e+00,-6.631267666816711426e-01,-3.740675747394561768e-02
-4.813996367071839838e-02,-9.374566186068937490e-02,4.585438530982443583e-01,9.952558279037475586e-01,1.189021486788988113e-02,6.483643501996994019e-02,7.155928015708923340e-02,0.000000000000000000e+00,0.000000000000000000e+00,0.000000000000000000e+00,-1.100000000000000089e+00,2.000000000000000111e-01,-5.000000000000000000e-01,0.000000000000000000e+00,1.100000000000000089e+00,2.000000000000000111e-01,5.000000000000000000e-01,-7.477996349334716797e-01,1.787627935409545898e-01,-1.235983520746231079e-01,1.140994787216186523e+00,-5.267181396484375000e-01,-2.644390165805816650e-01,-7.597786784172058105e-01,-5.303314328193664551e-01,-1.403839886188507080e-01,1.651047110557556152e+00,-6.813126206398010254e-01,-4.263577237725257874e-02
-4.933200875504149124e-02,-1.043225792595984941e-01,4.474801634131657657e-01,9.956579804420471191e-01,8.754217065870761871e-03,6.594099849462509155e-02,6.511791795492172241e-02,0.000000000000000000e+00,0.000000000000000000e+00,0.000000000000000000e+00,-1.100000000000000089e+00,2.000000000000000111e-01,-5.000000000000000000e-01,0.000000000000000000e+00,1.100000000000000089e+00,2.000000000000000111e-01,5.000000000000000000e-01,-7.903826236724853516e-01,2.056818753480911255e-01,-1.540476232767105103e-01,1.212463378906250000e+00,-5.528591871261596680e-01,-2.681903839111328125e-01,-7.674540281295776367e-01,-6.392239332199096680e-01,-7.499434053897857666e-02,1.625694632530212402e+00,-6.702357530593872070e-01,-5.598171055316925049e-02
-4.981898863771647840e-02,-1.151195593341959172e-01,4.383176425257415687e-01,9.960961937904357910e-01,5.327224731445312500e-03,6.544464826583862305e-02,5.900006741285324097e-02,0.000000000000000000e+00,0.000000000000000000e+00,0.000000000000000000e+00,-1.100000000000000089e+00,2.000000000000000111e-01,-5.000000000000000000e-01,0.000000000000000000e+00,1.100000000000000089e+00,2.000000000000000111e-01,5.000000000000000000e-01,-8.201800584793090820e-01,2.376895248889923096e-01,-1.890548467636108398e-01,1.258952021598815918e+00,-5.720271468162536621e-01,-2.697859108448028564e-01,-7.667786478996276855e-01,-7.409113049507141113e-01,-2.523248782381415367e-03,1.513817191123962402e+00,-6.203517913818359375e-01,-5.447442829608917236e-02
-5.000650018133749597e-02,-1.273595634783909747e-01,4.314334517672206437e-01,9.966166019439697266e-01,4.092645249329507351e-04,6.357888877391815186e-02,5.208511278033256531e-02,0.000000000000000000e+00,0.000000000000000000e+00,0.000000000000000000e+00,-1.100000000000000089e+00,2.000000000000000111e-01,-5.000000000000000000e-01,0.000000000000000000e+00,1.100000000000000089e+00,2.000000000000000111e-01,5.000000000000000000e-01,-8.390700817108154297e-01,2.796140611171722412e-01,-2.289859503507614136e-01,1.279571771621704102e+00,-5.842694044113159180e-01,-2.710998654365539551e-01,-7.457023859024047852e-01,-8.047606348991394043e-01,6.458675116300582886e-02,1.319956779479980469e+00,-5.372027754783630371e-01,-2.133474685251712799e-02
-4.979497491193916187e-02,-1.428786582257034199e-01,4.281257751252915966e-01,9.971958994865417480e-01,-4.448192194104194641e-03,6.090679764747619629e-02,4.325468093156814575e-02,0.000000000000000000e+00,0.000000000000000000e+00,0.000000000000000000e+00,-1.100000000000000089e+00,2.000000000000000111e-01,-5.000000000000000000e-01,0.000000000000000000e+00,1.100000000000000089e+00,2.000000000000000111e-01,5.000000000000000000e-01,-8.340961933135986328e-01,3.338962197303771973e-01,-2.609665691852569580e-01,1.257851123809814453e+00,-5.788492560386657715e-01,-2.734675407409667969e-01,-7.011274695396423340e-01,-8.447861671447753906e-01,1.119555756449699402e-01,1.096196413040161133e+00,-4.104446172714233398e-01,1.533965487033128738e-02
-4.894361645284325130e-02,-1.627866337350522552e-01,4.298213403438678748e-01,9.976750016212463379e-01,-4.662608262151479721e-03,5.871198698878288269e-02,3.429069742560386658e-02,0.000000000000000000e+00,0.000000000000000000e+00,0.000000000000000000e+00,-1.100000000000000089e+00,2.000000000000000111e-01,-5.000000000000000000e-01,0.000000000000000000e+00,1.100000000000000089e+00,2.000000000000000111e-01,5.000000000000000000e-01,-8.001750111579895020e-01,3.958207666873931885e-01,-2.595207691192626953e-01,1.180403828620910645e+00,-5.387039184570312500e-01,-2.711728811264038086e-01,-6.528214812278747559e-01,-8.813117146492004395e-01,1.380279809236526489e-01,8.848854899406433105e-01,-2.408505827188491821e-01,5.879899486899375916e-02
-4.610657146877863294e-02,-1.880979829894924293e-01,4.374953942866337542e-01,9.981098771095275879e-01,-4.529692698270082474e-03,5.689177289605140686e-02,2.279254235327243805e-02,0.000000000000000000e+00,0.000000000000000000e+00,0.000000000000000000e+00,-1.100000000000000089e+00,2.000000000000000111e-01,-5.000000000000000000e-01,0.000000000000000000e+00,1.100000000000000089e+00,2.000000000000000111e-01,5.000000000000000000e-01,-7.222097516059875488e-01,4.678106009960174561e-01,-2.310713082551956177e-01,1.039866685867309570e+00,-4.603662192821502686e-01,-2.650552392005920410e-01,-6.035879850387573242e-01,-9.056314229965209961e-01,1.272881776094436646e-01,7.150478959083557129e-01,-6.714090704917907715e-02,1.009325012564659119e-01
-4.127925207697306920e-02,-2.176465845183290504e-01,4.487045676027885399e-01,9.982606172561645508e-01,-8.982583880424499512e-03,5.760015547275543213e-02,8.796636946499347687e-03,0.000000000000000000e+00,0.000000000000000000e+00,0.000000000000000000e+00,-1.100000000000000089e+00,2.000000000000000111e-01,-5.000000000000000000e-01,0.000000000000000000e+00,1.100000000000000089e+00,2.000000000000000111e-01,5.000000000000000000e-01,-6.051684021949768066e-01,5.610612630844116211e-01,-1.771279126405715942e-01,8.226119279861450195e-01,-3.275113105773925781e-01,-2.634995579719543457e-01,-5.667586922645568848e-01,-8.984089493751525879e-01,1.115350127220153809e-01,6.090507507324218750e-01,1.189237236976623535e-01,1.071000918745994568e-01
-3.484592978899000298e-02,-2.516071723002676896e-01,4.605592830125430637e-01,9.980401992797851562e-01,-1.631264388561248779e-02,6.040997803211212158e-02,-5.600968142971396446e-04,0.000000000000000000e+00,0.000000000000000000e+00,0.000000000000000000e+00,-1.100000000000000089e+00,2.000000000000000111e-01,-5.000000000000000000e-01,0.000000000000000000e+00,1.100000000000000089e+00,2.000000000000000111e-01,5.000000000000000000e-01,-4.467265605926513672e-01,6.617646813392639160e-01,-9.735409915447235107e-02,5.277436971664428711e-01,-1.251301765441894531e-01,-2.674769163131713867e-01,-5.130575895309448242e-01,-8.517268300056457520e-01,1.186697110533714294e-01,5.266816616058349609e-01,2.801379561424255371e-01,1.307232379913330078e-01
-2.977432639921328769e-02,-2.915361388565765322e-01,4.711255714703689867e-01,9.973146319389343262e-01,-3.078856505453586578e-02,6.640444695949554443e-02,-2.470605308189988136e-03,0.000000000000000000e+00,0.000000000000000000e+00,0.000000000000000000e+00,-1.100000000000000089e+00,2.000000000000000111e-01,-5.000000000000000000e-01,0.000000000000000000e+00,1.100000000000000089e+00,2.000000000000000111e-01,5.000000000000000000e-01,-3.679137229919433594e-01,7.700551152229309082e-01,-2.100198343396186829e-02,3.136923015117645264e-01,1.273528933525085449e-01,-2.546975016593933105e-01,-4.263342618942260742e-01,-7.676868438720703125e-01,1.151135787367820740e-01,4.558187425136566162e-01,3.449999999999999734e-01,1.654785871505737305e-01
-2.704245499476339021e-02,-3.384138379249759243e-01,4.791903635558455998e-01,9.969672560691833496e-01,-4.252551496028900146e-02,6.516551971435546875e-02,-1.158738043159246445e-03,0.000000000000000000e+00,0.000000000000000000e+00,0.000000000000000000e+00,-1.100000000000000089e+00,2.000000000000000111e-01,-5.000000000000000000e-01,0.000000000000000000e+00,1.100000000000000089e+00,2.000000000000000111e-01,5.000000000000000000e-01,-3.761853277683258057e-01,8.690790534019470215e-01,4.122423008084297180e-02,2.751276791095733643e-01,3.449999999999999734e-01,-2.044055163860321045e-01,-3.129275143146514893e-01,-6.792756915092468262e-01,9.493640065193176270e-02,3.926961719989776611e-01,3.449999999999999734e-01,1.976680904626846313e-01
-2.603133804987965358e-02,-3.834833091512472869e-01,4.840642312741038622e-01,9.975423216819763184e-01,-4.900053143501281738e-02,5.006930232048034668e-02,-1.168308313935995102e-03,0.000000000000000000e+00,0.000000000000000000e+00,0.000000000000000000e+00,-1.100000000000000089e+00,2.000000000000000111e-01,-5.000000000000000000e-01,0.000000000000000000e+00,1.100000000000000089e+00,2.000000000000000111e-01,5.000000000000000000e-01,-3.508969545364379883e-01,9.349163770675659180e-01,1.085674837231636047e-01,3.076275289058685303e-01,3.449999999999999734e-01,-1.764224767684936523e-01,-1.524432152509689331e-01,-5.820908546447753906e-01,5.601745471358299255e-02,2.962095439434051514e-01,2.715489566326141357e-01,2.510216832160949707e-01
-2.795933610091757421e-02,-4.251047892575011145e-01,4.874429474402256490e-01,9.984235763549804688e-01,-4.960101097822189331e-02,2.585806511342525482e-02,-4.640283528715372086e-03,0.000000000000000000e+00,0.000000000000000000e+00,0.000000000000000000e+00,-1.100000000000000089e+00,2.000000000000000111e-01,-5.000000000000000000e-01,0.000000000000000000e+00,1.100000000000000089e+00,2.000000000000000111e-01,5.000000000000000000e-01,-2.941373884677886963e-01,9.554891586303710938e-01,1.382917910814285278e-01,3.720247447490692139e-01,3.449999999999999734e-01,-1.664380133152008057e-01,-5.352989584207534790e-02,-4.994597434997558594e-01,4.604813829064369202e-02,2.761438488960266113e-01,6.988311558961868286e-02,2.727400660514831543e-01
-3.123168241256151986e-02,-4.609362782665876179e-01,4.910906256389136471e-01,9.987028241157531738e-01,-4.837604239583015442e-02,1.683335402049124241e-03,-1.579829864203929901e-02,0.000000000000000000e+00,0.000000000000000000e+00,0.000000000000000000e+00,-1.100000000000000089e+00,2.000000000000000111e-01,-5.000000000000000000e-01,0.000000000000000000e+00,1.100000000000000089e+00,2.000000000000000111e-01,5.000000000000000000e-01,-2.174267023801803589e-01,9.453558921813964844e-01,1.688456535339355469e-01,4.479346275329589844e-01,3.449999999999999734e-01,-1.718874275684356689e-01,9.259835816919803619e-03,-4.259319901466369629e-01,5.434171855449676514e-02,2.595701515674591064e-01,-9.853307157754898071e-02,2.799002230167388916e-01
-3.528630685112956605e-02,-4.900191785545662260e-01,4.979609489508650677e-01,9.984629750251770020e-01,-4.954134672880172729e-02,-1.346620358526706696e-02,-2.087974920868873596e-02,0.000000000000000000e+00,0.000000000000000000e+00,0.000000000000000000e+00,-1.100000000000000089e+00,2.000000000000000111e-01,-5.000000000000000000e-01,0.000000000000000000e+00,1.100000000000000089e+00,2.000000000000000111e-01,5.000000000000000000e-01,-1.624365597963333130e-01,9.248468279838562012e-01,2.391315847635269165e-01,4.991717040538787842e-01,3.449999999999999734e-01,-1.702111214399337769e-01,4.412912949919700623e-02,-3.577981591224670410e-01,5.488418042659759521e-02,2.558026313781738281e-01,-1.660928577184677124e-01,2.748143672943115234e-01
-3.951350885970197901e-02,-5.162196844018468456e-01,5.056399021711613928e-01,9.984332919120788574e-01,-4.701653495430946350e-02,-2.388394437730312347e-02,-1.870620623230934143e-02,0.000000000000000000e+00,0.000000000000000000e+00,0.000000000000000000e+00,-1.100000000000000089e+00,2.000000000000000111e-01,-5.000000000000000000e-01,0.000000000000000000e+00,1.100000000000000089e+00,2.000000000000000111e-01,5.000000000000000000e-01,-1.251653134822845459e-01,8.918800354003906250e-01,3.306695818901062012e-01,5.542707443237304688e-01,2.422567456960678101e-01,-1.504978686571121216e-01,8.237664401531219482e-02,-3.060823380947113037e-01,3.959672898054122925e-02,2.305871546268463135e-01,-2.062767148017883301e-01,2.708634436130523682e-01
-4.385623053873352606e-02,-5.402607298792914126e-01,5.121798979235117066e-01,9.985370635986328125e-01,-4.201554507017135620e-02,-3.103640675544738770e-02,-1.397089380770921707e-02,0.000000000000000000e+00,0.000000000000000000e+00,0.000000000000000000e+00,-1.100000000000000089e+00,2.000000000000000111e-01,-5.000000000000000000e-01,0.000000000000000000e+00,1.100000000000000089e+00,2.000000000000000111e-01,5.000000000000000000e-01,-1.010117903351783752e-01,8.488205075263977051e-01,4.149311184883117676e-01,6.146203875541687012e-01,1.330226510763168335e-01,-1.300809681415557861e-01,1.176897734403610229e-01,-2.652899324893951416e-01,2.227375097572803497e-02,1.923583298921585083e-01,-2.291416823863983154e-01,2.682932615280151367e-01
-4.852416252350490872e-02,-5.622897085058267130e-01,5.179000120369171567e-01,9.986569285392761230e-01,-3.705971315503120422e-02,-3.550306335091590881e-02,-7.097994908690452576e-03,0.000000000000000000e+00,0.000000000000000000e+00,0.000000000000000000e+00,-1.100000000000000089e+00,2.000000000000000111e-01,-5.000000000000000000e-01,0.000000000000000000e+00,1.100000000000000089e+00,2.000000000000000111e-01,5.000000000000000000e-01,-9.200017899274826050e-02,7.994410395622253418e-01,4.811117649078369141e-01,6.719181537628173828e-01,2.516871690750122070e-02,-1.171157285571098328e-01,1.435142010450363159e-01,-2.302287817001342773e-01,6.227071397006511688e-03,1.571783870458602905e-01,-2.388670891523361206e-01,2.656844854354858398e-01
-5.351537935642732696e-02,-5.815761712170911535e-01,5.227150053862068546e-01,9.986142516136169434e-01,-3.700665757060050964e-02,-3.731616958975791931e-02,-2.765109529718756676e-03,0.000000000000000000e+00,0.000000000000000000e+00,0.000000000000000000e+00,-1.100000000000000089e+00,2.000000000000000111e-01,-5.000000000000000000e-01,0.000000000000000000e+00,1.100000000000000089e+00,2.000000000000000111e-01,5.000000000000000000e-01,-9.474697709083557129e-02,7.549445033073425293e-01,5.196921825408935547e-01,7.178742885589599609e-01,-5.752187594771385193e-02,-1.100077107548713684e-01,1.464390605688095093e-01,-1.905393749475479126e-01,-1.909319078549742699e-03,1.465352624654769897e-01,-2.353748232126235962e-01,2.601258754730224609e-01
-5.889137112243909844e-02,-5.997766135693198830e-01,5.264793113017022241e-01,9.985415339469909668e-01,-3.857252374291419983e-02,-3.774974867701530457e-02,1.384305651299655437e-03,0.000000000000000000e+00,0.000000000000000000e+00,0.000000000000000000e+00,-1.100000000000000089e+00,2.000000000000000111e-01,-5.000000000000000000e-01,0.000000000000000000e+00,1.100000000000000089e+00,2.000000000000000111e-01,5.000000000000000000e-01,-1.119374483823776245e-01,7.085870504379272461e-01,5.333018302917480469e-01,7.566049695014953613e-01,-1.251636445522308350e-01,-1.041456013917922974e-01,1.402156800031661987e-01,-1.520076841115951538e-01,-1.018278021365404129e-02,1.404810994863510132e-01,-2.268324047327041626e-01,2.538695037364959717e-01
-6.484073924681529877e-02,-6.159159132567318951e-01,5.294050518927549964e-01,9.983697533607482910e-01,-4.282986745238304138e-02,-3.746261447668075562e-02,4.466974176466464996e-03,0.000000000000000000e+00,0.000000000000000000e+00,0.000000000000000000e+00,-1.100000000000000089e+00,2.000000000000000111e-01,-5.000000000000000000e-01,0.000000000000000000e+00,1.100000000000000089e+00,2.000000000000000111e-01,5.000000000000000000e-01,-1.478040963411331177e-01,6.516571640968322754e-01,4.983842670917510986e-01,7.854204177856445312e-01,-1.833906173706054688e-01,-1.109248772263526917e-01,1.286236196756362915e-01,-1.097373142838478088e-01,-1.857520453631877899e-02,1.347263753414154053e-01,-2.125224322080612183e-01,2.454141378402709961e-01
-7.071960240800045927e-02,-6.288134689523716681e-01,5.319475278152961950e-01,9.981582760810852051e-01,-4.684253036975860596e-02,-3.825961798429489136e-02,4.696151241660118103e-03,0.000000000000000000e+00,0.000000000000000000e+00,0.000000000000000000e+00,-1.100000000000000089e+00,2.000000000000000111e-01,-5.000000000000000000e-01,0.000000000000000000e+00,1.100000000000000089e+00,2.000000000000000111e-01,5.000000000000000000e-01,-1.867014318704605103e-01,5.747076272964477539e-01,4.116772711277008057e-01,7.979691624641418457e-01,-2.362444698810577393e-01,-1.321123242378234863e-01,1.173575893044471741e-01,-7.053161412477493286e-02,-1.965042203664779663e-02,1.286194920539855957e-01,-1.966403722763061523e-01,2.359291315078735352e-01
-7.579253960532521261e-02,-6.395597850997941647e-01,5.340741879372584711e-01,9.979096651077270508e-01,-4.934461414813995361e-02,-4.172271117568016052e-02,-8.193416288122534752e-04,0.000000000000000000e+00,0.000000000000000000e+00,0.000000000000000000e+00,-1.100000000000000089e+00,2.000000000000000111e-01,-5.000000000000000000e-01,0.000000000000000000e+00,1.100000000000000089e+00,2.000000000000000111e-01,5.000000000000000000e-01,-2.137983143329620361e-01,4.749857187271118164e-01,2.715310752391815186e-01,8.017259836196899414e-01,-2.920749187469482422e-01,-1.586473435163497925e-01,1.096720844507217407e-01,-3.616337850689888000e-02,-5.817769095301628113e-03,1.242420896887779236e-01,-1.856413781642913818e-01,2.299782931804656982e-01
-7.950735451390195108e-02,-6.480273559253023619e-01,5.348853505229709260e-01,9.974265694618225098e-01,-5.199578776955604553e-02,-4.790194705128669739e-02,-1.191993150860071182e-02,0.000000000000000000e+00,0.000000000000000000e+00,0.000000000000000000e+00,-1.100000000000000089e+00,2.000000000000000111e-01,-5.000000000000000000e-01,0.000000000000000000e+00,1.100000000000000089e+00,2.000000000000000111e-01,5.000000000000000000e-01,-1.966059952974319458e-01,3.561495840549468994e-01,1.127897650003433228e-01,7.514277100563049316e-01,-3.437060415744781494e-01,-2.120776474475860596e-01,1.140681803226470947e-01,-5.136657971888780594e-03,1.368482597172260284e-02,1.163331419229507446e-01,-1.858927458524703979e-01,2.334616780281066895e-01
-8.181943983460465697e-02,-6.543573470526572455e-01,5.341539049953824003e-01,9.966601133346557617e-01,-5.579562857747077942e-02,-5.369455739855766296e-02,-2.592856250703334808e-02,0.000000000000000000e+00,0.000000000000000000e+00,0.000000000000000000e+00,-1.100000000000000089e+00,2.000000000000000111e-01,-5.000000000000000000e-01,0.000000000000000000e+00,1.100000000000000089e+00,2.000000000000000111e-01,5.000000000000000000e-01,-1.441287398338317871e-01,2.794596254825592041e-01,1.096242014318704605e-02,6.587559580802917480e-01,-3.680458664894104004e-01,-2.511167526245117188e-01,1.190736442804336548e-01,2.250753156840801239e-02,3.314490616321563721e-02,1.114765629172325134e-01,-2.009973675012588501e-01,2.456747591495513916e-01
-8.318555977872826857e-02,-6.601526111010650455e-01,5.330285243388980243e-01,9.957916736602783203e-01,-6.052512302994728088e-02,-5.721515044569969177e-02,-3.823706880211830139e-02,0.000000000000000000e+00,0.000000000000000000e+00,0.000000000000000000e+00,-1.100000000000000089e+00,2.000000000000000111e-01,-5.000000000000000000e-01,0.000000000000000000e+00,1.100000000000000089e+00,2.000000000000000111e-01,5.000000000000000000e-01,-1.184687912464141846e-01,2.945923507213592529e-01,1.985991001129150391e-02,6.453253030776977539e-01,-3.949724137783050537e-01,-2.282215952873229980e-01,1.228546202182769775e-01,4.932555183768272400e-02,5.592413246631622314e-02,1.098307967185974121e-01,-2.153708338737487793e-01,2.527716457843780518e-01
-8.465696229063200684e-02,-6.659657699682496323e-01,5.326617013136244472e-01,9.954948425292968750e-01,-6.046775355935096741e-02,-5.940961092710494995e-02,-4.247495532035827637e-02,0.000000000000000000e+00,0.000000000000000000e+00,0.000000000000000000e+00,-1.100000000000000089e+00,2.000000000000000111e-01,-5.000000000000000000e-01,0.000000000000000000e+00,1.100000000000000089e+00,2.000000000000000111e-01,5.000000000000000000e-01,-1.257262229919433594e-01,3.173604905605316162e-01,4.339756816625595093e-02,6.767543554306030273e-01,-3.981080055236816406e-01,-2.045460641384124756e-01,1.267715394496917725e-01,6.312745809555053711e-02,6.467095762491226196e-02,1.125679612159729004e-01,-2.277090996503829956e-01,2.555978596210479736e-01
-8.616776661928554626e-02,-6.700797514376616304e-01,5.332773495104277117e-01,9.961931109428405762e-01,-5.291119590401649475e-02,-5.917303264141082764e-02,-3.603120893239974976e-02,0.000000000000000000e+00,0.000000000000000000e+00,0.000000000000000000e+00,-1.100000000000000089e+00,2.000000000000000111e-01,-5.000000000000000000e-01,0.000000000000000000e+00,1.100000000000000089e+00,2.000000000000000111e-01,5.000000000000000000e-01,-1.477616131305694580e-01,3.050908148288726807e-01,3.438543900847434998e-02,6.991149783134460449e-01,-3.753037154674530029e-01,-1.991131305694580078e-01,1.225376278162002563e-01,5.381106957793235779e-02,4.904805496335029602e-02,1.222352460026741028e-01,-2.371733635663986206e-01,2.582448124885559082e-01
-8.719526552341201608e-02,-6.733941957256709410e-01,5.351563054819902243e-01,9.974256753921508789e-01,-4.179164022207260132e-02,-5.419292673468589783e-02,-2.141362242400646210e-02,0.000000000000000000e+00,0.000000000000000000e+00,0.000000000000000000e+00,-1.100000000000000089e+00,2.000000000000000111e-01,-5.000000000000000000e-01,0.000000000000000000e+00,1.100000000000000089e+00,2.000000000000000111e-01,5.000000000000000000e-01,-1.522949337959289551e-01,2.690701484680175781e-01,1.328254863619804382e-02,6.607012152671813965e-01,-3.425357639789581299e-01,-2.204098999500274658e-01,1.103260070085525513e-01,2.943104133009910583e-02,1.945558376610279083e-02,1.302203834056854248e-01,-2.398613542318344116e-01,2.581916749477386475e-01
-8.777620358449039761e-02,-6.762132317128807246e-01,5.372561441354378742e-01,9.984052181243896484e-01,-3.177595138549804688e-02,-4.611234739422798157e-02,-7.138365413993597031e-03,0.000000000000000000e+00,0.000000000000000000e+00,0.000000000000000000e+00,-1.100000000000000089e+00,2.000000000000000111e-01,-5.000000000000000000e-01,0.000000000000000000e+00,1.100000000000000089e+00,2.000000000000000111e-01,5.000000000000000000e-01,-1.427939832210540771e-01,2.417785078287124634e-01,2.064962685108184814e-02,5.909105539321899414e-01,-3.190594911575317383e-01,-2.443548887968063354e-01,9.776411950588226318e-02,4.046448506414890289e-03,-1.084455847740173340e-02,1.302077919244766235e-01,-2.367927432060241699e-01,2.577350139617919922e-01
-8.762948475420626049e-02,-6.776294135543131647e-01,5.391130948774139897e-01,9.990004301071166992e-01,-2.233553677797317505e-02,-3.870838135480880737e-02,9.848438203334808350e-04,0.000000000000000000e+00,0.000000000000000000e+00,0.000000000000000000e+00,-1.100000000000000089e+00,2.000000000000000111e-01,-5.000000000000000000e-01,0.000000000000000000e+00,1.100000000000000089e+00,2.000000000000000111e-01,5.000000000000000000e-01,-1.263431012630462646e-01,2.314803749322891235e-01,6.928241997957229614e-02,5.372437238693237305e-01,-3.256878554821014404e-01,-2.274719327688217163e-01,8.652006834745407104e-02,-2.037420310080051422e-02,-3.225287422537803650e-02,1.252881139516830444e-01,-2.318367511034011841e-01,2.599362432956695557e-01
-8.696824317487578115e-02,-6.781431318669005615e-01,5.402218262941548277e-01,9.993011951446533203e-01,-1.684909500181674957e-02,-3.300340846180915833e-02,4.905600100755691528e-03,0.000000000000000000e+00,0.000000000000000000e+00,0.000000000000000000e+00,-1.100000000000000089e+00,2.000000000000000111e-01,-5.000000000000000000e-01,0.000000000000000000e+00,1.100000000000000089e+00,2.000000000000000111e-01,5.000000000000000000e-01,-1.049534976482391357e-01,2.128565907478332520e-01,9.504740685224533081e-02,4.842436015605926514e-01,-3.229880928993225098e-01,-1.964521855115890503e-01,7.856943458318710327e-02,-3.574799373745918274e-02,-4.565368965268135071e-02,1.200975701212882996e-01,-2.225826382637023926e-01,2.584102451801300049e-01
-8.583900641330113879e-02,-6.770600178589423201e-01,5.401066102335850827e-01,9.993745684623718262e-01,-1.927514746785163879e-02,-2.923521026968955994e-02,4.926011897623538971e-03,0.000000000000000000e+00,0.000000000000000000e+00,0.000000000000000000e+00,-1.100000000000000089e+00,2.000000000000000111e-01,-5.000000000000000000e-01,0.000000000000000000e+00,1.100000000000000089e+00,2.000000000000000111e-01,5.000000000000000000e-01,-7.005783915519714355e-02,1.965401321649551392e-01,8.126837015151977539e-02,4.042303264141082764e-01,-2.872188091278076172e-01,-1.962134093046188354e-01,7.142094522714614868e-02,-3.299197182059288025e-02,-5.382016301155090332e-02,1.150299534201622009e-01,-2.118137925863265991e-01,2.444811314344406128e-01
-8.469897463343886712e-02,-6.764054660770025817e-01,5.407129996262415306e-01,9.994691014289855957e-01,-1.883037574589252472e-02,-2.619651146233081818e-02,4.542599897831678391e-03,0.000000000000000000e+00,0.000000000000000000e+00,0.000000000000000000e+00,-1.100000000000000089e+00,2.000000000000000111e-01,-5.000000000000000000e-01,0.000000000000000000e+00,1.100000000000000089e+00,2.000000000000000111e-01,5.000000000000000000e-01,-5.641626939177513123e-02,1.912745237350463867e-01,8.385650068521499634e-02,3.645824790000915527e-01,-2.686183750629425049e-01,-1.864783614873886108e-01,6.519326567649841309e-02,-3.561978042125701904e-02,-5.348432809114456177e-02,1.177200227975845337e-01,-2.020914852619171143e-01,2.194183021783828735e-01
-8.268339421167367198e-02,-6.754545080044654926e-01,5.419971500901561434e-01,9.995983839035034180e-01,-1.394130103290081024e-02,-2.369482256472110748e-02,6.876460276544094086e-03,0.000000000000000000e+00,0.000000000000000000e+00,0.000000000000000000e+00,-1.100000000000000089e+00,2.000000000000000111e-01,-5.000000000000000000e-01,0.000000000000000000e+00,1.100000000000000089e+00,2.000000000000000111e-01,5.000000000000000000e-01,-3.004525974392890930e-02,1.742624193429946899e-01,9.051347523927688599e-02,3.032413721084594727e-01,-2.419152110815048218e-01,-1.814411282539367676e-01,6.396792829036712646e-02,-4.898592829704284668e-02,-5.931381508708000183e-02,1.183625906705856323e-01,-1.948118507862091064e-01,2.004892826080322266e-01
-8.008944992549868469e-02,-6.745942696048454756e-01,5.433130213001159392e-01,9.996978044509887695e-01,-8.570862002670764923e-03,-2.074851840734481812e-02,1.001768372952938080e-02,0.000000000000000000e+00,0.000000000000000000e+00,0.000000000000000000e+00,-1.100000000000000089e+00,2.000000000000000111e-01,-5.000000000000000000e-01,0.000000000000000000e+00,1.100000000000000089e+00,2.000000000000000111e-01,5.000000000000000000e-01,-3.636029083281755447e-03,1.546638011932373047e-01,9.345582872629165649e-02,2.440727055072784424e-01,-2.168453633785247803e-01,-1.788285821676254272e-01,6.278372555971145630e-02,-6.430169194936752319e-02,-6.766875833272933960e-02,1.180633082985877991e-01,-1.879073828458786011e-01,1.894483566284179688e-01
-7.724084181607597521e-02,-6.740993180163581400e-01,5.440813774863878516e-01,9.997452497482299805e-01,-4.414142575114965439e-03,-1.810148358345031738e-02,1.274091470986604691e-02,0.000000000000000000e+00,0.000000000000000000e+00,0.000000000000000000e+00,-1.100000000000000089e+00,2.000000000000000111e-01,-5.000000000000000000e-01,0.000000000000000000e+00,1.100000000000000089e+00,2.000000000000000111e-01,5.000000000000000000e-01,1.764076575636863708e-02,1.391861587762832642e-01,9.524474292993545532e-02,1.977031975984573364e-01,-1.959667056798934937e-01,-1.752486228942871094e-01,6.244194135069847107e-02,-7.685600221157073975e-02,-7.371307164430618286e-02,1.184149235486984253e-01,-1.849544346332550049e-01,1.826979368925094604e-01
-7.441494995427101744e-02,-6.737880893352657941e-01,5.441811068476450908e-01,9.997361898422241211e-01,-2.340004546567797661e-03,-1.682375371456146240e-02,1.545987371355295181e-02,0.000000000000000000e+00,0.000000000000000000e+00,0.000000000000000000e+00,-1.100000000000000089e+00,2.000000000000000111e-01,-5.000000000000000000e-01,0.000000000000000000e+00,1.100000000000000089e+00,2.000000000000000111e-01,5.000000000000000000e-01,3.262566775083541870e-02,1.309058815240859985e-01,9.565398842096328735e-02,1.702256798744201660e-01,-1.853192895650863647e-01,-1.753448247909545898e-01,6.487681716680526733e-02,-8.380601555109024048e-02,-7.873635739088058472e-02,1.197328716516494751e-01,-1.867850869894027710e-01,1.778949201107025146e-01
-7.192347011331355622e-02,-6.737289243311893605e-01,5.440604517586303812e-01,9.996997714042663574e-01,-1.210427377372980118e-03,-1.627474837005138397e-02,1.827630400657653809e-02,0.000000000000000000e+00,0.000000000000000000e+00,0.000000000000000000e+00,-1.100000000000000089e+00,2.000000000000000111e-01,-5.000000000000000000e-01,0.000000000000000000e+00,1.100000000000000089e+00,2.000000000000000111e-01,5.000000000000000000e-01,4.192937538027763367e-02,1.268133819103240967e-01,9.481865167617797852e-02,1.551408618688583374e-01,-1.792251914739608765e-01,-1.734240055084228516e-01,6.866773962974548340e-02,-8.726977556943893433e-02,-8.413460850715637207e-02,1.217539831995964050e-01,-1.900297552347183228e-01,1.723811179399490356e-01
-6.969696645201607643e-02,-6.738207235059352485e-01,5.440655586326663684e-01,9.996442794799804688e-01,-4.788093210663646460e-04,-1.607244275510311127e-02,2.127592451870441437e-02,0.000000000000000000e+00,0.000000000000000000e+00,0.000000000000000000e+00,-1.100000000000000089e+00,2.000000000000000111e-01,-5.000000000000000000e-01,0.000000000000000000e+00,1.100000000000000089e+00,2.000000000000000111e-01,5.000000000000000000e-01,4.892030730843544006e-02,1.245624795556068420e-01,9.278346598148345947e-02,1.441365331411361694e-01,-1.744955778121948242e-01,-1.713368743658065796e-01,7.417842000722885132e-02,-8.891133219003677368e-02,-9.006114304065704346e-02,1.225630417466163635e-01,-1.916847229003906250e-01,1.674805730581283569e-01
-6.767708878258638094e-02,-6.741146801577674319e-01,5.441802349423218166e-01,9.995913505554199219e-01,1.231939240824431181e-04,-1.586586423218250275e-02,2.377853728830814362e-02,0.000000000000000000e+00,0.000000000000000000e+00,0.000000000000000000e+00,-1.100000000000000089e+00,2.000000000000000111e-01,-5.000000000000000000e-01,0.000000000000000000e+00,1.100000000000000089e+00,2.000000000000000111e-01,5.000000000000000000e-01,5.564074218273162842e-02,1.228592321276664734e-01,9.133313596248626709e-02,1.341853439807891846e-01,-1.709914207458496094e-01,-1.701152175664901733e-01,8.006109297275543213e-02,-8.979728072881698608e-02,-9.526643157005310059e-02,1.217751130461692810e-01,-1.911469399929046631e-01,1.641358435153961182e-01
-6.591110682933393194e-02,-6.746647693781238075e-01,5.442533919508709683e-01,9.995479583740234375e-01,6.113538984209299088e-04,-1.576262153685092926e-02,2.559454925358295441e-02,0.000000000000000000e+00,0.000000000000000000e+00,0.000000000000000000e+00,-1.100000000000000089e+00,2.000000000000000111e-01,-5.000000000000000000e-01,0.000000000000000000e+00,1.100000000000000089e+00,2.000000000000000111e-01,5.000000000000000000e-01,6.181845441460609436e-02,1.217535510659217834e-01,9.070312976837158203e-02,1.272667199373245239e-01,-1.691168993711471558e-01,-1.694395840167999268e-01,8.546572178602218628e-02,-9.040816873311996460e-02,-9.931054711341857910e-02,1.209883168339729309e-01,-1.903677582740783691e-01,1.612063050270080566e-01
-6.441924049189746981e-02,-6.751924381758829252e-01,5.442176023133173945e-01,9.995105266571044922e-01,7.759016007184982300e-04,-1.606850698590278625e-02,2.683094330132007599e-02,0.000000000000000000e+00,0.000000000000000000e+00,0.000000000000000000e+00,-1.100000000000000089e+00,2.000000000000000111e-01,-5.000000000000000000e-01,0.000000000000000000e+00,1.100000000000000089e+00,2.000000000000000111e-01,5.000000000000000000e-01,6.722506135702133179e-02,1.216922998428344727e-01,9.010252356529235840e-02,1.233745813369750977e-01,-1.686743795871734619e-01,-1.696608215570449829e-01,9.065130352973937988e-02,-9.019949287176132202e-02,-1.023393422365188599e-01,1.205136254429817200e-01,-1.903451681137084961e-01,1.579552590847015381e-01
-6.315212851117431303e-02,-6.755636207277726513e-01,5.440894737501036360e-01,9.994741082191467285e-01,7.427613600157201290e-04,-1.660572364926338196e-02,2.784201130270957947e-02,0.000000000000000000e+00,0.000000000000000000e+00,0.000000000000000000e+00,-1.100000000000000089e+00,2.000000000000000111e-01,-5.000000000000000000e-01,0.000000000000000000e+00,1.100000000000000089e+00,2.000000000000000111e-01,5.000000000000000000e-01,7.157474011182785034e-02,1.224189102649688721e-01,8.928123861551284790e-02,1.218040958046913147e-01,-1.690125763416290283e-01,-1.697645336389541626e-01,9.554117918014526367e-02,-8.956006169319152832e-02,-1.053088903427124023e-01,1.202722862362861633e-01,-1.907521486282348633e-01,1.545420438051223755e-01
-6.208388879283735506e-02,-6.757769468968565230e-01,5.439239778158941885e-01,9.994444251060485840e-01,5.481386906467378139e-04,-1.712235063314437866e-02,2.858826331794261932e-02,0.000000000000000000e+00,0.000000000000000000e+00,0.000000000000000000e+00,-1.100000000000000089e+00,2.000000000000000111e-01,-5.000000000000000000e-01,0.000000000000000000e+00,1.100000000000000089e+00,2.000000000000000111e-01,5.000000000000000000e-01,7.510334253311157227e-02,1.237199380993843079e-01,8.838140964508056641e-02,1.216047555208206177e-01,-1.699995249509811401e-01,-1.698129028081893921e-01,9.971922636032104492e-02,-8.846937119960784912e-02,-1.080440133810043335e-01,1.201129332184791565e-01,-1.913956850767135620e-01,1.512715518474578857e-01
-6.123182969553527671e-02,-6.759335161813281312e-01,5.437756293530415785e-01,9.994266033172607422e-01,3.708045114763081074e-04,-1.730847917497158051e-02,2.909897081553936005e-02,0.000000000000000000e+00,0.000000000000000000e+00,0.000000000000000000e+00,-1.100000000000000089e+00,2.000000000000000111e-01,-5.000000000000000000e-01,0.000000000000000000e+00,1.100000000000000089e+00,2.000000000000000111e-01,5.000000000000000000e-01,7.724770903587341309e-02,1.250110268592834473e-01,8.737485855817794800e-02,1.220927909016609192e-01,-1.716323643922805786e-01,-1.695532351732254028e-01,1.025854200124740601e-01,-8.750660717487335205e-02,-1.106319651007652283e-01,1.199808195233345032e-01,-1.923367530107498169e-01,1.484929025173187256e-01
-6.064678641356000682e-02,-6.760191704995102135e-01,5.437025969023957517e-01,9.994173049926757812e-01,2.449791354592889547e-04,-1.728591509163379669e-02,2.943173609673976898e-02,0.000000000000000000e+00,0.000000000000000000e+00,0.000000000000000000e+00,-1.100000000000000089e+00,2.000000000000000111e-01,-5.000000000000000000e-01,0.000000000000000000e+00,1.100000000000000089e+00,2.000000000000000111e-01,5.000000000000000000e-01,7.871530950069427490e-02,1.261985301971435547e-01,8.705692738294601440e-02,1.227637305855751038e-01,-1.733933538198471069e-01,-1.689815968275070190e-01,1.042056456208229065e-01,-8.666042983531951904e-02,-1.130002737045288086e-01,1.202632561326026917e-01,-1.935243606567382812e-01,1.459884941577911377e-01
-6.034360728696967074e-02,-6.760077942110070959e-01,5.436974900283596535e-01,9.994128346443176270e-01,1.537791977170854807e-04,-1.692880317568778992e-02,2.978879585862159729e-02,0.000000000000000000e+00,0.000000000000000000e+00,0.000000000000000000e+00,-1.100000000000000089e+00,2.000000000000000111e-01,-5.000000000000000000e-01,0.000000000000000000e+00,1.100000000000000089e+00,2.000000000000000111e-01,5.000000000000000000e-01,7.883578538894653320e-02,1.271976083517074585e-01,8.686395734548568726e-02,1.234675273299217224e-01,-1.746538728475570679e-01,-1.683048009872436523e-01,1.048856228590011597e-01,-8.597460389137268066e-02,-1.154212728142738342e-01,1.203188523650169373e-01,-1.940271258354187012e-01,1.444598138332366943e-01
-6.021345984773954912e-02,-6.758030625372523081e-01,5.437086587203572297e-01,9.994037151336669922e-01,5.094368680147454143e-05,-1.655243523418903351e-02,3.030267171561717987e-02,0.000000000000000000e+00,0.000000000000000000e+00,0.000000000000000000e+00,-1.100000000000000089e+00,2.000000000000000111e-01,-5.000000000000000000e-01,0.000000000000000000e+00,1.100000000000000089e+00,2.000000000000000111e-01,5.000000000000000000e-01,7.829582691192626953e-02,1.279500573873519897e-01,8.604769408702850342e-02,1.241774559020996094e-01,-1.752887070178985596e-01,-1.680388599634170532e-01,1.053197309374809265e-01,-8.537470549345016479e-02,-1.178129836916923523e-01,1.202559918165206909e-01,-1.942159384489059448e-01,1.435302793979644775e-01
-6.008789510136902656e-02,-6.755519538041617755e-01,5.437260968268218253e-01,9.993906617164611816e-01,-5.510918708750978112e-05,-1.613567955791950226e-02,3.095136210322380066e-02,0.000000000000000000e+00,0.000000000000000000e+00,0.000000000000000000e+00,-1.100000000000000089e+00,2.000000000000000111e-01,-5.000000000000000000e-01,0.000000000000000000e+00,1.100000000000000089e+00,2.000000000000000111e-01,5.000000000000000000e-01,7.700901478528976440e-02,1.284311413764953613e-01,8.459820598363876343e-02,1.249942258000373840e-01,-1.756084561347961426e-01,-1.673818230628967285e-01,1.054057478904724121e-01,-8.497058600187301636e-02,-1.203180924057960510e-01,1.201782301068305969e-01,-1.940464824438095093e-01,1.430726945400238037e-01
-5.990282281668800335e-02,-6.753362195156138448e-01,5.437192461421392897e-01,9.993656277656555176e-01,-1.370294048683717847e-04,-1.565332524478435516e-02,3.198980167508125305e-02,0.000000000000000000e+00,0.000000000000000000e+00,0.000000000000000000e+00,-1.100000000000000089e+00,2.000000000000000111e-01,-5.000000000000000000e-01,0.000000000000000000e+00,1.100000000000000089e+00,2.000000000000000111e-01,5.000000000000000000e-01,7.501787692308425903e-02,1.284009367227554321e-01,8.171533048152923584e-02,1.258919388055801392e-01,-1.761890798807144165e-01,-1.663441956043243408e-01,1.052675545215606689e-01,-8.483746647834777832e-02,-1.233125850558280945e-01,1.200322732329368591e-01,-1.941738128662109375e-01,1.425495296716690063e-01
-5.968083987332353790e-02,-6.751484692360114614e-01,5.436751111250633928e-01,9.993253946304321289e-01,-1.503754319855943322e-04,-1.515877246856689453e-02,3.345042839646339417e-02,0.000000000000000000e+00,0.000000000000000000e+00,0.000000000000000000e+00,-1.100000000000000089e+00,2.000000000000000111e-01,-5.000000000000000000e-01,0.000000000000000000e+00,1.100000000000000089e+00,2.000000000000000111e-01,5.000000000000000000e-01,7.268445193767547607e-02,1.279173642396926880e-01,7.808141410350799561e-02,1.268230825662612915e-01,-1.770052909851074219e-01,-1.653324067592620850e-01,1.051333621144294739e-01,-8.495882898569107056e-02,-1.265178471803665161e-01,1.199090331792831421e-01,-1.951783448457717896e-01,1.422408074140548706e-01
-5.954603189254423917e-02,-6.750321321543117925e-01,5.436375361575622733e-01,9.992784261703491211e-01,-9.073253022506833076e-05,-1.459067780524492264e-02,3.506867960095405579e-02,0.000000000000000000e+00,0.000000000000000000e+00,0.000000000000000000e+00,-1.100000000000000089e+00,2.000000000000000111e-01,-5.000000000000000000e-01,0.000000000000000000e+00,1.100000000000000089e+00,2.000000000000000111e-01,5.000000000000000000e-01,7.030871510505676270e-02,1.270517408847808838e-01,7.429689168930053711e-02,1.273023933172225952e-01,-1.772557199001312256e-01,-1.642581671476364136e-01,1.045929789543151855e-01,-8.525140583515167236e-02,-1.292514801025390625e-01,1.199002265930175781e-01,-1.962171643972396851e-01,1.425635069608688354e-01
-5.955074952313244019e-02,-6.749796102384124641e-01,5.436446774773525670e-01,9.992356300354003906e-01,-3.928795558749698102e-05,-1.396947633475065231e-02,3.651100397109985352e-02,0.000000000000000000e+00,0.000000000000000000e+00,0.000000000000000000e+00,-1.100000000000000089e+00,2.000000000000000111e-01,-5.000000000000000000e-01,0.000000000000000000e+00,1.100000000000000089e+00,2.000000000000000111e-01,5.000000000000000000e-01,6.796224415302276611e-02,1.262422055006027222e-01,7.124330103397369385e-02,1.272684931755065918e-01,-1.765167713165283203e-01,-1.634503006935119629e-01,1.035891249775886536e-01,-8.551520109176635742e-02,-1.313728392124176025e-01,1.201370060443878174e-01,-1.966333091259002686e-01,1.431066393852233887e-01
-5.973736321186703252e-02,-6.749435299657511322e-01,5.437070394676141172e-01,9.992006421089172363e-01,-4.843020360567606986e-05,-1.316606625914573669e-02,3.774647042155265808e-02,0.000000000000000000e+00,0.000000000000000000e+00,0.000000000000000000e+00,-1.100000000000000089e+00,2.000000000000000111e-01,-5.000000000000000000e-01,0.000000000000000000e+00,1.100000000000000089e+00,2.000000000000000111e-01,5.000000000000000000e-01,6.521390378475189209e-02,1.255459934473037720e-01,6.854717433452606201e-02,1.269495934247970581e-01,-1.751826405525207520e-01,-1.628088206052780151e-01,1.018560081720352173e-01,-8.560573309659957886e-02,-1.329324394464492798e-01,1.204582303762435913e-01,-1.962536424398422241e-01,1.438896954059600830e-01
-6.007267308760095431e-02,-6.748239543785651273e-01,5.437832689044451717e-01,9.991726875305175781e-01,-1.415266306139528751e-04,-1.227881945669651031e-02,3.877007961273193359e-02,0.000000000000000000e+00,0.000000000000000000e+00,0.000000000000000000e+00,-1.100000000000000089e+00,2.000000000000000111e-01,-5.000000000000000000e-01,0.000000000000000000e+00,1.100000000000000089e+00,2.000000000000000111e-01,5.000000000000000000e-01,6.213378906250000000e-02,1.250384151935577393e-01,6.619683653116226196e-02,1.267026811838150024e-01,-1.739192903041839600e-01,-1.626780927181243896e-01,9.973936527967453003e-02,-8.552715927362442017e-02,-1.337929219007492065e-01,1.207261979579925537e-01,-1.956299096345901489e-01,1.445693671703338623e-01
-6.042734133747566100e-02,-6.746230009612109724e-01,5.438243730125402742e-01,9.991520643234252930e-01,-3.095454303547739983e-04,-1.146958861500024796e-02,3.954142332077026367e-02,0.000000000000000000e+00,0.000000000000000000e+00,0.000000000000000000e+00,-1.100000000000000089e+00,2.000000000000000111e-01,-5.000000000000000000e-01,0.000000000000000000e+00,1.100000000000000089e+00,2.000000000000000111e-01,5.000000000000000000e-01,5.920024588704109192e-02,1.248122826218605042e-01,6.453152000904083252e-02,1.264944225549697876e-01,-1.731464862823486328e-01,-1.632013171911239624e-01,9.770163148641586304e-02,-8.530332148075103760e-02,-1.342494785785675049e-01,1.209241375327110291e-01,-1.950568109750747681e-01,1.452213376760482788e-01
-6.070471621842847554e-02,-6.746834945829227603e-01,5.438255355529713064e-01,9.991405010223388672e-01,-4.677099059335887432e-04,-1.074276771396398544e-02,4.003332555294036865e-02,0.000000000000000000e+00,0.000000000000000000e+00,0.000000000000000000e+00,-1.100000000000000089e+00,2.000000000000000111e-01,-5.000000000000000000e-01,0.000000000000000000e+00,1.100000000000000089e+00,2.000000000000000111e-01,5.000000000000000000e-01,5.654739215970039368e-02,1.246271431446075439e-01,6.343054026365280151e-02,1.265770345926284790e-01,-1.728827059268951416e-01,-1.635969579219818115e-01,9.575117379426956177e-02,-8.507366478443145752e-02,-1.344415843486785889e-01,1.209048256278038025e-01,-1.946201324462890625e-01,1.456063240766525269e-01
-6.087627916051206733e-02,-6.750790904838629425e-01,5.437996275090809517e-01,9.991360902786254883e-01,-6.125863874331116676e-04,-9.991797618567943573e-03,4.033362865447998047e-02,0.000000000000000000e+00,0.000000000000000000e+00,0.000000000000000000e+00,-1.100000000000000089e+00,2.000000000000000111e-01,-5.000000000000000000e-01,0.000000000000000000e+00,1.100000000000000089e+00,2.000000000000000111e-01,5.000000000000000000e-01,5.395813286304473877e-02,1.244865208864212036e-01,6.264556944370269775e-02,1.268133074045181274e-01,-1.728800833225250244e-01,-1.640542745590209961e-01,9.387652575969696045e-02,-8.472596853971481323e-02,-1.340543627738952637e-01,1.204214170575141907e-01,-1.943194866180419922e-01,1.460576802492141724e-01
-6.098115691510640896e-02,-6.755338929081805555e-01,5.437383865399493255e-01,9.991393089294433594e-01,-7.250092457979917526e-04,-9.310767054557800293e-03,4.041611403226852417e-02,0.000000000000000000e+00,0.000000000000000000e+00,0.000000000000000000e+00,-1.100000000000000089e+00,2.000000000000000111e-01,-5.000000000000000000e-01,0.000000000000000000e+00,1.100000000000000089e+00,2.000000000000000111e-01,5.000000000000000000e-01,5.176336318254470825e-02,1.243956685066223145e-01,6.246847659349441528e-02,1.269830614328384399e-01,-1.731992810964584351e-01,-1.642319411039352417e-01,9.228757768869400024e-02,-8.443740755319595337e-02,-1.333763450384140015e-01,1.197862476110458374e-01,-1.943328529596328735e-01,1.464773118495941162e-01
-6.110377379109838136e-02,-6.756879295152846687e-01,5.436509468918195864e-01,9.991495013236999512e-01,-8.540379931218922138e-04,-8.725785650312900543e-03,4.029094055294990540e-02,0.000000000000000000e+00,0.000000000000000000e+00,0.000000000000000000e+00,-1.100000000000000089e+00,2.000000000000000111e-01,-5.000000000000000000e-01,0.000000000000000000e+00,1.100000000000000089e+00,2.000000000000000111e-01,5.000000000000000000e-01,4.991765692830085754e-02,1.244717985391616821e-01,6.273286789655685425e-02,1.274389475584030151e-01,-1.737852990627288818e-01,-1.644643992185592651e-01,9.103443473577499390e-02,-8.411002904176712036e-02,-1.326560229063034058e-01,1.190985292196273804e-01,-1.945389062166213989e-01,1.467218250036239624e-01
-6.126133434888389462e-02,-6.755447294457693763e-01,5.435904947894089068e-01,9.991637468338012695e-01,-9.746519499458372593e-04,-8.260772563517093658e-03,4.003259167075157166e-02,0.000000000000000000e+00,0.000000000000000000e+00,0.000000000000000000e+00,-1.100000000000000089e+00,2.000000000000000111e-01,-5.000000000000000000e-01,0.000000000000000000e+00,1.100000000000000089e+00,2.000000000000000111e-01,5.000000000000000000e-01,4.878040030598640442e-02,1.247145608067512512e-01,6.358728557825088501e-02,1.278907507658004761e-01,-1.743405610322952271e-01,-1.647372394800186157e-01,9.013555943965911865e-02,-8.363632857799530029e-02,-1.317754238843917847e-01,1.184227541089057922e-01,-1.949825286865234375e-01,1.467362642288208008e-01
-6.131761895144603042e-02,-6.753057443486019107e-01,5.435693614651458949e-01,9.991763830184936523e-01,-1.082468312233686447e-03,-7.930886000394821167e-03,3.978029265999794006e-02,0.000000000000000000e+00,0.000000000000000000e+00,0.000000000000000000e+00,-1.100000000000000089e+00,2.000000000000000111e-01,-5.000000000000000000e-01,0.000000000000000000e+00,1.100000000000000089e+00,2.000000000000000111e-01,5.000000000000000000e-01,4.817393794655799866e-02,1.250531673431396484e-01,6.461820006370544434e-02,1.284129470586776733e-01,-1.749441474676132202e-01,-1.651586741209030151e-01,8.950807899236679077e-02,-8.313883841037750244e-02,-1.310483664274215698e-01,1.179755181074142456e-01,-1.954095214605331421e-01,1.465492546558380127e-01
-6.121794148931524598e-02,-6.751311972067512990e-01,5.435695690616513254e-01,9.991821050643920898e-01,-1.160726067610085011e-03,-7.776319980621337891e-03,3.966519236564636230e-02,0.000000000000000000e+00,0.000000000000000000e+00,0.000000000000000000e+00,-1.100000000000000089e+00,2.000000000000000111e-01,-5.000000000000000000e-01,0.000000000000000000e+00,1.100000000000000089e+00,2.000000000000000111e-01,5.000000000000000000e-01,4.798116907477378845e-02,1.253797560930252075e-01,6.536540389060974121e-02,1.288684457540512085e-01,-1.751986891031265259e-01,-1.654271334409713745e-01,8.930166810750961304e-02,-8.269800245761871338e-02,-1.305480003356933594e-01,1.177911758422851562e-01,-1.958397924900054932e-01,1.461990922689437866e-01
-6.104889046494858112e-02,-6.750787168101529678e-01,5.435740946654719075e-01,9.991811513900756836e-01,-1.253436319530010223e-03,-7.809896487742662430e-03,3.967864811420440674e-02,0.000000000000000000e+00,0.000000000000000000e+00,0.000000000000000000e+00,-1.100000000000000089e+00,2.000000000000000111e-01,-5.000000000000000000e-01,0.000000000000000000e+00,1.100000000000000089e+00,2.000000000000000111e-01,5.000000000000000000e-01,4.808757826685905457e-02,1.257170289754867554e-01,6.544567644596099854e-02,1.292976588010787964e-01,-1.754750609397888184e-01,-1.656946986913681030e-01,8.968272060155868530e-02,-8.212972432374954224e-02,-1.303538382053375244e-01,1.176713109016418457e-01,-1.962607502937316895e-01,1.461620181798934937e-01
-6.079103484542833225e-02,-6.751477218885915121e-01,5.435657077666484760e-01,9.991772174835205078e-01,-1.360524212941527367e-03,-7.987750694155693054e-03,3.973922505974769592e-02,0.000000000000000000e+00,0.000000000000000000e+00,0.000000000000000000e+00,-1.100000000000000089e+00,2.000000000000000111e-01,-5.000000000000000000e-01,0.000000000000000000e+00,1.100000000000000089e+00,2.000000000000000111e-01,5.000000000000000000e-01,4.829716309905052185e-02,1.260680705308914185e-01,6.523422896862030029e-02,1.298105120658874512e-01,-1.760386973619461060e-01,-1.659173369407653809e-01,9.033393859863281250e-02,-8.139771968126296997e-02,-1.300290971994400024e-01,1.177465245127677917e-01,-1.965841948986053467e-01,1.464728862047195435e-01
-6.049879086476684514e-02,-6.752189274899886851e-01,5.435541238816398169e-01,9.991680979728698730e-01,-1.493483898229897022e-03,-8.299674838781356812e-03,3.990048542618751526e-02,0.000000000000000000e+00,0.000000000000000000e+00,0.000000000000000000e+00,-1.100000000000000089e+00,2.000000000000000111e-01,-5.000000000000000000e-01,0.000000000000000000e+00,1.100000000000000089e+00,2.000000000000000111e-01,5.000000000000000000e-01,4.839644581079483032e-02,1.265454888343811035e-01,6.479649990797042847e-02,1.307407617568969727e-01,-1.770403981208801270e-01,-1.661779582500457764e-01,9.123324602842330933e-02,-8.050919324159622192e-02,-1.296108663082122803e-01,1.178143173456192017e-01,-1.968811452388763428e-01,1.468980908393859863e-01
-6.028053427867666875e-02,-6.752995164534358885e-01,5.435483942180872052e-01,9.991554617881774902e-01,-1.666377647779881954e-03,-8.722123689949512482e-03,4.011915251612663269e-02,0.000000000000000000e+00,0.000000000000000000e+00,0.000000000000000000e+00,-1.100000000000000089e+00,2.000000000000000111e-01,-5.000000000000000000e-01,0.000000000000000000e+00,1.100000000000000089e+00,2.000000000000000111e-01,5.000000000000000000e-01,4.848678782582283020e-02,1.271342933177947998e-01,6.436197459697723389e-02,1.318229734897613525e-01,-1.781979501247406006e-01,-1.665537357330322266e-01,9.228629618883132935e-02,-7.952333986759185791e-02,-1.292099058628082275e-01,1.178420111536979675e-01,-1.969944089651107788e-01,1.473380923271179199e-01
-6.015984286027348943e-02,-6.754605698224269705e-01,5.435423739194268355e-01,9.991422891616821289e-01,-1.841865363530814648e-03,-9.240159764885902405e-03,4.032268375158309937e-02,0.000000000000000000e+00,0.000000000000000000e+00,0.000000000000000000e+00,-1.100000000000000089e+00,2.000000000000000111e-01,-5.000000000000000000e-01,0.000000000000000000e+00,1.100000000000000089e+00,2.000000000000000111e-01,5.000000000000000000e-01,4.843281954526901245e-02,1.276988983154296875e-01,6.405528634786605835e-02,1.332213282585144043e-01,-1.794778704643249512e-01,-1.668566614389419556e-01,9.341934323310852051e-02,-7.866317778825759888e-02,-1.288328170776367188e-01,1.177341490983963013e-01,-1.968934983015060425e-01,1.475764364004135132e-01
-6.010197014444404462e-02,-6.756875973608759134e-01,5.435155524509122094e-01,9.991271495819091797e-01,-1.980088185518980026e-03,-9.830524213612079620e-03,4.055191576480865479e-02,0.000000000000000000e+00,0.000000000000000000e+00,0.000000000000000000e+00,-1.100000000000000089e+00,2.000000000000000111e-01,-5.000000000000000000e-01,0.000000000000000000e+00,1.100000000000000089e+00,2.000000000000000111e-01,5.000000000000000000e-01,4.859463497996330261e-02,1.282441318035125732e-01,6.409532576799392700e-02,1.345708519220352173e-01,-1.804504543542861938e-01,-1.671813279390335083e-01,9.475699812173843384e-02,-7.804150879383087158e-02,-1.286542266607284546e-01,1.175290420651435852e-01,-1.967797279357910156e-01,1.479184627532958984e-01
-6.012591121144442163e-02,-6.760014002386367515e-01,5.434568856784490753e-01,9.991129040718078613e-01,-2.095773583278059959e-03,-1.043715141713619232e-02,4.074414819478988647e-02,0.000000000000000000e+00,0.000000000000000000e+00,0.000000000000000000e+00,-1.100000000000000089e+00,2.000000000000000111e-01,-5.000000000000000000e-01,0.000000000000000000e+00,1.100000000000000089e+00,2.000000000000000111e-01,5.000000000000000000e-01,4.917895421385765076e-02,1.287917196750640869e-01,6.417111307382583618e-02,1.357941627502441406e-01,-1.810702830553054810e-01,-1.674575656652450562e-01,9.627237915992736816e-02,-7.750364392995834351e-02,-1.285955905914306641e-01,1.173328608274459839e-01,-1.968402266502380371e-01,1.479921936988830566e-01
-6.022720792631835324e-02,-6.763754061030017306e-01,5.433955201514140132e-01,9.990977644920349121e-01,-2.143542282283306122e-03,-1.106326095759868622e-02,4.094583913683891296e-02,0.000000000000000000e+00,0.000000000000000000e+00,0.000000000000000000e+00,-1.100000000000000089e+00,2.000000000000000111e-01,-5.000000000000000000e-01,0.000000000000000000e+00,1.100000000000000089e+00,2.000000000000000111e-01,5.000000000000000000e-01,5.031894892454147339e-02,1.292414218187332153e-01,6.436284631490707397e-02,1.363242715597152710e-01,-1.811095923185348511e-01,-1.678058654069900513e-01,9.778215736150741577e-02,-7.712599635124206543e-02,-1.287444084882736206e-01,1.171831563115119934e-01,-1.971907168626785278e-01,1.479599028825759888e-01
-6.031560251837351366e-02,-6.767482079076345691e-01,5.433551218714376407e-01,9.990830421447753906e-01,-2.136449795216321945e-03,-1.171593274921178818e-02,4.112441465258598328e-02,0.000000000000000000e+00,0.000000000000000000e+00,0.000000000000000000e+00,-1.100000000000000089e+00,2.000000000000000111e-01,-5.000000000000000000e-01,0.000000000000000000e+00,1.100000000000000089e+00,2.000000000000000111e-01,5.000000000000000000e-01,5.171508342027664185e-02,1.294889897108078003e-01,6.464397162199020386e-02,1.363777965307235718e-01,-1.807926297187805176e-01,-1.678794771432876587e-01,9.927935153245925903e-02,-7.690614461898803711e-02,-1.291931420564651489e-01,1.170436516404151917e-01,-1.975596249103546143e-01,1.479576379060745239e-01
-6.034726098546702028e-02,-6.771122076204328932e-01,5.433482296674539969e-01,9.990673661231994629e-01,-2.095077186822891235e-03,-1.233655959367752075e-02,4.132670909166336060e-02,0.000000000000000000e+00,0.000000000000000000e+00,0.000000000000000000e+00,-1.100000000000000089e+00,2.000000000000000111e-01,-5.000000000000000000e-01,0.000000000000000000e+00,1.100000000000000089e+00,2.000000000000000111e-01,5.000000000000000000e-01,5.286839231848716736e-02,1.295788437128067017e-01,6.469991803169250488e-02,1.361382305622100830e-01,-1.799479126930236816e-01,-1.677359193563461304e-01,1.004973500967025757e-01,-7.682360708713531494e-02,-1.296321451663970947e-01,1.170156449079513550e-01,-1.977244615554809570e-01,1.478954255580902100e-01
-6.041832126931033498e-02,-6.774417878326141063e-01,5.433674946231673575e-01,9.990504980087280273e-01,-2.037596190348267555e-03,-1.289287675172090530e-02,4.156604781746864319e-02,0.000000000000000000e+00,0.000000000000000000e+00,0.000000000000000000e+00,-1.100000000000000089e+00,2.000000000000000111e-01,-5.000000000000000000e-01,0.000000000000000000e+00,1.100000000000000089e+00,2.000000000000000111e-01,5.000000000000000000e-01,5.369312688708305359e-02,1.295074969530105591e-01,6.458773463964462280e-02,1.356478482484817505e-01,-1.787841469049453735e-01,-1.676273643970489502e-01,1.014529466629028320e-01,-7.684636861085891724e-02,-1.299802809953689575e-01,1.170333549380302429e-01,-1.974858939647674561e-01,1.479712128639221191e-01
-6.062058254464933876e-02,-6.775732794592175257e-01,5.433872993297950149e-01,9.990344643592834473e-01,-1.977210864424705505e-03,-1.340370904654264450e-02,4.179172217845916748e-02,0.000000000000000000e+00,0.000000000000000000e+00,0.000000000000000000e+00,-1.100000000000000089e+00,2.000000000000000111e-01,-5.000000000000000000e-01,0.000000000000000000e+00,1.100000000000000089e+00,2.000000000000000111e-01,5.000000000000000000e-01,5.433687195181846619e-02,1.293731331825256348e-01,6.455666571855545044e-02,1.350111365318298340e-01,-1.775035858154296875e-01,-1.678016483783721924e-01,1.021014824509620667e-01,-7.693575322628021240e-02,-1.300408542156219482e-01,1.172159239649772644e-01,-1.968464702367782593e-01,1.482169181108474731e-01
-6.093323845171717823e-02,-6.774292905229811756e-01,5.434148681457295904e-01,9.990200400352478027e-01,-1.918507041409611702e-03,-1.387057546526193619e-02,4.198585078120231628e-02,0.000000000000000000e+00,0.000000000000000000e+00,0.000000000000000000e+00,-1.100000000000000089e+00,2.000000000000000111e-01,-5.000000000000000000e-01,0.000000000000000000e+00,1.100000000000000089e+00,2.000000000000000111e-01,5.000000000000000000e-01,5.474115535616874695e-02,1.291763782501220703e-01,6.460754573345184326e-02,1.347760558128356934e-01,-1.764670014381408691e-01,-1.681086122989654541e-01,1.024899482727050781e-01,-7.718364894390106201e-02,-1.301536709070205688e-01,1.173537522554397583e-01,-1.957856118679046631e-01,1.485301107168197632e-01
-6.126783211950701663e-02,-6.771182279190932629e-01,5.434516957658107605e-01,9.990053176879882812e-01,-1.813345588743686676e-03,-1.431556977331638336e-02,4.219093546271324158e-02,0.000000000000000000e+00,0.000000000000000000e+00,0.000000000000000000e+00,-1.100000000000000089e+00,2.000000000000000111e-01,-5.000000000000000000e-01,0.000000000000000000e+00,1.100000000000000089e+00,2.000000000000000111e-01,5.000000000000000000e-01,5.494181811809539795e-02,1.288359612226486206e-01,6.480832397937774658e-02,1.346775442361831665e-01,-1.756861507892608643e-01,-1.681631058454513550e-01,1.026409640908241272e-01,-7.761108875274658203e-02,-1.302504539489746094e-01,1.174279153347015381e-01,-1.948128789663314819e-01,1.486603021621704102e-01
-6.159657156584088383e-02,-6.767448448442449083e-01,5.434975330742320976e-01,9.989941120147705078e-01,-1.727817696519196033e-03,-1.467191055417060852e-02,4.233769699931144714e-02,0.000000000000000000e+00,0.000000000000000000e+00,0.000000000000000000e+00,-1.100000000000000089e+00,2.000000000000000111e-01,-5.000000000000000000e-01,0.000000000000000000e+00,1.100000000000000089e+00,2.000000000000000111e-01,5.000000000000000000e-01,5.485076084733009338e-02,1.284971237182617188e-01,6.501376628875732422e-02,1.346639841794967651e-01,-1.751771271228790283e-01,-1.680918931961059570e-01,1.023300960659980774e-01,-7.801056653261184692e-02,-1.301044821739196777e-01,1.175213232636451721e-01,-1.939869523048400879e-01,1.487691402435302734e-01
-6.195950215663572486e-02,-6.762820291948137275e-01,5.435380559121117949e-01,9.989842176437377930e-01,-1.614864915609359741e-03,-1.503871846944093704e-02,4.244760796427726746e-02,0.000000000000000000e+00,0.000000000000000000e+00,0.000000000000000000e+00,-1.100000000000000089e+00,2.000000000000000111e-01,-5.000000000000000000e-01,0.000000000000000000e+00,1.100000000000000089e+00,2.000000000000000111e-01,5.000000000000000000e-01,5.455155670642852783e-02,1.281870901584625244e-01,6.550300121307373047e-02,1.349284946918487549e-01,-1.746216267347335815e-01,-1.678758263587951660e-01,1.019828394055366516e-01,-7.846599817276000977e-02,-1.297461241483688354e-01,1.177753806114196777e-01,-1.936656236648559570e-01,1.485638767480850220e-01
-6.237439934267766106e-02,-6.757536960882369881e-01,5.435690708300381369e-01,9.989789128303527832e-01,-1.498069148510694504e-03,-1.532677747309207916e-02,4.247190430760383606e-02,0.000000000000000000e+00,0.000000000000000000e+00,0.000000000000000000e+00,-1.100000000000000089e+00,2.000000000000000111e-01,-5.000000000000000000e-01,0.000000000000000000e+00,1.100000000000000089e+00,2.000000000000000111e-01,5.000000000000000000e-01,5.391072109341621399e-02,1.278967857360839844e-01,6.603161990642547607e-02,1.350180357694625854e-01,-1.737477928400039673e-01,-1.673904657363891602e-01,1.014016568660736084e-01,-7.890159636735916138e-02,-1.290459334850311279e-01,1.180852949619293213e-01,-1.933372467756271362e-01,1.483628302812576294e-01
-6.277784758143954702e-02,-6.752336253225803553e-01,5.435935672176908096e-01,9.989775419235229492e-01,-1.402863301336765289e-03,-1.548065617680549622e-02,4.245382919907569885e-02,0.000000000000000000e+00,0.000000000000000000e+00,0.000000000000000000e+00,-1.100000000000000089e+00,2.000000000000000111e-01,-5.000000000000000000e-01,0.000000000000000000e+00,1.100000000000000089e+00,2.000000000000000111e-01,5.000000000000000000e-01,5.270847305655479431e-02,1.275792866945266724e-01,6.603286415338516235e-02,1.352592855691909790e-01,-1.729042977094650269e-01,-1.669933497905731201e-01,1.005687862634658813e-01,-7.929312437772750854e-02,-1.284189373254776001e-01,1.182260066270828247e-01,-1.927593201398849487e-01,1.482412964105606079e-01
-6.310043698129705336e-02,-6.747461056889909603e-01,5.436066873168403646e-01,9.989801645278930664e-01,-1.320095499977469444e-03,-1.551641151309013367e-02,4.238016903400421143e-02,0.000000000000000000e+00,0.000000000000000000e+00,0.000000000000000000e+00,-1.100000000000000089e+00,2.000000000000000111e-01,-5.000000000000000000e-01,0.000000000000000000e+00,1.100000000000000089e+00,2.000000000000000111e-01,5.000000000000000000e-01,5.144720152020454407e-02,1.272413730621337891e-01,6.589516997337341309e-02,1.355916857719421387e-01,-1.720246821641921997e-01,-1.662703007459640503e-01,9.941540658473968506e-02,-7.951579242944717407e-02,-1.277110725641250610e-01,1.183263137936592102e-01,-1.921260803937911987e-01,1.481702923774719238e-01
-6.336887483268674459e-02,-6.742876080468748201e-01,5.436045698324839526e-01,9.989867806434631348e-01,-1.266799052245914936e-03,-1.548211090266704559e-02,4.223933070898056030e-02,0.000000000000000000e+00,0.000000000000000000e+00,0.000000000000000000e+00,-1.100000000000000089e+00,2.000000000000000111e-01,-5.000000000000000000e-01,0.000000000000000000e+00,1.100000000000000089e+00,2.000000000000000111e-01,5.000000000000000000e-01,5.019937455654144287e-02,1.269156485795974731e-01,6.561709940433502197e-02,1.362106651067733765e-01,-1.711420863866806030e-01,-1.652866899967193604e-01,9.803392738103866577e-02,-7.960798591375350952e-02,-1.270903944969177246e-01,1.183066070079803467e-01,-1.913466453552246094e-01,1.480641961097717285e-01
-6.369705895836831611e-02,-6.737899161845144480e-01,5.436102579767354559e-01,9.989969134330749512e-01,-1.260512275621294975e-03,-1.536582410335540771e-02,4.204152151942253113e-02,0.000000000000000000e+00,0.000000000000000000e+00,0.000000000000000000e+00,-1.100000000000000089e+00,2.000000000000000111e-01,-5.000000000000000000e-01,0.000000000000000000e+00,1.100000000000000089e+00,2.000000000000000111e-01,5.000000000000000000e-01,4.858856648206710815e-02,1.265911161899566650e-01,6.515820324420928955e-02,1.372680217027664185e-01,-1.704994589090347290e-01,-1.643607467412948608e-01,9.633007645606994629e-02,-7.956793159246444702e-02,-1.264739930629730225e-01,1.182367503643035889e-01,-1.904292404651641846e-01,1.480606496334075928e-01
-6.411289032868514037e-02,-6.733491472839706615e-01,5.436480820600432251e-01,9.990051388740539551e-01,-1.287557766772806644e-03,-1.516009122133255005e-02,4.191992059350013733e-02,0.000000000000000000e+00,0.000000000000000000e+00,0.000000000000000000e+00,-1.100000000000000089e+00,2.000000000000000111e-01,-5.000000000000000000e-01,0.000000000000000000e+00,1.100000000000000089e+00,2.000000000000000111e-01,5.000000000000000000e-01,4.658146202564239502e-02,1.263148635625839233e-01,6.471928209066390991e-02,1.385530978441238403e-01,-1.700211018323898315e-01,-1.638235300779342651e-01,9.432225674390792847e-02,-7.950825989246368408e-02,-1.261039674282073975e-01,1.182438135147094727e-01,-1.894863843917846680e-01,1.483740061521530151e-01
-6.465117768770214934e-02,-6.731216630332096384e-01,5.437042576744399724e-01,9.990125894546508789e-01,-1.353461877442896366e-03,-1.488992478698492050e-02,4.183633998036384583e-02,0.000000000000000000e+00,0.000000000000000000e+00,0.000000000000000000e+00,-1.100000000000000089e+00,2.000000000000000111e-01,-5.000000000000000000e-01,0.000000000000000000e+00,1.100000000000000089e+00,2.000000000000000111e-01,5.000000000000000000e-01,4.435865953564643860e-02,1.261539310216903687e-01,6.428771466016769409e-02,1.394090205430984497e-01,-1.694929301738739014e-01,-1.637977361679077148e-01,9.217753261327743530e-02,-7.943212985992431641e-02,-1.255078911781311035e-01,1.181667223572731018e-01,-1.885414570569992065e-01,1.493657827377319336e-01
-6.524896220520440271e-02,-6.731330393217127561e-01,5.437377222311315927e-01,9.990218281745910645e-01,-1.488999929279088974e-03,-1.471019443124532700e-02,4.167484119534492493e-02,0.000000000000000000e+00,0.000000000000000000e+00,0.000000000000000000e+00,-1.100000000000000089e+00,2.000000000000000111e-01,-5.000000000000000000e-01,0.000000000000000000e+00,1.100000000000000089e+00,2.000000000000000111e-01,5.000000000000000000e-01,4.245178773999214172e-02,1.262458413839340210e-01,6.422340124845504761e-02,1.400024890899658203e-01,-1.691995859146118164e-01,-1.639719456434249878e-01,9.057638794183731079e-02,-7.926987111568450928e-02,-1.246220171451568604e-01,1.179378554224967957e-01,-1.876756399869918823e-01,1.502748429775238037e-01
-6.582130577095379742e-02,-6.732646555062195004e-01,5.437358538625818305e-01,9.990363717079162598e-01,-1.643274212256073952e-03,-1.461080275475978851e-02,4.135309532284736633e-02,0.000000000000000000e+00,0.000000000000000000e+00,0.000000000000000000e+00,-1.100000000000000089e+00,2.000000000000000111e-01,-5.000000000000000000e-01,0.000000000000000000e+00,1.100000000000000089e+00,2.000000000000000111e-01,5.000000000000000000e-01,4.106298461556434631e-02,1.264332681894302368e-01,6.464796513319015503e-02,1.400102525949478149e-01,-1.689252257347106934e-01,-1.641193479299545288e-01,8.945336192846298218e-02,-7.910862565040588379e-02,-1.235577240586280823e-01,1.176756247878074646e-01,-1.869522631168365479e-01,1.509901285171508789e-01
-6.633309343603975561e-02,-6.734137928357930569e-01,5.437155094050397652e-01,9.990603327751159668e-01,-1.790883834473788738e-03,-1.463661156594753265e-02,4.075630754232406616e-02,0.000000000000000000e+00,0.000000000000000000e+00,0.000000000000000000e+00,-1.100000000000000089e+00,2.000000000000000111e-01,-5.000000000000000000e-01,0.000000000000000000e+00,1.100000000000000089e+00,2.000000000000000111e-01,5.000000000000000000e-01,4.065341129899024963e-02,1.266682893037796021e-01,6.596834212541580200e-02,1.394068151712417603e-01,-1.683311611413955688e-01,-1.641607731580734253e-01,8.858454972505569458e-02,-7.884613424539566040e-02,-1.221810579299926758e-01,1.175792142748832703e-01,-1.862793117761611938e-01,1.514857858419418335e-01
-6.679607516267534184e-02,-6.735185460324841777e-01,5.437023062672879936e-01,9.990910887718200684e-01,-1.929076737724244595e-03,-1.467929221689701080e-02,3.997206315398216248e-02,0.000000000000000000e+00,0.000000000000000000e+00,0.000000000000000000e+00,-1.100000000000000089e+00,2.000000000000000111e-01,-5.000000000000000000e-01,0.000000000000000000e+00,1.100000000000000089e+00,2.000000000000000111e-01,5.000000000000000000e-01,4.076497256755828857e-02,1.269643008708953857e-01,6.744373589754104614e-02,1.384752392768859863e-01,-1.676922738552093506e-01,-1.643934845924377441e-01,8.760000020265579224e-02,-7.844346761703491211e-02,-1.203717738389968872e-01,1.175296828150749207e-01,-1.854747533798217773e-01,1.518474668264389038e-01
-6.722578954929955830e-02,-6.734630762462061604e-01,5.437130182469733786e-01,9.991250038146972656e-01,-2.088682027533650398e-03,-1.472421362996101379e-02,3.909025713801383972e-02,0.000000000000000000e+00,0.000000000000000000e+00,0.000000000000000000e+00,-1.100000000000000089e+00,2.000000000000000111e-01,-5.000000000000000000e-01,0.000000000000000000e+00,1.100000000000000089e+00,2.000000000000000111e-01,5.000000000000000000e-01,4.078961163759231567e-02,1.274318844079971313e-01,6.891454756259918213e-02,1.378277987241744995e-01,-1.669441312551498413e-01,-1.647676229476928711e-01,8.640944212675094604e-02,-7.780333608388900757e-02,-1.182448565959930420e-01,1.175815612077713013e-01,-1.846315711736679077e-01,1.521942317485809326e-01
-6.767980310689619694e-02,-6.732641157553050926e-01,5.437561983201238958e-01,9.991562962532043457e-01,-2.264489885419607162e-03,-1.471499819308519363e-02,3.827648237347602844e-02,0.000000000000000000e+00,0.000000000000000000e+00,0.000000000000000000e+00,-1.100000000000000089e+00,2.000000000000000111e-01,-5.000000000000000000e-01,0.000000000000000000e+00,1.100000000000000089e+00,2.000000000000000111e-01,5.000000000000000000e-01,4.012327641248703003e-02,1.280303746461868286e-01,7.006280124187469482e-02,1.379585862159729004e-01,-1.666386127471923828e-01,-1.648665964603424072e-01,8.483891189098358154e-02,-7.716961950063705444e-02,-1.163773685693740845e-01,1.176110357046127319e-01,-1.838618814945220947e-01,1.527021080255508423e-01
-6.809983311653738935e-02,-6.730266668722786338e-01,5.438296459637808056e-01,9.991847872734069824e-01,-2.483196556568145752e-03,-1.461002882570028305e-02,3.755236417055130005e-02,0.000000000000000000e+00,0.000000000000000000e+00,0.000000000000000000e+00,-1.100000000000000089e+00,2.000000000000000111e-01,-5.000000000000000000e-01,0.000000000000000000e+00,1.100000000000000089e+00,2.000000000000000111e-01,5.000000000000000000e-01,3.900385275483131409e-02,1.286796480417251587e-01,7.088109105825424194e-02,1.385450065135955811e-01,-1.665884107351303101e-01,-1.648784130811691284e-01,8.297029882669448853e-02,-7.644210755825042725e-02,-1.144518703222274780e-01,1.174872294068336487e-01,-1.830612868070602417e-01,1.531358659267425537e-01
-6.855087804410493757e-02,-6.729524303619006664e-01,5.439082420007749219e-01,9.992094039916992188e-01,-2.719990443438291550e-03,-1.458415202796459198e-02,3.688294067978858948e-02,0.000000000000000000e+00,0.000000000000000000e+00,0.000000000000000000e+00,-1.100000000000000089e+00,2.000000000000000111e-01,-5.000000000000000000e-01,0.000000000000000000e+00,1.100000000000000089e+00,2.000000000000000111e-01,5.000000000000000000e-01,3.790399432182312012e-02,1.294011920690536499e-01,7.159475237131118774e-02,1.398199647665023804e-01,-1.668229997158050537e-01,-1.648506075143814087e-01,8.148942887783050537e-02,-7.567996531724929810e-02,-1.126016601920127869e-01,1.172490268945693970e-01,-1.823349893093109131e-01,1.534047126770019531e-01
-6.908639398977310664e-02,-6.731758457211532987e-01,5.439693999313043316e-01,9.992333650588989258e-01,-3.003426128998398781e-03,-1.457929983735084534e-02,3.620865568518638611e-02,0.000000000000000000e+00,0.000000000000000000e+00,0.000000000000000000e+00,-1.100000000000000089e+00,2.000000000000000111e-01,-5.000000000000000000e-01,0.000000000000000000e+00,1.100000000000000089e+00,2.000000000000000111e-01,5.000000000000000000e-01,3.648122772574424744e-02,1.301181018352508545e-01,7.204809039831161499e-02,1.419160813093185425e-01,-1.678373217582702637e-01,-1.649570167064666748e-01,8.019826561212539673e-02,-7.492928206920623779e-02,-1.108743324875831604e-01,1.170276403427124023e-01,-1.814684718847274780e-01,1.534946262836456299e-01
-6.961944472693809560e-02,-6.734490427224323339e-01,5.440002072527252430e-01,9.992609620094299316e-01,-3.268535947427153587e-03,-1.459924690425395966e-02,3.540743887424468994e-02,0.000000000000000000e+00,0.000000000000000000e+00,0.000000000000000000e+00,-1.100000000000000089e+00,2.000000000000000111e-01,-5.000000000000000000e-01,0.000000000000000000e+00,1.100000000000000089e+00,2.000000000000000111e-01,5.000000000000000000e-01,3.491219878196716309e-02,1.307753175497055054e-01,7.287798076868057251e-02,1.445950120687484741e-01,-1.692188382148742676e-01,-1.652319580316543579e-01,7.893776148557662964e-02,-7.430452108383178711e-02,-1.091608256101608276e-01,1.169618070125579834e-01,-1.806650757789611816e-01,1.537437289953231812e-01
-7.010154609173310791e-02,-6.734534022490484828e-01,5.440175208012865138e-01,9.992915987968444824e-01,-3.523459658026695251e-03,-1.463181339204311371e-02,3.449422121047973633e-02,0.000000000000000000e+00,0.000000000000000000e+00,0.000000000000000000e+00,-1.100000000000000089e+00,2.000000000000000111e-01,-5.000000000000000000e-01,0.000000000000000000e+00,1.100000000000000089e+00,2.000000000000000111e-01,5.000000000000000000e-01,3.327538818120956421e-02,1.312893927097320557e-01,7.404266297817230225e-02,1.473855227231979370e-01,-1.704496592283248901e-01,-1.654820144176483154e-01,7.767978310585021973e-02,-7.369781285524368286e-02,-1.070143803954124451e-01,1.168221235275268555e-01,-1.796855479478836060e-01,1.544184833765029907e-01
-7.055740206831632999e-02,-6.729835283184292249e-01,5.440255755457010789e-01,9.993205070495605469e-01,-3.781113075092434883e-03,-1.465154066681861877e-02,3.360866010189056396e-02,0.000000000000000000e+00,0.000000000000000000e+00,0.000000000000000000e+00,-1.100000000000000089e+00,2.000000000000000111e-01,-5.000000000000000000e-01,0.000000000000000000e+00,1.100000000000000089e+00,2.000000000000000111e-01,5.000000000000000000e-01,3.153928741812705994e-02,1.317995488643646240e-01,7.537481933832168579e-02,1.499772369861602783e-01,-1.716304272413253784e-01,-1.655169129371643066e-01,7.641571760177612305e-02,-7.313846051692962646e-02,-1.048334538936614990e-01,1.165761873126029968e-01,-1.788856089115142822e-01,1.551129668951034546e-01
-7.103331186733387315e-02,-6.721828285965955052e-01,5.440289386090907398e-01,9.993482828140258789e-01,-3.975491505116224289e-03,-1.474301610141992569e-02,3.270813077688217163e-02,0.000000000000000000e+00,0.000000000000000000e+00,0.000000000000000000e+00,-1.100000000000000089e+00,2.000000000000000111e-01,-5.000000000000000000e-01,0.000000000000000000e+00,1.100000000000000089e+00,2.000000000000000111e-01,5.000000000000000000e-01,3.025540150701999664e-02,1.321779340505599976e-01,7.690739631652832031e-02,1.521087139844894409e-01,-1.726607978343963623e-01,-1.652018278837203979e-01,7.539637386798858643e-02,-7.276696711778640747e-02,-1.026740148663520813e-01,1.163085326552391052e-01,-1.784697473049163818e-01,1.557876467704772949e-01
-7.153918822192482929e-02,-6.713596669328634192e-01,5.440299765916183361e-01,9.993749260902404785e-01,-4.118488170206546783e-03,-1.492393296211957932e-02,3.178321570158004761e-02,0.000000000000000000e+00,0.000000000000000000e+00,0.000000000000000000e+00,-1.100000000000000089e+00,2.000000000000000111e-01,-5.000000000000000000e-01,0.000000000000000000e+00,1.100000000000000089e+00,2.000000000000000111e-01,5.000000000000000000e-01,2.975276671350002289e-02,1.324629485607147217e-01,7.853689044713973999e-02,1.536240130662918091e-01,-1.736585348844528198e-01,-1.650332361459732056e-01,7.477116584777832031e-02,-7.251331210136413574e-02,-1.005270704627037048e-01,1.159724667668342590e-01,-1.783340126276016235e-01,1.563793420791625977e-01
-7.203403601215944974e-02,-6.707965821712607024e-01,5.440336718094168633e-01,9.994016289710998535e-01,-4.221646115183830261e-03,-1.521314773708581924e-02,3.077545575797557831e-02,0.000000000000000000e+00,0.000000000000000000e+00,0.000000000000000000e+00,-1.100000000000000089e+00,2.000000000000000111e-01,-5.000000000000000000e-01,0.000000000000000000e+00,1.100000000000000089e+00,2.000000000000000111e-01,5.000000000000000000e-01,3.012458980083465576e-02,1.326942443847656250e-01,8.025204390287399292e-02,1.547323316335678101e-01,-1.747333705425262451e-01,-1.652717888355255127e-01,7.457620650529861450e-02,-7.228066027164459229e-02,-9.842222929000854492e-02,1.157760396599769592e-01,-1.784203499555587769e-01,1.566809862852096558e-01
-7.253177458373359643e-02,-6.707893162935670839e-01,5.440258246615077287e-01,9.994261860847473145e-01,-4.258726723492145538e-03,-1.558417454361915588e-02,2.977103553712368011e-02,0.000000000000000000e+00,0.000000000000000000e+00,0.000000000000000000e+00,-1.100000000000000089e+00,2.000000000000000111e-01,-5.000000000000000000e-01,0.000000000000000000e+00,1.100000000000000089e+00,2.000000000000000111e-01,5.000000000000000000e-01,3.117549791932106018e-02,1.327576339244842529e-01,8.205382525920867920e-02,1.553875654935836792e-01,-1.754044741392135620e-01,-1.653631180524826050e-01,7.476482540369033813e-02,-7.212111353874206543e-02,-9.649687260389328003e-02,1.158329397439956665e-01,-1.784927099943161011e-01,1.569826304912567139e-01
-7.293963424823801667e-02,-6.710412969319807797e-01,5.440252433912922125e-01,9.994458556175231934e-01,-4.248213022947311401e-03,-1.590708456933498383e-02,2.892891317605972290e-02,0.000000000000000000e+00,0.000000000000000000e+00,0.000000000000000000e+00,-1.100000000000000089e+00,2.000000000000000111e-01,-5.000000000000000000e-01,0.000000000000000000e+00,1.100000000000000089e+00,2.000000000000000111e-01,5.000000000000000000e-01,3.218394517898559570e-02,1.326176375150680542e-01,8.343860507011413574e-02,1.558686941862106323e-01,-1.758040338754653931e-01,-1.651557832956314087e-01,7.504536956548690796e-02,-7.208253443241119385e-02,-9.496050328016281128e-02,1.159135922789573669e-01,-1.786480098962783813e-01,1.573312729597091675e-01
-7.319611454090912961e-02,-6.710554134943569338e-01,5.440155693941345350e-01,9.994598627090454102e-01,-4.181504715234041214e-03,-1.609190367162227631e-02,2.834634482860565186e-02,0.000000000000000000e+00,0.000000000000000000e+00,0.000000000000000000e+00,-1.100000000000000089e+00,2.000000000000000111e-01,-5.000000000000000000e-01,0.000000000000000000e+00,1.100000000000000089e+00,2.000000000000000111e-01,5.000000000000000000e-01,3.284926339983940125e-02,1.321288049221038818e-01,8.406881988048553467e-02,1.559362113475799561e-01,-1.755677908658981323e-01,-1.645200550556182861e-01,7.527855783700942993e-02,-7.232490926980972290e-02,-9.414204955101013184e-02,1.159090474247932434e-01,-1.789159774780273438e-01,1.581669449806213379e-01
-7.329823645189254000e-02,-6.705167836011057814e-01,5.440188909382229765e-01,9.994699954986572266e-01,-4.132709931582212448e-03,-1.620373316109180450e-02,2.793123573064804077e-02,0.000000000000000000e+00,0.000000000000000000e+00,0.000000000000000000e+00,-1.100000000000000089e+00,2.000000000000000111e-01,-5.000000000000000000e-01,0.000000000000000000e+00,1.100000000000000089e+00,2.000000000000000111e-01,5.000000000000000000e-01,3.302386775612831116e-02,1.314336657524108887e-01,8.386033028364181519e-02,1.562909334897994995e-01,-1.758628934621810913e-01,-1.638673990964889526e-01,7.543119043111801147e-02,-7.264151424169540405e-02,-9.364240616559982300e-02,1.157206892967224121e-01,-1.789710372686386108e-01,1.595891863107681274e-01
-7.339676694333026330e-02,-6.702258163389533951e-01,5.440226276753226120e-01,9.994776844978332520e-01,-4.063060041517019272e-03,-1.631022244691848755e-02,2.760111168026924133e-02,0.000000000000000000e+00,0.000000000000000000e+00,0.000000000000000000e+00,-1.100000000000000089e+00,2.000000000000000111e-01,-5.000000000000000000e-01,0.000000000000000000e+00,1.100000000000000089e+00,2.000000000000000111e-01,5.000000000000000000e-01,3.355770930647850037e-02,1.306139528751373291e-01,8.368129283189773560e-02,1.558080762624740601e-01,-1.759064495563507080e-01,-1.636055707931518555e-01,7.579550892114639282e-02,-7.289754599332809448e-02,-9.288855642080307007e-02,1.155480444431304932e-01,-1.789017617702484131e-01,1.611053794622421265e-01
-7.346659721787830721e-02,-6.700241155741792909e-01,5.440328829426958057e-01,9.994855523109436035e-01,-3.935734741389751434e-03,-1.643309369683265686e-02,2.725953049957752228e-02,0.000000000000000000e+00,0.000000000000000000e+00,0.000000000000000000e+00,-1.100000000000000089e+00,2.000000000000000111e-01,-5.000000000000000000e-01,0.000000000000000000e+00,1.100000000000000089e+00,2.000000000000000111e-01,5.000000000000000000e-01,3.460734337568283081e-02,1.298621892929077148e-01,8.426623791456222534e-02,1.544183790683746338e-01,-1.756623387336730957e-01,-1.633725017309188843e-01,7.650523632764816284e-02,-7.325172424316406250e-02,-9.187116473913192749e-02,1.156644821166992188e-01,-1.787353307008743286e-01,1.619950979948043823e-01
