1.525989104798439883e-02,3.634537339887835422e-02,5.446760584361324264e-01,9.999935030937194824e-01,2.907955204136669636e-04,-3.435764927417039871e-03,1.011757995001971722e-03,0.000000000000000000e+00,0.000000000000000000e+00,0.000000000000000000e+00,-1.100000000000000089e+00,2.000000000000000111e-01,-5.000000000000000000e-01,0.000000000000000000e+00,1.100000000000000089e+00,2.000000000000000111e-01,5.000000000000000000e-01,8.118363469839096069e-02,5.789906904101371765e-02,9.274352341890335083e-02,1.412707865238189697e-01,-2.179868221282958984e-01,-5.259241536259651184e-02,9.472177922725677490e-02,-8.717706054449081421e-02,-2.007801085710525513e-01,1.279723942279815674e-01,-2.179666906595230103e-01,9.695590287446975708e-02
1.517417964076322318e-02,3.667487057245741311e-02,5.445552787892143920e-01,9.999942779541015625e-01,1.670845085754990578e-04,-2.788401907309889793e-03,-1.918419264256954193e-03,0.000000000000000000e+00,0.000000000000000000e+00,0.000000000000000000e+00,-1.100000000000000089e+00,2.000000000000000111e-01,-5.000000000000000000e-01,0.000000000000000000e+00,1.100000000000000089e+00,2.000000000000000111e-01,5.000000000000000000e-01,8.350673317909240723e-02,5.770978331565856934e-02,9.417641162872314453e-02,1.367764323949813843e-01,-2.225430011749267578e-01,-5.022431537508964539e-02,9.284630417823791504e-02,-8.677303791046142578e-02,-1.941951364278793335e-01,1.277259439229965210e-01,-2.201955914497375488e-01,1.006864234805107117e-01
1.512046663991335575e-02,3.756661952666073140e-02,5.444136979724422121e-01,9.999837279319763184e-01,4.305773763917386532e-04,-1.678658532910048962e-03,-5.432141013443470001e-03,0.000000000000000000e+00,0.000000000000000000e+00,0.000000000000000000e+00,-1.100000000000000089e+00,2.000000000000000111e-01,-5.000000000000000000e-01,0.000000000000000000e+00,1.100000000000000089e+00,2.000000000000000111e-01,5.000000000000000000e-01,8.449171483516693115e-02,5.576489865779876709e-02,9.466525912284851074e-02,1.349787414073944092e-01,-2.278278917074203491e-01,-4.518759995698928833e-02,8.764190226793289185e-02,-8.736375719308853149e-02,-1.837877035140991211e-01,1.309918463230133057e-01,-2.228672951459884644e-01,1.050676777958869934e-01
1.509867160178890270e-02,3.874253436250404969e-02,5.442950773291816979e-01,9.999514818191528320e-01,9.216567850671708584e-04,-1.817831944208592176e-04,-9.798709303140640259e-03,0.000000000000000000e+00,0.000000000000000000e+00,0.000000000000000000e+00,-1.100000000000000089e+00,2.000000000000000111e-01,-5.000000000000000000e-01,0.000000000000000000e+00,1.100000000000000089e+00,2.000000000000000111e-01,5.000000000000000000e-01,8.404389023780822754e-02,5.239421129226684570e-02,9.713598340749740601e-02,1.345219463109970093e-01,-2.338627278804779053e-01,-4.067819565534591675e-02,7.975564152002334595e-02,-8.917087316513061523e-02,-1.702866256237030029e-01,1.364954560995101929e-01,-2.259662300348281860e-01,1.093174964189529419e-01
1.474544744510579951e-02,4.047263066481911892e-02,5.441205301873310862e-01,9.998698234558105469e-01,1.822507474571466446e-03,1.614195643924176693e-03,-1.594899408519268036e-02,0.000000000000000000e+00,0.000000000000000000e+00,0.000000000000000000e+00,-1.100000000000000089e+00,2.000000000000000111e-01,-5.000000000000000000e-01,0.000000000000000000e+00,1.100000000000000089e+00,2.000000000000000111e-01,5.000000000000000000e-01,8.095564693212509155e-02,4.728356376290321350e-02,1.040438190102577209e-01,1.366453617811203003e-01,-2.404003292322158813e-01,-3.652071207761764526e-02,6.565654277801513672e-02,-9.377594292163848877e-02,-1.526279598474502563e-01,1.508266031742095947e-01,-2.323406487703323364e-01,1.134789884090423584e-01
1.376290356425211026e-02,4.277550389058887986e-02,5.437148035769209242e-01,9.996685981750488281e-01,4.127846565097570419e-03,3.869375679641962051e-03,-2.511411905288696289e-02,0.000000000000000000e+00,0.000000000000000000e+00,0.000000000000000000e+00,-1.100000000000000089e+00,2.000000000000000111e-01,-5.000000000000000000e-01,0.000000000000000000e+00,1.100000000000000089e+00,2.000000000000000111e-01,5.000000000000000000e-01,7.256622612476348877e-02,3.802745789289474487e-02,1.158275455236434937e-01,1.445753425359725952e-01,-2.481496632099151611e-01,-3.130856528878211975e-02,3.496304526925086975e-02,-1.042367145419120789e-01,-1.270231902599334717e-01,1.922993063926696777e-01,-2.512364983558654785e-01,1.190416887402534485e-01
1.172244399877716593e-02,4.502462000125134756e-02,5.428507869209002745e-01,9.993184208869934082e-01,8.205798454582691193e-03,7.697038818150758743e-03,-3.515893220901489258e-02,0.000000000000000000e+00,0.000000000000000000e+00,0.000000000000000000e+00,-1.100000000000000089e+00,2.000000000000000111e-01,-5.000000000000000000e-01,0.000000000000000000e+00,1.100000000000000089e+00,2.000000000000000111e-01,5.000000000000000000e-01,4.674843698740005493e-02,2.513593807816505432e-02,1.280421614646911621e-01,1.744214892387390137e-01,-2.614369690418243408e-01,-2.474880777299404144e-02,-1.772125065326690674e-02,-1.201605200767517090e-01,-9.752674400806427002e-02,2.654925882816314697e-01,-2.818680107593536377e-01,1.256776154041290283e-01
8.335321471659523640e-03,4.710671434338872116e-02,5.412495950737384875e-01,9.990343451499938965e-01,1.233917102217674255e-02,1.274290401488542557e-02,-4.019548371434211731e-02,0.000000000000000000e+00,0.000000000000000000e+00,0.000000000000000000e+00,-1.100000000000000089e+00,2.000000000000000111e-01,-5.000000000000000000e-01,0.000000000000000000e+00,1.100000000000000089e+00,2.000000000000000111e-01,5.000000000000000000e-01,-2.087194658815860748e-02,1.841380633413791656e-02,1.388769149780273438e-01,2.735861837863922119e-01,-2.938620746135711670e-01,-1.735370419919490814e-02,-8.374477177858352661e-02,-1.372355222702026367e-01,-7.762929052114486694e-02,3.563324809074401855e-01,-3.142585456371307373e-01,1.335898935794830322e-01
3.194007175325444276e-03,4.947049119396868672e-02,5.372400761659097412e-01,9.992789030075073242e-01,1.292497757822275162e-02,1.714028604328632355e-02,-3.131897002458572388e-02,0.000000000000000000e+00,0.000000000000000000e+00,0.000000000000000000e+00,-1.100000000000000089e+00,2.000000000000000111e-01,-5.000000000000000000e-01,0.000000000000000000e+00,1.100000000000000089e+00,2.000000000000000111e-01,5.000000000000000000e-01,-1.330528855323791504e-01,1.798805966973304749e-02,1.262731552124023438e-01,4.566636085510253906e-01,-3.473185002803802490e-01,1.903837401187047362e-04,-1.494551002979278564e-01,-1.520319133996963501e-01,-7.904161512851715088e-02,4.555176198482513428e-01,-3.534160554409027100e-01,1.418338268995285034e-01
-2.871667540013658412e-03,5.148013954558833261e-02,5.298154701841900627e-01,9.997364282608032227e-01,7.117901928722858429e-03,2.073284611105918884e-02,-6.818609777837991714e-03,0.000000000000000000e+00,0.000000000000000000e+00,0.000000000000000000e+00,-1.100000000000000089e+00,2.000000000000000111e-01,-5.000000000000000000e-01,0.000000000000000000e+00,1.100000000000000089e+00,2.000000000000000111e-01,5.000000000000000000e-01,-2.835759222507476807e-01,1.578815095126628876e-02,8.533036708831787109e-02,7.022893428802490234e-01,-3.987351357936859131e-01,2.336029894649982452e-02,-2.145377099514007568e-01,-1.668160259723663330e-01,-1.058243736624717712e-01,5.747173428535461426e-01,-4.035391211509704590e-01,1.461486071348190308e-01
-9.281992027618347907e-03,5.487727471166337079e-02,5.187678899879407668e-01,9.994068741798400879e-01,-3.631987608969211578e-03,2.514597587287425995e-02,2.324718423187732697e-02,0.000000000000000000e+00,0.000000000000000000e+00,0.000000000000000000e+00,-1.100000000000000089e+00,2.000000000000000111e-01,-5.000000000000000000e-01,0.000000000000000000e+00,1.100000000000000089e+00,2.000000000000000111e-01,5.000000000000000000e-01,-4.463937282562255859e-01,1.526141259819269180e-02,5.526991561055183411e-02,9.628350734710693359e-01,-4.269069731235504150e-01,4.211457818746566772e-02,-2.896143496036529541e-01,-1.864442974328994751e-01,-1.444708257913589478e-01,7.200503349304199219e-01,-4.627542495727539062e-01,1.465910822153091431e-01
-1.466274488973666468e-02,6.104230446581061093e-02,5.049973909865425048e-01,9.985345005989074707e-01,-1.425656117498874664e-02,3.149316459894180298e-02,4.163835197687149048e-02,0.000000000000000000e+00,0.000000000000000000e+00,0.000000000000000000e+00,-1.100000000000000089e+00,2.000000000000000111e-01,-5.000000000000000000e-01,0.000000000000000000e+00,1.100000000000000089e+00,2.000000000000000111e-01,5.000000000000000000e-01,-5.659798979759216309e-01,5.000355839729309082e-02,8.997907489538192749e-02,1.188459515571594238e+00,-4.587554335594177246e-01,3.980634361505508423e-02,-3.692262768745422363e-01,-2.084382474422454834e-01,-1.625278145074844360e-01,8.630999326705932617e-01,-5.195793509483337402e-01,1.550012677907943726e-01
-1.751923258402243722e-02,6.910471438138623967e-02,4.919423941011079604e-01,9.981299638748168945e-01,-2.377627044916152954e-02,3.734279051423072815e-02,4.215170815587043762e-02,0.000000000000000000e+00,0.000000000000000000e+00,0.000000000000000000e+00,-1.100000000000000089e+00,2.000000000000000111e-01,-5.000000000000000000e-01,0.000000000000000000e+00,1.100000000000000089e+00,2.000000000000000111e-01,5.000000000000000000e-01,-6.386294364929199219e-01,1.400216370820999146e-01,1.420407891273498535e-01,1.389431118965148926e+00,-4.921792149543762207e-01,4.018000140786170959e-02,-4.408560097217559814e-01,-2.210017591714859009e-01,-1.509808301925659180e-01,9.738224148750305176e-01,-5.549542903900146484e-01,1.749169975519180298e-01
-1.781958839813755149e-02,7.828142448996353031e-02,4.807905174204797349e-01,9.982203841209411621e-01,-2.869718894362449646e-02,4.142759740352630615e-02,3.187931329011917114e-02,0.000000000000000000e+00,0.000000000000000000e+00,0.000000000000000000e+00,-1.100000000000000089e+00,2.000000000000000111e-01,-5.000000000000000000e-01,0.000000000000000000e+00,1.100000000000000089e+00,2.000000000000000111e-01,5.000000000000000000e-01,-6.790375709533691406e-01,2.639150321483612061e-01,1.825359314680099487e-01,1.561173319816589355e+00,-5.202028751373291016e-01,4.549565911293029785e-02,-4.988767206668853760e-01,-2.336720824241638184e-01,-1.186833009123802185e-01,1.057709217071533203e+00,-5.755817294120788574e-01,2.050629407167434692e-01
-1.600835689407011445e-02,8.936684952917123281e-02,4.728345059039014697e-01,9.985278248786926270e-01,-2.667049691081047058e-02,4.221487790346145630e-02,2.118497714400291443e-02,0.000000000000000000e+00,0.000000000000000000e+00,0.000000000000000000e+00,-1.100000000000000089e+00,2.000000000000000111e-01,-5.000000000000000000e-01,0.000000000000000000e+00,1.100000000000000089e+00,2.000000000000000111e-01,5.000000000000000000e-01,-6.957851052284240723e-01,4.140699505805969238e-01,2.083186805248260498e-01,1.671055436134338379e+00,-5.379507541656494141e-01,7.495902478694915771e-02,-5.339195132255554199e-01,-2.577719390392303467e-01,-8.319959044456481934e-02,1.114257574081420898e+00,-5.855820775032043457e-01,2.377445846796035767e-01
-1.270662918950271093e-02,1.023527686773902795e-01,4.679637521332261629e-01,9.988795518875122070e-01,-2.010317519307136536e-02,3.926858678460121155e-02,1.713419705629348755e-02,0.000000000000000000e+00,0.000000000000000000e+00,0.000000000000000000e+00,-1.100000000000000089e+00,2.000000000000000111e-01,-5.000000000000000000e-01,0.000000000000000000e+00,1.100000000000000089e+00,2.000000000000000111e-01,5.000000000000000000e-01,-7.102251648902893066e-01,5.693246126174926758e-01,2.030526846647262573e-01,1.679379343986511230e+00,-5.429391264915466309e-01,1.080259978771209717e-01,-5.496821403503417969e-01,-2.953489720821380615e-01,-5.155339464545249939e-02,1.150520920753479004e+00,-5.824301242828369141e-01,2.576799690723419189e-01
-8.282384362749077578e-03,1.175805640081414027e-01,4.642430414838923380e-01,9.990988373756408691e-01,-1.574163883924484253e-02,3.403654694557189941e-02,1.987931504845619202e-02,0.000000000000000000e+00,0.000000000000000000e+00,0.000000000000000000e+00,-1.100000000000000089e+00,2.000000000000000111e-01,-5.000000000000000000e-01,0.000000000000000000e+00,1.100000000000000089e+00,2.000000000000000111e-01,5.000000000000000000e-01,-7.263600230216979980e-01,7.072328329086303711e-01,1.718850284814834595e-01,1.575421094894409180e+00,-5.242086052894592285e-01,1.093759313225746155e-01,-5.505794286727905273e-01,-3.368955254554748535e-01,-3.057412058115005493e-02,1.175036549568176270e+00,-5.649023056030273438e-01,2.675902843475341797e-01
-3.279556397776674324e-03,1.324118396335027537e-01,4.613601488115811611e-01,9.991272687911987305e-01,-1.443793252110481262e-02,2.880037389695644379e-02,2.658563293516635895e-02,0.000000000000000000e+00,0.000000000000000000e+00,0.000000000000000000e+00,-1.100000000000000089e+00,2.000000000000000111e-01,-5.000000000000000000e-01,0.000000000000000000e+00,1.100000000000000089e+00,2.000000000000000111e-01,5.000000000000000000e-01,-7.402836084365844727e-01,8.043131828308105469e-01,1.393686532974243164e-01,1.369871735572814941e+00,-4.313057065010070801e-01,8.352936059236526489e-02,-5.386637449264526367e-01,-3.753696084022521973e-01,-1.185581553727388382e-02,1.188051581382751465e+00,-5.314152240753173828e-01,2.783811986446380615e-01
2.208934509538753709e-03,1.484599214163843939e-01,4.587829212340140406e-01,9.987829327583312988e-01,-1.777679845690727234e-02,2.643384784460067749e-02,3.765508532524108887e-02,0.000000000000000000e+00,0.000000000000000000e+00,0.000000000000000000e+00,-1.100000000000000089e+00,2.000000000000000111e-01,-5.000000000000000000e-01,0.000000000000000000e+00,1.100000000000000089e+00,2.000000000000000111e-01,5.000000000000000000e-01,-7.286564111709594727e-01,8.517144322395324707e-01,1.023112237453460693e-01,1.087826251983642578e+00,-2.419932782649993896e-01,2.809920907020568848e-02,-5.059625506401062012e-01,-4.105841219425201416e-01,-7.362357806414365768e-03,1.168002247810363770e+00,-4.917750358581542969e-01,2.817518711090087891e-01
8.815266427753324502e-03,1.670954445249052955e-01,4.572643527960536525e-01,9.979571700096130371e-01,-2.830183878540992737e-02,2.514214441180229187e-02,5.146233737468719482e-02,0.000000000000000000e+00,0.000000000000000000e+00,0.000000000000000000e+00,-1.100000000000000089e+00,2.000000000000000111e-01,-5.000000000000000000e-01,0.000000000000000000e+00,1.100000000000000089e+00,2.000000000000000111e-01,5.000000000000000000e-01,-7.060824632644653320e-01,8.612406253814697266e-01,1.113106589764356613e-02,8.237428069114685059e-01,-2.477756328880786896e-02,-6.269348412752151489e-02,-4.412828981876373291e-01,-4.364778101444244385e-01,-2.457035891711711884e-02,1.110085368156433105e+00,-4.514924287796020508e-01,2.819578051567077637e-01
1.665520035826384762e-02,1.906724495335359870e-01,4.574129088554117484e-01,9.969309568405151367e-01,-3.834859654307365417e-02,2.415549568831920624e-02,6.383206695318222046e-02,0.000000000000000000e+00,0.000000000000000000e+00,0.000000000000000000e+00,-1.100000000000000089e+00,2.000000000000000111e-01,-5.000000000000000000e-01,0.000000000000000000e+00,1.100000000000000089e+00,2.000000000000000111e-01,5.000000000000000000e-01,-6.874008178710937500e-01,8.476371765136718750e-01,-1.196774020791053772e-01,7.015805244445800781e-01,1.296198070049285889e-01,-1.476777195930480957e-01,-3.472206890583038330e-01,-4.695048928260803223e-01,-5.756337568163871765e-02,1.000766038894653320e+00,-3.952445387840270996e-01,2.783347368240356445e-01
2.543227421891207721e-02,2.210810403461859752e-01,4.598433241842672103e-01,9.960116147994995117e-01,-3.950832784175872803e-02,2.667646296322345734e-02,7.542130351066589355e-02,0.000000000000000000e+00,0.000000000000000000e+00,0.000000000000000000e+00,-1.100000000000000089e+00,2.000000000000000111e-01,-5.000000000000000000e-01,0.000000000000000000e+00,1.100000000000000089e+00,2.000000000000000111e-01,5.000000000000000000e-01,-6.614481806755065918e-01,8.144564032554626465e-01,-1.765037029981613159e-01,7.226848602294921875e-01,1.594962775707244873e-01,-2.014070302248001099e-01,-2.349215298891067505e-01,-5.257358551025390625e-01,-1.016849204897880554e-01,8.324674367904663086e-01,-2.993479669094085693e-01,2.743549346923828125e-01
3.479101532336437153e-02,2.588128262476036001e-01,4.639867428381635461e-01,9.954075217247009277e-01,-3.260511532425880432e-02,3.543336689472198486e-02,8.273571729660034180e-02,0.000000000000000000e+00,0.000000000000000000e+00,0.000000000000000000e+00,-1.100000000000000089e+00,2.000000000000000111e-01,-5.000000000000000000e-01,0.000000000000000000e+00,1.100000000000000089e+00,2.000000000000000111e-01,5.000000000000000000e-01,-6.082028746604919434e-01,7.707304954528808594e-01,-9.948868304491043091e-02,7.985154986381530762e-01,6.096355617046356201e-02,-2.391551285982131958e-01,-1.466064453125000000e-01,-6.028181314468383789e-01,-1.485454887151718140e-01,6.422386169433593750e-01,-1.302221566438674927e-01,2.748378813266754150e-01
4.267311988901723030e-02,2.999368428476530957e-01,4.692254821745434068e-01,9.951539039611816406e-01,-2.111492119729518890e-02,4.769544675946235657e-02,8.335443586111068726e-02,0.000000000000000000e+00,0.000000000000000000e+00,0.000000000000000000e+00,-1.100000000000000089e+00,2.000000000000000111e-01,-5.000000000000000000e-01,0.000000000000000000e+00,1.100000000000000089e+00,2.000000000000000111e-01,5.000000000000000000e-01,-4.872962534427642822e-01,7.244158387184143066e-01,1.016538962721824646e-01,8.169029355049133301e-01,-1.706624627113342285e-01,-2.751581370830535889e-01,-1.311127394437789917e-01,-6.969667077064514160e-01,-1.967712342739105225e-01,5.271348357200622559e-01,9.429064393043518066e-02,2.650328278541564941e-01
4.903432055602244960e-02,3.431228117388908094e-01,4.760255963483241981e-01,9.954120516777038574e-01,2.034061821177601814e-03,5.526476353406906128e-02,7.808043062686920166e-02,0.000000000000000000e+00,0.000000000000000000e+00,0.000000000000000000e+00,-1.100000000000000089e+00,2.000000000000000111e-01,-5.000000000000000000e-01,0.000000000000000000e+00,1.100000000000000089e+00,2.000000000000000111e-01,5.000000000000000000e-01,-3.878625035285949707e-01,6.215623617172241211e-01,2.560979723930358887e-01,8.338394165039062500e-01,-3.361009359359741211e-01,-2.813638448715209961e-01,-2.052928507328033447e-01,-8.430537581443786621e-01,-2.322429865598678589e-01,5.414753556251525879e-01,2.717982530593872070e-01,2.380924671888351440e-01
5.414695539511740069e-02,3.830424156928002311e-01,4.842379480299323635e-01,9.954370260238647461e-01,3.116403892636299133e-02,5.481219664216041565e-02,7.162073999643325806e-02,0.000000000000000000e+00,0.000000000000000000e+00,0.000000000000000000e+00,-1.100000000000000089e+00,2.000000000000000111e-01,-5.000000000000000000e-01,0.000000000000000000e+00,1.100000000000000089e+00,2.000000000000000111e-01,5.000000000000000000e-01,-3.220970332622528076e-01,4.923384487628936768e-01,3.518509566783905029e-01,8.709977269172668457e-01,-4.375371336936950684e-01,-2.624025642871856689e-01,-3.367268145084381104e-01,-1.010082364082336426e+00,-2.632114887237548828e-01,6.583641767501831055e-01,3.066984415054321289e-01,2.031261026859283447e-01
5.926770206766598242e-02,4.181723530710947379e-01,4.942144963348453768e-01,9.960224628448486328e-01,3.621547669172286987e-02,4.883282259106636047e-02,6.513826549053192139e-02,0.000000000000000000e+00,0.000000000000000000e+00,0.000000000000000000e+00,-1.100000000000000089e+00,2.000000000000000111e-01,-5.000000000000000000e-01,0.000000000000000000e+00,1.100000000000000089e+00,2.000000000000000111e-01,5.000000000000000000e-01,-2.350100427865982056e-01,4.104950129985809326e-01,4.164246320724487305e-01,8.396682739257812500e-01,-4.842866957187652588e-01,-2.456649690866470337e-01,-3.436629176139831543e-01,-1.042587995529174805e+00,-3.565325736999511719e-01,7.127968072891235352e-01,2.013395726680755615e-01,1.942746639251708984e-01
6.463396793739362156e-02,4.503562469200955709e-01,5.058720365836463229e-01,9.968277215957641602e-01,2.770556136965751648e-02,4.348191991448402405e-02,6.063224747776985168e-02,0.000000000000000000e+00,0.000000000000000000e+00,0.000000000000000000e+00,-1.100000000000000089e+00,2.000000000000000111e-01,-5.000000000000000000e-01,0.000000000000000000e+00,1.100000000000000089e+00,2.000000000000000111e-01,5.000000000000000000e-01,-1.416365653276443481e-01,3.517946302890777588e-01,4.659115970134735107e-01,7.536587715148925781e-01,-4.935823678970336914e-01,-2.351394146680831909e-01,-2.865685820579528809e-01,-9.794324040412902832e-01,-4.629653692245483398e-01,7.272555232048034668e-01,9.564403444528579712e-02,1.977654844522476196e-01
6.966522494632035323e-02,4.800797900241432492e-01,5.195272364858726233e-01,9.971945285797119141e-01,2.165689319372177124e-02,3.816171362996101379e-02,6.064419075846672058e-02,0.000000000000000000e+00,0.000000000000000000e+00,0.000000000000000000e+00,-1.100000000000000089e+00,2.000000000000000111e-01,-5.000000000000000000e-01,0.000000000000000000e+00,1.100000000000000089e+00,2.000000000000000111e-01,5.000000000000000000e-01,-5.680524185299873352e-02,2.846897542476654053e-01,4.927087724208831787e-01,6.388013958930969238e-01,-4.465802907943725586e-01,-2.264548838138580322e-01,-2.409349530935287476e-01,-8.708641529083251953e-01,-4.989407956600189209e-01,7.288539409637451172e-01,1.703404635190963745e-02,2.111060470342636108e-01
7.418789646625895129e-02,5.076986367165139402e-01,5.339402881911908816e-01,9.973787665367126465e-01,1.768376305699348450e-02,3.292993828654289246e-02,6.195557862520217896e-02,0.000000000000000000e+00,0.000000000000000000e+00,0.000000000000000000e+00,-1.100000000000000089e+00,2.000000000000000111e-01,-5.000000000000000000e-01,0.000000000000000000e+00,1.100000000000000089e+00,2.000000000000000111e-01,5.000000000000000000e-01,-7.680386770516633987e-03,2.249058187007904053e-01,4.880759119987487793e-01,5.700318217277526855e-01,-3.421697914600372314e-01,-2.262068092823028564e-01,-2.161429375410079956e-01,-7.233910560607910156e-01,-4.880161285400390625e-01,7.160255908966064453e-01,-5.486138910055160522e-02,2.263508737087249756e-01
7.896314027465202445e-02,5.328693393384567045e-01,5.466977577648981512e-01,9.973816871643066406e-01,2.129409648478031158e-02,2.760037034749984741e-02,6.335996091365814209e-02,0.000000000000000000e+00,0.000000000000000000e+00,0.000000000000000000e+00,-1.100000000000000089e+00,2.000000000000000111e-01,-5.000000000000000000e-01,0.000000000000000000e+00,1.100000000000000089e+00,2.000000000000000111e-01,5.000000000000000000e-01,-7.393802050501108170e-03,1.736202239990234375e-01,4.620753526687622070e-01,5.869684815406799316e-01,-2.002635151147842407e-01,-2.350371181964874268e-01,-1.988536715507507324e-01,-5.601536035537719727e-01,-4.738246500492095947e-01,6.659892797470092773e-01,-1.091760396957397461e-01,2.562644183635711670e-01
8.410790586289056125e-02,5.555727574921617284e-01,5.561451010579111509e-01,9.969061613082885742e-01,3.406737372279167175e-02,2.338600531220436096e-02,6.686266511678695679e-02,0.000000000000000000e+00,0.000000000000000000e+00,0.000000000000000000e+00,-1.100000000000000089e+00,2.000000000000000111e-01,-5.000000000000000000e-01,0.000000000000000000e+00,1.100000000000000089e+00,2.000000000000000111e-01,5.000000000000000000e-01,-5.120546743273735046e-02,1.092196553945541382e-01,4.043901562690734863e-01,6.740800738334655762e-01,-7.414415478706359863e-02,-2.439770400524139404e-01,-1.899478584527969360e-01,-4.315131902694702148e-01,-4.824593961238861084e-01,6.065466403961181641e-01,-1.616868823766708374e-01,2.611572742462158203e-01
8.844273368479928232e-02,5.760501183170562145e-01,5.593013568087057408e-01,9.959837198257446289e-01,5.106569454073905945e-02,2.098504081368446350e-02,7.048666477203369141e-02,0.000000000000000000e+00,0.000000000000000000e+00,0.000000000000000000e+00,-1.100000000000000089e+00,2.000000000000000111e-01,-5.000000000000000000e-01,0.000000000000000000e+00,1.100000000000000089e+00,2.000000000000000111e-01,5.000000000000000000e-01,-1.114375293254852295e-01,4.075531661510467529e-02,3.577360808849334717e-01,7.858597636222839355e-01,7.339082658290863037e-03,-2.510278224945068359e-01,-1.882161945104598999e-01,-3.280600309371948242e-01,-4.915086328983306885e-01,5.309929847717285156e-01,-2.076700180768966675e-01,2.318767607212066650e-01
9.243822944867942371e-02,5.959559659622233330e-01,5.522997909859574950e-01,9.945979714393615723e-01,7.075984776020050049e-02,1.794903725385665894e-02,7.379563897848129272e-02,0.000000000000000000e+00,0.000000000000000000e+00,0.000000000000000000e+00,-1.100000000000000089e+00,2.000000000000000111e-01,-5.000000000000000000e-01,0.000000000000000000e+00,1.100000000000000089e+00,2.000000000000000111e-01,5.000000000000000000e-01,-1.447513997554779053e-01,4.297887161374092102e-02,4.170040488243103027e-01,8.884385228157043457e-01,-2.486166171729564667e-02,-2.210525721311569214e-01,-1.505799740552902222e-01,-2.676379680633544922e-01,-5.558680891990661621e-01,3.854093253612518311e-01,-2.282769381999969482e-01,1.995056718587875366e-01
9.577446098994425727e-02,6.187190473516179789e-01,5.407844128241442450e-01,9.943776130676269531e-01,7.373181730508804321e-02,1.231297478079795837e-02,7.500095665454864502e-02,0.000000000000000000e+00,0.000000000000000000e+00,0.000000000000000000e+00,-1.100000000000000089e+00,2.000000000000000111e-01,-5.000000000000000000e-01,0.000000000000000000e+00,1.100000000000000089e+00,2.000000000000000111e-01,5.000000000000000000e-01,-1.715964376926422119e-01,1.532360613346099854e-01,5.038186907768249512e-01,9.790174961090087891e-01,-1.310602128505706787e-01,-1.747761964797973633e-01,-2.384837716817855835e-01,-3.487129509449005127e-01,-5.356289744377136230e-01,6.309835910797119141e-01,-3.685777485370635986e-01,-1.530842855572700500e-02
9.979079944297972182e-02,6.430903373500614917e-01,5.300459853439318803e-01,9.951235651969909668e-01,6.875776499509811401e-02,5.505900364369153976e-03,7.050646096467971802e-02,0.000000000000000000e+00,0.000000000000000000e+00,0.000000000000000000e+00,-1.100000000000000089e+00,2.000000000000000111e-01,-5.000000000000000000e-01,0.000000000000000000e+00,1.100000000000000089e+00,2.000000000000000111e-01,5.000000000000000000e-01,-2.145826518535614014e-01,2.787145078182220459e-01,5.237124562263488770e-01,1.002046346664428711e+00,-2.123799473047256470e-01,-1.476160734891891479e-01,-2.906442284584045410e-01,-4.149489104747772217e-01,-4.793067276477813721e-01,7.926051616668701172e-01,-4.269123673439025879e-01,1.865024305880069733e-02
1.044676373178383966e-01,6.674407431400484203e-01,5.209980162082596955e-01,9.958100318908691406e-01,5.955003947019577026e-02,1.379291526973247528e-03,6.938508152961730957e-02,0.000000000000000000e+00,0.000000000000000000e+00,0.000000000000000000e+00,-1.100000000000000089e+00,2.000000000000000111e-01,-5.000000000000000000e-01,0.000000000000000000e+00,1.100000000000000089e+00,2.000000000000000111e-01,5.000000000000000000e-01,-2.602639496326446533e-01,4.049873650074005127e-01,5.179831981658935547e-01,9.446514248847961426e-01,-2.179412543773651123e-01,-1.383162736892700195e-01,-3.160815834999084473e-01,-4.657856225967407227e-01,-4.398126304149627686e-01,8.971514701843261719e-01,-4.450595676898956299e-01,8.493641018867492676e-02
1.094605927714946275e-01,6.912001216787883040e-01,5.108917616066908085e-01,9.960874915122985840e-01,5.094617977738380432e-02,1.652696868404746056e-03,7.219046354293823242e-02,0.000000000000000000e+00,0.000000000000000000e+00,0.000000000000000000e+00,-1.100000000000000089e+00,2.000000000000000111e-01,-5.000000000000000000e-01,0.000000000000000000e+00,1.100000000000000089e+00,2.000000000000000111e-01,5.000000000000000000e-01,-3.129980862140655518e-01,5.208914279937744141e-01,4.929594397544860840e-01,8.507886528968811035e-01,-1.605211496353149414e-01,-1.344660967588424683e-01,-3.376891911029815674e-01,-5.189686417579650879e-01,-4.104097485542297363e-01,9.796267747879028320e-01,-4.593757092952728271e-01,1.513195931911468506e-01
1.148850479417226483e-01,7.160805628666974121e-01,4.992492098255891797e-01,9.962669014930725098e-01,4.287338629364967346e-02,7.164056412875652313e-03,7.458440959453582764e-02,0.000000000000000000e+00,0.000000000000000000e+00,0.000000000000000000e+00,-1.100000000000000089e+00,2.000000000000000111e-01,-5.000000000000000000e-01,0.000000000000000000e+00,1.100000000000000089e+00,2.000000000000000111e-01,5.000000000000000000e-01,-3.741508126258850098e-01,6.220188736915588379e-01,4.433340132236480713e-01,7.363209128379821777e-01,-5.879572033882141113e-02,-1.365312784910202026e-01,-3.794334530830383301e-01,-5.750906467437744141e-01,-3.714732527732849121e-01,1.056386590003967285e+00,-4.643961191177368164e-01,2.042575478553771973e-01
1.193013314424891669e-01,7.425969475567942846e-01,4.883903763721687552e-01,9.969975352287292480e-01,3.685763478279113770e-02,1.481241080909967422e-02,6.646850705146789551e-02,0.000000000000000000e+00,0.000000000000000000e+00,0.000000000000000000e+00,-1.100000000000000089e+00,2.000000000000000111e-01,-5.000000000000000000e-01,0.000000000000000000e+00,1.100000000000000089e+00,2.000000000000000111e-01,5.000000000000000000e-01,-4.347011148929595947e-01,6.926832795143127441e-01,3.469684123992919922e-01,6.324515938758850098e-01,6.358223408460617065e-02,-1.542661339044570923e-01,-4.308749139308929443e-01,-6.282116174697875977e-01,-3.234550356864929199e-01,1.102413296699523926e+00,-4.462455511093139648e-01,2.409071773290634155e-01
1.226701141158212938e-01,7.709010703139232978e-01,4.779799928899967076e-01,9.980050921440124512e-01,3.264678269624710083e-02,2.547466754913330078e-02,4.765649884939193726e-02,0.000000000000000000e+00,0.000000000000000000e+00,0.000000000000000000e+00,-1.100000000000000089e+00,2.000000000000000111e-01,-5.000000000000000000e-01,0.000000000000000000e+00,1.100000000000000089e+00,2.000000000000000111e-01,5.000000000000000000e-01,-4.984943866729736328e-01,7.343394160270690918e-01,1.855061054229736328e-01,5.564830303192138672e-01,1.769963502883911133e-01,-1.792854219675064087e-01,-5.035390853881835938e-01,-6.757215857505798340e-01,-2.546343803405761719e-01,1.126678466796875000e+00,-4.048765301704406738e-01,2.698230743408203125e-01
1.255218569324775268e-01,8.021884378941371851e-01,4.675863416861705257e-01,9.985792040824890137e-01,3.059488348662853241e-02,3.299596905708312988e-02,2.854544110596179962e-02,0.000000000000000000e+00,0.000000000000000000e+00,0.000000000000000000e+00,-1.100000000000000089e+00,2.000000000000000111e-01,-5.000000000000000000e-01,0.000000000000000000e+00,1.100000000000000089e+00,2.000000000000000111e-01,5.000000000000000000e-01,-5.367570519447326660e-01,7.522951960563659668e-01,1.195592712610960007e-02,5.405682325363159180e-01,2.569422423839569092e-01,-2.112109363079071045e-01,-5.719842314720153809e-01,-7.185165286064147949e-01,-1.720154136419296265e-01,1.118157982826232910e+00,-3.458914756774902344e-01,2.826152443885803223e-01
1.277179684653652336e-01,8.367682860520753163e-01,4.592312051280580398e-01,9.989070892333984375e-01,2.851379476487636566e-02,3.394652530550956726e-02,1.480347290635108948e-02,0.000000000000000000e+00,0.000000000000000000e+00,0.000000000000000000e+00,-1.100000000000000089e+00,2.000000000000000111e-01,-5.000000000000000000e-01,0.000000000000000000e+00,1.100000000000000089e+00,2.000000000000000111e-01,5.000000000000000000e-01,-5.576081275939941406e-01,7.688512206077575684e-01,-1.123993396759033203e-01,6.070244908332824707e-01,2.632870376110076904e-01,-2.149805873632431030e-01,-6.047518253326416016e-01,-7.601527571678161621e-01,-1.100032776594161987e-01,1.058835268020629883e+00,-2.731139361858367920e-01,2.813795208930969238e-01
1.303775184372007179e-01,8.730162136512573667e-01,4.542456920091250683e-01,9.992145895957946777e-01,2.239018864929676056e-02,3.085307776927947998e-02,1.081429235637187958e-02,0.000000000000000000e+00,0.000000000000000000e+00,0.000000000000000000e+00,-1.100000000000000089e+00,2.000000000000000111e-01,-5.000000000000000000e-01,0.000000000000000000e+00,1.100000000000000089e+00,2.000000000000000111e-01,5.000000000000000000e-01,-5.958326458930969238e-01,7.706787586212158203e-01,-2.130609899759292603e-01,7.046499252319335938e-01,2.839617133140563965e-01,-1.897656321525573730e-01,-5.777956247329711914e-01,-8.053094744682312012e-01,-1.026038080453872681e-01,9.378324151039123535e-01,-1.618351191282272339e-01,2.681135833263397217e-01
1.336631898495434512e-01,9.107912211451265616e-01,4.526883445439314757e-01,9.992914199829101562e-01,1.897001825273036957e-02,2.802897058427333832e-02,1.646890677511692047e-02,0.000000000000000000e+00,0.000000000000000000e+00,0.000000000000000000e+00,-1.100000000000000089e+00,2.000000000000000111e-01,-5.000000000000000000e-01,0.000000000000000000e+00,1.100000000000000089e+00,2.000000000000000111e-01,5.000000000000000000e-01,-5.467905402183532715e-01,6.775084733963012695e-01,-2.954335212707519531e-01,7.298101782798767090e-01,2.800829410552978516e-01,-2.340917289257049561e-01,-4.755024015903472900e-01,-8.600100278854370117e-01,-1.448327004909515381e-01,7.553364038467407227e-01,-2.302461862564086914e-02,2.579004764556884766e-01
1.373895367440024495e-01,9.528560858678938317e-01,4.512838711454109641e-01,9.986922144889831543e-01,2.596673741936683655e-02,3.446369245648384094e-02,2.742014080286026001e-02,0.000000000000000000e+00,0.000000000000000000e+00,0.000000000000000000e+00,-1.100000000000000089e+00,2.000000000000000111e-01,-5.000000000000000000e-01,0.000000000000000000e+00,1.100000000000000089e+00,2.000000000000000111e-01,5.000000000000000000e-01,-4.863328635692596436e-01,6.020638346672058105e-01,-2.081442475318908691e-01,7.259234786033630371e-01,6.162275373935699463e-02,-2.563022673130035400e-01,-4.017014205455780029e-01,-9.221649765968322754e-01,-1.817580759525299072e-01,5.688434839248657227e-01,1.591237634420394897e-01,2.526814639568328857e-01
1.408120038736649093e-01,9.978647520776950941e-01,4.508234636154439534e-01,9.967108368873596191e-01,5.124980211257934570e-02,4.790727049112319946e-02,4.056886956095695496e-02,0.000000000000000000e+00,0.000000000000000000e+00,0.000000000000000000e+00,-1.100000000000000089e+00,2.000000000000000111e-01,-5.000000000000000000e-01,0.000000000000000000e+00,1.100000000000000089e+00,2.000000000000000111e-01,5.000000000000000000e-01,-4.181460738182067871e-01,5.145719647407531738e-01,4.813434556126594543e-03,6.993852257728576660e-01,-2.665714025497436523e-01,-2.829788625240325928e-01,-3.977128863334655762e-01,-1.030477166175842285e+00,-2.024497687816619873e-01,4.353477358818054199e-01,3.449999999999999734e-01,2.372112274169921875e-01
1.401556771416029024e-01,1.040201900377117017e+00,4.530506419653844152e-01,9.933297634124755859e-01,8.946686238050460815e-02,5.231650918722152710e-02,5.054328963160514832e-02,0.000000000000000000e+00,0.000000000000000000e+00,0.000000000000000000e+00,-1.100000000000000089e+00,2.000000000000000111e-01,-5.000000000000000000e-01,0.000000000000000000e+00,1.100000000000000089e+00,2.000000000000000111e-01,5.000000000000000000e-01,-4.958671927452087402e-01,3.473267853260040283e-01,4.405752941966056824e-02,8.939853906631469727e-01,-4.320054650306701660e-01,-2.661039829254150391e-01,-5.186895132064819336e-01,-1.181898951530456543e+00,-1.599566042423248291e-01,4.757897853851318359e-01,3.449999999999999734e-01,1.974611878395080566e-01
1.401105249016498799e-01,1.077459494340600399e+00,4.586715249491460367e-01,9.944782257080078125e-01,8.458760380744934082e-02,5.148613452911376953e-02,3.474437817931175232e-02,0.000000000000000000e+00,0.000000000000000000e+00,0.000000000000000000e+00,-1.100000000000000089e+00,2.000000000000000111e-01,-5.000000000000000000e-01,0.000000000000000000e+00,1.100000000000000089e+00,2.000000000000000111e-01,5.000000000000000000e-01,-4.838685393333435059e-01,3.057410418987274170e-01,9.472554922103881836e-02,9.751154780387878418e-01,-5.401588082313537598e-01,-2.642740309238433838e-01,-4.858534932136535645e-01,-1.152602314949035645e+00,-2.575622498989105225e-01,4.365063309669494629e-01,3.449999999999999734e-01,2.017050683498382568e-01
1.406575416937244638e-01,1.112208741247051824e+00,4.649438457672643854e-01,9.955926537513732910e-01,7.688152045011520386e-02,5.149208754301071167e-02,1.526512205600738525e-02,0.000000000000000000e+00,0.000000000000000000e+00,0.000000000000000000e+00,-1.100000000000000089e+00,2.000000000000000111e-01,-5.000000000000000000e-01,0.000000000000000000e+00,1.100000000000000089e+00,2.000000000000000111e-01,5.000000000000000000e-01,-4.523321092128753662e-01,2.795596718788146973e-01,1.532837897539138794e-01,1.000225305557250977e+00,-6.207693815231323242e-01,-2.554984986782073975e-01,-4.352919161319732666e-01,-1.100295543670654297e+00,-3.796491622924804688e-01,4.114015698432922363e-01,3.449999999999999734e-01,1.996753215789794922e-01
1.420226651746215318e-01,1.144585824404100061e+00,4.725442029505667052e-01,9.959934353828430176e-01,7.257232069969177246e-02,5.225134268403053284e-02,1.442414068151265383e-04,0.000000000000000000e+00,0.000000000000000000e+00,0.000000000000000000e+00,-1.100000000000000089e+00,2.000000000000000111e-01,-5.000000000000000000e-01,0.000000000000000000e+00,1.100000000000000089e+00,2.000000000000000111e-01,5.000000000000000000e-01,-4.132421314716339111e-01,2.444667518138885498e-01,2.077831923961639404e-01,9.826292991638183594e-01,-6.651176214218139648e-01,-2.313730269670486450e-01,-4.040911793708801270e-01,-1.061960697174072266e+00,-4.618493914604187012e-01,4.429226219654083252e-01,2.927885353565216064e-01,1.728947311639785767e-01
1.440305697155946918e-01,1.174307582178200082e+00,4.812881677635390543e-01,9.962702989578247070e-01,6.772637367248535156e-02,5.270720273256301880e-02,-8.978183381259441376e-03,0.000000000000000000e+00,0.000000000000000000e+00,0.000000000000000000e+00,-1.100000000000000089e+00,2.000000000000000111e-01,-5.000000000000000000e-01,0.000000000000000000e+00,1.100000000000000089e+00,2.000000000000000111e-01,5.000000000000000000e-01,-3.778609037399291992e-01,2.042514532804489136e-01,2.549386024475097656e-01,9.519907832145690918e-01,-6.783909797668457031e-01,-1.913401931524276733e-01,-4.126923382282257080e-01,-1.038088202476501465e+00,-4.817861616611480713e-01,5.472214221954345703e-01,2.028009891510009766e-01,1.094988659024238586e-01
1.469908439853426230e-01,1.201643557872134060e+00,4.909048267664632426e-01,9.965689182281494141e-01,5.973871797323226929e-02,5.391314625740051270e-02,-1.936068572103977203e-02,0.000000000000000000e+00,0.000000000000000000e+00,0.000000000000000000e+00,-1.100000000000000089e+00,2.000000000000000111e-01,-5.000000000000000000e-01,0.000000000000000000e+00,1.100000000000000089e+00,2.000000000000000111e-01,5.000000000000000000e-01,-3.339673578739166260e-01,1.710887849330902100e-01,2.992358803749084473e-01,8.953565955162048340e-01,-6.709067225456237793e-01,-1.524584889411926270e-01,-4.152880012989044189e-01,-9.870043992996215820e-01,-4.958457946777343750e-01,6.448014378547668457e-01,1.195934042334556580e-01,7.411404699087142944e-02
1.509781708267300959e-01,1.227095553759071533e+00,5.010151917788416842e-01,9.968038797378540039e-01,5.025885254144668579e-02,5.482557043433189392e-02,-2.915730327367782593e-02,0.000000000000000000e+00,0.000000000000000000e+00,0.000000000000000000e+00,-1.100000000000000089e+00,2.000000000000000111e-01,-5.000000000000000000e-01,0.000000000000000000e+00,1.100000000000000089e+00,2.000000000000000111e-01,5.000000000000000000e-01,-2.831290662288665771e-01,1.403990685939788818e-01,3.388668894767761230e-01,8.178690075874328613e-01,-6.446694135665893555e-01,-1.176801696419715881e-01,-4.324611425399780273e-01,-9.129047393798828125e-01,-4.760284721851348877e-01,7.559205889701843262e-01,1.252879109233617783e-02,4.027909040451049805e-02
1.559800633099494571e-01,1.249869222570248350e+00,5.116604084280704789e-01,9.969452619552612305e-01,4.000502079725265503e-02,5.524937808513641357e-02,-3.804269805550575256e-02,0.000000000000000000e+00,0.000000000000000000e+00,0.000000000000000000e+00,-1.100000000000000089e+00,2.000000000000000111e-01,-5.000000000000000000e-01,0.000000000000000000e+00,1.100000000000000089e+00,2.000000000000000111e-01,5.000000000000000000e-01,-2.252078503370285034e-01,1.103092804551124573e-01,3.755229413509368896e-01,7.235241532325744629e-01,-5.953431129455566406e-01,-8.548144996166229248e-02,-4.593323767185211182e-01,-7.971310615539550781e-01,-4.258988201618194580e-01,8.680251240730285645e-01,-1.144551485776901245e-01,1.924660243093967438e-02
1.617987546240064189e-01,1.268934553483821004e+00,5.219701906436621242e-01,9.970243573188781738e-01,3.057725727558135986e-02,5.501180142164230347e-02,-4.451132193207740784e-02,0.000000000000000000e+00,0.000000000000000000e+00,0.000000000000000000e+00,-1.100000000000000089e+00,2.000000000000000111e-01,-5.000000000000000000e-01,0.000000000000000000e+00,1.100000000000000089e+00,2.000000000000000111e-01,5.000000000000000000e-01,-1.739743202924728394e-01,8.041355758905410767e-02,4.013502597808837891e-01,6.391583681106567383e-01,-5.187069177627563477e-01,-5.950740724802017212e-02,-4.844729006290435791e-01,-6.147233843803405762e-01,-3.434406518936157227e-01,9.297212362289428711e-01,-2.199591696262359619e-01,3.604911267757415771e-02
1.681974082955657868e-01,1.285599985754851238e+00,5.315703249647460993e-01,9.972772002220153809e-01,2.606636099517345428e-02,5.356428772211074829e-02,-4.347011074423789978e-02,0.000000000000000000e+00,0.000000000000000000e+00,0.000000000000000000e+00,-1.100000000000000089e+00,2.000000000000000111e-01,-5.000000000000000000e-01,0.000000000000000000e+00,1.100000000000000089e+00,2.000000000000000111e-01,5.000000000000000000e-01,-1.615112721920013428e-01,5.130180343985557556e-02,4.023575186729431152e-01,6.251848936080932617e-01,-4.187644124031066895e-01,-4.257722571492195129e-02,-4.908608794212341309e-01,-4.040494859218597412e-01,-2.738481760025024414e-01,9.068024158477783203e-01,-2.736206054687500000e-01,7.353993505239486694e-02
1.750860831386061578e-01,1.301579685248810847e+00,5.393994119778425800e-01,9.976595044136047363e-01,3.044064342975616455e-02,5.037841573357582092e-02,-3.479859605431556702e-02,0.000000000000000000e+00,0.000000000000000000e+00,0.000000000000000000e+00,-1.100000000000000089e+00,2.000000000000000111e-01,-5.000000000000000000e-01,0.000000000000000000e+00,1.100000000000000089e+00,2.000000000000000111e-01,5.000000000000000000e-01,-2.021314799785614014e-01,1.972218416631221771e-02,3.809083402156829834e-01,7.090229988098144531e-01,-2.758419215679168701e-01,-4.930574446916580200e-02,-4.741626083850860596e-01,-2.233654111623764038e-01,-2.275310605764389038e-01,8.030247092247009277e-01,-2.765927016735076904e-01,8.651199936866760254e-02
1.816932363604957523e-01,1.318654414790146223e+00,5.437056278113765462e-01,9.977498650550842285e-01,4.505078122019767761e-02,4.452998936176300049e-02,-2.197033725678920746e-02,0.000000000000000000e+00,0.000000000000000000e+00,0.000000000000000000e+00,-1.100000000000000089e+00,2.000000000000000111e-01,-5.000000000000000000e-01,0.000000000000000000e+00,1.100000000000000089e+00,2.000000000000000111e-01,5.000000000000000000e-01,-2.539670169353485107e-01,-4.672987759113311768e-02,3.271488547325134277e-01,8.018193244934082031e-01,-1.048598662018775940e-01,-1.324909031391143799e-01,-4.418758153915405273e-01,-1.280110627412796021e-01,-2.143349945545196533e-01,6.687512397766113281e-01,-2.630005776882171631e-01,2.423324622213840485e-02
1.878864213907056324e-01,1.338264146779823749e+00,5.416389630795127585e-01,9.969788789749145508e-01,6.623854488134384155e-02,3.824824839830398560e-02,-1.351461373269557953e-02,0.000000000000000000e+00,0.000000000000000000e+00,0.000000000000000000e+00,-1.100000000000000089e+00,2.000000000000000111e-01,-5.000000000000000000e-01,0.000000000000000000e+00,1.100000000000000089e+00,2.000000000000000111e-01,5.000000000000000000e-01,-2.780484259128570557e-01,-1.380034387111663818e-01,2.683542668819427490e-01,8.657985925674438477e-01,-1.800907030701637268e-02,-2.506984770298004150e-01,-4.130068719387054443e-01,-1.717195808887481689e-01,-2.768222987651824951e-01,6.139672398567199707e-01,-2.923607826232910156e-01,-1.000376045703887939e-01
1.927324919368733069e-01,1.359612624061228070e+00,5.332278169842079585e-01,9.957721829414367676e-01,8.675660192966461182e-02,2.827726677060127258e-02,-1.055415999144315720e-02,0.000000000000000000e+00,0.000000000000000000e+00,0.000000000000000000e+00,-1.100000000000000089e+00,2.000000000000000111e-01,-5.000000000000000000e-01,0.000000000000000000e+00,1.100000000000000089e+00,2.000000000000000111e-01,5.000000000000000000e-01,-2.811709940433502197e-01,-1.024247109889984131e-01,3.010548949241638184e-01,9.940871000289916992e-01,-8.509074896574020386e-02,-2.591930627822875977e-01,-4.350350797176361084e-01,-2.858072221279144287e-01,-2.697382867336273193e-01,7.448980212211608887e-01,-4.009468555450439453e-01,-1.215353608131408691e-01
1.952823582950113934e-01,1.381464896542255349e+00,5.236668768833683263e-01,9.957445263862609863e-01,8.710993081331253052e-02,2.311810664832592010e-02,-1.924392767250537872e-02,0.000000000000000000e+00,0.000000000000000000e+00,0.000000000000000000e+00,-1.100000000000000089e+00,2.000000000000000111e-01,-5.000000000000000000e-01,0.000000000000000000e+00,1.100000000000000089e+00,2.000000000000000111e-01,5.000000000000000000e-01,-3.234324753284454346e-01,3.892103582620620728e-02,2.826542258262634277e-01,1.149287819862365723e+00,-1.729708760976791382e-01,-2.532339990139007568e-01,-4.849715828895568848e-01,-3.463116288185119629e-01,-2.257198542356491089e-01,8.757598400115966797e-01,-4.423177540302276611e-01,-5.409996956586837769e-02
1.977355054412225366e-01,1.402576962923160808e+00,5.121726320458180881e-01,9.959169626235961914e-01,8.132413029670715332e-02,2.470182254910469055e-02,-3.042297996580600739e-02,0.000000000000000000e+00,0.000000000000000000e+00,0.000000000000000000e+00,-1.100000000000000089e+00,2.000000000000000111e-01,-5.000000000000000000e-01,0.000000000000000000e+00,1.100000000000000089e+00,2.000000000000000111e-01,5.000000000000000000e-01,-3.664527237415313721e-01,2.414203137159347534e-01,2.617887556552886963e-01,1.227261066436767578e+00,-2.273271530866622925e-01,-2.377003282308578491e-01,-5.458121895790100098e-01,-3.861314356327056885e-01,-1.917678266763687134e-01,9.852845072746276855e-01,-4.654619395732879639e-01,2.628808096051216125e-02
2.007472325048663409e-01,1.422462549149388078e+00,5.000135386396538095e-01,9.959679245948791504e-01,7.469107955694198608e-02,3.145755827426910400e-02,-3.846513479948043823e-02,0.000000000000000000e+00,0.000000000000000000e+00,0.000000000000000000e+00,-1.100000000000000089e+00,2.000000000000000111e-01,-5.000000000000000000e-01,0.000000000000000000e+00,1.100000000000000089e+00,2.000000000000000111e-01,5.000000000000000000e-01,-4.092842638492584229e-01,4.506378471851348877e-01,2.381083369255065918e-01,1.197494983673095703e+00,-2.039642035961151123e-01,-2.173249274492263794e-01,-6.149758100509643555e-01,-4.193617701530456543e-01,-1.536794006824493408e-01,1.072248935699462891e+00,-4.780475497245788574e-01,9.973974525928497314e-02
2.034294623949310932e-01,1.442413237639749823e+00,4.881362782493986474e-01,9.956369400024414062e-01,7.213060557842254639e-02,4.102924838662147522e-02,-4.267144575715065002e-02,0.000000000000000000e+00,0.000000000000000000e+00,0.000000000000000000e+00,-1.100000000000000089e+00,2.000000000000000111e-01,-5.000000000000000000e-01,0.000000000000000000e+00,1.100000000000000089e+00,2.000000000000000111e-01,5.000000000000000000e-01,-4.516366422176361084e-01,6.120492219924926758e-01,2.023650556802749634e-01,1.068892717361450195e+00,-9.257643669843673706e-02,-1.868733167648315430e-01,-6.967639923095703125e-01,-4.593878388404846191e-01,-9.953791648149490356e-02,1.146949052810668945e+00,-4.799799025058746338e-01,1.653925031423568726e-01
2.056777740691346223e-01,1.464281619609606455e+00,4.765881413590125071e-01,9.949575066566467285e-01,7.196256518363952637e-02,5.253212153911590576e-02,-4.605742171406745911e-02,0.000000000000000000e+00,0.000000000000000000e+00,0.000000000000000000e+00,-1.100000000000000089e+00,2.000000000000000111e-01,-5.000000000000000000e-01,0.000000000000000000e+00,1.100000000000000089e+00,2.000000000000000111e-01,5.000000000000000000e-01,-4.810204803943634033e-01,7.075087428092956543e-01,1.343300044536590576e-01,8.699215650558471680e-01,8.736740797758102417e-02,-1.600627452135086060e-01,-7.813912034034729004e-01,-5.031526684761047363e-01,-3.586017712950706482e-02,1.200745344161987305e+00,-4.681033492088317871e-01,2.158911228179931641e-01
2.079930978953236365e-01,1.489270426173402884e+00,4.658417006536866856e-01,9.943462014198303223e-01,6.949446350336074829e-02,6.112581491470336914e-02,-5.205537006258964539e-02,0.000000000000000000e+00,0.000000000000000000e+00,0.000000000000000000e+00,-1.100000000000000089e+00,2.000000000000000111e-01,-5.000000000000000000e-01,0.000000000000000000e+00,1.100000000000000089e+00,2.000000000000000111e-01,5.000000000000000000e-01,-4.790208935737609863e-01,7.390844225883483887e-01,1.213482674211263657e-02,6.818876862525939941e-01,2.596234679222106934e-01,-1.781947612762451172e-01,-8.490951657295227051e-01,-5.381510257720947266e-01,3.120948188006877899e-02,1.220496892929077148e+00,-4.356262981891632080e-01,2.440827041864395142e-01
2.102079865321366536e-01,1.517408720841913583e+00,4.567627166000881589e-01,9.941349625587463379e-01,6.427585333585739136e-02,6.373222172260284424e-02,-5.918179079890251160e-02,0.000000000000000000e+00,0.000000000000000000e+00,0.000000000000000000e+00,-1.100000000000000089e+00,2.000000000000000111e-01,-5.000000000000000000e-01,0.000000000000000000e+00,1.100000000000000089e+00,2.000000000000000111e-01,5.000000000000000000e-01,-4.554461836814880371e-01,7.430466413497924805e-01,-1.150140911340713501e-01,5.954107642173767090e-01,3.449999999999999734e-01,-2.074949890375137329e-01,-8.872936367988586426e-01,-5.704765915870666504e-01,8.660843968391418457e-02,1.201304316520690918e+00,-3.847906589508056641e-01,2.609930932521820068e-01
2.119388431566532338e-01,1.549242233308878891e+00,4.500036234958003090e-01,9.945358037948608398e-01,5.648645386099815369e-02,6.035881862044334412e-02,-6.375461816787719727e-02,0.000000000000000000e+00,0.000000000000000000e+00,0.000000000000000000e+00,-1.100000000000000089e+00,2.000000000000000111e-01,-5.000000000000000000e-01,0.000000000000000000e+00,1.100000000000000089e+00,2.000000000000000111e-01,5.000000000000000000e-01,-4.238752126693725586e-01,7.338966131210327148e-01,-1.964096724987030029e-01,5.951894521713256836e-01,3.449999999999999734e-01,-2.265879809856414795e-01,-8.909026980400085449e-01,-6.056305766105651855e-01,1.218869984149932861e-01,1.140387415885925293e+00,-3.132008910179138184e-01,2.708545625209808350e-01
2.132877844899441211e-01,1.584588444726635625e+00,4.459625083998297046e-01,9.955089688301086426e-01,4.750187695026397705e-02,5.352909490466117859e-02,-6.196774169802665710e-02,0.000000000000000000e+00,0.000000000000000000e+00,0.000000000000000000e+00,-1.100000000000000089e+00,2.000000000000000111e-01,-5.000000000000000000e-01,0.000000000000000000e+00,1.100000000000000089e+00,2.000000000000000111e-01,5.000000000000000000e-01,-4.012050628662109375e-01,7.049913406372070312e-01,-2.194892764091491699e-01,6.349329948425292969e-01,3.101550936698913574e-01,-2.358338981866836548e-01,-8.560288548469543457e-01,-6.529721021652221680e-01,1.309887468814849854e-01,1.032174348831176758e+00,-2.188933789730072021e-01,2.706645727157592773e-01
2.146571740790298444e-01,1.621651728360941958e+00,4.442616702300129505e-01,9.964962601661682129e-01,4.344816505908966064e-02,4.770562797784805298e-02,-5.321262031793594360e-02,0.000000000000000000e+00,0.000000000000000000e+00,0.000000000000000000e+00,-1.100000000000000089e+00,2.000000000000000111e-01,-5.000000000000000000e-01,0.000000000000000000e+00,1.100000000000000089e+00,2.000000000000000111e-01,5.000000000000000000e-01,-3.566452264785766602e-01,6.639723181724548340e-01,-1.474391222000122070e-01,6.519293189048767090e-01,1.158384159207344055e-01,-2.550674974918365479e-01,-7.800061702728271484e-01,-7.240384817123413086e-01,1.100635081529617310e-01,8.591008186340332031e-01,-9.443944692611694336e-02,2.730969488620758057e-01
2.157753511367723198e-01,1.660614769136664837e+00,4.452700910152810887e-01,9.971277117729187012e-01,4.658821970224380493e-02,4.569293558597564697e-02,-3.844472020864486694e-02,0.000000000000000000e+00,0.000000000000000000e+00,0.000000000000000000e+00,-1.100000000000000089e+00,2.000000000000000111e-01,-5.000000000000000000e-01,0.000000000000000000e+00,1.100000000000000089e+00,2.000000000000000111e-01,5.000000000000000000e-01,-3.119395077228546143e-01,6.203594207763671875e-01,6.277004256844520569e-03,6.544645428657531738e-01,-1.508793085813522339e-01,-2.715285718441009521e-01,-6.893933415412902832e-01,-8.073010444641113281e-01,6.383941322565078735e-02,6.350982189178466797e-01,9.086129069328308105e-02,2.634448409080505371e-01
2.139901665067582281e-01,1.697278471017124701e+00,4.495371956671729285e-01,9.975382685661315918e-01,4.843233153223991394e-02,4.550872370600700378e-02,-2.237554267048835754e-02,0.000000000000000000e+00,0.000000000000000000e+00,0.000000000000000000e+00,-1.100000000000000089e+00,2.000000000000000111e-01,-5.000000000000000000e-01,0.000000000000000000e+00,1.100000000000000089e+00,2.000000000000000111e-01,5.000000000000000000e-01,-3.592852652072906494e-01,5.534755587577819824e-01,4.309658333659172058e-02,7.487488985061645508e-01,-3.178346157073974609e-01,-2.730096578598022461e-01,-6.193962693214416504e-01,-8.754469156265258789e-01,3.804439678788185120e-03,4.505963921546936035e-01,2.987111806869506836e-01,2.461771816015243530e-01
2.116622623323340668e-01,1.730602858548212497e+00,4.572825382499381974e-01,9.978175759315490723e-01,4.987087473273277283e-02,4.226087778806686401e-02,-9.322912432253360748e-03,0.000000000000000000e+00,0.000000000000000000e+00,0.000000000000000000e+00,-1.100000000000000089e+00,2.000000000000000111e-01,-5.000000000000000000e-01,0.000000000000000000e+00,1.100000000000000089e+00,2.000000000000000111e-01,5.000000000000000000e-01,-4.169567525386810303e-01,4.729369878768920898e-01,4.214134812355041504e-02,8.532039523124694824e-01,-4.224372208118438721e-01,-2.683031857013702393e-01,-5.892031192779541016e-01,-9.382785558700561523e-01,-8.805047720670700073e-02,3.650715947151184082e-01,3.449999999999999734e-01,2.250061780214309692e-01
2.100016148459881160e-01,1.760216915255243153e+00,4.666820513080767729e-01,9.980763792991638184e-01,4.818514361977577209e-02,3.836115449666976929e-02,-7.077573332935571671e-03,0.000000000000000000e+00,0.000000000000000000e+00,0.000000000000000000e+00,-1.100000000000000089e+00,2.000000000000000111e-01,-5.000000000000000000e-01,0.000000000000000000e+00,1.100000000000000089e+00,2.000000000000000111e-01,5.000000000000000000e-01,-4.087969958782196045e-01,4.146553874015808105e-01,6.502328813076019287e-02,8.669096231460571289e-01,-4.868587553501129150e-01,-2.713661193847656250e-01,-5.498104691505432129e-01,-9.649013280868530273e-01,-2.234427630901336670e-01,3.491099178791046143e-01,3.449999999999999734e-01,2.299543321132659912e-01
2.088280925598710591e-01,1.785536879764662910e+00,4.761854456575831951e-01,9.982696771621704102e-01,4.496405273675918579e-02,3.656593710184097290e-02,-9.944518096745014191e-03,0.000000000000000000e+00,0.000000000000000000e+00,0.000000000000000000e+00,-1.100000000000000089e+00,2.000000000000000111e-01,-5.000000000000000000e-01,0.000000000000000000e+00,1.100000000000000089e+00,2.000000000000000111e-01,5.000000000000000000e-01,-3.860281109809875488e-01,3.736955225467681885e-01,1.010037213563919067e-01,8.540713191032409668e-01,-5.150164365768432617e-01,-2.699025571346282959e-01,-5.157076120376586914e-01,-9.592283368110656738e-01,-3.328367471694946289e-01,3.935796320438385010e-01,3.449999999999999734e-01,2.359609305858612061e-01
2.078689967043171050e-01,1.807589607431431045e+00,4.858868040347640860e-01,9.984896183013916016e-01,3.817157447338104248e-02,3.663749992847442627e-02,-1.480252109467983246e-02,0.000000000000000000e+00,0.000000000000000000e+00,0.000000000000000000e+00,-1.100000000000000089e+00,2.000000000000000111e-01,-5.000000000000000000e-01,0.000000000000000000e+00,1.100000000000000089e+00,2.000000000000000111e-01,5.000000000000000000e-01,-3.661090433597564697e-01,3.478538393974304199e-01,1.363326013088226318e-01,8.311102986335754395e-01,-5.217177271842956543e-01,-2.662468850612640381e-01,-4.855628013610839844e-01,-9.270780682563781738e-01,-3.990850150585174561e-01,4.668335020542144775e-01,3.449999999999999734e-01,2.373715937137603760e-01
2.067818345645009992e-01,1.827650571185531092e+00,4.949405443532900462e-01,9.986379146575927734e-01,2.976580150425434113e-02,3.737055510282516479e-02,-2.097024954855442047e-02,0.000000000000000000e+00,0.000000000000000000e+00,0.000000000000000000e+00,-1.100000000000000089e+00,2.000000000000000111e-01,-5.000000000000000000e-01,0.000000000000000000e+00,1.100000000000000089e+00,2.000000000000000111e-01,5.000000000000000000e-01,-3.474268317222595215e-01,3.311240375041961670e-01,1.688442081212997437e-01,8.056427240371704102e-01,-5.177766084671020508e-01,-2.637880146503448486e-01,-4.534392356872558594e-01,-8.792724609375000000e-01,-4.437317550182342529e-01,5.401543378829956055e-01,3.421037793159484863e-01,2.472234368324279785e-01
2.055546485817041080e-01,1.846712912709423948e+00,5.024677445280431032e-01,9.986808896064758301e-01,2.500161714851856232e-02,3.664905950427055359e-02,-2.585073933005332947e-02,0.000000000000000000e+00,0.000000000000000000e+00,0.000000000000000000e+00,-1.100000000000000089e+00,2.000000000000000111e-01,-5.000000000000000000e-01,0.000000000000000000e+00,1.100000000000000089e+00,2.000000000000000111e-01,5.000000000000000000e-01,-3.250161707401275635e-01,3.087757229804992676e-01,1.990675181150436401e-01,7.771648764610290527e-01,-5.086689591407775879e-01,-2.606567442417144775e-01,-4.286120235919952393e-01,-8.412306308746337891e-01,-4.603138566017150879e-01,6.279085278511047363e-01,2.574021816253662109e-01,2.530882656574249268e-01
2.040617598314778958e-01,1.864054030086657043e+00,5.084586060039624211e-01,9.986491799354553223e-01,2.495960332453250885e-02,3.526797145605087280e-02,-2.886248193681240082e-02,0.000000000000000000e+00,0.000000000000000000e+00,0.000000000000000000e+00,-1.100000000000000089e+00,2.000000000000000111e-01,-5.000000000000000000e-01,0.000000000000000000e+00,1.100000000000000089e+00,2.000000000000000111e-01,5.000000000000000000e-01,-3.007947504520416260e-01,2.762589156627655029e-01,2.260628938674926758e-01,7.427220940589904785e-01,-4.967406988143920898e-01,-2.539325356483459473e-01,-4.239515662193298340e-01,-8.126479983329772949e-01,-4.398181438446044922e-01,7.314836978912353516e-01,1.560918539762496948e-01,2.507024109363555908e-01
2.026523456361257747e-01,1.878614682907407962e+00,5.137714157735157050e-01,9.985913038253784180e-01,2.809570170938968658e-02,3.358357027173042297e-02,-2.996877767145633698e-02,0.000000000000000000e+00,0.000000000000000000e+00,0.000000000000000000e+00,-1.100000000000000089e+00,2.000000000000000111e-01,-5.000000000000000000e-01,0.000000000000000000e+00,1.100000000000000089e+00,2.000000000000000111e-01,5.000000000000000000e-01,-2.739423513412475586e-01,2.343875318765640259e-01,2.485737651586532593e-01,6.950986385345458984e-01,-4.708969295024871826e-01,-2.408291995525360107e-01,-4.319468736648559570e-01,-7.818014025688171387e-01,-3.941231071949005127e-01,8.374066352844238281e-01,4.809725657105445862e-02,2.303521186113357544e-01
2.017911938118814308e-01,1.889897469944423980e+00,5.192082852147745786e-01,9.985216259956359863e-01,2.929517999291419983e-02,3.163318708539009094e-02,-3.310055658221244812e-02,0.000000000000000000e+00,0.000000000000000000e+00,0.000000000000000000e+00,-1.100000000000000089e+00,2.000000000000000111e-01,-5.000000000000000000e-01,0.000000000000000000e+00,1.100000000000000089e+00,2.000000000000000111e-01,5.000000000000000000e-01,-2.392865419387817383e-01,1.994665414094924927e-01,2.668900191783905029e-01,6.322293877601623535e-01,-4.365500807762145996e-01,-2.281876206398010254e-01,-4.228919744491577148e-01,-7.092890739440917969e-01,-3.431059420108795166e-01,8.967000842094421387e-01,-4.941720515489578247e-02,2.260173708200454712e-01
2.013961169022050746e-01,1.898528668335591973e+00,5.250004353155993675e-01,9.984343647956848145e-01,2.852213010191917419e-02,2.942601963877677917e-02,-3.807119280099868774e-02,0.000000000000000000e+00,0.000000000000000000e+00,0.000000000000000000e+00,-1.100000000000000089e+00,2.000000000000000111e-01,-5.000000000000000000e-01,0.000000000000000000e+00,1.100000000000000089e+00,2.000000000000000111e-01,5.000000000000000000e-01,-1.994083225727081299e-01,1.715878099203109741e-01,2.817928493022918701e-01,5.581560730934143066e-01,-3.972396552562713623e-01,-2.169476896524429321e-01,-4.079167544841766357e-01,-6.087018847465515137e-01,-2.917742431163787842e-01,9.376537799835205078e-01,-1.415807753801345825e-01,2.217542231082916260e-01
2.016339809782426717e-01,1.905570341803208834e+00,5.307689609340947579e-01,9.982418417930603027e-01,2.673509530723094940e-02,2.800947055220603943e-02,-4.487678781151771545e-02,0.000000000000000000e+00,0.000000000000000000e+00,0.000000000000000000e+00,-1.100000000000000089e+00,2.000000000000000111e-01,-5.000000000000000000e-01,0.000000000000000000e+00,1.100000000000000089e+00,2.000000000000000111e-01,5.000000000000000000e-01,-1.561079919338226318e-01,1.487665921449661255e-01,2.955122292041778564e-01,4.743807315826416016e-01,-3.547197580337524414e-01,-2.062237560749053955e-01,-3.870815932750701904e-01,-4.999778270721435547e-01,-2.614930868148803711e-01,9.577885866165161133e-01,-2.224516570568084717e-01,2.115666568279266357e-01
2.025587818910828675e-01,1.911278249242089000e+00,5.362089028036353122e-01,9.978693723678588867e-01,2.336447685956954956e-02,2.814353071153163910e-02,-5.402505397796630859e-02,0.000000000000000000e+00,0.000000000000000000e+00,0.000000000000000000e+00,-1.100000000000000089e+00,2.000000000000000111e-01,-5.000000000000000000e-01,0.000000000000000000e+00,1.100000000000000089e+00,2.000000000000000111e-01,5.000000000000000000e-01,-1.072903499007225037e-01,1.296835988759994507e-01,3.097344934940338135e-01,3.784229457378387451e-01,-3.088415265083312988e-01,-1.971038132905960083e-01,-3.624192476272583008e-01,-3.832501471042633057e-01,-2.435886859893798828e-01,9.501188993453979492e-01,-2.961458265781402588e-01,1.940847337245941162e-01
2.040093417138312826e-01,1.915219925611910234e+00,5.402829011860821318e-01,9.974660873413085938e-01,1.781783439218997955e-02,2.824164368212223053e-02,-6.282006949186325073e-02,0.000000000000000000e+00,0.000000000000000000e+00,0.000000000000000000e+00,-1.100000000000000089e+00,2.000000000000000111e-01,-5.000000000000000000e-01,0.000000000000000000e+00,1.100000000000000089e+00,2.000000000000000111e-01,5.000000000000000000e-01,-5.907985195517539978e-02,1.165921315550804138e-01,3.173483312129974365e-01,2.834615111351013184e-01,-2.651469111442565918e-01,-1.869923770427703857e-01,-3.292974531650543213e-01,-2.530618011951446533e-01,-2.202671468257904053e-01,8.902503252029418945e-01,-3.613244891166687012e-01,1.769861131906509399e-01
2.054853736278083598e-01,1.916983167291289591e+00,5.422523692340561752e-01,9.973711967468261719e-01,1.701419614255428314e-02,2.502383850514888763e-02,-6.584092229604721069e-02,0.000000000000000000e+00,0.000000000000000000e+00,0.000000000000000000e+00,-1.100000000000000089e+00,2.000000000000000111e-01,-5.000000000000000000e-01,0.000000000000000000e+00,1.100000000000000089e+00,2.000000000000000111e-01,5.000000000000000000e-01,-1.523601263761520386e-02,9.256152063608169556e-02,3.150932490825653076e-01,1.966415792703628540e-01,-2.262628078460693359e-01,-1.723170131444931030e-01,-2.738502323627471924e-01,-1.292292624711990356e-01,-1.651792675256729126e-01,7.456481456756591797e-01,-3.892968297004699707e-01,1.780221760272979736e-01
2.073818715040882388e-01,1.918130594696661362e+00,5.426477575384908159e-01,9.977735280990600586e-01,1.986922696232795715e-02,1.836604811251163483e-02,-6.095801293849945068e-02,0.000000000000000000e+00,0.000000000000000000e+00,0.000000000000000000e+00,-1.100000000000000089e+00,2.000000000000000111e-01,-5.000000000000000000e-01,0.000000000000000000e+00,1.100000000000000089e+00,2.000000000000000111e-01,5.000000000000000000e-01,2.425094693899154663e-02,6.429417431354522705e-02,3.022939860820770264e-01,1.336954534053802490e-01,-1.935656964778900146e-01,-1.569013446569442749e-01,-1.898167878389358521e-01,-6.188952177762985229e-02,-1.374548822641372681e-01,5.301757454872131348e-01,-3.557720184326171875e-01,1.551969796419143677e-01
2.095230426217871422e-01,1.920916871955298477e+00,5.438844099219398709e-01,9.980891942977905273e-01,1.560052484273910522e-02,1.225346233695745468e-02,-5.851908400654792786e-02,0.000000000000000000e+00,0.000000000000000000e+00,0.000000000000000000e+00,-1.100000000000000089e+00,2.000000000000000111e-01,-5.000000000000000000e-01,0.000000000000000000e+00,1.100000000000000089e+00,2.000000000000000111e-01,5.000000000000000000e-01,4.822792112827301025e-02,6.099451333284378052e-02,2.869093418121337891e-01,1.182335913181304932e-01,-1.881085783243179321e-01,-1.458480656147003174e-01,-1.312904953956604004e-01,-3.560804948210716248e-02,-1.403536796569824219e-01,3.943745195865631104e-01,-2.979999184608459473e-01,7.100386172533035278e-02
2.119540392208580926e-01,1.924603619816327216e+00,5.454905010466323256e-01,9.981908202171325684e-01,8.416971191763877869e-03,7.583105470985174179e-03,-5.904844775795936584e-02,0.000000000000000000e+00,0.000000000000000000e+00,0.000000000000000000e+00,-1.100000000000000089e+00,2.000000000000000111e-01,-5.000000000000000000e-01,0.000000000000000000e+00,1.100000000000000089e+00,2.000000000000000111e-01,5.000000000000000000e-01,6.197515502572059631e-02,6.850033998489379883e-02,2.773564159870147705e-01,1.173067912459373474e-01,-1.896373480558395386e-01,-1.328291445970535278e-01,-9.217633306980133057e-02,-2.081457339227199554e-02,-1.393184065818786621e-01,3.340415656566619873e-01,-2.645766735076904297e-01,4.876033216714859009e-02
2.144381805253450235e-01,1.928142392888213541e+00,5.463406502560834710e-01,9.985589385032653809e-01,3.966257907450199127e-03,2.552525606006383896e-03,-5.345796793699264526e-02,0.000000000000000000e+00,0.000000000000000000e+00,0.000000000000000000e+00,-1.100000000000000089e+00,2.000000000000000111e-01,-5.000000000000000000e-01,0.000000000000000000e+00,1.100000000000000089e+00,2.000000000000000111e-01,5.000000000000000000e-01,7.247029989957809448e-02,7.081884145736694336e-02,2.596813142299652100e-01,1.176287680864334106e-01,-1.902232021093368530e-01,-1.224744990468025208e-01,-5.158548057079315186e-02,-1.336048636585474014e-02,-1.433878540992736816e-01,2.832857072353363037e-01,-2.427193224430084229e-01,4.871167242527008057e-02
2.169587134972515707e-01,1.930790327835564701e+00,5.466408348030815656e-01,9.990735650062561035e-01,2.355935750529170036e-03,-2.464070683345198631e-03,-4.289998486638069153e-02,0.000000000000000000e+00,0.000000000000000000e+00,0.000000000000000000e+00,-1.100000000000000089e+00,2.000000000000000111e-01,-5.000000000000000000e-01,0.000000000000000000e+00,1.100000000000000089e+00,2.000000000000000111e-01,5.000000000000000000e-01,7.995574921369552612e-02,6.714871525764465332e-02,2.356998622417449951e-01,1.188284456729888916e-01,-1.887826025485992432e-01,-1.127619966864585876e-01,-1.061970740556716919e-02,-1.302811037749052048e-02,-1.557371616363525391e-01,2.360702157020568848e-01,-2.313400208950042725e-01,4.997464641928672791e-02
2.191182984249910870e-01,1.933045656271655144e+00,5.468089049339595054e-01,9.994047880172729492e-01,2.012097742408514023e-03,-6.792509462684392929e-03,-3.376132249832153320e-02,0.000000000000000000e+00,0.000000000000000000e+00,0.000000000000000000e+00,-1.100000000000000089e+00,2.000000000000000111e-01,-5.000000000000000000e-01,0.000000000000000000e+00,1.100000000000000089e+00,2.000000000000000111e-01,5.000000000000000000e-01,8.538039773702621460e-02,6.193228438496589661e-02,2.192989140748977661e-01,1.209618896245956421e-01,-1.865609586238861084e-01,-1.033544018864631653e-01,2.265246026217937469e-02,-1.510312408208847046e-02,-1.658510714769363403e-01,1.968001127243041992e-01,-2.198333293199539185e-01,4.991606622934341431e-02
2.208695617860013671e-01,1.935599757598505999e+00,5.471187634781153886e-01,9.995669722557067871e-01,1.272129127755761147e-03,-1.011996250599622726e-02,-2.760137990117073059e-02,0.000000000000000000e+00,0.000000000000000000e+00,0.000000000000000000e+00,-1.100000000000000089e+00,2.000000000000000111e-01,-5.000000000000000000e-01,0.000000000000000000e+00,1.100000000000000089e+00,2.000000000000000111e-01,5.000000000000000000e-01,8.802142739295959473e-02,5.777084827423095703e-02,2.078693956136703491e-01,1.260619610548019409e-01,-1.849643439054489136e-01,-9.239935874938964844e-02,4.818250983953475952e-02,-1.620566286146640778e-02,-1.709269881248474121e-01,1.655373275279998779e-01,-2.049761265516281128e-01,4.998386651277542114e-02
2.223968907964952169e-01,1.938479536323234331e+00,5.472774917662445171e-01,9.996460080146789551e-01,5.797665289719589055e-05,-1.349671557545661926e-02,-2.292974665760993958e-02,0.000000000000000000e+00,0.000000000000000000e+00,0.000000000000000000e+00,-1.100000000000000089e+00,2.000000000000000111e-01,-5.000000000000000000e-01,0.000000000000000000e+00,1.100000000000000089e+00,2.000000000000000111e-01,5.000000000000000000e-01,9.145872294902801514e-02,5.392399057745933533e-02,1.978581547737121582e-01,1.315121054649353027e-01,-1.859483271837234497e-01,-8.154188841581344604e-02,6.852237880229949951e-02,-1.779093220829963684e-02,-1.730654686689376831e-01,1.466148048639297485e-01,-1.951412409543991089e-01,5.269236862659454346e-02
2.235873321978130712e-01,1.941734483452758342e+00,5.472331076333618594e-01,9.996779561042785645e-01,-1.112293917685747147e-03,-1.753276214003562927e-02,-1.831235736608505249e-02,0.000000000000000000e+00,0.000000000000000000e+00,0.000000000000000000e+00,-1.100000000000000089e+00,2.000000000000000111e-01,-5.000000000000000000e-01,0.000000000000000000e+00,1.100000000000000089e+00,2.000000000000000111e-01,5.000000000000000000e-01,9.805622696876525879e-02,4.934106767177581787e-02,1.881896257400512695e-01,1.347267776727676392e-01,-1.891388595104217529e-01,-7.173199206590652466e-02,8.580145984888076782e-02,-2.097713761031627655e-02,-1.761596351861953735e-01,1.385846436023712158e-01,-1.923467218875885010e-01,5.655250325798988342e-02
2.241993474557694710e-01,1.944858727822400102e+00,5.471151097796179696e-01,9.996729493141174316e-01,-1.874265377409756184e-03,-2.143342606723308563e-02,-1.382357627153396606e-02,0.000000000000000000e+00,0.000000000000000000e+00,0.000000000000000000e+00,-1.100000000000000089e+00,2.000000000000000111e-01,-5.000000000000000000e-01,0.000000000000000000e+00,1.100000000000000089e+00,2.000000000000000111e-01,5.000000000000000000e-01,1.059150770306587219e-01,4.424427822232246399e-02,1.785938888788223267e-01,1.353611946105957031e-01,-1.917908191680908203e-01,-6.290637701749801636e-02,9.786809980869293213e-02,-2.536730468273162842e-02,-1.806350499391555786e-01,1.384710222482681274e-01,-1.935247033834457397e-01,5.876916274428367615e-02
2.242482156731715193e-01,1.947544196217951162e+00,5.471371150092042557e-01,9.996643066406250000e-01,-1.935776788741350174e-03,-2.409328892827033997e-02,-9.328464046120643616e-03,0.000000000000000000e+00,0.000000000000000000e+00,0.000000000000000000e+00,-1.100000000000000089e+00,2.000000000000000111e-01,-5.000000000000000000e-01,0.000000000000000000e+00,1.100000000000000089e+00,2.000000000000000111e-01,5.000000000000000000e-01,1.106311976909637451e-01,3.849324584007263184e-02,1.691504865884780884e-01,1.350181996822357178e-01,-1.917299926280975342e-01,-5.549347773194313049e-02,1.044554337859153748e-01,-3.059831634163856506e-02,-1.856690943241119385e-01,1.407321989536285400e-01,-1.949090212583541870e-01,6.061092391610145569e-02
2.237917109575084940e-01,1.949788895712958325e+00,5.471998921924768888e-01,9.996468424797058105e-01,-1.759432372637093067e-03,-2.602166682481765747e-02,-5.098680499941110611e-03,0.000000000000000000e+00,0.000000000000000000e+00,0.000000000000000000e+00,-1.100000000000000089e+00,2.000000000000000111e-01,-5.000000000000000000e-01,0.000000000000000000e+00,1.100000000000000089e+00,2.000000000000000111e-01,5.000000000000000000e-01,1.131974831223487854e-01,3.328676894307136536e-02,1.611575782299041748e-01,1.340967714786529541e-01,-1.910143643617630005e-01,-5.082250013947486877e-02,1.084902361035346985e-01,-3.554621711373329163e-02,-1.908213943243026733e-01,1.423113495111465454e-01,-1.957891285419464111e-01,6.304462999105453491e-02
2.229277773400900331e-01,1.951641486928318514e+00,5.472764122644157014e-01,9.996231794357299805e-01,-1.703738584183156490e-03,-2.737157046794891357e-02,-1.191900810226798058e-03,0.000000000000000000e+00,0.000000000000000000e+00,0.000000000000000000e+00,-1.100000000000000089e+00,2.000000000000000111e-01,-5.000000000000000000e-01,0.000000000000000000e+00,1.100000000000000089e+00,2.000000000000000111e-01,5.000000000000000000e-01,1.135190129280090332e-01,2.939111925661563873e-02,1.540634036064147949e-01,1.335448771715164185e-01,-1.899978220462799072e-01,-4.819573462009429932e-02,1.116575077176094055e-01,-3.947011381387710571e-02,-1.960801333189010620e-01,1.414428949356079102e-01,-1.948261111974716187e-01,6.582454591989517212e-02
2.218826742522945206e-01,1.952993853603950614e+00,5.473106656878283793e-01,9.995877146720886230e-01,-1.675754203461110592e-03,-2.855068445205688477e-02,2.526361495256423950e-03,0.000000000000000000e+00,0.000000000000000000e+00,0.000000000000000000e+00,-1.100000000000000089e+00,2.000000000000000111e-01,-5.000000000000000000e-01,0.000000000000000000e+00,1.100000000000000089e+00,2.000000000000000111e-01,5.000000000000000000e-01,1.130275800824165344e-01,2.641990594565868378e-02,1.481237262487411499e-01,1.330870389938354492e-01,-1.890411078929901123e-01,-4.624351114034652710e-02,1.146943718194961548e-01,-4.275781288743019104e-02,-2.014924287796020508e-01,1.400028020143508911e-01,-1.938122510910034180e-01,6.824798136949539185e-02
2.207421805702074469e-01,1.954011242558257644e+00,5.473239103448812592e-01,9.995458126068115234e-01,-1.608569989912211895e-03,-2.949007414281368256e-02,5.992437712848186493e-03,0.000000000000000000e+00,0.000000000000000000e+00,0.000000000000000000e+00,-1.100000000000000089e+00,2.000000000000000111e-01,-5.000000000000000000e-01,0.000000000000000000e+00,1.100000000000000089e+00,2.000000000000000111e-01,5.000000000000000000e-01,1.119941100478172302e-01,2.387406863272190094e-02,1.427396535873413086e-01,1.324165910482406616e-01,-1.875133663415908813e-01,-4.446066170930862427e-02,1.170929148793220520e-01,-4.550250247120857239e-02,-2.064222544431686401e-01,1.383347213268280029e-01,-1.922976672649383545e-01,7.057823240756988525e-02
2.195312701534442301e-01,1.954989271215116231e+00,5.473367398089230562e-01,9.995015859603881836e-01,-1.494536292739212513e-03,-3.015135601162910461e-02,9.230498224496841431e-03,0.000000000000000000e+00,0.000000000000000000e+00,0.000000000000000000e+00,-1.100000000000000089e+00,2.000000000000000111e-01,-5.000000000000000000e-01,0.000000000000000000e+00,1.100000000000000089e+00,2.000000000000000111e-01,5.000000000000000000e-01,1.105823740363121033e-01,2.180574834346771240e-02,1.376270353794097900e-01,1.313723623752593994e-01,-1.856440305709838867e-01,-4.349887743592262268e-02,1.184847876429557800e-01,-4.741033539175987244e-02,-2.103480100631713867e-01,1.367247253656387329e-01,-1.907003521919250488e-01,7.253172993659973145e-02
2.181997461669673843e-01,1.955795576042599127e+00,5.473564614769484971e-01,9.994580745697021484e-01,-1.297770417295396328e-03,-3.054085001349449158e-02,1.220828481018543243e-02,0.000000000000000000e+00,0.000000000000000000e+00,0.000000000000000000e+00,-1.100000000000000089e+00,2.000000000000000111e-01,-5.000000000000000000e-01,0.000000000000000000e+00,1.100000000000000089e+00,2.000000000000000111e-01,5.000000000000000000e-01,1.084327995777130127e-01,2.006204240024089813e-02,1.324664801359176636e-01,1.305330693721771240e-01,-1.840383857488632202e-01,-4.281805828213691711e-02,1.189818903803825378e-01,-4.881928861141204834e-02,-2.139381319284439087e-01,1.349097490310668945e-01,-1.893237680196762085e-01,7.446599751710891724e-02
2.167941102280159238e-01,1.956228705391739320e+00,5.474042086732207046e-01,9.994191527366638184e-01,-1.102162059396505356e-03,-3.069831244647502899e-02,1.475456543266773224e-02,0.000000000000000000e+00,0.000000000000000000e+00,0.000000000000000000e+00,-1.100000000000000089e+00,2.000000000000000111e-01,-5.000000000000000000e-01,0.000000000000000000e+00,1.100000000000000089e+00,2.000000000000000111e-01,5.000000000000000000e-01,1.056967228651046753e-01,1.880958676338195801e-02,1.273794174194335938e-01,1.300339102745056152e-01,-1.826954483985900879e-01,-4.284048452973365784e-02,1.186899766325950623e-01,-4.964093491435050964e-02,-2.171634733676910400e-01,1.327240169048309326e-01,-1.880872994661331177e-01,7.616014033555984497e-02
2.154486565160179390e-01,1.956279192861884564e+00,5.474743347727890619e-01,9.993892908096313477e-01,-8.294236613437533379e-04,-3.054645098745822906e-02,1.695017330348491669e-02,0.000000000000000000e+00,0.000000000000000000e+00,0.000000000000000000e+00,-1.100000000000000089e+00,2.000000000000000111e-01,-5.000000000000000000e-01,0.000000000000000000e+00,1.100000000000000089e+00,2.000000000000000111e-01,5.000000000000000000e-01,1.023112609982490540e-01,1.773836091160774231e-02,1.224823892116546631e-01,1.298611015081405640e-01,-1.813243478536605835e-01,-4.279401525855064392e-02,1.176624149084091187e-01,-5.033107846975326538e-02,-2.202060818672180176e-01,1.305809319019317627e-01,-1.871773600578308105e-01,7.784203439950942993e-02
2.142064197865700403e-01,1.956046518698485226e+00,5.475518928272555819e-01,9.993640780448913574e-01,-4.934858297929167747e-04,-3.022711724042892456e-02,1.890800893306732178e-02,0.000000000000000000e+00,0.000000000000000000e+00,0.000000000000000000e+00,-1.100000000000000089e+00,2.000000000000000111e-01,-5.000000000000000000e-01,0.000000000000000000e+00,1.100000000000000089e+00,2.000000000000000111e-01,5.000000000000000000e-01,9.867627173662185669e-02,1.680359803140163422e-02,1.176887899637222290e-01,1.298333555459976196e-01,-1.799975931644439697e-01,-4.333352670073509216e-02,1.164216846227645874e-01,-5.089478567242622375e-02,-2.229885458946228027e-01,1.284644752740859985e-01,-1.866723001003265381e-01,7.932798564434051514e-02
2.131198596766199771e-01,1.955432863428135049e+00,5.476108917541274712e-01,9.993361830711364746e-01,-6.227618723642081022e-05,-2.991813421249389648e-02,2.078651823103427887e-02,0.000000000000000000e+00,0.000000000000000000e+00,0.000000000000000000e+00,-1.100000000000000089e+00,2.000000000000000111e-01,-5.000000000000000000e-01,0.000000000000000000e+00,1.100000000000000089e+00,2.000000000000000111e-01,5.000000000000000000e-01,9.527385234832763672e-02,1.578944362699985504e-02,1.130023226141929626e-01,1.300164014101028442e-01,-1.789870411157608032e-01,-4.385805130004882812e-02,1.153468638658523560e-01,-5.164314061403274536e-02,-2.260772138833999634e-01,1.268644481897354126e-01,-1.865842342376708984e-01,8.064392954111099243e-02
2.121796966223704617e-01,1.954439555668469719e+00,5.476473041811976694e-01,9.993119835853576660e-01,3.936173743568360806e-04,-2.961306273937225342e-02,2.232908271253108978e-02,0.000000000000000000e+00,0.000000000000000000e+00,0.000000000000000000e+00,-1.100000000000000089e+00,2.000000000000000111e-01,-5.000000000000000000e-01,0.000000000000000000e+00,1.100000000000000089e+00,2.000000000000000111e-01,5.000000000000000000e-01,9.226847440004348755e-02,1.487622130662202835e-02,1.090196520090103149e-01,1.302017718553543091e-01,-1.781253367662429810e-01,-4.475207254290580750e-02,1.138915345072746277e-01,-5.244346335530281067e-02,-2.287116795778274536e-01,1.263369768857955933e-01,-1.868021041154861450e-01,8.133744448423385620e-02
2.114129804484922437e-01,1.953289471027827018e+00,5.476640779788446434e-01,9.992946386337280273e-01,9.168492979370057583e-04,-2.930256538093090057e-02,2.346725203096866608e-02,0.000000000000000000e+00,0.000000000000000000e+00,0.000000000000000000e+00,-1.100000000000000089e+00,2.000000000000000111e-01,-5.000000000000000000e-01,0.000000000000000000e+00,1.100000000000000089e+00,2.000000000000000111e-01,5.000000000000000000e-01,8.963924646377563477e-02,1.390614919364452362e-02,1.059812381863594055e-01,1.301419287919998169e-01,-1.768846511840820312e-01,-4.594453424215316772e-02,1.124559566378593445e-01,-5.336279049515724182e-02,-2.310774475336074829e-01,1.259406358003616333e-01,-1.872329562902450562e-01,8.229397982358932495e-02
2.107590722157196561e-01,1.952101022552962251e+00,5.476739595725078624e-01,9.992794990539550781e-01,1.517320401035249233e-03,-2.903614006936550140e-02,2.439388073980808258e-02,0.000000000000000000e+00,0.000000000000000000e+00,0.000000000000000000e+00,-1.100000000000000089e+00,2.000000000000000111e-01,-5.000000000000000000e-01,0.000000000000000000e+00,1.100000000000000089e+00,2.000000000000000111e-01,5.000000000000000000e-01,8.728642761707305908e-02,1.308537647128105164e-02,1.039211973547935486e-01,1.300055235624313354e-01,-1.752917021512985229e-01,-4.685886204242706299e-02,1.112234443426132202e-01,-5.441087484359741211e-02,-2.333408147096633911e-01,1.255372017621994019e-01,-1.881512701511383057e-01,8.313942700624465942e-02
2.102279157966676360e-01,1.951024344036675462e+00,5.476784851763284445e-01,9.992666244506835938e-01,2.075176686048507690e-03,-2.878008782863616943e-02,2.517032809555530548e-02,0.000000000000000000e+00,0.000000000000000000e+00,0.000000000000000000e+00,-1.100000000000000089e+00,2.000000000000000111e-01,-5.000000000000000000e-01,0.000000000000000000e+00,1.100000000000000089e+00,2.000000000000000111e-01,5.000000000000000000e-01,8.515925705432891846e-02,1.264946721494197845e-02,1.023475974798202515e-01,1.298178136348724365e-01,-1.736819893121719360e-01,-4.746380448341369629e-02,1.102474555373191833e-01,-5.528124794363975525e-02,-2.358542084693908691e-01,1.249620690941810608e-01,-1.891739815473556519e-01,8.373433351516723633e-02
2.098703723351913186e-01,1.950172866209588962e+00,5.476808517764915063e-01,9.992588758468627930e-01,2.531619044020771980e-03,-2.850326709449291229e-02,2.574754320085048676e-02,0.000000000000000000e+00,0.000000000000000000e+00,0.000000000000000000e+00,-1.100000000000000089e+00,2.000000000000000111e-01,-5.000000000000000000e-01,0.000000000000000000e+00,1.100000000000000089e+00,2.000000000000000111e-01,5.000000000000000000e-01,8.331737667322158813e-02,1.269473508000373840e-02,1.009632647037506104e-01,1.294789314270019531e-01,-1.722975224256515503e-01,-4.850151762366294861e-02,1.093083545565605164e-01,-5.571838095784187317e-02,-2.382109910249710083e-01,1.241353154182434082e-01,-1.900079995393753052e-01,8.389778435230255127e-02
2.097113118926533515e-01,1.949597740850665284e+00,5.476767413656820072e-01,9.992531538009643555e-01,2.933099865913391113e-03,-2.830327861011028290e-02,2.614360116422176361e-02,0.000000000000000000e+00,0.000000000000000000e+00,0.000000000000000000e+00,-1.100000000000000089e+00,2.000000000000000111e-01,-5.000000000000000000e-01,0.000000000000000000e+00,1.100000000000000089e+00,2.000000000000000111e-01,5.000000000000000000e-01,8.224940299987792969e-02,1.296759862452745438e-02,9.947381913661956787e-02,1.289411783218383789e-01,-1.711821258068084717e-01,-4.950843006372451782e-02,1.086758673191070557e-01,-5.581285431981086731e-02,-2.403907328844070435e-01,1.233731731772422791e-01,-1.907705366611480713e-01,8.380447328090667725e-02
2.096523337254319608e-01,1.949279536926987078e+00,5.476523280166315510e-01,9.992541670799255371e-01,3.253228263929486275e-03,-2.812247537076473236e-02,2.626189589500427246e-02,0.000000000000000000e+00,0.000000000000000000e+00,0.000000000000000000e+00,-1.100000000000000089e+00,2.000000000000000111e-01,-5.000000000000000000e-01,0.000000000000000000e+00,1.100000000000000089e+00,2.000000000000000111e-01,5.000000000000000000e-01,8.185727149248123169e-02,1.360269729048013687e-02,9.840757399797439575e-02,1.282036304473876953e-01,-1.701280921697616577e-01,-5.098646506667137146e-02,1.082425937056541443e-01,-5.545835942029953003e-02,-2.422316819429397583e-01,1.228070184588432312e-01,-1.914655268192291260e-01,8.377575129270553589e-02
2.096019500535395430e-01,1.949161123880232216e+00,5.476207318284896930e-01,9.992599487304687500e-01,3.499315818771719933e-03,-2.790419198572635651e-02,2.624163031578063965e-02,0.000000000000000000e+00,0.000000000000000000e+00,0.000000000000000000e+00,-1.100000000000000089e+00,2.000000000000000111e-01,-5.000000000000000000e-01,0.000000000000000000e+00,1.100000000000000089e+00,2.000000000000000111e-01,5.000000000000000000e-01,8.157928287982940674e-02,1.431851368397474289e-02,9.723778069019317627e-02,1.275227367877960205e-01,-1.687573641538619995e-01,-5.254351347684860229e-02,1.078101098537445068e-01,-5.475466698408126831e-02,-2.437489777803421021e-01,1.223977059125900269e-01,-1.921259313821792603e-01,8.351586759090423584e-02
2.094886646404711950e-01,1.948913668845638991e+00,5.476115145436440956e-01,9.992697834968566895e-01,3.751441137865185738e-03,-2.758583240211009979e-02,2.617039158940315247e-02,0.000000000000000000e+00,0.000000000000000000e+00,0.000000000000000000e+00,-1.100000000000000089e+00,2.000000000000000111e-01,-5.000000000000000000e-01,0.000000000000000000e+00,1.100000000000000089e+00,2.000000000000000111e-01,5.000000000000000000e-01,8.114043623208999634e-02,1.493189390748739243e-02,9.620637446641921997e-02,1.269639283418655396e-01,-1.670017987489700317e-01,-5.413490161299705505e-02,1.071247756481170654e-01,-5.403634160757064819e-02,-2.450232356786727905e-01,1.220005527138710022e-01,-1.928228139877319336e-01,8.344648778438568115e-02
2.093141590179216915e-01,1.948242883016966909e+00,5.476403289386118090e-01,9.992806911468505859e-01,3.983514849096536636e-03,-2.712082676589488983e-02,2.620588429272174835e-02,0.000000000000000000e+00,0.000000000000000000e+00,0.000000000000000000e+00,-1.100000000000000089e+00,2.000000000000000111e-01,-5.000000000000000000e-01,0.000000000000000000e+00,1.100000000000000089e+00,2.000000000000000111e-01,5.000000000000000000e-01,8.005285263061523438e-02,1.528051123023033142e-02,9.478328377008438110e-02,1.265859752893447876e-01,-1.652400493621826172e-01,-5.547692626714706421e-02,1.059990674257278442e-01,-5.339050292968750000e-02,-2.467921972274780273e-01,1.215744689106941223e-01,-1.933403313159942627e-01,8.359611779451370239e-02
2.091198071694434224e-01,1.947800287267174468e+00,5.476670673685242186e-01,9.992956519126892090e-01,4.189201164990663528e-03,-2.650612406432628632e-02,2.623028866946697235e-02,0.000000000000000000e+00,0.000000000000000000e+00,0.000000000000000000e+00,-1.100000000000000089e+00,2.000000000000000111e-01,-5.000000000000000000e-01,0.000000000000000000e+00,1.100000000000000089e+00,2.000000000000000111e-01,5.000000000000000000e-01,7.803007215261459351e-02,1.577052474021911621e-02,9.384941309690475464e-02,1.263573914766311646e-01,-1.636909544467926025e-01,-5.682910978794097900e-02,1.044672131538391113e-01,-5.275840684771537781e-02,-2.485329657793045044e-01,1.212663128972053528e-01,-1.933947950601577759e-01,8.364680409431457520e-02
2.089277181228754443e-01,1.947580068894106953e+00,5.476694754879883886e-01,9.993214011192321777e-01,4.384106490761041641e-03,-2.581668458878993988e-02,2.590532228350639343e-02,0.000000000000000000e+00,0.000000000000000000e+00,0.000000000000000000e+00,-1.100000000000000089e+00,2.000000000000000111e-01,-5.000000000000000000e-01,0.000000000000000000e+00,1.100000000000000089e+00,2.000000000000000111e-01,5.000000000000000000e-01,7.549293339252471924e-02,1.672025024890899658e-02,9.442480653524398804e-02,1.259734183549880981e-01,-1.621163487434387207e-01,-5.823694914579391479e-02,1.029188856482505798e-01,-5.213826149702072144e-02,-2.496366947889328003e-01,1.210949718952178955e-01,-1.931341588497161865e-01,8.315119147300720215e-02
