7.906139699819807534e-03,-1.270454414210028284e-02,5.352972635092457798e-01,9.922315478324890137e-01,-2.765024639666080475e-02,1.209651976823806763e-01,8.920368738472461700e-03,0.000000000000000000e+00,0.000000000000000000e+00,0.000000000000000000e+00,-1.100000000000000089e+00,2.000000000000000111e-01,-5.000000000000000000e-01,0.000000000000000000e+00,1.100000000000000089e+00,2.000000000000000111e-01,5.000000000000000000e-01,9.125446528196334839e-02,-4.180564731359481812e-02,-7.659491151571273804e-02,5.257763266563415527e-01,-2.622013166546821594e-02,1.940795332193374634e-01,-6.851657629013061523e-01,-1.429260522127151489e-02,-1.071446388959884644e-01,4.731531143188476562e-01,-9.341502189636230469e-02,2.496624141931533813e-01
4.410182239468952298e-02,-1.443182880924356176e-02,5.335358486791150767e-01,9.923440217971801758e-01,-1.883769035339355469e-02,1.195520609617233276e-01,2.461186237633228302e-02,0.000000000000000000e+00,0.000000000000000000e+00,0.000000000000000000e+00,-1.100000000000000089e+00,2.000000000000000111e-01,-5.000000000000000000e-01,0.000000000000000000e+00,1.100000000000000089e+00,2.000000000000000111e-01,5.000000000000000000e-01,1.239233464002609253e-01,-4.979670047760009766e-02,-8.402919769287109375e-02,5.564284920692443848e-01,9.131141006946563721e-02,1.438580304384231567e-01,-6.167961955070495605e-01,-2.946639247238636017e-02,-1.187848672270774841e-01,2.465337514877319336e-01,-1.247788593173027039e-01,2.334462553262710571e-01
8.672809553727733878e-02,-1.597095059872971623e-02,5.270044059027927386e-01,9.925011396408081055e-01,-1.570472307503223419e-02,1.150765568017959595e-01,3.810861334204673767e-02,0.000000000000000000e+00,0.000000000000000000e+00,0.000000000000000000e+00,-1.100000000000000089e+00,2.000000000000000111e-01,-5.000000000000000000e-01,0.000000000000000000e+00,1.100000000000000089e+00,2.000000000000000111e-01,5.000000000000000000e-01,1.391067057847976685e-01,-4.001137986779212952e-02,-7.472223788499832153e-02,6.441476941108703613e-01,1.546578407287597656e-01,8.114437758922576904e-02,-5.682334899902343750e-01,-5.078536272048950195e-02,-1.828565150499343872e-01,2.106695473194122314e-01,-1.375179290771484375e-01,2.085146307945251465e-01
1.240542430567997262e-01,-1.693407252901280718e-02,5.193615329551576343e-01,9.923613667488098145e-01,-3.537445515394210815e-02,1.099556013941764832e-01,4.332945495843887329e-02,0.000000000000000000e+00,0.000000000000000000e+00,0.000000000000000000e+00,-1.100000000000000089e+00,2.000000000000000111e-01,-5.000000000000000000e-01,0.000000000000000000e+00,1.100000000000000089e+00,2.000000000000000111e-01,5.000000000000000000e-01,1.001906991004943848e-01,3.599863871932029724e-02,-4.543478414416313171e-02,8.390893936157226562e-01,1.412625610828399658e-01,2.250583842396736145e-02,-6.204674839973449707e-01,-1.890738680958747864e-02,-1.900400966405868530e-01,4.705243110656738281e-01,-1.001763194799423218e-01,8.084948360919952393e-02
1.570734429651062247e-01,-1.798191589068132146e-02,5.081008341863300082e-01,9.934656620025634766e-01,-5.171250551939010620e-02,8.638307452201843262e-02,5.375662073493003845e-02,0.000000000000000000e+00,0.000000000000000000e+00,0.000000000000000000e+00,-1.100000000000000089e+00,2.000000000000000111e-01,-5.000000000000000000e-01,0.000000000000000000e+00,1.100000000000000089e+00,2.000000000000000111e-01,5.000000000000000000e-01,3.246755525469779968e-02,9.519489854574203491e-02,-5.500976741313934326e-02,1.123020172119140625e+00,5.593131482601165771e-02,-2.303249575197696686e-02,-6.026311516761779785e-01,-6.091251503676176071e-03,-2.262313067913055420e-01,7.256408929824829102e-01,-3.045281469821929932e-01,1.937618665397167206e-02
1.890874502138056024e-01,-1.873967687030219514e-02,5.005600156808139856e-01,9.929321408271789551e-01,-6.264007091522216797e-02,6.965233385562896729e-02,7.287324965000152588e-02,0.000000000000000000e+00,0.000000000000000000e+00,0.000000000000000000e+00,-1.100000000000000089e+00,2.000000000000000111e-01,-5.000000000000000000e-01,0.000000000000000000e+00,1.100000000000000089e+00,2.000000000000000111e-01,5.000000000000000000e-01,-1.038602590560913086e-01,1.068692132830619812e-01,-1.097815483808517456e-01,1.408303022384643555e+00,-4.325463622808456421e-02,-4.306798428297042847e-02,-5.290548205375671387e-01,1.504991436377167702e-03,-2.659999430179595947e-01,8.386947512626647949e-01,-4.457056522369384766e-01,8.627691306173801422e-03
2.219343865418223483e-01,-1.874146090277160198e-02,4.978992927887223030e-01,9.920814633369445801e-01,-5.841272324323654175e-02,6.008369848132133484e-02,9.355392307043075562e-02,0.000000000000000000e+00,0.000000000000000000e+00,0.000000000000000000e+00,-1.100000000000000089e+00,2.000000000000000111e-01,-5.000000000000000000e-01,0.000000000000000000e+00,1.100000000000000089e+00,2.000000000000000111e-01,5.000000000000000000e-01,-2.766078114509582520e-01,1.180288419127464294e-01,-1.225035786628723145e-01,1.619419574737548828e+00,-1.543009430170059204e-01,-2.074008341878652573e-03,-4.266874790191650391e-01,-1.392795331776142120e-02,-2.937558591365814209e-01,8.686910271644592285e-01,-5.460464358329772949e-01,1.905452832579612732e-02
2.539120955415296033e-01,-1.786203020621523682e-02,5.003735524995459594e-01,9.916729331016540527e-01,-4.742464050650596619e-02,5.751559138298034668e-02,1.050123423337936401e-01,0.000000000000000000e+00,0.000000000000000000e+00,0.000000000000000000e+00,-1.100000000000000089e+00,2.000000000000000111e-01,-5.000000000000000000e-01,0.000000000000000000e+00,1.100000000000000089e+00,2.000000000000000111e-01,5.000000000000000000e-01,-4.578910768032073975e-01,1.672596484422683716e-01,-6.991555541753768921e-02,1.716491222381591797e+00,-2.500431835651397705e-01,8.483003079891204834e-02,-3.074092268943786621e-01,-2.666900493204593658e-02,-3.069672882556915283e-01,8.252853751182556152e-01,-5.949751734733581543e-01,3.704674914479255676e-02
2.895549000867388423e-01,-1.476176842287502643e-02,5.085129132498092952e-01,9.916967153549194336e-01,-2.961650863289833069e-02,6.182028725743293762e-02,1.088061630725860596e-01,0.000000000000000000e+00,0.000000000000000000e+00,0.000000000000000000e+00,-1.100000000000000089e+00,2.000000000000000111e-01,-5.000000000000000000e-01,0.000000000000000000e+00,1.100000000000000089e+00,2.000000000000000111e-01,5.000000000000000000e-01,-5.994309186935424805e-01,1.655903011560440063e-01,2.929798327386379242e-03,1.657484173774719238e+00,-2.851887047290802002e-01,1.443118155002593994e-01,-1.802274882793426514e-01,-4.427872225642204285e-02,-3.077795207500457764e-01,7.068656682968139648e-01,-5.820735692977905273e-01,6.235698610544204712e-02
3.258258916576853848e-01,-1.068785048407417879e-02,5.211606057913917844e-01,9.912192225456237793e-01,-7.998391985893249512e-03,7.102589309215545654e-02,1.112464666366577148e-01,0.000000000000000000e+00,0.000000000000000000e+00,0.000000000000000000e+00,-1.100000000000000089e+00,2.000000000000000111e-01,-5.000000000000000000e-01,0.000000000000000000e+00,1.100000000000000089e+00,2.000000000000000111e-01,5.000000000000000000e-01,-6.816886663436889648e-01,9.223330765962600708e-02,5.980227142572402954e-02,1.452181100845336914e+00,-2.519222199916839600e-01,1.570584326982498169e-01,-5.347015708684921265e-02,-6.705474853515625000e-02,-3.016347587108612061e-01,5.426110029220581055e-01,-4.877908825874328613e-01,9.052339196205139160e-02
3.643606400828469649e-01,-5.653008542992551261e-03,5.353014569586576066e-01,9.898785948753356934e-01,1.189335063099861145e-02,8.326740562915802002e-02,1.143044903874397278e-01,0.000000000000000000e+00,0.000000000000000000e+00,0.000000000000000000e+00,-1.100000000000000089e+00,2.000000000000000111e-01,-5.000000000000000000e-01,0.000000000000000000e+00,1.100000000000000089e+00,2.000000000000000111e-01,5.000000000000000000e-01,-6.918066143989562988e-01,-1.396558154374361038e-02,8.382550626993179321e-02,1.113637685775756836e+00,-1.824975460767745972e-01,1.210754290223121643e-01,5.448441952466964722e-02,-8.866705745458602905e-02,-2.889829277992248535e-01,3.910849988460540771e-01,-3.071722090244293213e-01,1.267870813608169556e-01
4.074002119183841586e-01,-1.014887416415443382e-05,5.467727001033949596e-01,9.891267418861389160e-01,1.835267618298530579e-02,9.041887521743774414e-02,1.145244464278221130e-01,0.000000000000000000e+00,0.000000000000000000e+00,0.000000000000000000e+00,-1.100000000000000089e+00,2.000000000000000111e-01,-5.000000000000000000e-01,0.000000000000000000e+00,1.100000000000000089e+00,2.000000000000000111e-01,5.000000000000000000e-01,-6.168860793113708496e-01,-8.467213809490203857e-02,7.979290187358856201e-02,6.674131751060485840e-01,-1.117613241076469421e-01,5.591990053653717041e-02,1.465986222028732300e-01,-8.497150242328643799e-02,-2.759989798069000244e-01,2.899957597255706787e-01,-8.681325614452362061e-02,1.606044918298721313e-01
4.514682998809248504e-01,5.589133693196932616e-03,5.521021175933907843e-01,9.904788136482238770e-01,-4.676058597397059202e-04,8.511044085025787354e-02,1.082024946808815002e-01,0.000000000000000000e+00,0.000000000000000000e+00,0.000000000000000000e+00,-1.100000000000000089e+00,2.000000000000000111e-01,-5.000000000000000000e-01,0.000000000000000000e+00,1.100000000000000089e+00,2.000000000000000111e-01,5.000000000000000000e-01,-4.974919259548187256e-01,-6.557169556617736816e-02,9.165006130933761597e-02,2.631688416004180908e-01,-7.801461964845657349e-02,5.697122309356927872e-03,2.269129157066345215e-01,-3.938015550374984741e-02,-2.677298188209533691e-01,2.586290240287780762e-01,9.346289932727813721e-02,1.624120175838470459e-01
4.923054803892819575e-01,1.114897811441973967e-02,5.510575750161601505e-01,9.917886257171630859e-01,-1.629796810448169708e-02,7.346924394369125366e-02,1.034015715122222900e-01,0.000000000000000000e+00,0.000000000000000000e+00,0.000000000000000000e+00,-1.100000000000000089e+00,2.000000000000000111e-01,-5.000000000000000000e-01,0.000000000000000000e+00,1.100000000000000089e+00,2.000000000000000111e-01,5.000000000000000000e-01,-4.310756623744964600e-01,-4.022917523980140686e-02,8.994889259338378906e-02,1.241905465722084045e-01,-9.638211876153945923e-02,6.667730398476123810e-03,2.462722361087799072e-01,-2.696543559432029724e-02,-2.598496973514556885e-01,3.902515769004821777e-01,1.630710214376449585e-01,1.482227444648742676e-01
5.305651011656631333e-01,1.622003656336943461e-02,5.452080452412065847e-01,9.918838143348693848e-01,-1.845428161323070526e-02,6.165578216314315796e-02,1.096559017896652222e-01,0.000000000000000000e+00,0.000000000000000000e+00,0.000000000000000000e+00,-1.100000000000000089e+00,2.000000000000000111e-01,-5.000000000000000000e-01,0.000000000000000000e+00,1.100000000000000089e+00,2.000000000000000111e-01,5.000000000000000000e-01,-3.867221474647521973e-01,-4.705997556447982788e-02,6.822472065687179565e-02,1.465991437435150146e-01,-1.200587451457977295e-01,2.186351455748081207e-02,2.125059217214584351e-01,-5.418152734637260437e-02,-2.598327398300170898e-01,6.286420822143554688e-01,1.677074432373046875e-01,1.305277645587921143e-01
5.669353861452052223e-01,2.101232923477925826e-02,5.345111785814015137e-01,9.906604886054992676e-01,-1.874616951681673527e-03,5.414665117859840393e-02,1.251252740621566772e-01,0.000000000000000000e+00,0.000000000000000000e+00,0.000000000000000000e+00,-1.100000000000000089e+00,2.000000000000000111e-01,-5.000000000000000000e-01,0.000000000000000000e+00,1.100000000000000089e+00,2.000000000000000111e-01,5.000000000000000000e-01,-3.955039978027343750e-01,-8.789143711328506470e-02,5.328780785202980042e-02,3.346396386623382568e-01,-1.334128379821777344e-01,5.319421738386154175e-02,1.408191174268722534e-01,-1.440805792808532715e-01,-2.882570624351501465e-01,9.221280813217163086e-01,1.051447466015815735e-01,1.273441761732101440e-01
6.041883299469646973e-01,2.685310622206842079e-02,5.201713669232346238e-01,9.881066679954528809e-01,2.853284776210784912e-02,4.604525119066238403e-02,1.439127922058105469e-01,0.000000000000000000e+00,0.000000000000000000e+00,0.000000000000000000e+00,-1.100000000000000089e+00,2.000000000000000111e-01,-5.000000000000000000e-01,0.000000000000000000e+00,1.100000000000000089e+00,2.000000000000000111e-01,5.000000000000000000e-01,-4.408387243747711182e-01,-1.578550487756729126e-01,6.508910655975341797e-02,6.196641325950622559e-01,-2.648591101169586182e-01,1.368913650512695312e-01,4.906474798917770386e-02,-3.128973543643951416e-01,-3.240004479885101318e-01,1.241009593009948730e+00,-2.278451249003410339e-02,9.704796969890594482e-02
6.416134958097128305e-01,3.230557654071787577e-02,5.074970189903420525e-01,9.859079718589782715e-01,5.412494018673896790e-02,3.698640689253807068e-02,1.539091765880584717e-01,0.000000000000000000e+00,0.000000000000000000e+00,0.000000000000000000e+00,-1.100000000000000089e+00,2.000000000000000111e-01,-5.000000000000000000e-01,0.000000000000000000e+00,1.100000000000000089e+00,2.000000000000000111e-01,5.000000000000000000e-01,-4.009209573268890381e-01,-2.157844752073287964e-01,7.029573619365692139e-02,7.608739137649536133e-01,-4.026879966259002686e-01,1.554400324821472168e-01,-5.851545929908752441e-02,-4.816360175609588623e-01,-3.156256079673767090e-01,1.503404021263122559e+00,-1.617989838123321533e-01,3.211671113967895508e-02
6.779025275169899833e-01,3.777948119856341935e-02,5.014583272795484215e-01,9.872175455093383789e-01,5.364984646439552307e-02,3.428452089428901672e-02,1.461088061332702637e-01,0.000000000000000000e+00,0.000000000000000000e+00,0.000000000000000000e+00,-1.100000000000000089e+00,2.000000000000000111e-01,-5.000000000000000000e-01,0.000000000000000000e+00,1.100000000000000089e+00,2.000000000000000111e-01,5.000000000000000000e-01,-3.240953385829925537e-01,-2.031144797801971436e-01,7.126463949680328369e-02,8.098850846290588379e-01,-5.200905799865722656e-01,1.525219231843948364e-01,-2.232867032289505005e-01,-5.575916767120361328e-01,-2.752964198589324951e-01,1.659194231033325195e+00,-2.666444778442382812e-01,-4.755972325801849365e-02
7.151413962756744125e-01,4.315740620703295560e-02,5.019147074373081496e-01,9.897887110710144043e-01,4.363498091697692871e-02,3.539405018091201782e-02,1.310021430253982544e-01,0.000000000000000000e+00,0.000000000000000000e+00,0.000000000000000000e+00,-1.100000000000000089e+00,2.000000000000000111e-01,-5.000000000000000000e-01,0.000000000000000000e+00,1.100000000000000089e+00,2.000000000000000111e-01,5.000000000000000000e-01,-2.084591239690780640e-01,-1.624477207660675049e-01,7.681120187044143677e-02,7.657977938652038574e-01,-5.852973461151123047e-01,1.380582302808761597e-01,-4.192453324794769287e-01,-5.113167762756347656e-01,-2.157885730266571045e-01,1.678949117660522461e+00,-3.229843676090240479e-01,-5.044278874993324280e-02
7.564197193582852252e-01,4.882119160361889088e-02,5.091012832657857423e-01,9.922380447387695312e-01,2.680899575352668762e-02,4.027936235070228577e-02,1.145536154508590698e-01,0.000000000000000000e+00,0.000000000000000000e+00,0.000000000000000000e+00,-1.100000000000000089e+00,2.000000000000000111e-01,-5.000000000000000000e-01,0.000000000000000000e+00,1.100000000000000089e+00,2.000000000000000111e-01,5.000000000000000000e-01,-5.948869138956069946e-02,-1.076557338237762451e-01,8.113701641559600830e-02,6.322104334831237793e-01,-5.706295371055603027e-01,1.182493343949317932e-01,-5.605455636978149414e-01,-4.059019088745117188e-01,-2.140724360942840576e-01,1.552355766296386719e+00,-3.350172936916351318e-01,-1.071394793689250946e-02
8.005722575792760809e-01,5.404177662559003781e-02,5.202019251288488855e-01,9.936407208442687988e-01,7.026271894574165344e-03,5.228056758642196655e-02,9.947615861892700195e-02,0.000000000000000000e+00,0.000000000000000000e+00,0.000000000000000000e+00,-1.100000000000000089e+00,2.000000000000000111e-01,-5.000000000000000000e-01,0.000000000000000000e+00,1.100000000000000089e+00,2.000000000000000111e-01,5.000000000000000000e-01,7.041256129741668701e-02,-5.551481992006301880e-02,8.184023201465606689e-02,4.818466901779174805e-01,-4.505786895751953125e-01,9.930974990129470825e-02,-6.349520683288574219e-01,-3.062345385551452637e-01,-2.738066911697387695e-01,1.303180217742919922e+00,-3.157983422279357910e-01,2.496712654829025269e-02
8.519439227608117671e-01,5.796032155478241660e-02,5.310108108630384738e-01,9.938294291496276855e-01,-7.777060382068157196e-03,6.709535419940948486e-02,8.798215538263320923e-02,0.000000000000000000e+00,0.000000000000000000e+00,0.000000000000000000e+00,-1.100000000000000089e+00,2.000000000000000111e-01,-5.000000000000000000e-01,0.000000000000000000e+00,1.100000000000000089e+00,2.000000000000000111e-01,5.000000000000000000e-01,1.488181501626968384e-01,-1.727235130965709686e-02,8.245669305324554443e-02,3.994195759296417236e-01,-2.640039920806884766e-01,8.662550151348114014e-02,-6.420106291770935059e-01,-2.027507424354553223e-01,-3.318795263767242432e-01,9.410260915756225586e-01,-2.651010751724243164e-01,7.137619704008102417e-02
9.004225230412651326e-01,6.226745081294064732e-02,5.387823936441028527e-01,9.935790300369262695e-01,-7.517031859606504440e-03,7.728796452283859253e-02,8.228454738855361938e-02,0.000000000000000000e+00,0.000000000000000000e+00,0.000000000000000000e+00,-1.100000000000000089e+00,2.000000000000000111e-01,-5.000000000000000000e-01,0.000000000000000000e+00,1.100000000000000089e+00,2.000000000000000111e-01,5.000000000000000000e-01,1.983203291893005371e-01,-1.180673483759164810e-02,6.821101903915405273e-02,3.876024782657623291e-01,-7.327318191528320312e-02,6.612023711204528809e-02,-5.753792524337768555e-01,-9.661620855331420898e-02,-3.294083774089813232e-01,4.918468296527862549e-01,-1.769893914461135864e-01,1.431967914104461670e-01
9.466830792180215282e-01,6.730254316730706343e-02,5.410124368258196759e-01,9.931837916374206543e-01,1.314959116280078888e-02,7.778570801019668579e-02,8.580455929040908813e-02,0.000000000000000000e+00,0.000000000000000000e+00,0.000000000000000000e+00,-1.100000000000000089e+00,2.000000000000000111e-01,-5.000000000000000000e-01,0.000000000000000000e+00,1.100000000000000089e+00,2.000000000000000111e-01,5.000000000000000000e-01,2.361738085746765137e-01,-4.160337522625923157e-02,5.410339310765266418e-02,4.270816147327423096e-01,6.766913086175918579e-02,4.386007413268089294e-02,-4.823166728019714355e-01,-7.475627213716506958e-02,-3.025904893875122070e-01,1.641545593738555908e-01,-1.038550361990928650e-01,1.837171465158462524e-01
9.918382255221256383e-01,7.281695509329437488e-02,5.387763318261413747e-01,9.934175610542297363e-01,1.924546435475349426e-02,7.424528896808624268e-02,8.508100360631942749e-02,0.000000000000000000e+00,0.000000000000000000e+00,0.000000000000000000e+00,-1.100000000000000089e+00,2.000000000000000111e-01,-5.000000000000000000e-01,0.000000000000000000e+00,1.100000000000000089e+00,2.000000000000000111e-01,5.000000000000000000e-01,2.328564524650573730e-01,-1.888799108564853668e-02,8.880941569805145264e-02,5.743197798728942871e-01,8.832988888025283813e-02,2.523007988929748535e-02,-4.730871319770812988e-01,-7.385887950658798218e-02,-2.687941491603851318e-01,2.015646249055862427e-01,-1.289809495210647583e-01,1.466178596019744873e-01
1.034589404292178827e+00,7.796825997145714893e-02,5.316435234925963593e-01,9.946301579475402832e-01,5.289533641189336777e-03,6.647107005119323730e-02,7.914888113737106323e-02,0.000000000000000000e+00,0.000000000000000000e+00,0.000000000000000000e+00,-1.100000000000000089e+00,2.000000000000000111e-01,-5.000000000000000000e-01,0.000000000000000000e+00,1.100000000000000089e+00,2.000000000000000111e-01,5.000000000000000000e-01,1.867294460535049438e-01,7.691542804241180420e-02,1.564492285251617432e-01,8.326325416564941406e-01,1.138871815055608749e-02,2.968427538871765137e-02,-4.582888185977935791e-01,-3.358536213636398315e-02,-2.521366775035858154e-01,3.508461713790893555e-01,-1.071079894900321960e-01,8.952754735946655273e-02
1.076810464625707731e+00,8.073626354769473934e-02,5.206206472805051666e-01,9.954806566238403320e-01,-1.598332636058330536e-02,5.159184709191322327e-02,7.810965925455093384e-02,0.000000000000000000e+00,0.000000000000000000e+00,0.000000000000000000e+00,-1.100000000000000089e+00,2.000000000000000111e-01,-5.000000000000000000e-01,0.000000000000000000e+00,1.100000000000000089e+00,2.000000000000000111e-01,5.000000000000000000e-01,1.067692711949348450e-01,2.472898215055465698e-01,2.194389998912811279e-01,1.132745265960693359e+00,-7.855760306119918823e-02,8.995246142148971558e-02,-4.645349383354187012e-01,4.194423090666532516e-04,-2.724137306213378906e-01,6.308689713478088379e-01,-3.093144297599792480e-01,-5.434212088584899902e-02
1.116772708901853317e+00,8.312412159291632241e-02,5.130867209789728989e-01,9.947581291198730469e-01,-4.081828519701957703e-02,3.945514187216758728e-02,8.504997938871383667e-02,0.000000000000000000e+00,0.000000000000000000e+00,0.000000000000000000e+00,-1.100000000000000089e+00,2.000000000000000111e-01,-5.000000000000000000e-01,0.000000000000000000e+00,1.100000000000000089e+00,2.000000000000000111e-01,5.000000000000000000e-01,-4.970573633909225464e-02,3.967836499214172363e-01,1.845123022794723511e-01,1.404933333396911621e+00,-1.711021661758422852e-01,1.537585407495498657e-01,-3.730794787406921387e-01,4.982375726103782654e-02,-3.142876327037811279e-01,7.109014391899108887e-01,-4.301947355270385742e-01,-7.036042213439941406e-02
1.158293670780128792e+00,8.616683762492330367e-02,5.113940205921729820e-01,9.928829669952392578e-01,-3.261842578649520874e-02,3.668975085020065308e-02,1.085048988461494446e-01,0.000000000000000000e+00,0.000000000000000000e+00,0.000000000000000000e+00,-1.100000000000000089e+00,2.000000000000000111e-01,-5.000000000000000000e-01,0.000000000000000000e+00,1.100000000000000089e+00,2.000000000000000111e-01,5.000000000000000000e-01,-2.603156566619873047e-01,3.835785984992980957e-01,1.125449389219284058e-01,1.556101202964782715e+00,-2.438642978668212891e-01,2.070047259330749512e-01,-2.521121799945831299e-01,2.894895896315574646e-02,-3.374002277851104736e-01,7.131133079528808594e-01,-5.273635983467102051e-01,-4.420556500554084778e-02
1.201400669960662526e+00,9.000472093189154643e-02,5.152690169644175144e-01,9.910038113594055176e-01,-1.891253329813480377e-02,4.035517945885658264e-02,1.261949688196182251e-01,0.000000000000000000e+00,0.000000000000000000e+00,0.000000000000000000e+00,-1.100000000000000089e+00,2.000000000000000111e-01,-5.000000000000000000e-01,0.000000000000000000e+00,1.100000000000000089e+00,2.000000000000000111e-01,5.000000000000000000e-01,-4.448830485343933105e-01,2.949171066284179688e-01,7.920803129673004150e-02,1.560434937477111816e+00,-2.773699462413787842e-01,2.182603776454925537e-01,-1.135799735784530640e-01,1.372907310724258423e-02,-3.545595407485961914e-01,6.206775307655334473e-01,-5.502680540084838867e-01,-8.542144671082496643e-03
1.245062367003975545e+00,9.514391774386919687e-02,5.239389943828185459e-01,9.901677966117858887e-01,-3.245997009798884392e-03,4.885197430849075317e-02,1.310370862483978271e-01,0.000000000000000000e+00,0.000000000000000000e+00,0.000000000000000000e+00,-1.100000000000000089e+00,2.000000000000000111e-01,-5.000000000000000000e-01,0.000000000000000000e+00,1.100000000000000089e+00,2.000000000000000111e-01,5.000000000000000000e-01,-5.653880834579467773e-01,1.946441084146499634e-01,9.937984496355056763e-02,1.413802742958068848e+00,-2.734983861446380615e-01,2.026015669107437134e-01,1.584991440176963806e-02,4.159955307841300964e-03,-3.471206724643707275e-01,4.833990931510925293e-01,-4.751560389995574951e-01,2.348456718027591705e-02
1.290074354757865249e+00,1.017725883435570827e-01,5.353968683125996941e-01,9.896063208580017090e-01,1.546665560454130173e-02,6.064817309379577637e-02,1.294676810503005981e-01,0.000000000000000000e+00,0.000000000000000000e+00,0.000000000000000000e+00,-1.100000000000000089e+00,2.000000000000000111e-01,-5.000000000000000000e-01,0.000000000000000000e+00,1.100000000000000089e+00,2.000000000000000111e-01,5.000000000000000000e-01,-6.083322763442993164e-01,9.038839489221572876e-02,1.373302191495895386e-01,1.120153903961181641e+00,-2.357979416847229004e-01,1.586471050977706909e-01,1.148281693458557129e-01,-2.111066132783889771e-02,-3.216625154018402100e-01,3.835172355175018311e-01,-3.193051218986511230e-01,6.563215702772140503e-02
1.337471958514716786e+00,1.095181904219542507e-01,5.454801627406568043e-01,9.893901348114013672e-01,2.803587913513183594e-02,6.911361217498779297e-02,1.246776059269905090e-01,0.000000000000000000e+00,0.000000000000000000e+00,0.000000000000000000e+00,-1.100000000000000089e+00,2.000000000000000111e-01,-5.000000000000000000e-01,0.000000000000000000e+00,1.100000000000000089e+00,2.000000000000000111e-01,5.000000000000000000e-01,-5.609718561172485352e-01,1.357076107524335384e-03,1.637503355741500854e-01,6.917272806167602539e-01,-1.742044091224670410e-01,8.451341837644577026e-02,1.812943518161773682e-01,-4.111144319176673889e-02,-2.829674482345581055e-01,3.593641817569732666e-01,-1.299125552177429199e-01,1.091856136918067932e-01
1.386741418442641871e+00,1.166468987245150302e-01,5.506656328137173873e-01,9.914047122001647949e-01,1.101484987884759903e-02,6.235795468091964722e-02,1.144858449697494507e-01,0.000000000000000000e+00,0.000000000000000000e+00,0.000000000000000000e+00,-1.100000000000000089e+00,2.000000000000000111e-01,-5.000000000000000000e-01,0.000000000000000000e+00,1.100000000000000089e+00,2.000000000000000111e-01,5.000000000000000000e-01,-4.466921389102935791e-01,-2.027929760515689850e-02,1.430952847003936768e-01,2.417363673448562622e-01,-1.079542040824890137e-01,-2.983708679676055908e-02,2.586705088615417480e-01,-1.272869529202580452e-03,-2.540306746959686279e-01,3.512390255928039551e-01,5.788047984242439270e-02,1.230442449450492859e-01
1.435091724082677045e+00,1.235103713517839291e-01,5.498474119468168553e-01,9.930117130279541016e-01,-1.594278961420059204e-02,4.905517771840095520e-02,1.061469241976737976e-01,0.000000000000000000e+00,0.000000000000000000e+00,0.000000000000000000e+00,-1.100000000000000089e+00,2.000000000000000111e-01,-5.000000000000000000e-01,0.000000000000000000e+00,1.100000000000000089e+00,2.000000000000000111e-01,5.000000000000000000e-01,-4.131787717342376709e-01,7.932282052934169769e-03,6.182950362563133240e-02,1.148639693856239319e-01,-1.418135911226272583e-01,-1.000563353300094604e-01,3.042638003826141357e-01,2.536964602768421173e-02,-2.838950157165527344e-01,4.489765167236328125e-01,1.554546058177947998e-01,8.787184208631515503e-02
1.480576450598962479e+00,1.308124642557643158e-01,5.447539486450077018e-01,9.926034212112426758e-01,-1.527922227978706360e-02,4.205001145601272583e-02,1.128577739000320435e-01,0.000000000000000000e+00,0.000000000000000000e+00,0.000000000000000000e+00,-1.100000000000000089e+00,2.000000000000000111e-01,-5.000000000000000000e-01,0.000000000000000000e+00,1.100000000000000089e+00,2.000000000000000111e-01,5.000000000000000000e-01,-3.779797255992889404e-01,-1.589869149029254913e-02,3.588617593050003052e-02,1.099012792110443115e-01,-1.504899114370346069e-01,-8.697523176670074463e-02,2.751641273498535156e-01,-4.988122358918190002e-02,-3.631879687309265137e-01,6.920172572135925293e-01,1.277559250593185425e-01,3.160464018583297729e-02
1.522852565525758095e+00,1.380144748844281677e-01,5.351625748964572438e-01,9.912130236625671387e-01,8.436153642833232880e-03,3.930132463574409485e-02,1.260199695825576782e-01,0.000000000000000000e+00,0.000000000000000000e+00,0.000000000000000000e+00,-1.100000000000000089e+00,2.000000000000000111e-01,-5.000000000000000000e-01,0.000000000000000000e+00,1.100000000000000089e+00,2.000000000000000111e-01,5.000000000000000000e-01,-3.549370467662811279e-01,-7.911866903305053711e-02,4.568622633814811707e-02,2.197733968496322632e-01,-6.671182066202163696e-02,-5.698896571993827820e-02,2.163885086774826050e-01,-1.991053223609924316e-01,-4.273483753204345703e-01,9.793016910552978516e-01,2.815201133489608765e-02,7.332897745072841644e-03
1.563477042654548121e+00,1.452058358123582416e-01,5.227712225199047102e-01,9.893674850463867188e-01,4.162995517253875732e-02,3.518102318048477173e-02,1.348377466201782227e-01,0.000000000000000000e+00,0.000000000000000000e+00,0.000000000000000000e+00,-1.100000000000000089e+00,2.000000000000000111e-01,-5.000000000000000000e-01,0.000000000000000000e+00,1.100000000000000089e+00,2.000000000000000111e-01,5.000000000000000000e-01,-4.124051928520202637e-01,-1.565792262554168701e-01,6.052591279149055481e-02,5.416106581687927246e-01,-2.036641538143157959e-01,7.746559381484985352e-02,1.066792383790016174e-01,-3.613188862800598145e-01,-4.001477360725402832e-01,1.276734352111816406e+00,-1.146917790174484253e-01,-2.768821083009243011e-03
1.604864810614874848e+00,1.520890093480020411e-01,5.133128350927974592e-01,9.893695712089538574e-01,5.999443307518959045e-02,2.869956009089946747e-02,1.293247342109680176e-01,0.000000000000000000e+00,0.000000000000000000e+00,0.000000000000000000e+00,-1.100000000000000089e+00,2.000000000000000111e-01,-5.000000000000000000e-01,0.000000000000000000e+00,1.100000000000000089e+00,2.000000000000000111e-01,5.000000000000000000e-01,-3.646842837333679199e-01,-1.889526396989822388e-01,7.720354199409484863e-02,6.836971044540405273e-01,-3.573310673236846924e-01,1.034848019480705261e-01,-5.752069875597953796e-02,-4.640080034732818604e-01,-3.150755763053894043e-01,1.501885890960693359e+00,-2.475571632385253906e-01,-1.859350875020027161e-02
1.648054848397620953e+00,1.594482224304793472e-01,5.103510142290832441e-01,9.918265938758850098e-01,6.107040122151374817e-02,2.823004499077796936e-02,1.084137260913848877e-01,0.000000000000000000e+00,0.000000000000000000e+00,0.000000000000000000e+00,-1.100000000000000089e+00,2.000000000000000111e-01,-5.000000000000000000e-01,0.000000000000000000e+00,1.100000000000000089e+00,2.000000000000000111e-01,5.000000000000000000e-01,-2.598738372325897217e-01,-1.748429089784622192e-01,9.789468348026275635e-02,6.968853473663330078e-01,-4.647262096405029297e-01,1.037556976079940796e-01,-2.706938683986663818e-01,-4.834315478801727295e-01,-2.244181036949157715e-01,1.611683249473571777e+00,-3.288297653198242188e-01,-3.317311778664588928e-02
1.692497938687753223e+00,1.660839928306563906e-01,5.143326321665686596e-01,9.941877722740173340e-01,5.125887691974639893e-02,3.179150074720382690e-02,8.917690068483352661e-02,0.000000000000000000e+00,0.000000000000000000e+00,0.000000000000000000e+00,-1.100000000000000089e+00,2.000000000000000111e-01,-5.000000000000000000e-01,0.000000000000000000e+00,1.100000000000000089e+00,2.000000000000000111e-01,5.000000000000000000e-01,-1.084280610084533691e-01,-1.428835541009902954e-01,1.081577315926551819e-01,5.960288643836975098e-01,-4.940260350704193115e-01,8.919155597686767578e-02,-4.651443362236022949e-01,-4.205881655216217041e-01,-1.819060742855072021e-01,1.567427635192871094e+00,-3.533486723899841309e-01,-1.552881672978401184e-02
1.738346872513342412e+00,1.714174584525101075e-01,5.234231585858747371e-01,9.955050349235534668e-01,3.345050662755966187e-02,4.154377803206443787e-02,7.826183736324310303e-02,0.000000000000000000e+00,0.000000000000000000e+00,0.000000000000000000e+00,-1.100000000000000089e+00,2.000000000000000111e-01,-5.000000000000000000e-01,0.000000000000000000e+00,1.100000000000000089e+00,2.000000000000000111e-01,5.000000000000000000e-01,4.048464074730873108e-02,-9.888797998428344727e-02,9.947091341018676758e-02,4.474805295467376709e-01,-4.118793308734893799e-01,7.234065234661102295e-02,-5.819153785705566406e-01,-3.451718986034393311e-01,-2.289037555456161499e-01,1.379036426544189453e+00,-3.510247170925140381e-01,-2.617856254801154137e-03
1.786597614869324779e+00,1.755950059719157963e-01,5.343309432952993987e-01,9.953520298004150391e-01,1.797457598149776459e-02,5.733045563101768494e-02,7.526262104511260986e-02,0.000000000000000000e+00,0.000000000000000000e+00,0.000000000000000000e+00,-1.100000000000000089e+00,2.000000000000000111e-01,-5.000000000000000000e-01,0.000000000000000000e+00,1.100000000000000089e+00,2.000000000000000111e-01,5.000000000000000000e-01,1.296612024307250977e-01,-6.125064939260482788e-02,7.437530159950256348e-02,3.614525794982910156e-01,-2.282648384571075439e-01,4.926995560526847839e-02,-6.275550127029418945e-01,-2.558192610740661621e-01,-2.853400707244873047e-01,1.053309679031372070e+00,-3.176613152027130127e-01,3.073317930102348328e-02
1.840226767490608539e+00,1.793108381033696186e-01,5.429442883869914915e-01,9.946376085281372070e-01,1.117807719856500626e-02,6.886873394250869751e-02,7.634282857179641724e-02,0.000000000000000000e+00,0.000000000000000000e+00,0.000000000000000000e+00,-1.100000000000000089e+00,2.000000000000000111e-01,-5.000000000000000000e-01,0.000000000000000000e+00,1.100000000000000089e+00,2.000000000000000111e-01,5.000000000000000000e-01,1.806743294000625610e-01,-3.714672103524208069e-02,3.802639991044998169e-02,3.497461974620819092e-01,-2.323295734822750092e-02,1.931830681860446930e-02,-5.876117348670959473e-01,-1.419404447078704834e-01,-2.742559015750885010e-01,6.018883585929870605e-01,-2.447899878025054932e-01,8.934492617845535278e-02
1.896699327928851320e+00,1.837600256502628371e-01,5.460857217472911973e-01,9.935519695281982422e-01,2.875472046434879303e-02,7.038910686969757080e-02,8.410166949033737183e-02,0.000000000000000000e+00,0.000000000000000000e+00,0.000000000000000000e+00,-1.100000000000000089e+00,2.000000000000000111e-01,-5.000000000000000000e-01,0.000000000000000000e+00,1.100000000000000089e+00,2.000000000000000111e-01,5.000000000000000000e-01,2.375641167163848877e-01,-6.430246680974960327e-02,-3.797939280048012733e-03,3.638437390327453613e-01,1.502826362848281860e-01,-9.587269276380538940e-03,-5.034786462783813477e-01,-1.099433079361915588e-01,-2.227786779403686523e-01,2.021374255418777466e-01,-1.607614904642105103e-01,1.403182446956634521e-01
1.949332017323585520e+00,1.885190094623601653e-01,5.434428936739762461e-01,9.933040738105773926e-01,4.283231496810913086e-02,6.555560231208801270e-02,8.494043350219726562e-02,0.000000000000000000e+00,0.000000000000000000e+00,0.000000000000000000e+00,-1.100000000000000089e+00,2.000000000000000111e-01,-5.000000000000000000e-01,0.000000000000000000e+00,1.100000000000000089e+00,2.000000000000000111e-01,5.000000000000000000e-01,2.730437517166137695e-01,-6.008160859346389771e-02,3.105222992599010468e-02,4.575046300888061523e-01,1.761896312236785889e-01,-1.019876357167959213e-02,-4.807405769824981689e-01,-1.313336640596389771e-01,-2.059391140937805176e-01,1.347376108169555664e-01,-1.694729179143905640e-01,1.472180783748626709e-01
1.998602639791941415e+00,1.928355843615200682e-01,5.363849031210247142e-01,9.952368140220642090e-01,3.205556795001029968e-02,5.963884294033050537e-02,7.013854384422302246e-02,0.000000000000000000e+00,0.000000000000000000e+00,0.000000000000000000e+00,-1.100000000000000089e+00,2.000000000000000111e-01,-5.000000000000000000e-01,0.000000000000000000e+00,1.100000000000000089e+00,2.000000000000000111e-01,5.000000000000000000e-01,2.604900598526000977e-01,2.012213878333568573e-02,1.333984285593032837e-01,6.566686630249023438e-01,9.136741608381271362e-02,-5.871474859304726124e-04,-4.684746265411376953e-01,-1.001806482672691345e-01,-2.186503112316131592e-01,2.265055775642395020e-01,-1.441311836242675781e-01,1.131621748208999634e-01
2.045944441608106068e+00,1.954835815878227523e-01,5.250961373046492131e-01,9.969989657402038574e-01,1.156078185886144638e-02,4.917321726679801941e-02,5.866371840238571167e-02,0.000000000000000000e+00,0.000000000000000000e+00,0.000000000000000000e+00,-1.100000000000000089e+00,2.000000000000000111e-01,-5.000000000000000000e-01,0.000000000000000000e+00,1.100000000000000089e+00,2.000000000000000111e-01,5.000000000000000000e-01,2.109005749225616455e-01,1.553046107292175293e-01,2.224951088428497314e-01,9.110485911369323730e-01,-9.519840590655803680e-03,2.737102285027503967e-02,-5.212451815605163574e-01,-6.284575164318084717e-02,-1.994952559471130371e-01,5.541278719902038574e-01,-1.964991837739944458e-01,-6.460899021476507187e-03
2.092016417119237914e+00,1.983589800262842429e-01,5.152607961427985162e-01,9.978677630424499512e-01,-1.794027350842952728e-02,3.356913477182388306e-02,5.302004888653755188e-02,0.000000000000000000e+00,0.000000000000000000e+00,0.000000000000000000e+00,-1.100000000000000089e+00,2.000000000000000111e-01,-5.000000000000000000e-01,0.000000000000000000e+00,1.100000000000000089e+00,2.000000000000000111e-01,5.000000000000000000e-01,9.075517207384109497e-02,2.973289787769317627e-01,2.146288156509399414e-01,1.201544046401977539e+00,-1.161652579903602600e-01,7.437241077423095703e-02,-4.703793525695800781e-01,-8.238446898758411407e-03,-2.300639003515243530e-01,7.389920353889465332e-01,-3.647940754890441895e-01,-5.124751105904579163e-02
2.136818234170928310e+00,2.029980976160879191e-01,5.127238007680032794e-01,9.969322085380554199e-01,-2.178064547479152679e-02,2.677628584206104279e-02,7.024795562028884888e-02,0.000000000000000000e+00,0.000000000000000000e+00,0.000000000000000000e+00,-1.100000000000000089e+00,2.000000000000000111e-01,-5.000000000000000000e-01,0.000000000000000000e+00,1.100000000000000089e+00,2.000000000000000111e-01,5.000000000000000000e-01,-1.076495125889778137e-01,3.503107726573944092e-01,1.639288067817687988e-01,1.414650797843933105e+00,-2.040737420320510864e-01,1.518840491771697998e-01,-3.545735478401184082e-01,-1.656704582273960114e-02,-2.614992558956146240e-01,7.818635106086730957e-01,-4.854061901569366455e-01,-3.451098129153251648e-02
2.181024166213141324e+00,2.084221375933048570e-01,5.166082635409000590e-01,9.953370094299316406e-01,-1.549223717302083969e-02,2.799311093986034393e-02,9.099844098091125488e-02,0.000000000000000000e+00,0.000000000000000000e+00,0.000000000000000000e+00,-1.100000000000000089e+00,2.000000000000000111e-01,-5.000000000000000000e-01,0.000000000000000000e+00,1.100000000000000089e+00,2.000000000000000111e-01,5.000000000000000000e-01,-3.133960366249084473e-01,3.178837001323699951e-01,1.308892667293548584e-01,1.487140059471130371e+00,-2.526347041130065918e-01,1.856731772422790527e-01,-2.050967961549758911e-01,-3.219964355230331421e-02,-2.922591567039489746e-01,7.096806764602661133e-01,-5.345802903175354004e-01,-6.031733937561511993e-03
2.224533902614405534e+00,2.146737402801712213e-01,5.256443996757570458e-01,9.941239953041076660e-01,-3.115945495665073395e-03,3.283695504069328308e-02,1.030995473265647888e-01,0.000000000000000000e+00,0.000000000000000000e+00,0.000000000000000000e+00,-1.100000000000000089e+00,2.000000000000000111e-01,-5.000000000000000000e-01,0.000000000000000000e+00,1.100000000000000089e+00,2.000000000000000111e-01,5.000000000000000000e-01,-4.633459746837615967e-01,1.966292858123779297e-01,1.137954741716384888e-01,1.384288191795349121e+00,-2.327685356140136719e-01,1.504980623722076416e-01,-4.765368998050689697e-02,-4.405870288610458374e-02,-3.071538209915161133e-01,5.637708902359008789e-01,-4.937134087085723877e-01,2.022563293576240540e-02
2.270149664044982085e+00,2.226907851693756546e-01,5.377188767462667274e-01,9.930703043937683105e-01,1.340926159173250198e-02,4.195774346590042114e-02,1.089545041322708130e-01,0.000000000000000000e+00,0.000000000000000000e+00,0.000000000000000000e+00,-1.100000000000000089e+00,2.000000000000000111e-01,-5.000000000000000000e-01,0.000000000000000000e+00,1.100000000000000089e+00,2.000000000000000111e-01,5.000000000000000000e-01,-5.425536632537841797e-01,5.379312485456466675e-02,1.067135185003280640e-01,1.127598762512207031e+00,-1.859179884195327759e-01,8.445375412702560425e-02,7.658704370260238647e-02,-6.953138858079910278e-02,-3.088115155696868896e-01,4.440209567546844482e-01,-3.614388108253479004e-01,4.797724634408950806e-02
2.319174492250789310e+00,2.314644570422894898e-01,5.486233399116029474e-01,9.923602938652038574e-01,2.252403087913990021e-02,5.047559738159179688e-02,1.102993860840797424e-01,0.000000000000000000e+00,0.000000000000000000e+00,0.000000000000000000e+00,-1.100000000000000089e+00,2.000000000000000111e-01,-5.000000000000000000e-01,0.000000000000000000e+00,1.100000000000000089e+00,2.000000000000000111e-01,5.000000000000000000e-01,-5.299572348594665527e-01,-1.366506796330213547e-02,1.422086805105209351e-01,7.465923428535461426e-01,-1.469430774450302124e-01,3.465050086379051208e-02,1.558819264173507690e-01,-8.618210256099700928e-02,-3.056347370147705078e-01,4.086654782295227051e-01,-1.788369566202163696e-01,6.632888317108154297e-02
2.370869011517727110e+00,2.393955984975051354e-01,5.539216594450702136e-01,9.928889274597167969e-01,9.055441245436668396e-03,4.986952990293502808e-02,1.077153831720352173e-01,0.000000000000000000e+00,0.000000000000000000e+00,0.000000000000000000e+00,-1.100000000000000089e+00,2.000000000000000111e-01,-5.000000000000000000e-01,0.000000000000000000e+00,1.100000000000000089e+00,2.000000000000000111e-01,5.000000000000000000e-01,-4.555437564849853516e-01,-1.748215407133102417e-02,1.696345210075378418e-01,3.348488211631774902e-01,-1.094980388879776001e-01,-1.798888482153415680e-02,2.346965074539184570e-01,-5.902113765478134155e-02,-3.317418396472930908e-01,4.005551934242248535e-01,-8.634604513645172119e-03,6.561413407325744629e-02
2.422393799881742638e+00,2.473856766006410635e-01,5.524580625617745433e-01,9.938098192214965820e-01,-1.889847964048385620e-02,3.830941766500473022e-02,1.025537773966789246e-01,0.000000000000000000e+00,0.000000000000000000e+00,0.000000000000000000e+00,-1.100000000000000089e+00,2.000000000000000111e-01,-5.000000000000000000e-01,0.000000000000000000e+00,1.100000000000000089e+00,2.000000000000000111e-01,5.000000000000000000e-01,-4.055584371089935303e-01,1.293813064694404602e-02,9.709394723176956177e-02,1.159851923584938049e-01,-1.036392599344253540e-01,-9.661283344030380249e-02,3.004442453384399414e-01,-3.713593259453773499e-02,-4.135657548904418945e-01,4.796149432659149170e-01,6.674584001302719116e-02,1.074844412505626678e-02
2.472536991982146937e+00,2.563771172078571081e-01,5.457692201149584310e-01,9.933832287788391113e-01,-2.012962847948074341e-02,3.053102828562259674e-02,1.088689342141151428e-01,0.000000000000000000e+00,0.000000000000000000e+00,0.000000000000000000e+00,-1.100000000000000089e+00,2.000000000000000111e-01,-5.000000000000000000e-01,0.000000000000000000e+00,1.100000000000000089e+00,2.000000000000000111e-01,5.000000000000000000e-01,-3.914152681827545166e-01,-6.991772912442684174e-03,4.391519725322723389e-02,1.081674173474311829e-01,-1.245657205581665039e-01,-1.089348196983337402e-01,3.114396333694458008e-01,-1.221886873245239258e-01,-5.142476558685302734e-01,6.886599659919738770e-01,3.205171972513198853e-02,-5.786095559597015381e-02
2.518949259685145492e+00,2.654072745633546671e-01,5.342217060140889151e-01,9.917562007904052734e-01,4.658021498471498489e-03,2.541410736739635468e-02,1.255072057247161865e-01,0.000000000000000000e+00,0.000000000000000000e+00,0.000000000000000000e+00,-1.100000000000000089e+00,2.000000000000000111e-01,-5.000000000000000000e-01,0.000000000000000000e+00,1.100000000000000089e+00,2.000000000000000111e-01,5.000000000000000000e-01,-3.323091566562652588e-01,-7.932668924331665039e-02,4.583629220724105835e-02,1.320995092391967773e-01,-5.185616016387939453e-02,-1.052792295813560486e-01,3.045002222061157227e-01,-2.941662967205047607e-01,-5.977013111114501953e-01,9.502398967742919922e-01,-5.809458717703819275e-02,-1.054395735263824463e-01
2.562802443745160197e+00,2.739511993835971881e-01,5.200103965928458694e-01,9.882098436355590820e-01,4.697281867265701294e-02,2.332169376313686371e-02,1.438434123992919922e-01,0.000000000000000000e+00,0.000000000000000000e+00,0.000000000000000000e+00,-1.100000000000000089e+00,2.000000000000000111e-01,-5.000000000000000000e-01,0.000000000000000000e+00,1.100000000000000089e+00,2.000000000000000111e-01,5.000000000000000000e-01,-4.140025377273559570e-01,-1.872559785842895508e-01,5.838176608085632324e-02,4.854895472526550293e-01,-1.334418803453445435e-01,3.434345871210098267e-02,2.471414357423782349e-01,-4.915049970149993896e-01,-5.732390880584716797e-01,1.230253696441650391e+00,-1.791115850210189819e-01,-1.342194229364395142e-01
2.603628372522917456e+00,2.807370309177974477e-01,5.094996194405989609e-01,9.861275553703308105e-01,7.302888482809066772e-02,1.217460073530673981e-02,1.485633999109268188e-01,0.000000000000000000e+00,0.000000000000000000e+00,0.000000000000000000e+00,-1.100000000000000089e+00,2.000000000000000111e-01,-5.000000000000000000e-01,0.000000000000000000e+00,1.100000000000000089e+00,2.000000000000000111e-01,5.000000000000000000e-01,-3.862940371036529541e-01,-2.412859797477722168e-01,7.602460682392120361e-02,6.987506151199340820e-01,-2.962318956851959229e-01,9.463451802730560303e-02,1.029581949114799500e-01,-6.034410595893859863e-01,-4.436342716217041016e-01,1.445513367652893066e+00,-2.897869646549224854e-01,-1.296339631080627441e-01
2.643050118537262350e+00,2.861815814297608562e-01,5.064104588803919338e-01,9.888740777969360352e-01,7.448946684598922729e-02,7.670868653804063797e-03,1.285324841737747192e-01,0.000000000000000000e+00,0.000000000000000000e+00,0.000000000000000000e+00,-1.100000000000000089e+00,2.000000000000000111e-01,-5.000000000000000000e-01,0.000000000000000000e+00,1.100000000000000089e+00,2.000000000000000111e-01,5.000000000000000000e-01,-2.949076890945434570e-01,-2.251322120428085327e-01,9.124321490526199341e-02,7.535328269004821777e-01,-4.204809367656707764e-01,1.007400602102279663e-01,-1.166349798440933228e-01,-6.158048510551452637e-01,-3.061451911926269531e-01,1.564406871795654297e+00,-3.598255515098571777e-01,-1.305735111236572266e-01
2.684255865881539194e+00,2.901524873875608312e-01,5.101316677613391137e-01,9.925982952117919922e-01,6.301435083150863647e-02,9.827917441725730896e-03,1.033500730991363525e-01,0.000000000000000000e+00,0.000000000000000000e+00,0.000000000000000000e+00,-1.100000000000000089e+00,2.000000000000000111e-01,-5.000000000000000000e-01,0.000000000000000000e+00,1.100000000000000089e+00,2.000000000000000111e-01,5.000000000000000000e-01,-1.640601158142089844e-01,-1.816630661487579346e-01,1.017929017543792725e-01,6.944966912269592285e-01,-4.838272035121917725e-01,9.066167473793029785e-02,-3.302235603332519531e-01,-5.526301860809326172e-01,-2.373010963201522827e-01,1.562476754188537598e+00,-3.985817134380340576e-01,-1.200467497110366821e-01
2.729038916209129528e+00,2.930633225495165028e-01,5.202651590244335988e-01,9.951393008232116699e-01,4.548594728112220764e-02,1.756929606199264526e-02,8.555784821510314941e-02,0.000000000000000000e+00,0.000000000000000000e+00,0.000000000000000000e+00,-1.100000000000000089e+00,2.000000000000000111e-01,-5.000000000000000000e-01,0.000000000000000000e+00,1.100000000000000089e+00,2.000000000000000111e-01,5.000000000000000000e-01,-1.792165637016296387e-02,-1.331352591514587402e-01,9.384350478649139404e-02,5.589731931686401367e-01,-4.420546889305114746e-01,7.921203225851058960e-02,-4.733323752880096436e-01,-4.714099466800689697e-01,-2.740422785282135010e-01,1.427896261215209961e+00,-4.117920994758605957e-01,-1.026235669851303101e-01
2.778074705510428455e+00,2.958205985763307511e-01,5.340627701294542451e-01,9.964116215705871582e-01,2.533758059144020081e-02,3.273871541023254395e-02,7.382496446371078491e-02,0.000000000000000000e+00,0.000000000000000000e+00,0.000000000000000000e+00,-1.100000000000000089e+00,2.000000000000000111e-01,-5.000000000000000000e-01,0.000000000000000000e+00,1.100000000000000089e+00,2.000000000000000111e-01,5.000000000000000000e-01,8.960168063640594482e-02,-8.448477834463119507e-02,7.062885165214538574e-02,4.372949600219726562e-01,-2.873530983924865723e-01,5.866105481982231140e-02,-5.499490499496459961e-01,-3.687465488910675049e-01,-3.595565259456634521e-01,1.159791350364685059e+00,-3.750331997871398926e-01,-7.677041739225387573e-02
2.830652091196089071e+00,2.984030783454877933e-01,5.459908501442635176e-01,9.966651201248168945e-01,1.201027631759643555e-02,4.676640406250953674e-02,6.578211486339569092e-02,0.000000000000000000e+00,0.000000000000000000e+00,0.000000000000000000e+00,-1.100000000000000089e+00,2.000000000000000111e-01,-5.000000000000000000e-01,0.000000000000000000e+00,1.100000000000000089e+00,2.000000000000000111e-01,5.000000000000000000e-01,1.612121909856796265e-01,-4.944061487913131714e-02,4.622843489050865173e-02,3.638263344764709473e-01,-9.472068399190902710e-02,2.665957622230052948e-02,-5.597034096717834473e-01,-2.145916670560836792e-01,-3.607746064662933350e-01,7.590733170509338379e-01,-2.693491578102111816e-01,1.125906873494386673e-02
2.884409953650802105e+00,3.023752091226704075e-01,5.523942473959742028e-01,9.962136745452880859e-01,2.102437615394592285e-02,5.256179347634315491e-02,6.598100811243057251e-02,0.000000000000000000e+00,0.000000000000000000e+00,0.000000000000000000e+00,-1.100000000000000089e+00,2.000000000000000111e-01,-5.000000000000000000e-01,0.000000000000000000e+00,1.100000000000000089e+00,2.000000000000000111e-01,5.000000000000000000e-01,2.410460114479064941e-01,-6.844441592693328857e-02,-1.491357688792049885e-04,3.034743666648864746e-01,8.543317764997482300e-02,-2.468783780932426453e-02,-5.015404820442199707e-01,-1.038031131029129028e-01,-2.734965085983276367e-01,3.168542087078094482e-01,-1.504678279161453247e-01,1.237893924117088318e-01
2.933990310105410337e+00,3.071755876779706518e-01,5.517284438834346716e-01,9.952514767646789551e-01,4.142316058278083801e-02,4.980068653821945190e-02,7.265327125787734985e-02,0.000000000000000000e+00,0.000000000000000000e+00,0.000000000000000000e+00,-1.100000000000000089e+00,2.000000000000000111e-01,-5.000000000000000000e-01,0.000000000000000000e+00,1.100000000000000089e+00,2.000000000000000111e-01,5.000000000000000000e-01,2.942321300506591797e-01,-9.100732207298278809e-02,4.770390223711729050e-03,3.492391407489776611e-01,1.310656517744064331e-01,-2.469746023416519165e-02,-4.510820508003234863e-01,-1.093128845095634460e-01,-2.213755548000335693e-01,1.155118197202682495e-01,-1.269332319498062134e-01,1.699270009994506836e-01
2.982776153214050208e+00,3.120166343887044724e-01,5.477521404164908958e-01,9.959371685981750488e-01,4.144671931862831116e-02,4.401170462369918823e-02,6.674035638570785522e-02,0.000000000000000000e+00,0.000000000000000000e+00,0.000000000000000000e+00,-1.100000000000000089e+00,2.000000000000000111e-01,-5.000000000000000000e-01,0.000000000000000000e+00,1.100000000000000089e+00,2.000000000000000111e-01,5.000000000000000000e-01,2.899727225303649902e-01,-3.962363302707672119e-02,9.196851402521133423e-02,5.436279177665710449e-01,5.055492743849754333e-02,3.082654066383838654e-02,-4.412131607532501221e-01,-1.117610931396484375e-01,-2.267684787511825562e-01,1.665296405553817749e-01,-1.854088902473449707e-01,1.234235763549804688e-01
3.029705917486036792e+00,3.149066891404564972e-01,5.373068392020885486e-01,9.972994923591613770e-01,3.217405825853347778e-02,3.428174927830696106e-02,5.642069503664970398e-02,0.000000000000000000e+00,0.000000000000000000e+00,0.000000000000000000e+00,-1.100000000000000089e+00,2.000000000000000111e-01,-5.000000000000000000e-01,0.000000000000000000e+00,1.100000000000000089e+00,2.000000000000000111e-01,5.000000000000000000e-01,2.733468711376190186e-01,6.279984861612319946e-02,2.021173238754272461e-01,7.665104269981384277e-01,-5.003270879387855530e-02,7.778758555650711060e-02,-3.936783373355865479e-01,-9.491898119449615479e-02,-2.591409981250762939e-01,2.647632360458374023e-01,-1.933518797159194946e-01,1.344156712293624878e-01
3.077517551713519595e+00,3.164986844624232964e-01,5.236001138471895189e-01,9.986529350280761719e-01,2.500268630683422089e-03,2.884667366743087769e-02,4.305669292807579041e-02,0.000000000000000000e+00,0.000000000000000000e+00,0.000000000000000000e+00,-1.100000000000000089e+00,2.000000000000000111e-01,-5.000000000000000000e-01,0.000000000000000000e+00,1.100000000000000089e+00,2.000000000000000111e-01,5.000000000000000000e-01,2.153767645359039307e-01,2.417915761470794678e-01,2.875737249851226807e-01,1.039578914642333984e+00,-1.511716246604919434e-01,1.133542284369468689e-01,-4.597837626934051514e-01,-4.102220386266708374e-02,-2.432559281587600708e-01,5.988799333572387695e-01,-2.689140141010284424e-01,-1.496876217424869537e-02
3.121874780088964130e+00,3.185152561575023689e-01,5.125374621446385781e-01,9.988889694213867188e-01,-2.689738571643829346e-02,1.676291786134243011e-02,3.487749397754669189e-02,0.000000000000000000e+00,0.000000000000000000e+00,0.000000000000000000e+00,-1.100000000000000089e+00,2.000000000000000111e-01,-5.000000000000000000e-01,0.000000000000000000e+00,1.100000000000000089e+00,2.000000000000000111e-01,5.000000000000000000e-01,9.925287961959838867e-02,3.843155205249786377e-01,2.576555907726287842e-01,1.312273979187011719e+00,-2.213672250509262085e-01,1.600853949785232544e-01,-4.141151010990142822e-01,1.685923710465431213e-02,-2.675401866436004639e-01,7.694690823554992676e-01,-4.162563681602478027e-01,-5.602454394102096558e-02
3.164636006529885304e+00,3.215120777920490447e-01,5.072518475173097841e-01,9.982153773307800293e-01,-3.170826286077499390e-02,9.259989485144615173e-03,4.974910616874694824e-02,0.000000000000000000e+00,0.000000000000000000e+00,0.000000000000000000e+00,-1.100000000000000089e+00,2.000000000000000111e-01,-5.000000000000000000e-01,0.000000000000000000e+00,1.100000000000000089e+00,2.000000000000000111e-01,5.000000000000000000e-01,-8.918455243110656738e-02,4.190444946289062500e-01,1.679737567901611328e-01,1.511288523674011230e+00,-2.862019240856170654e-01,2.080989331007003784e-01,-2.998622655868530273e-01,1.294301822781562805e-02,-2.923053503036499023e-01,8.218559026718139648e-01,-5.378850102424621582e-01,-3.535201773047447205e-02
3.208363137991741443e+00,3.256413176046176194e-01,5.084867145708112934e-01,9.971888661384582520e-01,-2.769373729825019836e-02,8.050877600908279419e-03,6.915652006864547729e-02,0.000000000000000000e+00,0.000000000000000000e+00,0.000000000000000000e+00,-1.100000000000000089e+00,2.000000000000000111e-01,-5.000000000000000000e-01,0.000000000000000000e+00,1.100000000000000089e+00,2.000000000000000111e-01,5.000000000000000000e-01,-2.916519939899444580e-01,3.534939289093017578e-01,8.210167288780212402e-02,1.586476683616638184e+00,-3.177637755870819092e-01,2.144676148891448975e-01,-1.455576270818710327e-01,3.806989639997482300e-03,-3.180603086948394775e-01,7.588814496994018555e-01,-5.906803607940673828e-01,-3.748396411538124084e-03
3.254287803022548609e+00,3.314806543911496539e-01,5.164774777424154806e-01,9.967264533042907715e-01,-1.335041597485542297e-02,1.216147467494010925e-02,7.880542427301406860e-02,0.000000000000000000e+00,0.000000000000000000e+00,0.000000000000000000e+00,-1.100000000000000089e+00,2.000000000000000111e-01,-5.000000000000000000e-01,0.000000000000000000e+00,1.100000000000000089e+00,2.000000000000000111e-01,5.000000000000000000e-01,-4.382842481136322021e-01,2.163201272487640381e-01,4.799988120794296265e-02,1.497924804687500000e+00,-2.932513058185577393e-01,1.787857115268707275e-01,1.182283461093902588e-02,-1.281527616083621979e-02,-3.219261169433593750e-01,6.217274069786071777e-01,-5.535533428192138672e-01,3.381519019603729248e-02
3.301977204427574808e+00,3.393679929836982412e-01,5.289442706890780110e-01,9.962050914764404297e-01,6.630586460232734680e-03,2.198409475386142731e-02,8.395294100046157837e-02,0.000000000000000000e+00,0.000000000000000000e+00,0.000000000000000000e+00,-1.100000000000000089e+00,2.000000000000000111e-01,-5.000000000000000000e-01,0.000000000000000000e+00,1.100000000000000089e+00,2.000000000000000111e-01,5.000000000000000000e-01,-5.252234935760498047e-01,7.827685028314590454e-02,5.396746471524238586e-02,1.272382974624633789e+00,-2.511058747768402100e-01,1.325652450323104858e-01,1.476850807666778564e-01,-4.223086684942245483e-02,-3.097255825996398926e-01,4.725328385829925537e-01,-4.166280031204223633e-01,7.909569144248962402e-02
3.350631514390309817e+00,3.476021422983871512e-01,5.416063289088431931e-01,9.953634738922119141e-01,2.150142937898635864e-02,3.391989693045616150e-02,8.739996701478958130e-02,0.000000000000000000e+00,0.000000000000000000e+00,0.000000000000000000e+00,-1.100000000000000089e+00,2.000000000000000111e-01,-5.000000000000000000e-01,0.000000000000000000e+00,1.100000000000000089e+00,2.000000000000000111e-01,5.000000000000000000e-01,-5.394275784492492676e-01,-1.716100145131349564e-03,9.414321929216384888e-02,9.305890202522277832e-01,-2.095874994993209839e-01,8.558674901723861694e-02,2.389856278896331787e-01,-6.771342456340789795e-02,-2.857054471969604492e-01,3.903433382511138916e-01,-2.032921910285949707e-01,1.305224448442459106e-01
3.400888469375745071e+00,3.555568874762816689e-01,5.498364093320237123e-01,9.951829910278320312e-01,1.721780747175216675e-02,3.806691989302635193e-02,8.868625760078430176e-02,0.000000000000000000e+00,0.000000000000000000e+00,0.000000000000000000e+00,-1.100000000000000089e+00,2.000000000000000111e-01,-5.000000000000000000e-01,0.000000000000000000e+00,1.100000000000000089e+00,2.000000000000000111e-01,5.000000000000000000e-01,-4.846768975257873535e-01,-2.467924728989601135e-02,1.332944482564926147e-01,5.137068033218383789e-01,-1.639919728040695190e-01,2.658522687852382660e-02,3.037991523742675781e-01,-5.524742975831031799e-02,-2.507168054580688477e-01,3.739975988864898682e-01,1.870390959084033966e-02,1.708643138408660889e-01
3.451996071802245325e+00,3.637843106641913682e-01,5.509198970136919282e-01,9.959082007408142090e-01,-7.641577627509832382e-03,2.886465005576610565e-02,8.529563993215560913e-02,0.000000000000000000e+00,0.000000000000000000e+00,0.000000000000000000e+00,-1.100000000000000089e+00,2.000000000000000111e-01,-5.000000000000000000e-01,0.000000000000000000e+00,1.100000000000000089e+00,2.000000000000000111e-01,5.000000000000000000e-01,-3.991590440273284912e-01,-1.340718194842338562e-02,1.033535748720169067e-01,1.508476734161376953e-01,-1.206689253449440002e-01,-4.798055812716484070e-02,3.507896959781646729e-01,-2.103781700134277344e-02,-2.433127611875534058e-01,4.517695307731628418e-01,1.435602307319641113e-01,1.591279357671737671e-01
3.501936483636046926e+00,3.721575496375861825e-01,5.458081237000949049e-01,9.958528280258178711e-01,-1.907486096024513245e-02,1.593328267335891724e-02,8.751846104860305786e-02,0.000000000000000000e+00,0.000000000000000000e+00,0.000000000000000000e+00,-1.100000000000000089e+00,2.000000000000000111e-01,-5.000000000000000000e-01,0.000000000000000000e+00,1.100000000000000089e+00,2.000000000000000111e-01,5.000000000000000000e-01,-3.955164253711700439e-01,-1.593804173171520233e-02,3.347878158092498779e-02,1.154400929808616638e-01,-1.639649420976638794e-01,-5.463162064552307129e-02,3.645576238632202148e-01,-6.388374418020248413e-02,-3.149558603763580322e-01,6.445624232292175293e-01,1.343461275100708008e-01,8.848180621862411499e-02
3.549698959011020172e+00,3.800639871086435861e-01,5.358767899140866042e-01,9.949489235877990723e-01,-6.370865274220705032e-03,3.672728314995765686e-03,1.001122966408729553e-01,0.000000000000000000e+00,0.000000000000000000e+00,0.000000000000000000e+00,-1.100000000000000089e+00,2.000000000000000111e-01,-5.000000000000000000e-01,0.000000000000000000e+00,1.100000000000000089e+00,2.000000000000000111e-01,5.000000000000000000e-01,-3.408789336681365967e-01,-7.147762924432754517e-02,-7.394223473966121674e-03,1.179509237408638000e-01,-1.332541257143020630e-01,-3.577097505331039429e-02,3.637918829917907715e-01,-2.030185163021087646e-01,-4.322622418403625488e-01,8.784902691841125488e-01,4.690885171294212341e-02,2.928929636254906654e-03
3.596335430939992417e+00,3.890253054629070339e-01,5.229979594232457840e-01,9.922432899475097656e-01,3.446014970541000366e-02,-9.968107333406805992e-04,1.194352731108665466e-01,0.000000000000000000e+00,0.000000000000000000e+00,0.000000000000000000e+00,-1.100000000000000089e+00,2.000000000000000111e-01,-5.000000000000000000e-01,0.000000000000000000e+00,1.100000000000000089e+00,2.000000000000000111e-01,5.000000000000000000e-01,-4.050578773021697998e-01,-1.953962594270706177e-01,-2.289776131510734558e-02,3.967070877552032471e-01,-1.526515278965234756e-02,6.879545003175735474e-02,3.461805284023284912e-01,-4.131878316402435303e-01,-5.049825906753540039e-01,1.136251330375671387e+00,-8.036947250366210938e-02,-5.828411877155303955e-02
3.639325179614202099e+00,3.970802574740214808e-01,5.103611449385532239e-01,9.892739057540893555e-01,6.437458842992782593e-02,-1.471795979887247086e-02,1.302939057350158691e-01,0.000000000000000000e+00,0.000000000000000000e+00,0.000000000000000000e+00,-1.100000000000000089e+00,2.000000000000000111e-01,-5.000000000000000000e-01,0.000000000000000000e+00,1.100000000000000089e+00,2.000000000000000111e-01,5.000000000000000000e-01,-4.044218361377716064e-01,-2.731499373912811279e-01,1.824373612180352211e-03,6.699550151824951172e-01,-2.154903560876846313e-01,1.288751363754272461e-01,2.604503929615020752e-01,-5.766094326972961426e-01,-4.685565829277038574e-01,1.370182752609252930e+00,-2.219164818525314331e-01,-1.157437339425086975e-01
3.680464163922300358e+00,4.036992229370757745e-01,5.059598914247871448e-01,9.898993372917175293e-01,7.238811254501342773e-02,-2.602341212332248688e-02,1.190881058573722839e-01,0.000000000000000000e+00,0.000000000000000000e+00,0.000000000000000000e+00,-1.100000000000000089e+00,2.000000000000000111e-01,-5.000000000000000000e-01,0.000000000000000000e+00,1.100000000000000089e+00,2.000000000000000111e-01,5.000000000000000000e-01,-3.206000328063964844e-01,-2.819847464561462402e-01,1.863402500748634338e-02,7.618194222450256348e-01,-3.510220348834991455e-01,1.468036919832229614e-01,7.763928174972534180e-02,-6.346604824066162109e-01,-3.505599796772003174e-01,1.521669149398803711e+00,-3.380760848522186279e-01,-1.435439437627792358e-01
3.718146085143089419e+00,4.073491431780234540e-01,5.079129593488243000e-01,9.924063086509704590e-01,6.543903052806854248e-02,-2.934047020971775055e-02,9.993345290422439575e-02,0.000000000000000000e+00,0.000000000000000000e+00,0.000000000000000000e+00,-1.100000000000000089e+00,2.000000000000000111e-01,-5.000000000000000000e-01,0.000000000000000000e+00,1.100000000000000089e+00,2.000000000000000111e-01,5.000000000000000000e-01,-2.157179564237594604e-01,-2.525577545166015625e-01,2.844930253922939301e-02,7.637522816658020020e-01,-4.337636530399322510e-01,1.480570137500762939e-01,-1.485054641962051392e-01,-5.879456400871276855e-01,-2.488061338663101196e-01,1.566471099853515625e+00,-4.080380201339721680e-01,-1.420682966709136963e-01
3.754946800717199551e+00,4.092580760849846566e-01,5.157907900214194763e-01,9.947789907455444336e-01,5.220090597867965698e-02,-2.611627988517284393e-02,8.371223509311676025e-02,0.000000000000000000e+00,0.000000000000000000e+00,0.000000000000000000e+00,-1.100000000000000089e+00,2.000000000000000111e-01,-5.000000000000000000e-01,0.000000000000000000e+00,1.100000000000000089e+00,2.000000000000000111e-01,5.000000000000000000e-01,-9.922252595424652100e-02,-2.119301557540893555e-01,2.558987401425838470e-02,6.997928619384765625e-01,-4.422081708908081055e-01,1.483613997697830200e-01,-3.394099771976470947e-01,-4.881716668605804443e-01,-2.197426408529281616e-01,1.477617025375366211e+00,-4.257315099239349365e-01,-1.080347597599029541e-01
3.796137933267487607e+00,4.115424265125484093e-01,5.272862804380029633e-01,9.966540932655334473e-01,3.344075754284858704e-02,-1.765080541372299194e-02,7.246220856904983521e-02,0.000000000000000000e+00,0.000000000000000000e+00,0.000000000000000000e+00,-1.100000000000000089e+00,2.000000000000000111e-01,-5.000000000000000000e-01,0.000000000000000000e+00,1.100000000000000089e+00,2.000000000000000111e-01,5.000000000000000000e-01,4.183348268270492554e-03,-1.602737307548522949e-01,1.148491445928812027e-02,6.216477155685424805e-01,-3.656218051910400391e-01,1.355521231889724731e-01,-4.535471498966217041e-01,-3.790847659111022949e-01,-2.741062343120574951e-01,1.241819381713867188e+00,-3.966757357120513916e-01,-7.286437600851058960e-02
3.842864086886848884e+00,4.151993635153830575e-01,5.388206744397228132e-01,9.976572990417480469e-01,1.591862551867961884e-02,-6.935426965355873108e-03,6.616963446140289307e-02,0.000000000000000000e+00,0.000000000000000000e+00,0.000000000000000000e+00,-1.100000000000000089e+00,2.000000000000000111e-01,-5.000000000000000000e-01,0.000000000000000000e+00,1.100000000000000089e+00,2.000000000000000111e-01,5.000000000000000000e-01,8.163647353649139404e-02,-1.135967597365379333e-01,-2.977922558784484863e-03,5.696834921836853027e-01,-2.339742481708526611e-01,1.108506545424461365e-01,-4.751558005809783936e-01,-2.470857053995132446e-01,-3.232499361038208008e-01,8.519415855407714844e-01,-3.203144669532775879e-01,-2.544968083384446800e-05
3.889722437960932755e+00,4.194866880669136378e-01,5.457119649987328680e-01,9.976550936698913574e-01,2.205460146069526672e-02,-1.659656642004847527e-03,6.476990878582000732e-02,0.000000000000000000e+00,0.000000000000000000e+00,0.000000000000000000e+00,-1.100000000000000089e+00,2.000000000000000111e-01,-5.000000000000000000e-01,0.000000000000000000e+00,1.100000000000000089e+00,2.000000000000000111e-01,5.000000000000000000e-01,1.655677407979965210e-01,-1.206760033965110779e-01,-1.312401425093412399e-02,5.228439569473266602e-01,-7.773746550083160400e-02,8.804026246070861816e-02,-4.255891144275665283e-01,-1.450157761573791504e-01,-2.790080904960632324e-01,3.926942646503448486e-01,-2.238376885652542114e-01,9.472289681434631348e-02
3.934947253652293142e+00,4.245962193382508687e-01,5.448501073463697386e-01,9.964109063148498535e-01,5.052531510591506958e-02,-3.424569033086299896e-03,6.782885640859603882e-02,0.000000000000000000e+00,0.000000000000000000e+00,0.000000000000000000e+00,-1.100000000000000089e+00,2.000000000000000111e-01,-5.000000000000000000e-01,0.000000000000000000e+00,1.100000000000000089e+00,2.000000000000000111e-01,5.000000000000000000e-01,2.437997609376907349e-01,-1.720228195190429688e-01,-1.687083579599857330e-02,5.379233360290527344e-01,1.686135493218898773e-02,6.471914798021316528e-02,-3.686951994895935059e-01,-1.440769284963607788e-01,-2.068698257207870483e-01,1.110126674175262451e-01,-1.914284527301788330e-01,1.711220294237136841e-01
