1.472076422059814468e-02,3.602817891320834326e-02,5.321845199860105735e-01,9.997076988220214844e-01,-7.495843339711427689e-03,-2.240204438567161560e-02,5.142115987837314606e-03,0.000000000000000000e+00,0.000000000000000000e+00,0.000000000000000000e+00,-1.100000000000000089e+00,2.000000000000000111e-01,-5.000000000000000000e-01,0.000000000000000000e+00,1.100000000000000089e+00,2.000000000000000111e-01,5.000000000000000000e-01,1.119788512587547302e-01,1.380081772804260254e-01,1.768137142062187195e-02,3.871154785156250000e-01,-4.271118938922882080e-01,-1.195660457015037537e-01,-5.135439038276672363e-01,-4.157096147537231445e-01,-2.984033524990081787e-01,9.427881240844726562e-01,-2.374347150325775146e-01,-8.136745542287826538e-02
1.620804008030605342e-02,1.482623362523324828e-02,5.279611766774846560e-01,9.996792674064636230e-01,-9.181633591651916504e-03,-2.170469611883163452e-02,9.273770265281200409e-03,0.000000000000000000e+00,0.000000000000000000e+00,0.000000000000000000e+00,-1.100000000000000089e+00,2.000000000000000111e-01,-5.000000000000000000e-01,0.000000000000000000e+00,1.100000000000000089e+00,2.000000000000000111e-01,5.000000000000000000e-01,1.096317023038864136e-01,1.993471086025238037e-01,3.541445825248956680e-03,3.988398909568786621e-01,-4.294280707836151123e-01,-1.620692163705825806e-01,-5.180076360702514648e-01,-4.964522421360015869e-01,-2.164754867553710938e-01,8.733959794044494629e-01,-2.078979909420013428e-01,-9.209842234849929810e-02
1.960749254237408729e-02,-1.365392058876089068e-02,5.204340595413338155e-01,9.995927810668945312e-01,-7.186596281826496124e-03,-2.162507176399230957e-02,1.717756688594818115e-02,0.000000000000000000e+00,0.000000000000000000e+00,0.000000000000000000e+00,-1.100000000000000089e+00,2.000000000000000111e-01,-5.000000000000000000e-01,0.000000000000000000e+00,1.100000000000000089e+00,2.000000000000000111e-01,5.000000000000000000e-01,9.712310880422592163e-02,2.499316036701202393e-01,-3.571235761046409607e-02,4.310411214828491211e-01,-4.438121020793914795e-01,-2.014749795198440552e-01,-5.155708789825439453e-01,-5.536269545555114746e-01,-8.833321928977966309e-02,7.929598093032836914e-01,-1.661792993545532227e-01,-8.726696670055389404e-02
2.341160768276136922e-02,-4.136863794234214159e-02,5.103004437203358945e-01,9.993576407432556152e-01,-1.527649001218378544e-03,-2.222608216106891632e-02,2.807151339948177338e-02,0.000000000000000000e+00,0.000000000000000000e+00,0.000000000000000000e+00,-1.100000000000000089e+00,2.000000000000000111e-01,-5.000000000000000000e-01,0.000000000000000000e+00,1.100000000000000089e+00,2.000000000000000111e-01,5.000000000000000000e-01,7.893460243940353394e-02,2.941095829010009766e-01,-8.459657430648803711e-02,4.661275148391723633e-01,-4.614788591861724854e-01,-2.319768816232681274e-01,-4.977405667304992676e-01,-5.718827247619628906e-01,9.887372702360153198e-02,7.186046838760375977e-01,-9.474724531173706055e-02,-6.156443431973457336e-02
2.737745866565165567e-02,-7.118611846514272257e-02,4.997344874169188378e-01,9.990288019180297852e-01,8.277172222733497620e-03,-2.104026265442371368e-02,3.781869634985923767e-02,0.000000000000000000e+00,0.000000000000000000e+00,0.000000000000000000e+00,-1.100000000000000089e+00,2.000000000000000111e-01,-5.000000000000000000e-01,0.000000000000000000e+00,1.100000000000000089e+00,2.000000000000000111e-01,5.000000000000000000e-01,6.003476306796073914e-02,3.312157094478607178e-01,-1.207419112324714661e-01,4.791933298110961914e-01,-4.524061381816864014e-01,-2.497114688158035278e-01,-4.561802744865417480e-01,-5.485988855361938477e-01,3.159224689006805420e-01,6.647201776504516602e-01,3.230917500331997871e-04,1.946684718132019043e-02
3.194691205811169693e-02,-1.036752414562259611e-01,4.910886327124605044e-01,9.991660118103027344e-01,5.311000160872936249e-03,-1.410339493304491043e-02,3.795048594474792480e-02,0.000000000000000000e+00,0.000000000000000000e+00,0.000000000000000000e+00,-1.100000000000000089e+00,2.000000000000000111e-01,-5.000000000000000000e-01,0.000000000000000000e+00,1.100000000000000089e+00,2.000000000000000111e-01,5.000000000000000000e-01,4.233427718281745911e-02,3.999907076358795166e-01,-1.464668065309524536e-01,4.641243517398834229e-01,-4.107281267642974854e-01,-2.622444033622741699e-01,-3.776064813137054443e-01,-4.806820452213287354e-01,4.164071083068847656e-01,5.918429493904113770e-01,3.073013946413993835e-02,1.799105107784271240e-01
3.674362134517668993e-02,-1.384802591638884250e-01,4.844574190555798743e-01,9.994623661041259766e-01,-1.140020508319139481e-02,-2.245332580059766769e-03,3.066099621355533600e-02,0.000000000000000000e+00,0.000000000000000000e+00,0.000000000000000000e+00,-1.100000000000000089e+00,2.000000000000000111e-01,-5.000000000000000000e-01,0.000000000000000000e+00,1.100000000000000089e+00,2.000000000000000111e-01,5.000000000000000000e-01,3.740230947732925415e-02,5.116906166076660156e-01,-1.748607009649276733e-01,4.175440669059753418e-01,-3.167641162872314453e-01,-2.724961638450622559e-01,-3.133450746536254883e-01,-4.310157001018524170e-01,2.736482918262481689e-01,4.939531385898590088e-01,-1.232909187674522400e-01,2.569500803947448730e-01
4.046139969386988028e-02,-1.736414501960906742e-01,4.820577280095430517e-01,9.994490742683410645e-01,-1.456293091177940369e-02,8.901376277208328247e-03,2.846359089016914368e-02,0.000000000000000000e+00,0.000000000000000000e+00,0.000000000000000000e+00,-1.100000000000000089e+00,2.000000000000000111e-01,-5.000000000000000000e-01,0.000000000000000000e+00,1.100000000000000089e+00,2.000000000000000111e-01,5.000000000000000000e-01,4.313574358820915222e-02,5.766750574111938477e-01,-1.969289779663085938e-01,3.642231822013854980e-01,-1.786530017852783203e-01,-2.734987735748291016e-01,-3.583602607250213623e-01,-3.970056176185607910e-01,1.384476125240325928e-01,5.798210501670837402e-01,-2.929765284061431885e-01,2.654601037502288818e-01
4.199399127577892188e-02,-2.086007328670133332e-01,4.843074928592852602e-01,9.989899992942810059e-01,-2.729598619043827057e-02,1.868161372840404510e-02,3.041063435375690460e-02,0.000000000000000000e+00,0.000000000000000000e+00,0.000000000000000000e+00,-1.100000000000000089e+00,2.000000000000000111e-01,-5.000000000000000000e-01,0.000000000000000000e+00,1.100000000000000089e+00,2.000000000000000111e-01,5.000000000000000000e-01,-5.522450432181358337e-02,6.835131645202636719e-01,-1.673722118139266968e-01,4.246186316013336182e-01,-7.817314565181732178e-02,-2.399146854877471924e-01,-4.387253820896148682e-01,-3.156215250492095947e-01,8.260084688663482666e-02,7.375629544258117676e-01,-3.779793977737426758e-01,2.644429206848144531e-01
4.427316217052966463e-02,-2.395109806352793691e-01,4.882533211592171019e-01,9.985895752906799316e-01,-2.537665329873561859e-02,2.245549485087394714e-02,4.087301716208457947e-02,0.000000000000000000e+00,0.000000000000000000e+00,0.000000000000000000e+00,-1.100000000000000089e+00,2.000000000000000111e-01,-5.000000000000000000e-01,0.000000000000000000e+00,1.100000000000000089e+00,2.000000000000000111e-01,5.000000000000000000e-01,-1.686707139015197754e-01,7.655205726623535156e-01,-3.031660057604312897e-02,5.309450626373291016e-01,-8.811048418283462524e-02,-1.077431440353393555e-01,-4.625029861927032471e-01,-2.739666402339935303e-01,3.368072211742401123e-02,8.225598931312561035e-01,-4.243210554122924805e-01,2.614106237888336182e-01
4.651641886982351565e-02,-2.673656984772345147e-01,4.938994893973523981e-01,9.984537363052368164e-01,-1.118349656462669373e-02,2.179285325109958649e-02,4.990068823099136353e-02,0.000000000000000000e+00,0.000000000000000000e+00,0.000000000000000000e+00,-1.100000000000000089e+00,2.000000000000000111e-01,-5.000000000000000000e-01,0.000000000000000000e+00,1.100000000000000089e+00,2.000000000000000111e-01,5.000000000000000000e-01,-1.315179467201232910e-01,6.998135447502136230e-01,3.857108578085899353e-02,5.427085757255554199e-01,-1.694743931293487549e-01,-1.893382668495178223e-01,-4.657243192195892334e-01,-2.638503313064575195e-01,-5.755184683948755264e-03,8.615782856941223145e-01,-4.612913429737091064e-01,2.464230954647064209e-01
4.936714446360264408e-02,-2.944401025741991140e-01,5.013024223038945459e-01,9.981960058212280273e-01,-2.187455538660287857e-03,2.047074586153030396e-02,5.639979243278503418e-02,0.000000000000000000e+00,0.000000000000000000e+00,0.000000000000000000e+00,-1.100000000000000089e+00,2.000000000000000111e-01,-5.000000000000000000e-01,0.000000000000000000e+00,1.100000000000000089e+00,2.000000000000000111e-01,5.000000000000000000e-01,-9.923559427261352539e-02,6.286356449127197266e-01,1.142984107136726379e-01,6.203437447547912598e-01,-2.412517517805099487e-01,-2.218486517667770386e-01,-4.496214091777801514e-01,-2.402570992708206177e-01,-5.281124636530876160e-02,8.546105027198791504e-01,-4.721582531929016113e-01,2.071546167135238647e-01
5.280521247065578933e-02,-3.203294212596886070e-01,5.091121198033744522e-01,9.980136752128601074e-01,-1.475088502047583461e-04,1.867410913109779358e-02,6.016583740711212158e-02,0.000000000000000000e+00,0.000000000000000000e+00,0.000000000000000000e+00,-1.100000000000000089e+00,2.000000000000000111e-01,-5.000000000000000000e-01,0.000000000000000000e+00,1.100000000000000089e+00,2.000000000000000111e-01,5.000000000000000000e-01,-7.543497532606124878e-02,5.690037012100219727e-01,1.770061999559402466e-01,7.511629462242126465e-01,-3.107915818691253662e-01,-2.136335223913192749e-01,-4.156018197536468506e-01,-1.956611424684524536e-01,-1.012085750699043274e-01,8.102300167083740234e-01,-4.644365608692169189e-01,1.548273116350173950e-01
5.639911798449853686e-02,-3.442998216463008521e-01,5.162526507269252773e-01,9.978609681129455566e-01,-1.919856731547042727e-04,1.744092628359794617e-02,6.300257146358489990e-02,0.000000000000000000e+00,0.000000000000000000e+00,0.000000000000000000e+00,-1.100000000000000089e+00,2.000000000000000111e-01,-5.000000000000000000e-01,0.000000000000000000e+00,1.100000000000000089e+00,2.000000000000000111e-01,5.000000000000000000e-01,-4.770143702626228333e-02,4.779618978500366211e-01,2.016747444868087769e-01,8.637917041778564453e-01,-3.592512905597686768e-01,-2.135785669088363647e-01,-3.750062882900238037e-01,-1.442646533250808716e-01,-1.443899571895599365e-01,7.481583356857299805e-01,-4.481064975261688232e-01,1.030791923403739929e-01
6.005688018344267076e-02,-3.670842231968135527e-01,5.218005842986431775e-01,9.976300597190856934e-01,-7.893151487223803997e-04,1.715314760804176331e-02,6.662894040346145630e-02,0.000000000000000000e+00,0.000000000000000000e+00,0.000000000000000000e+00,-1.100000000000000089e+00,2.000000000000000111e-01,-5.000000000000000000e-01,0.000000000000000000e+00,1.100000000000000089e+00,2.000000000000000111e-01,5.000000000000000000e-01,-1.651637256145477295e-02,3.486186563968658447e-01,2.038650065660476685e-01,9.233433008193969727e-01,-3.819375932216644287e-01,-2.305832058191299438e-01,-3.365362882614135742e-01,-9.158735722303390503e-02,-1.813913881778717041e-01,6.858385205268859863e-01,-4.275076389312744141e-01,5.246939137578010559e-02
6.394887870949024500e-02,-3.905547104384561874e-01,5.252795280576354475e-01,9.972524046897888184e-01,-1.124028232879936695e-03,1.775564812123775482e-02,7.191070169210433960e-02,0.000000000000000000e+00,0.000000000000000000e+00,0.000000000000000000e+00,-1.100000000000000089e+00,2.000000000000000111e-01,-5.000000000000000000e-01,0.000000000000000000e+00,1.100000000000000089e+00,2.000000000000000111e-01,5.000000000000000000e-01,2.271361649036407471e-02,1.972001791000366211e-01,2.117104232311248779e-01,9.150091409683227539e-01,-3.843602836132049561e-01,-2.512614130973815918e-01,-3.069216609001159668e-01,-4.078656807541847229e-02,-2.145437598228454590e-01,6.355688571929931641e-01,-4.051382839679718018e-01,1.730349147692322731e-03
6.732015254088874467e-02,-4.149215993909823874e-01,5.265706537641359208e-01,9.966416358947753906e-01,-1.140810549259185791e-03,2.020706608891487122e-02,7.934641838073730469e-02,0.000000000000000000e+00,0.000000000000000000e+00,0.000000000000000000e+00,-1.100000000000000089e+00,2.000000000000000111e-01,-5.000000000000000000e-01,0.000000000000000000e+00,1.100000000000000089e+00,2.000000000000000111e-01,5.000000000000000000e-01,6.643603742122650146e-02,4.089197143912315369e-02,2.269784808158874512e-01,8.375194668769836426e-01,-3.669425547122955322e-01,-2.631389200687408447e-01,-2.982645928859710693e-01,1.093426020815968513e-03,-2.506737709045410156e-01,6.111386418342590332e-01,-3.850937485694885254e-01,-4.794376343488693237e-02
6.940294752123229993e-02,-4.381208825577991295e-01,5.258187807404031133e-01,9.956421256065368652e-01,-3.577845636755228043e-03,2.520213462412357330e-02,8.971514552831649780e-02,0.000000000000000000e+00,0.000000000000000000e+00,0.000000000000000000e+00,-1.100000000000000089e+00,2.000000000000000111e-01,-5.000000000000000000e-01,0.000000000000000000e+00,1.100000000000000089e+00,2.000000000000000111e-01,5.000000000000000000e-01,1.110415533185005188e-01,-1.036473959684371948e-01,2.372845560312271118e-01,6.929477453231811523e-01,-3.355491161346435547e-01,-2.591896653175354004e-01,-3.090136051177978516e-01,3.749222308397293091e-02,-3.008585572242736816e-01,6.111909747123718262e-01,-3.645648062229156494e-01,-9.903660416603088379e-02
6.987222461189811218e-02,-4.609347835717478303e-01,5.229499631111670377e-01,9.941581487655639648e-01,-1.143282186239957809e-02,3.213720023632049561e-02,1.024013757705688477e-01,0.000000000000000000e+00,0.000000000000000000e+00,0.000000000000000000e+00,-1.100000000000000089e+00,2.000000000000000111e-01,-5.000000000000000000e-01,0.000000000000000000e+00,1.100000000000000089e+00,2.000000000000000111e-01,5.000000000000000000e-01,1.510806530714035034e-01,-2.325478792190551758e-01,2.201273292303085327e-01,4.788689613342285156e-01,-2.919267714023590088e-01,-2.428111135959625244e-01,-3.323402106761932373e-01,7.735393196344375610e-02,-3.704614043235778809e-01,6.213218569755554199e-01,-3.363632261753082275e-01,-1.503663063049316406e-01
6.893337460554609109e-02,-4.853851678387986479e-01,5.184112391914381668e-01,9.919899702072143555e-01,-2.711263485252857208e-02,3.804146498441696167e-02,1.173613369464874268e-01,0.000000000000000000e+00,0.000000000000000000e+00,0.000000000000000000e+00,-1.100000000000000089e+00,2.000000000000000111e-01,-5.000000000000000000e-01,0.000000000000000000e+00,1.100000000000000089e+00,2.000000000000000111e-01,5.000000000000000000e-01,1.899013370275497437e-01,-3.181774020195007324e-01,1.486641615629196167e-01,2.230958342552185059e-01,-2.315914630889892578e-01,-2.383785992860794067e-01,-3.571566045284271240e-01,1.311434060335159302e-01,-4.615460634231567383e-01,6.184609532356262207e-01,-2.874806523323059082e-01,-1.979804784059524536e-01
6.654394401679511462e-02,-5.128943205376466086e-01,5.142140530426092537e-01,9.893894791603088379e-01,-4.385737329721450806e-02,3.414872288703918457e-02,1.342340409755706787e-01,0.000000000000000000e+00,0.000000000000000000e+00,0.000000000000000000e+00,-1.100000000000000089e+00,2.000000000000000111e-01,-5.000000000000000000e-01,0.000000000000000000e+00,1.100000000000000089e+00,2.000000000000000111e-01,5.000000000000000000e-01,1.716661900281906128e-01,-3.300134241580963135e-01,2.164500579237937927e-02,1.230137720704078674e-01,-2.004129886627197266e-01,-2.364910244941711426e-01,-3.630111813545227051e-01,1.912117302417755127e-01,-5.559369921684265137e-01,5.928514003753662109e-01,-2.138313651084899902e-01,-2.310397028923034668e-01
6.301046465579984712e-02,-5.444062660175441604e-01,5.119817678186326937e-01,9.877343773841857910e-01,-4.072225466370582581e-02,1.889436878263950348e-02,1.495510041713714600e-01,0.000000000000000000e+00,0.000000000000000000e+00,0.000000000000000000e+00,-1.100000000000000089e+00,2.000000000000000111e-01,-5.000000000000000000e-01,0.000000000000000000e+00,1.100000000000000089e+00,2.000000000000000111e-01,5.000000000000000000e-01,9.351453930139541626e-02,-3.124711513519287109e-01,-8.732186257839202881e-02,2.285841107368469238e-01,-1.724825203418731689e-01,-1.868977844715118408e-01,-3.925209343433380127e-01,1.938816905021667480e-01,-5.988109707832336426e-01,6.508278846740722656e-01,-8.425674587488174438e-02,-2.417044043540954590e-01
6.036688404515234974e-02,-5.781978702439803941e-01,5.060269866153748186e-01,9.879764318466186523e-01,-1.769830286502838135e-02,-2.548493503127247095e-04,1.535876542329788208e-01,0.000000000000000000e+00,0.000000000000000000e+00,0.000000000000000000e+00,-1.100000000000000089e+00,2.000000000000000111e-01,-5.000000000000000000e-01,0.000000000000000000e+00,1.100000000000000089e+00,2.000000000000000111e-01,5.000000000000000000e-01,-5.176110565662384033e-02,-3.318580687046051025e-01,3.227573120966553688e-03,5.877817869186401367e-01,-3.910677433013916016e-01,2.209690809249877930e-01,-5.114379525184631348e-01,1.354663968086242676e-01,-5.500489473342895508e-01,8.840148448944091797e-01,1.276394426822662354e-01,-1.470706462860107422e-01
5.588853437914465677e-02,-6.091351885965676782e-01,4.991209567044720408e-01,9.895492196083068848e-01,-7.445504423230886459e-03,-1.303383149206638336e-02,1.434122771024703979e-01,0.000000000000000000e+00,0.000000000000000000e+00,0.000000000000000000e+00,-1.100000000000000089e+00,2.000000000000000111e-01,-5.000000000000000000e-01,0.000000000000000000e+00,1.100000000000000089e+00,2.000000000000000111e-01,5.000000000000000000e-01,-7.831991463899612427e-02,-3.033317923545837402e-01,3.224715963006019592e-02,6.914833784103393555e-01,-5.353596806526184082e-01,2.409012019634246826e-01,-6.422798037528991699e-01,1.818996369838714600e-01,-4.573509395122528076e-01,9.912211298942565918e-01,3.449999999999999734e-01,6.537514179944992065e-02
5.296130428316466604e-02,-6.382268079377786396e-01,4.949127679408499847e-01,9.919577836990356445e-01,-1.267785485833883286e-02,-2.598512172698974609e-02,1.232227832078933716e-01,0.000000000000000000e+00,0.000000000000000000e+00,0.000000000000000000e+00,-1.100000000000000089e+00,2.000000000000000111e-01,-5.000000000000000000e-01,0.000000000000000000e+00,1.100000000000000089e+00,2.000000000000000111e-01,5.000000000000000000e-01,-1.186034306883811951e-01,-2.263619601726531982e-01,4.685285687446594238e-02,7.998085021972656250e-01,-6.401957869529724121e-01,2.156090736389160156e-01,-6.765798330307006836e-01,2.552784085273742676e-01,-4.272169768810272217e-01,1.002885699272155762e+00,3.449999999999999734e-01,2.183270007371902466e-01
5.079875072539605241e-02,-6.626876965880093007e-01,4.960290973896931965e-01,9.930177330970764160e-01,-1.292391959577798843e-02,-3.594330698251724243e-02,1.116103455424308777e-01,0.000000000000000000e+00,0.000000000000000000e+00,0.000000000000000000e+00,-1.100000000000000089e+00,2.000000000000000111e-01,-5.000000000000000000e-01,0.000000000000000000e+00,1.100000000000000089e+00,2.000000000000000111e-01,5.000000000000000000e-01,-1.443976461887359619e-01,-1.589270383119583130e-01,5.211456120014190674e-02,8.551228642463684082e-01,-6.609065532684326172e-01,1.780665516853332520e-01,-6.667101979255676270e-01,2.080963850021362305e-01,-4.356407821178436279e-01,1.052409291267395020e+00,1.978341490030288696e-01,2.322828620672225952e-01
5.038237441425220953e-02,-6.846391586793793005e-01,5.017957961589398774e-01,9.933398365974426270e-01,-5.804019514471292496e-03,-4.396984726190567017e-02,1.063432916998863220e-01,0.000000000000000000e+00,0.000000000000000000e+00,0.000000000000000000e+00,-1.100000000000000089e+00,2.000000000000000111e-01,-5.000000000000000000e-01,0.000000000000000000e+00,1.100000000000000089e+00,2.000000000000000111e-01,5.000000000000000000e-01,-1.228878125548362732e-01,-1.155251860618591309e-01,4.884728789329528809e-02,8.235918283462524414e-01,-6.416260600090026855e-01,1.319779306650161743e-01,-6.583645939826965332e-01,1.177567988634109497e-01,-3.855350613594055176e-01,1.113135337829589844e+00,2.229289337992668152e-02,2.361391186714172363e-01
5.203519032242698295e-02,-7.069163396879277750e-01,5.098826349933038848e-01,9.934850931167602539e-01,-4.637702077161520720e-04,-4.976081475615501404e-02,1.025232076644897461e-01,0.000000000000000000e+00,0.000000000000000000e+00,0.000000000000000000e+00,-1.100000000000000089e+00,2.000000000000000111e-01,-5.000000000000000000e-01,0.000000000000000000e+00,1.100000000000000089e+00,2.000000000000000111e-01,5.000000000000000000e-01,-8.206570893526077271e-02,-7.296827435493469238e-02,3.059933334589004517e-02,7.503991127014160156e-01,-6.021449565887451172e-01,7.967888563871383667e-02,-6.277409791946411133e-01,3.807665780186653137e-03,-3.387551307678222656e-01,1.133351922035217285e+00,-9.522175043821334839e-02,2.321384102106094360e-01
5.527839267965067166e-02,-7.301318569014770832e-01,5.184841470841807798e-01,9.936951398849487305e-01,-1.849539577960968018e-03,-5.195180326700210571e-02,9.933587908744812012e-02,0.000000000000000000e+00,0.000000000000000000e+00,0.000000000000000000e+00,-1.100000000000000089e+00,2.000000000000000111e-01,-5.000000000000000000e-01,0.000000000000000000e+00,1.100000000000000089e+00,2.000000000000000111e-01,5.000000000000000000e-01,-4.140098392963409424e-02,-1.791918464004993439e-02,2.052099909633398056e-03,6.645932793617248535e-01,-5.544454455375671387e-01,2.459366060793399811e-02,-5.793423652648925781e-01,-1.169468015432357788e-01,-3.263805806636810303e-01,1.097359061241149902e+00,-1.632270663976669312e-01,2.028377652168273926e-01
5.896595535696380619e-02,-7.530998360418309501e-01,5.256349332751047987e-01,9.940018057823181152e-01,-9.281648322939872742e-03,-5.045716464519500732e-02,9.658332169055938721e-02,0.000000000000000000e+00,0.000000000000000000e+00,0.000000000000000000e+00,-1.100000000000000089e+00,2.000000000000000111e-01,-5.000000000000000000e-01,0.000000000000000000e+00,1.100000000000000089e+00,2.000000000000000111e-01,5.000000000000000000e-01,-1.026458479464054108e-02,5.020961910486221313e-02,-2.670077420771121979e-02,5.830641984939575195e-01,-5.098971724510192871e-01,-3.059920482337474823e-02,-5.252462625503540039e-01,-2.243982702493667603e-01,-3.414458930492401123e-01,1.020799636840820312e+00,-1.934074908494949341e-01,1.500525772571563721e-01
6.283734992983741607e-02,-7.760440661419522046e-01,5.297734111321694694e-01,9.942285418510437012e-01,-1.739067584276199341e-02,-4.686772823333740234e-02,9.492470324039459229e-02,0.000000000000000000e+00,0.000000000000000000e+00,0.000000000000000000e+00,-1.100000000000000089e+00,2.000000000000000111e-01,-5.000000000000000000e-01,0.000000000000000000e+00,1.100000000000000089e+00,2.000000000000000111e-01,5.000000000000000000e-01,8.521135896444320679e-03,1.209313198924064636e-01,-5.039627477526664734e-02,5.181487798690795898e-01,-4.743227064609527588e-01,-8.473172783851623535e-02,-4.763758480548858643e-01,-3.206273913383483887e-01,-3.626047670841217041e-01,9.309109449386596680e-01,-2.021057605743408203e-01,9.543879330158233643e-02
6.690911145993705400e-02,-8.009041628723192474e-01,5.301957454630220612e-01,9.942356944084167480e-01,-2.078336477279663086e-02,-4.376535117626190186e-02,9.564543515443801880e-02,0.000000000000000000e+00,0.000000000000000000e+00,0.000000000000000000e+00,-1.100000000000000089e+00,2.000000000000000111e-01,-5.000000000000000000e-01,0.000000000000000000e+00,1.100000000000000089e+00,2.000000000000000111e-01,5.000000000000000000e-01,1.732699759304523468e-02,1.814242154359817505e-01,-6.857989728450775146e-02,4.759055674076080322e-01,-4.497944712638854980e-01,-1.332045793533325195e-01,-4.432578086853027344e-01,-4.136159718036651611e-01,-3.622868359088897705e-01,8.537030220031738281e-01,-2.064798772335052490e-01,4.655071347951889038e-02
7.093699227868005552e-02,-8.264160295914519949e-01,5.269682010722280818e-01,9.940372109413146973e-01,-1.717444136738777161e-02,-4.299638792872428894e-02,9.872374683618545532e-02,0.000000000000000000e+00,0.000000000000000000e+00,0.000000000000000000e+00,-1.100000000000000089e+00,2.000000000000000111e-01,-5.000000000000000000e-01,0.000000000000000000e+00,1.100000000000000089e+00,2.000000000000000111e-01,5.000000000000000000e-01,2.050600387156009674e-02,2.253301590681076050e-01,-8.533559739589691162e-02,4.582956135272979736e-01,-4.379067718982696533e-01,-1.729368120431900024e-01,-4.300343990325927734e-01,-5.041567087173461914e-01,-3.135865926742553711e-01,8.032127022743225098e-01,-2.138824909925460815e-01,8.884917013347148895e-03
7.458134374336687633e-02,-8.509313500454329660e-01,5.210350514248465181e-01,9.936798214912414551e-01,-9.214106015861034393e-03,-4.489573091268539429e-02,1.024688556790351868e-01,0.000000000000000000e+00,0.000000000000000000e+00,0.000000000000000000e+00,-1.100000000000000089e+00,2.000000000000000111e-01,-5.000000000000000000e-01,0.000000000000000000e+00,1.100000000000000089e+00,2.000000000000000111e-01,5.000000000000000000e-01,2.024044655263423920e-02,2.592644989490509033e-01,-1.051538512110710144e-01,4.614330828189849854e-01,-4.366349577903747559e-01,-2.034953534603118896e-01,-4.247952997684478760e-01,-5.859416127204895020e-01,-2.248523682355880737e-01,7.709246277809143066e-01,-2.166243195533752441e-01,-2.358027920126914978e-02
7.826746362496656007e-02,-8.757387172633951389e-01,5.134278435568616628e-01,9.933664202690124512e-01,-1.315793051617220044e-04,-4.851710796356201172e-02,1.042558550834655762e-01,0.000000000000000000e+00,0.000000000000000000e+00,0.000000000000000000e+00,-1.100000000000000089e+00,2.000000000000000111e-01,-5.000000000000000000e-01,0.000000000000000000e+00,1.100000000000000089e+00,2.000000000000000111e-01,5.000000000000000000e-01,2.022877149283885956e-02,2.931284010410308838e-01,-1.274410784244537354e-01,4.731732308864593506e-01,-4.395262300968170166e-01,-2.265107631683349609e-01,-4.156073331832885742e-01,-6.398310661315917969e-01,-1.016881018877029419e-01,7.387718558311462402e-01,-1.908279806375503540e-01,-4.780954495072364807e-02
8.235942429505438422e-02,-9.022240455162645612e-01,5.047524686293168861e-01,9.933381080627441406e-01,8.908496238291263580e-03,-5.142980068922042847e-02,1.027376726269721985e-01,0.000000000000000000e+00,0.000000000000000000e+00,0.000000000000000000e+00,-1.100000000000000089e+00,2.000000000000000111e-01,-5.000000000000000000e-01,0.000000000000000000e+00,1.100000000000000089e+00,2.000000000000000111e-01,5.000000000000000000e-01,2.373667806386947632e-02,3.321350216865539551e-01,-1.471991688013076782e-01,4.776519238948822021e-01,-4.353564381599426270e-01,-2.437200099229812622e-01,-3.939527571201324463e-01,-6.454498767852783203e-01,6.315848231315612793e-02,6.950984001159667969e-01,-1.210229992866516113e-01,-3.706590831279754639e-02
8.685463598722384382e-02,-9.306864398492105117e-01,4.962184254027376396e-01,9.937010407447814941e-01,1.594246551394462585e-02,-5.100098624825477600e-02,9.850390255451202393e-02,0.000000000000000000e+00,0.000000000000000000e+00,0.000000000000000000e+00,-1.100000000000000089e+00,2.000000000000000111e-01,-5.000000000000000000e-01,0.000000000000000000e+00,1.100000000000000089e+00,2.000000000000000111e-01,5.000000000000000000e-01,2.637523412704467773e-02,3.791844248771667480e-01,-1.549135595560073853e-01,4.602679014205932617e-01,-4.064269959926605225e-01,-2.561526298522949219e-01,-3.567210435867309570e-01,-5.952540636062622070e-01,2.535147666931152344e-01,6.596707105636596680e-01,-2.283508889377117157e-02,3.039894253015518188e-02
9.277591630440167048e-02,-9.631675703748308059e-01,4.876325245690767418e-01,9.950847625732421875e-01,1.285179611295461655e-02,-4.354406520724296570e-02,8.800614625215530396e-02,0.000000000000000000e+00,0.000000000000000000e+00,0.000000000000000000e+00,-1.100000000000000089e+00,2.000000000000000111e-01,-5.000000000000000000e-01,0.000000000000000000e+00,1.100000000000000089e+00,2.000000000000000111e-01,5.000000000000000000e-01,2.244324050843715668e-02,4.576733410358428955e-01,-1.528701782226562500e-01,4.110905826091766357e-01,-3.299635350704193115e-01,-2.697599232196807861e-01,-2.717429101467132568e-01,-5.223073363304138184e-01,3.143577575683593750e-01,5.715795755386352539e-01,-1.936907134950160980e-02,2.071202695369720459e-01
9.787218215903549512e-02,-9.998136680716216418e-01,4.799604635527639496e-01,9.963022470474243164e-01,1.045281812548637390e-02,-3.187499567866325378e-02,7.909837365150451660e-02,0.000000000000000000e+00,0.000000000000000000e+00,0.000000000000000000e+00,-1.100000000000000089e+00,2.000000000000000111e-01,-5.000000000000000000e-01,0.000000000000000000e+00,1.100000000000000089e+00,2.000000000000000111e-01,5.000000000000000000e-01,4.780811443924903870e-02,5.328658223152160645e-01,-1.380771398544311523e-01,3.250620961189270020e-01,-1.958718895912170410e-01,-2.768737673759460449e-01,-2.351707369089126587e-01,-5.179877281188964844e-01,1.328514367341995239e-01,5.260517001152038574e-01,-2.496157586574554443e-01,2.594081759452819824e-01
9.781464678752753439e-02,-1.037489112281438031e+00,4.801048261627103297e-01,9.974192380905151367e-01,-1.095019094645977020e-02,-1.102583762258291245e-02,7.009582221508026123e-02,0.000000000000000000e+00,0.000000000000000000e+00,0.000000000000000000e+00,-1.100000000000000089e+00,2.000000000000000111e-01,-5.000000000000000000e-01,0.000000000000000000e+00,1.100000000000000089e+00,2.000000000000000111e-01,5.000000000000000000e-01,-4.023436084389686584e-02,6.639100313186645508e-01,-1.122009903192520142e-01,3.229892551898956299e-01,-4.751282185316085815e-02,-2.587839961051940918e-01,-3.909647166728973389e-01,-4.103761315345764160e-01,1.026846542954444885e-01,7.216517925262451172e-01,-3.505070805549621582e-01,2.590650916099548340e-01
9.751876986801925884e-02,-1.072291254777498981e+00,4.819913801663752717e-01,9.972358345985412598e-01,-2.683964744210243225e-02,-4.694889765232801437e-03,6.912552565336227417e-02,0.000000000000000000e+00,0.000000000000000000e+00,0.000000000000000000e+00,-1.100000000000000089e+00,2.000000000000000111e-01,-5.000000000000000000e-01,0.000000000000000000e+00,1.100000000000000089e+00,2.000000000000000111e-01,5.000000000000000000e-01,-2.093447893857955933e-01,7.989701628684997559e-01,-2.932117134332656860e-02,4.889652729034423828e-01,-3.829671069979667664e-02,-1.260842084884643555e-01,-4.478961527347564697e-01,-3.137419819831848145e-01,4.874274879693984985e-02,8.343036770820617676e-01,-4.097512364387512207e-01,2.581292986869812012e-01
9.845295414290945735e-02,-1.103844345884792633e+00,4.851169116343512777e-01,9.969986677169799805e-01,-1.624280773103237152e-02,-5.786435212939977646e-03,7.547371834516525269e-02,0.000000000000000000e+00,0.000000000000000000e+00,0.000000000000000000e+00,-1.100000000000000089e+00,2.000000000000000111e-01,-5.000000000000000000e-01,0.000000000000000000e+00,1.100000000000000089e+00,2.000000000000000111e-01,5.000000000000000000e-01,-2.097683399915695190e-01,7.654720544815063477e-01,1.489295717328786850e-02,5.425502657890319824e-01,-1.344473212957382202e-01,-1.561176329851150513e-01,-4.706519842147827148e-01,-2.882261574268341064e-01,1.269257161766290665e-02,9.025307297706604004e-01,-4.582665264606475830e-01,2.471484392881393433e-01
9.994198159813279247e-02,-1.132770510811095255e+00,4.908121556863941359e-01,9.968081116676330566e-01,-8.142500184476375580e-03,-8.223238401114940643e-03,7.899203151464462280e-02,0.000000000000000000e+00,0.000000000000000000e+00,0.000000000000000000e+00,-1.100000000000000089e+00,2.000000000000000111e-01,-5.000000000000000000e-01,0.000000000000000000e+00,1.100000000000000089e+00,2.000000000000000111e-01,5.000000000000000000e-01,-1.771606802940368652e-01,6.773350238800048828e-01,2.710159495472908020e-02,6.342009305953979492e-01,-2.271881401538848877e-01,-2.254991978406906128e-01,-4.693034887313842773e-01,-2.586975097656250000e-01,-3.050312772393226624e-02,9.207781553268432617e-01,-4.821954965591430664e-01,2.107804864645004272e-01
1.021472377570891571e-01,-1.160116700253101207e+00,4.983293912288817573e-01,9.967226982116699219e-01,-6.681205704808235168e-03,-1.028785295784473419e-02,7.995870709419250488e-02,0.000000000000000000e+00,0.000000000000000000e+00,0.000000000000000000e+00,-1.100000000000000089e+00,2.000000000000000111e-01,-5.000000000000000000e-01,0.000000000000000000e+00,1.100000000000000089e+00,2.000000000000000111e-01,5.000000000000000000e-01,-1.554645597934722900e-01,6.194016933441162109e-01,8.138073235750198364e-02,8.025059700012207031e-01,-3.251989483833312988e-01,-2.113707512617111206e-01,-4.474584758281707764e-01,-2.088612914085388184e-01,-7.717514038085937500e-02,8.940085768699645996e-01,-4.791886806488037109e-01,1.536956727504730225e-01
1.052938506502018451e-01,-1.186477802757060829e+00,5.061610939579479496e-01,9.965365529060363770e-01,-8.271790109574794769e-03,-1.186053548008203506e-02,8.188845217227935791e-02,0.000000000000000000e+00,0.000000000000000000e+00,0.000000000000000000e+00,-1.100000000000000089e+00,2.000000000000000111e-01,-5.000000000000000000e-01,0.000000000000000000e+00,1.100000000000000089e+00,2.000000000000000111e-01,5.000000000000000000e-01,-1.097294092178344727e-01,5.577965974807739258e-01,1.510712653398513794e-01,9.483426809310913086e-01,-3.999117612838745117e-01,-1.849642395973205566e-01,-4.122594594955444336e-01,-1.505130082368850708e-01,-1.248972490429878235e-01,8.382902741432189941e-01,-4.654231071472167969e-01,9.334178268909454346e-02
1.092967991286305507e-01,-1.212525683653475017e+00,5.129517417310764937e-01,9.959053397178649902e-01,-1.060438528656959534e-02,-1.242195628583431244e-02,8.891469985246658325e-02,0.000000000000000000e+00,0.000000000000000000e+00,0.000000000000000000e+00,-1.100000000000000089e+00,2.000000000000000111e-01,-5.000000000000000000e-01,0.000000000000000000e+00,1.100000000000000089e+00,2.000000000000000111e-01,5.000000000000000000e-01,-5.076444894075393677e-02,4.525397121906280518e-01,1.972038000822067261e-01,1.017355799674987793e+00,-4.377897977828979492e-01,-1.912062019109725952e-01,-3.720175921916961670e-01,-9.311357140541076660e-02,-1.729336678981781006e-01,7.702589035034179688e-01,-4.456772506237030029e-01,3.263475000858306885e-02
1.136506583601838427e-01,-1.237763107792295481e+00,5.175575608413930384e-01,9.946237802505493164e-01,-1.238349359482526779e-02,-1.231307815760374069e-02,1.020717844367027283e-01,0.000000000000000000e+00,0.000000000000000000e+00,0.000000000000000000e+00,-1.100000000000000089e+00,2.000000000000000111e-01,-5.000000000000000000e-01,0.000000000000000000e+00,1.100000000000000089e+00,2.000000000000000111e-01,5.000000000000000000e-01,5.293692927807569504e-03,2.971534729003906250e-01,1.994816958904266357e-01,9.968362450599670410e-01,-4.425711333751678467e-01,-2.280704379081726074e-01,-3.348193764686584473e-01,-4.054801166057586670e-02,-2.219488024711608887e-01,7.056988477706909180e-01,-4.223886430263519287e-01,-3.014341741800308228e-02
1.173620064071182051e-01,-1.261152590877479884e+00,5.193386973395491824e-01,9.926771521568298340e-01,-1.039152219891548157e-02,-1.030207239091396332e-02,1.199080348014831543e-01,0.000000000000000000e+00,0.000000000000000000e+00,0.000000000000000000e+00,-1.100000000000000089e+00,2.000000000000000111e-01,-5.000000000000000000e-01,0.000000000000000000e+00,1.100000000000000089e+00,2.000000000000000111e-01,5.000000000000000000e-01,5.782687291502952576e-02,9.648188203573226929e-02,1.468794345855712891e-01,8.851521015167236328e-01,-4.225376844406127930e-01,-2.660245001316070557e-01,-3.157051205635070801e-01,-4.351755604147911072e-03,-2.733411192893981934e-01,6.659743785858154297e-01,-4.058919250965118408e-01,-9.383054077625274658e-02
1.199591632492162940e-01,-1.284701923271923452e+00,5.178505210299985118e-01,9.899522662162780762e-01,-5.445375107228755951e-03,-4.474949091672897339e-03,1.412259936332702637e-01,0.000000000000000000e+00,0.000000000000000000e+00,0.000000000000000000e+00,-1.100000000000000089e+00,2.000000000000000111e-01,-5.000000000000000000e-01,0.000000000000000000e+00,1.100000000000000089e+00,2.000000000000000111e-01,5.000000000000000000e-01,1.215730607509613037e-01,-1.126773059368133545e-01,5.423231422901153564e-02,6.966884136199951172e-01,-3.953404426574707031e-01,-2.686814069747924805e-01,-3.233537077903747559e-01,1.493098400533199310e-02,-3.299371600151062012e-01,6.593195796012878418e-01,-4.050054550170898438e-01,-1.531230211257934570e-01
1.211585416800972786e-01,-1.310177336044684893e+00,5.135236285845137250e-01,9.861281514167785645e-01,-4.177375230938196182e-03,4.805549979209899902e-03,1.658635139465332031e-01,0.000000000000000000e+00,0.000000000000000000e+00,0.000000000000000000e+00,-1.100000000000000089e+00,2.000000000000000111e-01,-5.000000000000000000e-01,0.000000000000000000e+00,1.100000000000000089e+00,2.000000000000000111e-01,5.000000000000000000e-01,1.841567009687423706e-01,-2.720149159431457520e-01,-6.106954813003540039e-02,4.462981820106506348e-01,-3.525529205799102783e-01,-2.462242245674133301e-01,-3.492221236228942871e-01,3.142531961202621460e-02,-4.013241231441497803e-01,6.652377843856811523e-01,-4.075108468532562256e-01,-2.029808014631271362e-01
1.208113469044216903e-01,-1.338881123594262368e+00,5.074898361512506506e-01,9.813759326934814453e-01,-1.293248217552900314e-02,1.183367241173982620e-02,1.912955939769744873e-01,0.000000000000000000e+00,0.000000000000000000e+00,0.000000000000000000e+00,-1.100000000000000089e+00,2.000000000000000111e-01,-5.000000000000000000e-01,0.000000000000000000e+00,1.100000000000000089e+00,2.000000000000000111e-01,5.000000000000000000e-01,2.277625054121017456e-01,-3.421640694141387939e-01,-1.573974341154098511e-01,2.297147959470748901e-01,-2.804635763168334961e-01,-2.277225404977798462e-01,-3.718633055686950684e-01,6.984622776508331299e-02,-4.891559183597564697e-01,6.507360339164733887e-01,-3.916399478912353516e-01,-2.443341910839080811e-01
1.189648175070231600e-01,-1.369718255873280333e+00,5.014138601080636581e-01,9.762763381004333496e-01,-2.323763072490692139e-02,1.079104375094175339e-02,2.150071859359741211e-01,0.000000000000000000e+00,0.000000000000000000e+00,0.000000000000000000e+00,-1.100000000000000089e+00,2.000000000000000111e-01,-5.000000000000000000e-01,0.000000000000000000e+00,1.100000000000000089e+00,2.000000000000000111e-01,5.000000000000000000e-01,2.132355123758316040e-01,-3.593733310699462891e-01,-1.821509599685668945e-01,2.014399021863937378e-01,-2.547340691089630127e-01,-2.034147679805755615e-01,-3.832336068153381348e-01,1.223639771342277527e-01,-5.680214166641235352e-01,6.124591827392578125e-01,-3.504712283611297607e-01,-2.813832759857177734e-01
1.165593033790061628e-01,-1.403259872387756069e+00,4.958172659154492234e-01,9.724272489547729492e-01,-2.165147848427295685e-02,1.065767253749072552e-03,2.321968227624893188e-01,0.000000000000000000e+00,0.000000000000000000e+00,0.000000000000000000e+00,-1.100000000000000089e+00,2.000000000000000111e-01,-5.000000000000000000e-01,0.000000000000000000e+00,1.100000000000000089e+00,2.000000000000000111e-01,5.000000000000000000e-01,1.404485255479812622e-01,-3.531908988952636719e-01,-1.084714680910110474e-01,3.859410881996154785e-01,-3.613795638084411621e-01,-6.044418364763259888e-02,-3.980433940887451172e-01,1.504124552011489868e-01,-6.165237426757812500e-01,6.141874790191650391e-01,-2.786598801612854004e-01,-2.991327345371246338e-01
1.128370565155314004e-01,-1.438694602955471469e+00,4.911071088014528074e-01,9.713434576988220215e-01,-3.619293915107846260e-03,-1.242369599640369415e-02,2.373277097940444946e-01,0.000000000000000000e+00,0.000000000000000000e+00,0.000000000000000000e+00,-1.100000000000000089e+00,2.000000000000000111e-01,-5.000000000000000000e-01,0.000000000000000000e+00,1.100000000000000089e+00,2.000000000000000111e-01,5.000000000000000000e-01,5.813421681523323059e-02,-3.515863120555877686e-01,-2.674585580825805664e-02,6.113817691802978516e-01,-5.177131891250610352e-01,1.893534213304519653e-01,-4.900715053081512451e-01,1.166524365544319153e-01,-5.965542793273925781e-01,7.705503702163696289e-01,-1.189651936292648315e-01,-2.531252801418304443e-01
1.087763443094386523e-01,-1.471753765191092578e+00,4.880839639300047494e-01,9.751766920089721680e-01,9.144140407443046570e-03,-2.188480459153652191e-02,2.201539576053619385e-01,0.000000000000000000e+00,0.000000000000000000e+00,0.000000000000000000e+00,-1.100000000000000089e+00,2.000000000000000111e-01,-5.000000000000000000e-01,0.000000000000000000e+00,1.100000000000000089e+00,2.000000000000000111e-01,5.000000000000000000e-01,2.585633285343647003e-02,-3.163450956344604492e-01,1.449692621827125549e-02,6.892556548118591309e-01,-6.310687065124511719e-01,2.142931520938873291e-01,-5.941848158836364746e-01,1.601370424032211304e-01,-4.958968162536621094e-01,8.314410448074340820e-01,1.138184070587158203e-01,-5.454533919692039490e-02
1.065564214573665042e-01,-1.500770276116602409e+00,4.871085925084172041e-01,9.811907410621643066e-01,1.208731718361377716e-02,-3.116259351372718811e-02,1.901248991489410400e-01,0.000000000000000000e+00,0.000000000000000000e+00,0.000000000000000000e+00,-1.100000000000000089e+00,2.000000000000000111e-01,-5.000000000000000000e-01,0.000000000000000000e+00,1.100000000000000089e+00,2.000000000000000111e-01,5.000000000000000000e-01,-2.439927868545055389e-02,-2.539852857589721680e-01,4.787363111972808838e-02,7.726991176605224609e-01,-6.967704892158508301e-01,1.860408931970596313e-01,-6.175244450569152832e-01,2.614169120788574219e-01,-4.005260765552520752e-01,7.719858288764953613e-01,2.308727651834487915e-01,2.172588706016540527e-01
1.061813049516969892e-01,-1.525122010524224692e+00,4.920105687935243943e-01,9.845993518829345703e-01,1.938347704708576202e-02,-3.930087760090827942e-02,1.692447364330291748e-01,0.000000000000000000e+00,0.000000000000000000e+00,0.000000000000000000e+00,-1.100000000000000089e+00,2.000000000000000111e-01,-5.000000000000000000e-01,0.000000000000000000e+00,1.100000000000000089e+00,2.000000000000000111e-01,5.000000000000000000e-01,-2.679625898599624634e-02,-1.953018009662628174e-01,7.288902997970581055e-02,7.723208665847778320e-01,-6.922590732574462891e-01,1.503132283687591553e-01,-6.008283495903015137e-01,1.841443777084350586e-01,-4.273764193058013916e-01,8.733267784118652344e-01,7.229723781347274780e-02,2.247908860445022583e-01
1.079037746773900963e-01,-1.548265533269655769e+00,5.014298865582906828e-01,9.866615533828735352e-01,2.543723210692405701e-02,-4.502734541893005371e-02,1.543517559766769409e-01,0.000000000000000000e+00,0.000000000000000000e+00,0.000000000000000000e+00,-1.100000000000000089e+00,2.000000000000000111e-01,-5.000000000000000000e-01,0.000000000000000000e+00,1.100000000000000089e+00,2.000000000000000111e-01,5.000000000000000000e-01,9.553650394082069397e-03,-1.416913270950317383e-01,8.011897653341293335e-02,6.998587846755981445e-01,-6.478953957557678223e-01,1.069558039307594299e-01,-5.669076442718505859e-01,5.288787558674812317e-02,-4.459282457828521729e-01,9.786112308502197266e-01,-8.610279858112335205e-02,2.094184458255767822e-01
1.110937752401587875e-01,-1.572047955020509535e+00,5.119399578824187502e-01,9.889461994171142578e-01,2.185059525072574615e-02,-4.625456035137176514e-02,1.391706168651580811e-01,0.000000000000000000e+00,0.000000000000000000e+00,0.000000000000000000e+00,-1.100000000000000089e+00,2.000000000000000111e-01,-5.000000000000000000e-01,0.000000000000000000e+00,1.100000000000000089e+00,2.000000000000000111e-01,5.000000000000000000e-01,4.619128629565238953e-02,-7.368449121713638306e-02,7.377424836158752441e-02,6.078486442565917969e-01,-5.908006429672241211e-01,5.528723075985908508e-02,-5.265256762504577637e-01,-6.223970279097557068e-02,-4.542906880378723145e-01,1.019650220870971680e+00,-1.766641438007354736e-01,1.860296428203582764e-01
1.149409536806621918e-01,-1.596027510413015715e+00,5.215890019402058542e-01,9.910055398941040039e-01,1.033087261021137238e-02,-4.274918511509895325e-02,1.263871490955352783e-01,0.000000000000000000e+00,0.000000000000000000e+00,0.000000000000000000e+00,-1.100000000000000089e+00,2.000000000000000111e-01,-5.000000000000000000e-01,0.000000000000000000e+00,1.100000000000000089e+00,2.000000000000000111e-01,5.000000000000000000e-01,6.968451291322708130e-02,7.202310487627983093e-03,5.806367099285125732e-02,5.205920338630676270e-01,-5.308833122253417969e-01,1.000317279249429703e-03,-4.893040657043457031e-01,-1.606605947017669678e-01,-4.588171541690826416e-01,1.011698484420776367e+00,-2.358515858650207520e-01,1.364346444606781006e-01
1.189965174934177750e-01,-1.621292835522179621e+00,5.282551748486179477e-01,9.922309517860412598e-01,-2.785117598250508308e-03,-3.734277933835983276e-02,1.186404153704643250e-01,0.000000000000000000e+00,0.000000000000000000e+00,0.000000000000000000e+00,-1.100000000000000089e+00,2.000000000000000111e-01,-5.000000000000000000e-01,0.000000000000000000e+00,1.100000000000000089e+00,2.000000000000000111e-01,5.000000000000000000e-01,7.796604186296463013e-02,8.938176184892654419e-02,3.678109124302864075e-02,4.566022455692291260e-01,-4.810966253280639648e-01,-5.036959797143936157e-02,-4.627361297607421875e-01,-2.370687872171401978e-01,-4.307351410388946533e-01,9.786066412925720215e-01,-2.695876359939575195e-01,9.045720100402832031e-02
1.233412943778540716e-01,-1.647573224504788714e+00,5.309682535794045810e-01,9.926085472106933594e-01,-1.215015351772308350e-02,-3.300173580646514893e-02,1.161534041166305542e-01,0.000000000000000000e+00,0.000000000000000000e+00,0.000000000000000000e+00,-1.100000000000000089e+00,2.000000000000000111e-01,-5.000000000000000000e-01,0.000000000000000000e+00,1.100000000000000089e+00,2.000000000000000111e-01,5.000000000000000000e-01,7.599004358053207397e-02,1.643925756216049194e-01,1.265162695199251175e-02,4.224860072135925293e-01,-4.475972652435302734e-01,-9.722831100225448608e-02,-4.429117143154144287e-01,-3.100501298904418945e-01,-3.714413642883300781e-01,9.421702027320861816e-01,-2.825272083282470703e-01,5.886515229940414429e-02
1.280396496305110376e-01,-1.674779493902066818e+00,5.295280735819327678e-01,9.925099611282348633e-01,-1.615935377776622772e-02,-3.053393773734569550e-02,1.171768382191658020e-01,0.000000000000000000e+00,0.000000000000000000e+00,0.000000000000000000e+00,-1.100000000000000089e+00,2.000000000000000111e-01,-5.000000000000000000e-01,0.000000000000000000e+00,1.100000000000000089e+00,2.000000000000000111e-01,5.000000000000000000e-01,6.839033216238021851e-02,2.291494607925415039e-01,-1.173202879726886749e-02,4.152298569679260254e-01,-4.312203824520111084e-01,-1.416796147823333740e-01,-4.271553158760070801e-01,-3.897761404514312744e-01,-2.943223118782043457e-01,9.080790281295776367e-01,-2.886854410171508789e-01,2.781131118535995483e-02
1.329138287435276400e-01,-1.702192363341649362e+00,5.243437660493032171e-01,9.925774335861206055e-01,-1.508869323879480362e-02,-2.965674363076686859e-02,1.169734150171279907e-01,0.000000000000000000e+00,0.000000000000000000e+00,0.000000000000000000e+00,-1.100000000000000089e+00,2.000000000000000111e-01,-5.000000000000000000e-01,0.000000000000000000e+00,1.100000000000000089e+00,2.000000000000000111e-01,5.000000000000000000e-01,5.960427969694137573e-02,2.834311127662658691e-01,-3.425379097461700439e-02,4.272444844245910645e-01,-4.260855019092559814e-01,-1.830402165651321411e-01,-4.141907393932342529e-01,-4.789263606071472168e-01,-2.153233289718627930e-01,8.747904896736145020e-01,-2.904427051544189453e-01,-1.254950556904077530e-02
1.379096075096590823e-01,-1.728858715747341845e+00,5.162803856200641750e-01,9.933116436004638672e-01,-8.593540638685226440e-03,-2.996745519340038300e-02,1.111759394407272339e-01,0.000000000000000000e+00,0.000000000000000000e+00,0.000000000000000000e+00,-1.100000000000000089e+00,2.000000000000000111e-01,-5.000000000000000000e-01,0.000000000000000000e+00,1.100000000000000089e+00,2.000000000000000111e-01,5.000000000000000000e-01,5.825237557291984558e-02,3.270950913429260254e-01,-5.009025707840919495e-02,4.445957243442535400e-01,-4.242200255393981934e-01,-2.173131704330444336e-01,-4.100428223609924316e-01,-5.562037229537963867e-01,-1.097487732768058777e-01,8.367965817451477051e-01,-2.618432343006134033e-01,-4.891642555594444275e-02
1.435634360588484981e-01,-1.756938385162690741e+00,5.069061162969982215e-01,9.946397542953491211e-01,1.546539016999304295e-03,-2.878007292747497559e-02,9.930298477411270142e-02,0.000000000000000000e+00,0.000000000000000000e+00,0.000000000000000000e+00,-1.100000000000000089e+00,2.000000000000000111e-01,-5.000000000000000000e-01,0.000000000000000000e+00,1.100000000000000089e+00,2.000000000000000111e-01,5.000000000000000000e-01,6.685074418783187866e-02,3.662826120853424072e-01,-5.699101835489273071e-02,4.476291537284851074e-01,-4.121187031269073486e-01,-2.411194145679473877e-01,-4.196811020374298096e-01,-5.665664672851562500e-01,8.817558735609054565e-02,7.880548238754272461e-01,-1.747150123119354248e-01,-4.759154841303825378e-02
1.508425376498413184e-01,-1.786676999773039842e+00,4.978775781942437195e-01,9.958731532096862793e-01,8.267275057733058929e-03,-2.278247103095054626e-02,8.746007084846496582e-02,0.000000000000000000e+00,0.000000000000000000e+00,0.000000000000000000e+00,-1.100000000000000089e+00,2.000000000000000111e-01,-5.000000000000000000e-01,0.000000000000000000e+00,1.100000000000000089e+00,2.000000000000000111e-01,5.000000000000000000e-01,7.330636680126190186e-02,4.113352596759796143e-01,-5.570393800735473633e-02,4.177037477493286133e-01,-3.612275719642639160e-01,-2.574853599071502686e-01,-3.748332560062408447e-01,-4.816005825996398926e-01,3.450098931789398193e-01,7.037300467491149902e-01,-6.461782008409500122e-02,8.315823227167129517e-02
1.594471740681264182e-01,-1.820902854369746304e+00,4.896160676601258310e-01,9.969483613967895508e-01,-4.843195434659719467e-03,-7.506512571126222610e-03,7.755141705274581909e-02,0.000000000000000000e+00,0.000000000000000000e+00,0.000000000000000000e+00,-1.100000000000000089e+00,2.000000000000000111e-01,-5.000000000000000000e-01,0.000000000000000000e+00,1.100000000000000089e+00,2.000000000000000111e-01,5.000000000000000000e-01,6.337917596101760864e-02,5.095301270484924316e-01,-6.958737224340438843e-02,3.589904308319091797e-01,-2.581809163093566895e-01,-2.728607654571533203e-01,-2.822271883487701416e-01,-3.968256413936614990e-01,3.707691133022308350e-01,5.611366629600524902e-01,-1.597745418548583984e-01,2.508661150932312012e-01
1.664844257301754393e-01,-1.858358246283699833e+00,4.847680664664567041e-01,9.963572025299072266e-01,-2.524358592927455902e-02,1.010780595242977142e-02,8.082652091979980469e-02,0.000000000000000000e+00,0.000000000000000000e+00,0.000000000000000000e+00,-1.100000000000000089e+00,2.000000000000000111e-01,-5.000000000000000000e-01,0.000000000000000000e+00,1.100000000000000089e+00,2.000000000000000111e-01,5.000000000000000000e-01,3.752480819821357727e-02,6.193107962608337402e-01,-1.010117307305335999e-01,2.900298535823822021e-01,-1.069095581769943237e-01,-2.810866236686706543e-01,-2.902945280075073242e-01,-3.271474242210388184e-01,2.086819708347320557e-01,5.662382841110229492e-01,-3.373262882232666016e-01,2.666864693164825439e-01
1.712993256610376158e-01,-1.897038955811900296e+00,4.847336054465385402e-01,9.944364428520202637e-01,-4.610752314329147339e-02,2.074756659567356110e-02,9.241087734699249268e-02,0.000000000000000000e+00,0.000000000000000000e+00,0.000000000000000000e+00,-1.100000000000000089e+00,2.000000000000000111e-01,-5.000000000000000000e-01,0.000000000000000000e+00,1.100000000000000089e+00,2.000000000000000111e-01,5.000000000000000000e-01,-7.432244718074798584e-02,7.442308068275451660e-01,-1.100990325212478638e-01,3.257310986518859863e-01,1.936875842511653900e-02,-2.579533457756042480e-01,-3.723900616168975830e-01,-2.275136709213256836e-01,1.149601265788078308e-01,7.306446433067321777e-01,-4.294354617595672607e-01,2.644807100296020508e-01
1.764818374838943438e-01,-1.934007077208071079e+00,4.868080758070102987e-01,9.932330846786499023e-01,-4.576078057289123535e-02,1.357111241668462753e-02,1.058763936161994934e-01,0.000000000000000000e+00,0.000000000000000000e+00,0.000000000000000000e+00,-1.100000000000000089e+00,2.000000000000000111e-01,-5.000000000000000000e-01,0.000000000000000000e+00,1.100000000000000089e+00,2.000000000000000111e-01,5.000000000000000000e-01,-1.753409504890441895e-01,8.130359053611755371e-01,-2.899384871125221252e-02,4.558552205562591553e-01,-1.662152074277400970e-02,-1.630861014127731323e-01,-4.033413529396057129e-01,-1.695261746644973755e-01,7.009658217430114746e-02,8.621285557746887207e-01,-4.793376326560974121e-01,2.572750449180603027e-01
1.822681956422148308e-01,-1.965655413592102496e+00,4.924725540569334092e-01,9.935753941535949707e-01,-2.955956012010574341e-02,4.296054597944021225e-03,1.091593801975250244e-01,0.000000000000000000e+00,0.000000000000000000e+00,0.000000000000000000e+00,-1.100000000000000089e+00,2.000000000000000111e-01,-5.000000000000000000e-01,0.000000000000000000e+00,1.100000000000000089e+00,2.000000000000000111e-01,5.000000000000000000e-01,-8.276182413101196289e-02,7.501059174537658691e-01,6.342588365077972412e-02,4.976310729980468750e-01,-1.410275101661682129e-01,-2.230469435453414917e-01,-3.891195952892303467e-01,-1.493738889694213867e-01,3.990124166011810303e-02,8.916383385658264160e-01,-5.102376341819763184e-01,2.341222316026687622e-01
1.879541601304604570e-01,-1.993521673799765193e+00,5.002611597514513564e-01,9.938442111015319824e-01,-2.039677463471889496e-02,-4.401145037263631821e-03,1.088036820292472839e-01,0.000000000000000000e+00,0.000000000000000000e+00,0.000000000000000000e+00,-1.100000000000000089e+00,2.000000000000000111e-01,-5.000000000000000000e-01,0.000000000000000000e+00,1.100000000000000089e+00,2.000000000000000111e-01,5.000000000000000000e-01,-4.537079483270645142e-03,7.069936394691467285e-01,2.024105042219161987e-01,6.393256783485412598e-01,-2.620727121829986572e-01,-1.961127966642379761e-01,-3.586387038230895996e-01,-1.111266314983367920e-01,7.794624660164117813e-03,8.694430589675903320e-01,-5.061079859733581543e-01,1.767221242189407349e-01
1.932717653792915824e-01,-2.018634872189676077e+00,5.077160333036774276e-01,9.940356016159057617e-01,-1.697416976094245911e-02,-1.206708233803510666e-02,1.070489659905433655e-01,0.000000000000000000e+00,0.000000000000000000e+00,0.000000000000000000e+00,-1.100000000000000089e+00,2.000000000000000111e-01,-5.000000000000000000e-01,0.000000000000000000e+00,1.100000000000000089e+00,2.000000000000000111e-01,5.000000000000000000e-01,7.578773051500320435e-02,6.561784744262695312e-01,3.268285095691680908e-01,8.116236925125122070e-01,-3.598601818084716797e-01,-1.493630707263946533e-01,-3.215352594852447510e-01,-5.949927121400833130e-02,-2.163347415626049042e-02,8.225263953208923340e-01,-4.841406047344207764e-01,1.161909848451614380e-01
1.978229450893522479e-01,-2.042337742959610125e+00,5.137558875549019799e-01,9.938706159591674805e-01,-1.635457575321197510e-02,-1.761820167303085327e-02,1.079044938087463379e-01,0.000000000000000000e+00,0.000000000000000000e+00,0.000000000000000000e+00,-1.100000000000000089e+00,2.000000000000000111e-01,-5.000000000000000000e-01,0.000000000000000000e+00,1.100000000000000089e+00,2.000000000000000111e-01,5.000000000000000000e-01,1.412342488765716553e-01,5.520763993263244629e-01,3.827322125434875488e-01,9.291130900382995605e-01,-4.014173150062561035e-01,-1.476333588361740112e-01,-2.881028354167938232e-01,-4.846647381782531738e-03,-4.911832511425018311e-02,7.721389532089233398e-01,-4.567746520042419434e-01,6.167465075850486755e-02
2.019752281140347883e-01,-2.065435428396619866e+00,5.176570826061446251e-01,9.929642081260681152e-01,-1.742295734584331512e-02,-2.132671326398849487e-02,1.151673346757888794e-01,0.000000000000000000e+00,0.000000000000000000e+00,0.000000000000000000e+00,-1.100000000000000089e+00,2.000000000000000111e-01,-5.000000000000000000e-01,0.000000000000000000e+00,1.100000000000000089e+00,2.000000000000000111e-01,5.000000000000000000e-01,1.725161671638488770e-01,3.878813385963439941e-01,3.610871732234954834e-01,9.780929684638977051e-01,-3.914316594600677490e-01,-1.898645013570785522e-01,-2.612752914428710938e-01,4.736882448196411133e-02,-7.706009596586227417e-02,7.278100252151489258e-01,-4.269636273384094238e-01,8.853731676936149597e-03
2.049378378444699222e-01,-2.087008857251417826e+00,5.194525017438813563e-01,9.911875128746032715e-01,-1.684211753308773041e-02,-2.255804650485515594e-02,1.294405013322830200e-01,0.000000000000000000e+00,0.000000000000000000e+00,0.000000000000000000e+00,-1.100000000000000089e+00,2.000000000000000111e-01,-5.000000000000000000e-01,0.000000000000000000e+00,1.100000000000000089e+00,2.000000000000000111e-01,5.000000000000000000e-01,1.801447868347167969e-01,1.678629368543624878e-01,2.861755788326263428e-01,9.450015425682067871e-01,-3.429047763347625732e-01,-2.448251992464065552e-01,-2.490128725767135620e-01,8.686447888612747192e-02,-1.102785021066665649e-01,7.003276348114013672e-01,-3.987366259098052979e-01,-4.146502912044525146e-02
2.064485383748707048e-01,-2.108265078645763957e+00,5.191232536861090097e-01,9.887238740921020508e-01,-1.347244903445243835e-02,-1.995703577995300293e-02,1.478019356727600098e-01,0.000000000000000000e+00,0.000000000000000000e+00,0.000000000000000000e+00,-1.100000000000000089e+00,2.000000000000000111e-01,-5.000000000000000000e-01,0.000000000000000000e+00,1.100000000000000089e+00,2.000000000000000111e-01,5.000000000000000000e-01,1.906661391258239746e-01,-6.048051640391349792e-02,2.176002264022827148e-01,8.339952230453491211e-01,-2.797251939773559570e-01,-2.618582248687744141e-01,-2.626203298568725586e-01,1.098934784531593323e-01,-1.493870615959167480e-01,7.065199017524719238e-01,-3.817786276340484619e-01,-8.610165119171142578e-02
2.065207196798438949e-01,-2.130901567686085851e+00,5.162742822828015887e-01,9.853214621543884277e-01,-1.754920184612274170e-02,-1.579284667968750000e-02,1.690687090158462524e-01,0.000000000000000000e+00,0.000000000000000000e+00,0.000000000000000000e+00,-1.100000000000000089e+00,2.000000000000000111e-01,-5.000000000000000000e-01,0.000000000000000000e+00,1.100000000000000089e+00,2.000000000000000111e-01,5.000000000000000000e-01,2.085131704807281494e-01,-2.175617218017578125e-01,1.812631785869598389e-01,6.730359196662902832e-01,-2.396638840436935425e-01,-2.432597428560256958e-01,-2.899304628372192383e-01,1.453442275524139404e-01,-2.023722827434539795e-01,7.187866568565368652e-01,-3.553006052970886230e-01,-1.356626898050308228e-01
2.054850829927006017e-01,-2.157493849658604912e+00,5.124408052116632417e-01,9.807806611061096191e-01,-2.917589247226715088e-02,-1.350132934749126434e-02,1.924467235803604126e-01,0.000000000000000000e+00,0.000000000000000000e+00,0.000000000000000000e+00,-1.100000000000000089e+00,2.000000000000000111e-01,-5.000000000000000000e-01,0.000000000000000000e+00,1.100000000000000089e+00,2.000000000000000111e-01,5.000000000000000000e-01,2.109256684780120850e-01,-2.810299396514892578e-01,1.505852341651916504e-01,5.476355552673339844e-01,-2.375575453042984009e-01,-2.097636908292770386e-01,-3.192611932754516602e-01,1.980390995740890503e-01,-2.720624208450317383e-01,7.021555900573730469e-01,-3.036379516124725342e-01,-1.899404227733612061e-01
2.036459232712484468e-01,-2.188896391780087214e+00,5.086926918235993300e-01,9.753358960151672363e-01,-3.759579360485076904e-02,-1.792038418352603912e-02,2.167609184980392456e-01,0.000000000000000000e+00,0.000000000000000000e+00,0.000000000000000000e+00,-1.100000000000000089e+00,2.000000000000000111e-01,-5.000000000000000000e-01,0.000000000000000000e+00,1.100000000000000089e+00,2.000000000000000111e-01,5.000000000000000000e-01,1.781925708055496216e-01,-2.647338211536407471e-01,1.189837306737899780e-01,5.525847077369689941e-01,-2.948761582374572754e-01,-1.149599254131317139e-01,-3.414042294025421143e-01,2.457574903964996338e-01,-3.472366929054260254e-01,6.580585837364196777e-01,-2.312833070755004883e-01,-2.335552722215652466e-01
2.009145968076255506e-01,-2.222794409975259011e+00,5.044081905845440028e-01,9.708639979362487793e-01,-3.133074939250946045e-02,-2.410800382494926453e-02,2.363476902246475220e-01,0.000000000000000000e+00,0.000000000000000000e+00,0.000000000000000000e+00,-1.100000000000000089e+00,2.000000000000000111e-01,-5.000000000000000000e-01,0.000000000000000000e+00,1.100000000000000089e+00,2.000000000000000111e-01,5.000000000000000000e-01,1.164599806070327759e-01,-2.265219092369079590e-01,9.861180931329727173e-02,6.433246731758117676e-01,-3.981502056121826172e-01,8.375093340873718262e-02,-3.811867535114288330e-01,2.590117156505584717e-01,-4.090120792388916016e-01,6.451053619384765625e-01,-1.447159945964813232e-01,-2.288174927234649658e-01
1.973539430640562642e-01,-2.255465449784139320e+00,4.993400955757107407e-01,9.695755839347839355e-01,-1.205682475119829178e-02,-2.680056542158126831e-02,2.430216521024703979e-01,0.000000000000000000e+00,0.000000000000000000e+00,0.000000000000000000e+00,-1.100000000000000089e+00,2.000000000000000111e-01,-5.000000000000000000e-01,0.000000000000000000e+00,1.100000000000000089e+00,2.000000000000000111e-01,5.000000000000000000e-01,8.050863444805145264e-02,-2.160475701093673706e-01,1.170338466763496399e-01,7.024229168891906738e-01,-5.292083621025085449e-01,2.251183688640594482e-01,-4.665057659149169922e-01,2.512826621532440186e-01,-4.031717479228973389e-01,7.140468955039978027e-01,-3.528265282511711121e-02,-1.090661361813545227e-01
1.936541581424799929e-01,-2.285085319193324693e+00,4.956113301819622952e-01,9.724650979042053223e-01,1.177284517325460911e-03,-2.976774983108043671e-02,2.311365306377410889e-01,0.000000000000000000e+00,0.000000000000000000e+00,0.000000000000000000e+00,-1.100000000000000089e+00,2.000000000000000111e-01,-5.000000000000000000e-01,0.000000000000000000e+00,1.100000000000000089e+00,2.000000000000000111e-01,5.000000000000000000e-01,7.229570299386978149e-02,-1.914208233356475830e-01,1.304667294025421143e-01,6.993432641029357910e-01,-6.420892477035522461e-01,2.221066653728485107e-01,-5.317199826240539551e-01,3.084895610809326172e-01,-3.145512342453002930e-01,7.116803526878356934e-01,1.051948890089988708e-01,1.508641391992568970e-01
1.916875756859327817e-01,-2.314073098762468916e+00,4.926261339517253868e-01,9.776130914688110352e-01,-5.413501989096403122e-03,-3.679405152797698975e-02,2.070977538824081421e-01,0.000000000000000000e+00,0.000000000000000000e+00,0.000000000000000000e+00,-1.100000000000000089e+00,2.000000000000000111e-01,-5.000000000000000000e-01,0.000000000000000000e+00,1.100000000000000089e+00,2.000000000000000111e-01,5.000000000000000000e-01,3.801533579826354980e-02,-1.110880821943283081e-01,1.390911936759948730e-01,7.409058213233947754e-01,-7.227358818054199219e-01,1.575630903244018555e-01,-5.055990219116210938e-01,3.694669008255004883e-01,-2.831754684448242188e-01,6.146138906478881836e-01,1.839723140001296997e-01,2.486913353204727173e-01
1.903859663559029913e-01,-2.339622083736790703e+00,4.952617791859489360e-01,9.797393679618835449e-01,2.216372231487184763e-04,-4.162709414958953857e-02,1.959030032157897949e-01,0.000000000000000000e+00,0.000000000000000000e+00,0.000000000000000000e+00,-1.100000000000000089e+00,2.000000000000000111e-01,-5.000000000000000000e-01,0.000000000000000000e+00,1.100000000000000089e+00,2.000000000000000111e-01,5.000000000000000000e-01,1.475419942289590836e-02,-6.262024492025375366e-02,1.471078991889953613e-01,7.623502612113952637e-01,-7.183771729469299316e-01,1.134774535894393921e-01,-5.278492569923400879e-01,2.634361982345581055e-01,-3.154305219650268555e-01,7.807897925376892090e-01,4.201300442218780518e-02,2.400217056274414062e-01
1.909562131969465004e-01,-2.362975694145819094e+00,5.022248566165716799e-01,9.804376363754272461e-01,9.836250916123390198e-03,-4.673867672681808472e-02,1.909469813108444214e-01,0.000000000000000000e+00,0.000000000000000000e+00,0.000000000000000000e+00,-1.100000000000000089e+00,2.000000000000000111e-01,-5.000000000000000000e-01,0.000000000000000000e+00,1.100000000000000089e+00,2.000000000000000111e-01,5.000000000000000000e-01,2.633845061063766479e-02,-2.675336599349975586e-02,1.458475738763809204e-01,7.273983955383300781e-01,-6.740523576736450195e-01,6.881979852914810181e-02,-5.260381698608398438e-01,1.034153029322624207e-01,-3.307893872261047363e-01,9.585534334182739258e-01,-1.218526139855384827e-01,2.153543680906295776e-01
1.935671336873613091e-01,-2.385896341282911948e+00,5.106939221369196646e-01,9.813764691352844238e-01,1.233782339841127396e-02,-4.944498091936111450e-02,1.852114498615264893e-01,0.000000000000000000e+00,0.000000000000000000e+00,0.000000000000000000e+00,-1.100000000000000089e+00,2.000000000000000111e-01,-5.000000000000000000e-01,0.000000000000000000e+00,1.100000000000000089e+00,2.000000000000000111e-01,5.000000000000000000e-01,4.747622832655906677e-02,1.970903575420379639e-02,1.336631476879119873e-01,6.624867320060729980e-01,-6.157438755035400391e-01,2.099443599581718445e-02,-4.988551735877990723e-01,-4.425985738635063171e-02,-3.407318294048309326e-01,1.053950309753417969e+00,-2.282998561859130859e-01,1.678029894828796387e-01
1.973850410205848227e-01,-2.409629438104051502e+00,5.190154695804372054e-01,9.825376272201538086e-01,8.500962518155574799e-03,-4.895085841417312622e-02,1.793081462383270264e-01,0.000000000000000000e+00,0.000000000000000000e+00,0.000000000000000000e+00,-1.100000000000000089e+00,2.000000000000000111e-01,-5.000000000000000000e-01,0.000000000000000000e+00,1.100000000000000089e+00,2.000000000000000111e-01,5.000000000000000000e-01,7.022558152675628662e-02,7.695112377405166626e-02,1.195267662405967712e-01,5.802345871925354004e-01,-5.513735413551330566e-01,-2.636547759175300598e-02,-4.612163007259368896e-01,-1.788160353899002075e-01,-3.503759801387786865e-01,1.083950877189636230e+00,-3.003799617290496826e-01,9.420790523290634155e-02
2.017219188579856826e-01,-2.434310669685253004e+00,5.257300539939391282e-01,9.836842417716979980e-01,1.575122005306184292e-03,-4.675734043121337891e-02,1.737141460180282593e-01,0.000000000000000000e+00,0.000000000000000000e+00,0.000000000000000000e+00,-1.100000000000000089e+00,2.000000000000000111e-01,-5.000000000000000000e-01,0.000000000000000000e+00,1.100000000000000089e+00,2.000000000000000111e-01,5.000000000000000000e-01,9.066706895828247070e-02,1.408170014619827271e-01,1.096848770976066589e-01,4.955494701862335205e-01,-4.873294234275817871e-01,-7.362148165702819824e-02,-4.262453317642211914e-01,-2.813668251037597656e-01,-3.282147049903869629e-01,1.063733577728271484e+00,-3.365515768527984619e-01,3.090449981391429901e-02
2.064221320993671616e-01,-2.459726958973239341e+00,5.290588224408301343e-01,9.847210049629211426e-01,-3.701314795762300491e-03,-4.430426284670829773e-02,1.683684587478637695e-01,0.000000000000000000e+00,0.000000000000000000e+00,0.000000000000000000e+00,-1.100000000000000089e+00,2.000000000000000111e-01,-5.000000000000000000e-01,0.000000000000000000e+00,1.100000000000000089e+00,2.000000000000000111e-01,5.000000000000000000e-01,1.055807247757911682e-01,2.031502574682235718e-01,1.065945401787757874e-01,4.283178150653839111e-01,-4.333313405513763428e-01,-1.204388663172721863e-01,-4.018101096153259277e-01,-3.614596724510192871e-01,-2.678742110729217529e-01,1.015737056732177734e+00,-3.373513817787170410e-01,-7.904765196144580841e-03
2.113268901776484687e-01,-2.484661956522801862e+00,5.280880596616653877e-01,9.857551455497741699e-01,-3.496249439194798470e-03,-4.316690936684608459e-02,1.625152677297592163e-01,0.000000000000000000e+00,0.000000000000000000e+00,0.000000000000000000e+00,-1.100000000000000089e+00,2.000000000000000111e-01,-5.000000000000000000e-01,0.000000000000000000e+00,1.100000000000000089e+00,2.000000000000000111e-01,5.000000000000000000e-01,1.160860806703567505e-01,2.559312880039215088e-01,1.071799546480178833e-01,3.885344862937927246e-01,-3.943537771701812744e-01,-1.656493842601776123e-01,-3.843169808387756348e-01,-4.416661560535430908e-01,-1.874957531690597534e-01,9.545739889144897461e-01,-3.169158995151519775e-01,-3.069509193301200867e-02
2.163442693601804467e-01,-2.508567939713747919e+00,5.229814762607066791e-01,9.870099425315856934e-01,2.910109236836433411e-03,-4.295263066887855530e-02,1.547838151454925537e-01,0.000000000000000000e+00,0.000000000000000000e+00,0.000000000000000000e+00,-1.100000000000000089e+00,2.000000000000000111e-01,-5.000000000000000000e-01,0.000000000000000000e+00,1.100000000000000089e+00,2.000000000000000111e-01,5.000000000000000000e-01,1.214215606451034546e-01,2.972183525562286377e-01,1.066774427890777588e-01,3.756963908672332764e-01,-3.693694174289703369e-01,-2.065150141716003418e-01,-3.745318353176116943e-01,-5.174729228019714355e-01,-8.436547219753265381e-02,8.842539787292480469e-01,-2.776691615581512451e-01,-4.582665115594863892e-02
2.210816216164014636e-01,-2.532772031486636433e+00,5.149373192678797784e-01,9.885252118110656738e-01,1.314676553010940552e-02,-4.200462624430656433e-02,1.445011794567108154e-01,0.000000000000000000e+00,0.000000000000000000e+00,0.000000000000000000e+00,-1.100000000000000089e+00,2.000000000000000111e-01,-5.000000000000000000e-01,0.000000000000000000e+00,1.100000000000000089e+00,2.000000000000000111e-01,5.000000000000000000e-01,1.210846826434135437e-01,3.327167630195617676e-01,1.050072982907295227e-01,3.802465200424194336e-01,-3.513410687446594238e-01,-2.386453896760940552e-01,-3.725003302097320557e-01,-5.658002495765686035e-01,5.499996989965438843e-02,8.105095028877258301e-01,-2.015631347894668579e-01,-4.691942408680915833e-02
2.264317779972998823e-01,-2.560666524819051215e+00,5.060217551834353955e-01,9.902352094650268555e-01,2.149401046335697174e-02,-3.795393556356430054e-02,1.324076950550079346e-01,0.000000000000000000e+00,0.000000000000000000e+00,0.000000000000000000e+00,-1.100000000000000089e+00,2.000000000000000111e-01,-5.000000000000000000e-01,0.000000000000000000e+00,1.100000000000000089e+00,2.000000000000000111e-01,5.000000000000000000e-01,1.158785298466682434e-01,3.730399906635284424e-01,1.089219599962234497e-01,3.739311695098876953e-01,-3.199500143527984619e-01,-2.590596675872802734e-01,-3.538070619106292725e-01,-5.467860102653503418e-01,2.428208440542221069e-01,7.235826849937438965e-01,-8.525260537862777710e-02,1.767743937671184540e-02
2.335982792436926136e-01,-2.593024010865977225e+00,4.969641120506055332e-01,9.921935796737670898e-01,2.030682377517223358e-02,-2.838864177465438843e-02,1.197229847311973572e-01,0.000000000000000000e+00,0.000000000000000000e+00,0.000000000000000000e+00,-1.100000000000000089e+00,2.000000000000000111e-01,-5.000000000000000000e-01,0.000000000000000000e+00,1.100000000000000089e+00,2.000000000000000111e-01,5.000000000000000000e-01,1.071762293577194214e-01,4.388014376163482666e-01,1.112106069922447205e-01,3.325215876102447510e-01,-2.408142387866973877e-01,-2.689397633075714111e-01,-2.676966786384582520e-01,-4.742037951946258545e-01,3.797962367534637451e-01,5.768575668334960938e-01,-6.211060658097267151e-02,2.352401465177536011e-01
2.398805231747753730e-01,-2.629807288333623205e+00,4.909964183447035890e-01,9.935950040817260742e-01,3.325463272631168365e-03,-1.353430375456809998e-02,1.121371015906333923e-01,0.000000000000000000e+00,0.000000000000000000e+00,0.000000000000000000e+00,-1.100000000000000089e+00,2.000000000000000111e-01,-5.000000000000000000e-01,0.000000000000000000e+00,1.100000000000000089e+00,2.000000000000000111e-01,5.000000000000000000e-01,9.042760729789733887e-02,5.420680046081542969e-01,9.531857073307037354e-02,2.697537541389465332e-01,-1.045178323984146118e-01,-2.734535336494445801e-01,-2.501880228519439697e-01,-4.143237769603729248e-01,2.504484951496124268e-01,5.172944068908691406e-01,-2.254356592893600464e-01,2.658230960369110107e-01
2.437256671695245680e-01,-2.668002055961676167e+00,4.894964090343376650e-01,9.933714866638183594e-01,-1.459417678415775299e-02,-1.886676764115691185e-03,1.140027865767478943e-01,0.000000000000000000e+00,0.000000000000000000e+00,0.000000000000000000e+00,-1.100000000000000089e+00,2.000000000000000111e-01,-5.000000000000000000e-01,0.000000000000000000e+00,1.100000000000000089e+00,2.000000000000000111e-01,5.000000000000000000e-01,6.716994568705558777e-03,6.660441160202026367e-01,7.787395268678665161e-02,2.966993153095245361e-01,3.264857828617095947e-02,-2.572441995143890381e-01,-3.081600069999694824e-01,-3.287392258644104004e-01,1.448601037263870239e-01,6.086332798004150391e-01,-3.402504920959472656e-01,2.683683633804321289e-01
2.455197992089270254e-01,-2.703273864791850833e+00,4.908052219631093838e-01,9.922639131546020508e-01,-2.369326353073120117e-02,-1.823884434998035431e-03,1.218506991863250732e-01,0.000000000000000000e+00,0.000000000000000000e+00,0.000000000000000000e+00,-1.100000000000000089e+00,2.000000000000000111e-01,-5.000000000000000000e-01,0.000000000000000000e+00,1.100000000000000089e+00,2.000000000000000111e-01,5.000000000000000000e-01,-1.448124200105667114e-01,7.727601528167724609e-01,9.133935719728469849e-02,4.651706516742706299e-01,4.641540348529815674e-02,-1.373160779476165771e-01,-3.819454014301300049e-01,-2.482248991727828979e-01,9.591421484947204590e-02,7.664657235145568848e-01,-3.984673023223876953e-01,2.661872208118438721e-01
2.477755013187274702e-01,-2.734779873011690121e+00,4.950887267389381674e-01,9.920459985733032227e-01,-1.405669562518596649e-02,-8.703779429197311401e-03,1.247852221131324768e-01,0.000000000000000000e+00,0.000000000000000000e+00,0.000000000000000000e+00,-1.100000000000000089e+00,2.000000000000000111e-01,-5.000000000000000000e-01,0.000000000000000000e+00,1.100000000000000089e+00,2.000000000000000111e-01,5.000000000000000000e-01,-1.228066310286521912e-01,7.157206535339355469e-01,8.421837538480758667e-02,5.323593616485595703e-01,-7.097068428993225098e-02,-2.084798663854598999e-01,-3.954889476299285889e-01,-2.124534845352172852e-01,6.385482102632522583e-02,8.262475132942199707e-01,-4.254134595394134521e-01,2.517257928848266602e-01
2.500882094289467727e-01,-2.763514384844086180e+00,5.023970371582592298e-01,9.918963313102722168e-01,-8.467224426567554474e-03,-1.561876107007265091e-02,1.258016526699066162e-01,0.000000000000000000e+00,0.000000000000000000e+00,0.000000000000000000e+00,-1.100000000000000089e+00,2.000000000000000111e-01,-5.000000000000000000e-01,0.000000000000000000e+00,1.100000000000000089e+00,2.000000000000000111e-01,5.000000000000000000e-01,-1.078610345721244812e-01,6.690482497215270996e-01,1.264501512050628662e-01,6.920996904373168945e-01,-1.898184716701507568e-01,-2.009527087211608887e-01,-3.774692118167877197e-01,-1.706069558858871460e-01,1.919910497963428497e-02,8.144856691360473633e-01,-4.214675128459930420e-01,2.090914994478225708e-01
2.528033641247887653e-01,-2.791138006256084214e+00,5.103520106923098432e-01,9.920163154602050781e-01,-9.002364240586757660e-03,-2.139091491699218750e-02,1.239557787775993347e-01,0.000000000000000000e+00,0.000000000000000000e+00,0.000000000000000000e+00,-1.100000000000000089e+00,2.000000000000000111e-01,-5.000000000000000000e-01,0.000000000000000000e+00,1.100000000000000089e+00,2.000000000000000111e-01,5.000000000000000000e-01,-8.371017128229141235e-02,6.082371473312377930e-01,1.575436890125274658e-01,8.703303337097167969e-01,-2.901300489902496338e-01,-1.866989880800247192e-01,-3.431269228458404541e-01,-1.130340620875358582e-01,-2.452919818460941315e-02,7.572538256645202637e-01,-3.959354460239410400e-01,1.524259299039840698e-01
2.557741323978913184e-01,-2.817745899485819105e+00,5.172462491216984759e-01,9.919216036796569824e-01,-9.036385454237461090e-03,-2.574441395699977875e-02,1.238836720585823059e-01,0.000000000000000000e+00,0.000000000000000000e+00,0.000000000000000000e+00,-1.100000000000000089e+00,2.000000000000000111e-01,-5.000000000000000000e-01,0.000000000000000000e+00,1.100000000000000089e+00,2.000000000000000111e-01,5.000000000000000000e-01,-4.857504740357398987e-02,4.848419427871704102e-01,1.498835086822509766e-01,9.950505495071411133e-01,-3.504006266593933105e-01,-2.103726863861083984e-01,-3.068786263465881348e-01,-5.870299413800239563e-02,-5.972322076559066772e-02,6.890969872474670410e-01,-3.632161915302276611e-01,9.877976030111312866e-02
2.587433852165034187e-01,-2.843561604450447255e+00,5.219135583169532966e-01,9.913213253021240234e-01,-8.244226686656475067e-03,-2.845843695104122162e-02,1.280788481235504150e-01,0.000000000000000000e+00,0.000000000000000000e+00,0.000000000000000000e+00,-1.100000000000000089e+00,2.000000000000000111e-01,-5.000000000000000000e-01,0.000000000000000000e+00,1.100000000000000089e+00,2.000000000000000111e-01,5.000000000000000000e-01,-1.312426477670669556e-02,3.239419162273406982e-01,1.323677152395248413e-01,1.057084083557128906e+00,-3.770886659622192383e-01,-2.424703240394592285e-01,-2.773893475532531738e-01,-1.205359771847724915e-02,-9.299155324697494507e-02,6.302132010459899902e-01,-3.314159214496612549e-01,4.552624002099037170e-02
2.614466653922290496e-01,-2.868480824665589957e+00,5.240505982641920912e-01,9.902163147926330566e-01,-6.123598664999008179e-03,-2.882949635386466980e-02,1.363928020000457764e-01,0.000000000000000000e+00,0.000000000000000000e+00,0.000000000000000000e+00,-1.100000000000000089e+00,2.000000000000000111e-01,-5.000000000000000000e-01,0.000000000000000000e+00,1.100000000000000089e+00,2.000000000000000111e-01,5.000000000000000000e-01,2.415910363197326660e-02,1.584606170654296875e-01,1.292651444673538208e-01,1.056299686431884766e+00,-3.739834129810333252e-01,-2.615728378295898438e-01,-2.629708349704742432e-01,2.544966898858547211e-02,-1.299538314342498779e-01,5.905129313468933105e-01,-3.085029125213623047e-01,-8.979948237538337708e-03
2.631578418680212694e-01,-2.892943664722972485e+00,5.237237998451849119e-01,9.886860251426696777e-01,-3.094888059422373772e-03,-2.608647011220455170e-02,1.476815044879913330e-01,0.000000000000000000e+00,0.000000000000000000e+00,0.000000000000000000e+00,-1.100000000000000089e+00,2.000000000000000111e-01,-5.000000000000000000e-01,0.000000000000000000e+00,1.100000000000000089e+00,2.000000000000000111e-01,5.000000000000000000e-01,6.251848489046096802e-02,-6.600945722311735153e-03,1.232098117470741272e-01,1.000402569770812988e+00,-3.435166180133819580e-01,-2.680188119411468506e-01,-2.697446942329406738e-01,5.416719987988471985e-02,-1.739432215690612793e-01,5.755764245986938477e-01,-2.964074909687042236e-01,-6.702262908220291138e-02
2.632176504212647705e-01,-2.917436730831560521e+00,5.206955065803997584e-01,9.868405461311340332e-01,-1.841124030761420727e-03,-2.111803740262985229e-02,1.603007316589355469e-01,0.000000000000000000e+00,0.000000000000000000e+00,0.000000000000000000e+00,-1.100000000000000089e+00,2.000000000000000111e-01,-5.000000000000000000e-01,0.000000000000000000e+00,1.100000000000000089e+00,2.000000000000000111e-01,5.000000000000000000e-01,9.646919369697570801e-02,-1.664507240056991577e-01,9.360577166080474854e-02,8.955590128898620605e-01,-2.950854301452636719e-01,-2.626948952674865723e-01,-2.938610017299652100e-01,8.057574182748794556e-02,-2.259260714054107666e-01,5.777597427368164062e-01,-2.892498672008514404e-01,-1.276344507932662964e-01
2.615203621516926091e-01,-2.942072955490362851e+00,5.152825107372770441e-01,9.848382472991943359e-01,-5.675931926816701889e-03,-1.597013324499130249e-02,1.726452559232711792e-01,0.000000000000000000e+00,0.000000000000000000e+00,0.000000000000000000e+00,-1.100000000000000089e+00,2.000000000000000111e-01,-5.000000000000000000e-01,0.000000000000000000e+00,1.100000000000000089e+00,2.000000000000000111e-01,5.000000000000000000e-01,1.231843307614326477e-01,-2.890426814556121826e-01,4.137023910880088806e-02,7.452863454818725586e-01,-2.462860047817230225e-01,-2.455327510833740234e-01,-3.221591114997863770e-01,1.155890300869941711e-01,-2.849175035953521729e-01,5.724490284919738770e-01,-2.722732424736022949e-01,-1.827928572893142700e-01
2.586196992185079702e-01,-2.969236543046103627e+00,5.092622120768734995e-01,9.827501177787780762e-01,-1.560993492603302002e-02,-1.288869138807058334e-02,1.838272809982299805e-01,0.000000000000000000e+00,0.000000000000000000e+00,0.000000000000000000e+00,-1.100000000000000089e+00,2.000000000000000111e-01,-5.000000000000000000e-01,0.000000000000000000e+00,1.100000000000000089e+00,2.000000000000000111e-01,5.000000000000000000e-01,1.409420967102050781e-01,-3.407053351402282715e-01,-2.962663024663925171e-02,5.953920483589172363e-01,-2.226660251617431641e-01,-2.169105112552642822e-01,-3.425957262516021729e-01,1.699151098728179932e-01,-3.508448600769042969e-01,5.298154950141906738e-01,-2.311544120311737061e-01,-2.284753471612930298e-01
2.544115519741869669e-01,-2.999850882755385584e+00,5.036441524055871310e-01,9.806790351867675781e-01,-2.202880755066871643e-02,-1.416874118149280548e-02,1.938626617193222046e-01,0.000000000000000000e+00,0.000000000000000000e+00,0.000000000000000000e+00,-1.100000000000000089e+00,2.000000000000000111e-01,-5.000000000000000000e-01,0.000000000000000000e+00,1.100000000000000089e+00,2.000000000000000111e-01,5.000000000000000000e-01,1.348307281732559204e-01,-3.195295333862304688e-01,-5.877671390771865845e-02,5.494299530982971191e-01,-2.863704264163970947e-01,-9.184663742780685425e-02,-3.636016249656677246e-01,2.279743254184722900e-01,-3.931960463523864746e-01,4.671475887298583984e-01,-1.570172905921936035e-01,-2.518024742603302002e-01
2.489822598053800795e-01,-3.031247446097508735e+00,4.978270076854963699e-01,9.788773059844970703e-01,-1.197640132158994675e-02,-1.568460464477539062e-02,2.034943252801895142e-01,0.000000000000000000e+00,0.000000000000000000e+00,0.000000000000000000e+00,-1.100000000000000089e+00,2.000000000000000111e-01,-5.000000000000000000e-01,0.000000000000000000e+00,1.100000000000000089e+00,2.000000000000000111e-01,5.000000000000000000e-01,7.739329338073730469e-02,-2.988214790821075439e-01,-4.252799320966005325e-03,6.616736650466918945e-01,-4.599978625774383545e-01,1.877108514308929443e-01,-4.248346388339996338e-01,2.413309812545776367e-01,-3.988805115222930908e-01,4.995288550853729248e-01,-8.257306367158889771e-02,-1.879296749830245972e-01
2.428752480846161910e-01,-3.060864658271423622e+00,4.938262493502009742e-01,9.788113236427307129e-01,-4.648597387131303549e-04,-1.996204257011413574e-02,2.037884742021560669e-01,0.000000000000000000e+00,0.000000000000000000e+00,0.000000000000000000e+00,-1.100000000000000089e+00,2.000000000000000111e-01,-5.000000000000000000e-01,0.000000000000000000e+00,1.100000000000000089e+00,2.000000000000000111e-01,5.000000000000000000e-01,6.003671884536743164e-02,-2.753622531890869141e-01,5.488601513206958771e-03,6.914874911308288574e-01,-5.810786485671997070e-01,2.234120666980743408e-01,-4.710486829280853271e-01,2.745448946952819824e-01,-3.397051692008972168e-01,4.924492835998535156e-01,3.720226511359214783e-02,3.190316027030348778e-03
2.377141290816544295e-01,-3.090933932595782974e+00,4.909595907246223634e-01,9.814527630805969238e-01,5.165108013898134232e-03,-2.662732638418674469e-02,1.897756606340408325e-01,0.000000000000000000e+00,0.000000000000000000e+00,0.000000000000000000e+00,-1.100000000000000089e+00,2.000000000000000111e-01,-5.000000000000000000e-01,0.000000000000000000e+00,1.100000000000000089e+00,2.000000000000000111e-01,5.000000000000000000e-01,3.527791798114776611e-02,-2.302032113075256348e-01,2.095030434429645538e-02,7.247341275215148926e-01,-6.751727461814880371e-01,1.901414245367050171e-01,-4.532816112041473389e-01,3.374074399471282959e-01,-2.579133808612823486e-01,3.733007609844207764e-01,2.072591483592987061e-01,2.414572685956954956e-01
2.335495771034949986e-01,-3.117866672837373176e+00,4.923816683068119038e-01,9.850845336914062500e-01,2.523442497476935387e-03,-3.359673172235488892e-02,1.687405854463577271e-01,0.000000000000000000e+00,0.000000000000000000e+00,0.000000000000000000e+00,-1.100000000000000089e+00,2.000000000000000111e-01,-5.000000000000000000e-01,0.000000000000000000e+00,1.100000000000000089e+00,2.000000000000000111e-01,5.000000000000000000e-01,-1.744894427247345448e-03,-1.632905900478363037e-01,3.751620277762413025e-02,7.731239795684814453e-01,-7.060438990592956543e-01,1.465927362442016602e-01,-4.855440557003021240e-01,3.189657330513000488e-01,-2.848363220691680908e-01,4.837604165077209473e-01,1.575730890035629272e-01,2.449680566787719727e-01
2.312281706996939523e-01,-3.140677709019545460e+00,4.988093543496697757e-01,9.882012009620666504e-01,6.227934267371892929e-03,-4.131485894322395325e-02,1.473523825407028198e-01,0.000000000000000000e+00,0.000000000000000000e+00,0.000000000000000000e+00,-1.100000000000000089e+00,2.000000000000000111e-01,-5.000000000000000000e-01,0.000000000000000000e+00,1.100000000000000089e+00,2.000000000000000111e-01,5.000000000000000000e-01,1.540469843894243240e-02,-1.104185730218887329e-01,6.094393134117126465e-02,7.407032847404479980e-01,-6.864928603172302246e-01,1.087678745388984680e-01,-5.150359869003295898e-01,2.047806829214096069e-01,-3.338657617568969727e-01,7.128494381904602051e-01,7.597751449793577194e-03,2.288552224636077881e-01
2.307309770689468242e-01,-3.160559807624479856e+00,5.075868252386348534e-01,9.909724593162536621e-01,8.463896811008453369e-03,-4.501303657889366150e-02,1.259990185499191284e-01,0.000000000000000000e+00,0.000000000000000000e+00,0.000000000000000000e+00,-1.100000000000000089e+00,2.000000000000000111e-01,-5.000000000000000000e-01,0.000000000000000000e+00,1.100000000000000089e+00,2.000000000000000111e-01,5.000000000000000000e-01,4.980407655239105225e-02,-5.991885811090469360e-02,7.741049677133560181e-02,6.647930145263671875e-01,-6.400673985481262207e-01,6.530179083347320557e-02,-5.290802717208862305e-01,9.274034202098846436e-02,-3.241495192050933838e-01,8.827819824218750000e-01,-1.080621331930160522e-01,2.255793660879135132e-01
2.317177662983386233e-01,-3.180223348628390845e+00,5.170980252167491908e-01,9.934501051902770996e-01,5.490394774824380875e-03,-4.397762566804885864e-02,1.053223833441734314e-01,0.000000000000000000e+00,0.000000000000000000e+00,0.000000000000000000e+00,-1.100000000000000089e+00,2.000000000000000111e-01,-5.000000000000000000e-01,0.000000000000000000e+00,1.100000000000000089e+00,2.000000000000000111e-01,5.000000000000000000e-01,8.607885986566543579e-02,-3.543379250913858414e-03,8.596438914537429810e-02,5.704740285873413086e-01,-5.762991905212402344e-01,1.760607957839965820e-02,-5.267930030822753906e-01,-1.130398083478212357e-02,-3.027510941028594971e-01,9.579475522041320801e-01,-1.729961186647415161e-01,2.206846624612808228e-01
2.336072058934304529e-01,-3.202186394604769504e+00,5.254950132303767285e-01,9.953800439834594727e-01,-2.078718272969126701e-03,-3.997683525085449219e-02,8.727008104324340820e-02,0.000000000000000000e+00,0.000000000000000000e+00,0.000000000000000000e+00,-1.100000000000000089e+00,2.000000000000000111e-01,-5.000000000000000000e-01,0.000000000000000000e+00,1.100000000000000089e+00,2.000000000000000111e-01,5.000000000000000000e-01,1.205173805356025696e-01,5.770974978804588318e-02,8.834412693977355957e-02,4.723304212093353271e-01,-5.067477226257324219e-01,-3.003519400954246521e-02,-5.164864659309387207e-01,-1.001556366682052612e-01,-2.752631008625030518e-01,9.509726762771606445e-01,-1.966743916273117065e-01,2.103374302387237549e-01
2.361665178925702047e-01,-3.226390154223249596e+00,5.308598882035173716e-01,9.966903328895568848e-01,-8.823654614388942719e-03,-3.407276049256324768e-02,7.327783852815628052e-02,0.000000000000000000e+00,0.000000000000000000e+00,0.000000000000000000e+00,-1.100000000000000089e+00,2.000000000000000111e-01,-5.000000000000000000e-01,0.000000000000000000e+00,1.100000000000000089e+00,2.000000000000000111e-01,5.000000000000000000e-01,1.500299870967864990e-01,1.123408675193786621e-01,8.883649855852127075e-02,3.832586109638214111e-01,-4.467303156852722168e-01,-6.816530227661132812e-02,-5.072262883186340332e-01,-1.787575483322143555e-01,-2.388319820165634155e-01,8.975869417190551758e-01,-1.914284080266952515e-01,2.023440301418304443e-01
2.389161336083303888e-01,-3.249831287319009832e+00,5.324467558917974630e-01,9.978551268577575684e-01,-9.348642081022262573e-03,-2.503554709255695343e-02,5.975740030407905579e-02,0.000000000000000000e+00,0.000000000000000000e+00,0.000000000000000000e+00,-1.100000000000000089e+00,2.000000000000000111e-01,-5.000000000000000000e-01,0.000000000000000000e+00,1.100000000000000089e+00,2.000000000000000111e-01,5.000000000000000000e-01,1.696556657552719116e-01,1.531964838504791260e-01,9.465263783931732178e-02,3.123487234115600586e-01,-3.966875672340393066e-01,-9.828471392393112183e-02,-5.093078017234802246e-01,-2.798436284065246582e-01,-2.124989181756973267e-01,8.318339586257934570e-01,-1.580171585083007812e-01,1.913657188415527344e-01
