2.941497684813885322e-02,-3.201352977673663919e-02,5.233372966711870022e-01,9.993503093719482422e-01,1.851328834891319275e-02,3.071225434541702271e-02,-3.601956181228160858e-03,0.000000000000000000e+00,0.000000000000000000e+00,0.000000000000000000e+00,-1.100000000000000089e+00,2.000000000000000111e-01,-5.000000000000000000e-01,0.000000000000000000e+00,1.100000000000000089e+00,2.000000000000000111e-01,5.000000000000000000e-01,-2.462352067232131958e-01,-1.843378245830535889e-01,6.509988903999328613e-01,3.690215945243835449e-01,-2.231585085391998291e-01,2.700133025646209717e-01,5.343074351549148560e-02,2.368849813938140869e-01,-2.608651816844940186e-01,6.247319579124450684e-01,-3.128738701343536377e-01,7.947150617837905884e-02
1.604044482643443223e-02,-7.316660988756051431e-04,5.190632582960105212e-01,9.991950392723083496e-01,1.153543870896100998e-02,2.902203798294067383e-02,-2.517863921821117401e-02,0.000000000000000000e+00,0.000000000000000000e+00,0.000000000000000000e+00,-1.100000000000000089e+00,2.000000000000000111e-01,-5.000000000000000000e-01,0.000000000000000000e+00,1.100000000000000089e+00,2.000000000000000111e-01,5.000000000000000000e-01,-3.472897410392761230e-01,-1.328792423009872437e-01,7.092479467391967773e-01,5.488102436065673828e-01,-1.560358554124832153e-01,2.671946287155151367e-01,2.778961509466171265e-02,2.031576037406921387e-01,-2.673770785331726074e-01,6.379600167274475098e-01,-3.625455200672149658e-01,-1.459555029869079590e-01
1.238776355196317264e-03,3.146262055018333309e-02,5.143378220792069744e-01,9.987278580665588379e-01,6.482349243015050888e-03,3.296076878905296326e-02,-3.760698437690734863e-02,0.000000000000000000e+00,0.000000000000000000e+00,0.000000000000000000e+00,-1.100000000000000089e+00,2.000000000000000111e-01,-5.000000000000000000e-01,0.000000000000000000e+00,1.100000000000000089e+00,2.000000000000000111e-01,5.000000000000000000e-01,-4.829432368278503418e-01,-9.154397994279861450e-02,7.050969600677490234e-01,7.069745659828186035e-01,6.711624562740325928e-03,1.828024834394454956e-01,2.968285977840423584e-02,1.710574179887771606e-01,-2.651219069957733154e-01,5.689998269081115723e-01,-4.936020672321319580e-01,-2.169981747865676880e-01
-1.155386136402611168e-02,6.036647923196656468e-02,5.120737330705830148e-01,9.988700151443481445e-01,-1.247254665940999985e-03,3.237889334559440613e-02,-3.476647660136222839e-02,0.000000000000000000e+00,0.000000000000000000e+00,0.000000000000000000e+00,-1.100000000000000089e+00,2.000000000000000111e-01,-5.000000000000000000e-01,0.000000000000000000e+00,1.100000000000000089e+00,2.000000000000000111e-01,5.000000000000000000e-01,-6.307497024536132812e-01,-1.219235956668853760e-01,5.605164766311645508e-01,8.042736053466796875e-01,2.226144224405288696e-01,-1.093890592455863953e-01,3.363056480884552002e-02,1.461482346057891846e-01,-2.587289214134216309e-01,5.080029964447021484e-01,-5.632294416427612305e-01,-1.923831105232238770e-01
-2.172762894415004864e-02,8.835858444128223688e-02,5.118425120827224672e-01,9.993063807487487793e-01,-2.612129785120487213e-03,2.831632271409034729e-02,-2.404360473155975342e-02,0.000000000000000000e+00,0.000000000000000000e+00,0.000000000000000000e+00,-1.100000000000000089e+00,2.000000000000000111e-01,-5.000000000000000000e-01,0.000000000000000000e+00,1.100000000000000089e+00,2.000000000000000111e-01,5.000000000000000000e-01,-6.988692283630371094e-01,-1.695222109556198120e-01,4.381534159183502197e-01,8.753197193145751953e-01,2.534724771976470947e-01,-2.538221776485443115e-01,2.721569500863552094e-02,9.472067654132843018e-02,-2.599537968635559082e-01,4.973102211952209473e-01,-6.065948009490966797e-01,-1.313738077878952026e-01
-2.950208434185972589e-02,1.123205252702940554e-01,5.158180266829451854e-01,9.995467662811279297e-01,-1.133569423109292984e-02,2.206685952842235565e-02,-1.705138571560382843e-02,0.000000000000000000e+00,0.000000000000000000e+00,0.000000000000000000e+00,-1.100000000000000089e+00,2.000000000000000111e-01,-5.000000000000000000e-01,0.000000000000000000e+00,1.100000000000000089e+00,2.000000000000000111e-01,5.000000000000000000e-01,-7.223747372627258301e-01,-8.185618370771408081e-02,3.688697218894958496e-01,1.021177172660827637e+00,9.050667285919189453e-02,-2.708520293235778809e-01,2.445308119058609009e-02,5.733923241496086121e-02,-2.603541612625122070e-01,4.889650940895080566e-01,-5.852411985397338867e-01,-7.896319776773452759e-02
-3.542383175117500005e-02,1.356027951401968801e-01,5.223904905287605205e-01,9.996970891952514648e-01,-1.180004514753818512e-02,1.804263889789581299e-02,-1.187148783355951309e-02,0.000000000000000000e+00,0.000000000000000000e+00,0.000000000000000000e+00,-1.100000000000000089e+00,2.000000000000000111e-01,-5.000000000000000000e-01,0.000000000000000000e+00,1.100000000000000089e+00,2.000000000000000111e-01,5.000000000000000000e-01,-6.995052099227905273e-01,3.944443538784980774e-02,3.293727934360504150e-01,1.097479462623596191e+00,-7.110096514225006104e-02,-2.660406529903411865e-01,2.924758754670619965e-02,5.667490419000387192e-03,-2.544125616550445557e-01,4.568853676319122314e-01,-5.415462851524353027e-01,-2.679755352437496185e-02
-4.010008835581817949e-02,1.588772178621906117e-01,5.280815826506928268e-01,9.997932314872741699e-01,-5.119370762258768082e-03,1.872587017714977264e-02,-6.045701447874307632e-03,0.000000000000000000e+00,0.000000000000000000e+00,0.000000000000000000e+00,-1.100000000000000089e+00,2.000000000000000111e-01,-5.000000000000000000e-01,0.000000000000000000e+00,1.100000000000000089e+00,2.000000000000000111e-01,5.000000000000000000e-01,-6.570376753807067871e-01,1.830677539110183716e-01,3.398464620113372803e-01,1.116068124771118164e+00,-1.828685253858566284e-01,-2.283054590225219727e-01,2.434384450316429138e-02,-6.386172771453857422e-02,-2.467154115438461304e-01,4.378290474414825439e-01,-4.981857240200042725e-01,2.717894688248634338e-02
-4.444538942143095445e-02,1.840046366127301991e-01,5.312886165067403077e-01,9.997178316116333008e-01,4.583836533129215240e-03,2.323529496788978577e-02,1.829565269872546196e-03,0.000000000000000000e+00,0.000000000000000000e+00,0.000000000000000000e+00,-1.100000000000000089e+00,2.000000000000000111e-01,-5.000000000000000000e-01,0.000000000000000000e+00,1.100000000000000089e+00,2.000000000000000111e-01,5.000000000000000000e-01,-6.170513629913330078e-01,3.088003098964691162e-01,3.582701385021209717e-01,1.089836120605468750e+00,-2.341687232255935669e-01,-1.444352716207504272e-01,2.648026216775178909e-03,-1.477764844894409180e-01,-2.427225708961486816e-01,4.478118419647216797e-01,-4.655917286872863770e-01,8.491510152816772461e-02
-4.821350473280280879e-02,2.090534385666251160e-01,5.313346198923659669e-01,9.995288252830505371e-01,1.144522055983543396e-02,2.668177708983421326e-02,9.961879812180995941e-03,0.000000000000000000e+00,0.000000000000000000e+00,0.000000000000000000e+00,-1.100000000000000089e+00,2.000000000000000111e-01,-5.000000000000000000e-01,0.000000000000000000e+00,1.100000000000000089e+00,2.000000000000000111e-01,5.000000000000000000e-01,-5.939911007881164551e-01,3.968922495841979980e-01,3.304544985294342041e-01,1.031544923782348633e+00,-2.502986788749694824e-01,-8.363770693540573120e-02,-2.071540057659149170e-02,-2.281294465065002441e-01,-2.412593960762023926e-01,4.701047539710998535e-01,-4.435290992259979248e-01,1.415883600711822510e-01
-5.151803109776040279e-02,2.350177411099124425e-01,5.281597634946758602e-01,9.993981719017028809e-01,1.174850389361381531e-02,2.739998511970043182e-02,1.773242652416229248e-02,0.000000000000000000e+00,0.000000000000000000e+00,0.000000000000000000e+00,-1.100000000000000089e+00,2.000000000000000111e-01,-5.000000000000000000e-01,0.000000000000000000e+00,1.100000000000000089e+00,2.000000000000000111e-01,5.000000000000000000e-01,-5.818868279457092285e-01,4.714626073837280273e-01,2.664120495319366455e-01,9.490140080451965332e-01,-2.460194677114486694e-01,-5.856987088918685913e-02,-3.600255027413368225e-02,-2.908845841884613037e-01,-2.368150204420089722e-01,4.920206665992736816e-01,-4.285052716732025146e-01,1.906324326992034912e-01
-5.433275945748042290e-02,2.611618014673391941e-01,5.225267153556900634e-01,9.993044734001159668e-01,4.689071327447891235e-03,2.638747356832027435e-02,2.592910826206207275e-02,0.000000000000000000e+00,0.000000000000000000e+00,0.000000000000000000e+00,-1.100000000000000089e+00,2.000000000000000111e-01,-5.000000000000000000e-01,0.000000000000000000e+00,1.100000000000000089e+00,2.000000000000000111e-01,5.000000000000000000e-01,-5.726990103721618652e-01,5.572052001953125000e-01,2.015240639448165894e-01,8.494739532470703125e-01,-2.287075072526931763e-01,-5.009220913052558899e-02,-4.248068481683731079e-02,-3.321720063686370850e-01,-2.257057577371597290e-01,5.074884891510009766e-01,-4.129055738449096680e-01,2.280866503715515137e-01
-5.679813922777997987e-02,2.875000060767387011e-01,5.154509545418650696e-01,9.989926218986511230e-01,-8.407717570662498474e-03,2.549811638891696930e-02,3.595653176307678223e-02,0.000000000000000000e+00,0.000000000000000000e+00,0.000000000000000000e+00,-1.100000000000000089e+00,2.000000000000000111e-01,-5.000000000000000000e-01,0.000000000000000000e+00,1.100000000000000089e+00,2.000000000000000111e-01,5.000000000000000000e-01,-5.720682144165039062e-01,6.563931107521057129e-01,1.508666723966598511e-01,7.486628890037536621e-01,-2.079472988843917847e-01,-3.714389726519584656e-02,-4.009705036878585815e-02,-3.574224114418029785e-01,-2.134151011705398560e-01,5.096192955970764160e-01,-3.878928124904632568e-01,2.523595988750457764e-01
-5.925123447486472378e-02,3.157009533706187088e-01,5.079270759112004541e-01,9.980795979499816895e-01,-2.754231542348861694e-02,2.656978368759155273e-02,4.870828613638877869e-02,0.000000000000000000e+00,0.000000000000000000e+00,0.000000000000000000e+00,-1.100000000000000089e+00,2.000000000000000111e-01,-5.000000000000000000e-01,0.000000000000000000e+00,1.100000000000000089e+00,2.000000000000000111e-01,5.000000000000000000e-01,-5.825665593147277832e-01,7.610908746719360352e-01,1.257791221141815186e-01,6.628095507621765137e-01,-1.890343278646469116e-01,-1.596505753695964813e-02,-2.453840523958206177e-02,-3.703833520412445068e-01,-2.161674499511718750e-01,4.809703528881072998e-01,-3.374617099761962891e-01,2.620545327663421631e-01
-6.164680473026678403e-02,3.472581756483725801e-01,5.015894452324419772e-01,9.965205192565917969e-01,-4.357912018895149231e-02,3.178147971630096436e-02,6.354252994060516357e-02,0.000000000000000000e+00,0.000000000000000000e+00,0.000000000000000000e+00,-1.100000000000000089e+00,2.000000000000000111e-01,-5.000000000000000000e-01,0.000000000000000000e+00,1.100000000000000089e+00,2.000000000000000111e-01,5.000000000000000000e-01,-5.836700201034545898e-01,8.185974955558776855e-01,1.469342261552810669e-01,5.847426056861877441e-01,-1.675223559141159058e-01,-1.757169142365455627e-02,1.096409559249877930e-02,-3.873568773269653320e-01,-2.226065397262573242e-01,3.990829586982727051e-01,-2.455759346485137939e-01,2.699979543685913086e-01
-6.407185887936690805e-02,3.825376655492517819e-01,4.979368262369223141e-01,9.952574372291564941e-01,-3.539978712797164917e-02,4.833228886127471924e-02,7.663819193840026855e-02,0.000000000000000000e+00,0.000000000000000000e+00,0.000000000000000000e+00,-1.100000000000000089e+00,2.000000000000000111e-01,-5.000000000000000000e-01,0.000000000000000000e+00,1.100000000000000089e+00,2.000000000000000111e-01,5.000000000000000000e-01,-4.984919130802154541e-01,7.516342997550964355e-01,2.559370398521423340e-01,4.762215614318847656e-01,-1.002495959401130676e-01,-1.873890161514282227e-01,2.077238820493221283e-02,-4.679621458053588867e-01,-2.101247757673263550e-01,3.086916208267211914e-01,-1.115055456757545471e-01,2.730896174907684326e-01
-6.963835157867935555e-02,4.207043246104560930e-01,4.987012796088902689e-01,9.941779375076293945e-01,-1.569761149585247040e-02,7.166450470685958862e-02,7.891803979873657227e-02,0.000000000000000000e+00,0.000000000000000000e+00,0.000000000000000000e+00,-1.100000000000000089e+00,2.000000000000000111e-01,-5.000000000000000000e-01,0.000000000000000000e+00,1.100000000000000089e+00,2.000000000000000111e-01,5.000000000000000000e-01,-5.340814590454101562e-01,6.450543403625488281e-01,2.977359294891357422e-01,5.393552184104919434e-01,-1.284568663686513901e-02,-2.576655745506286621e-01,-8.221678435802459717e-02,-6.041222214698791504e-01,-1.535734832286834717e-01,3.467921018600463867e-01,4.483550786972045898e-02,2.518028616905212402e-01
-7.541995577702317877e-02,4.593326367806605526e-01,5.026293376479485930e-01,9.946649670600891113e-01,-8.570143021643161774e-03,7.905811071395874023e-02,6.571099162101745605e-02,0.000000000000000000e+00,0.000000000000000000e+00,0.000000000000000000e+00,-1.100000000000000089e+00,2.000000000000000111e-01,-5.000000000000000000e-01,0.000000000000000000e+00,1.100000000000000089e+00,2.000000000000000111e-01,5.000000000000000000e-01,-6.087828874588012695e-01,6.079849600791931152e-01,3.344491422176361084e-01,7.242281436920166016e-01,-1.012908741831779480e-01,-2.203745245933532715e-01,-2.162372469902038574e-01,-6.895562410354614258e-01,-1.124747171998023987e-01,4.485095441341400146e-01,9.955663233995437622e-02,1.393425166606903076e-01
-7.928986603488223650e-02,4.923902212828397684e-01,5.083568421969509865e-01,9.956787824630737305e-01,-1.429896056652069092e-02,7.763175666332244873e-02,4.891448095440864563e-02,0.000000000000000000e+00,0.000000000000000000e+00,0.000000000000000000e+00,-1.100000000000000089e+00,2.000000000000000111e-01,-5.000000000000000000e-01,0.000000000000000000e+00,1.100000000000000089e+00,2.000000000000000111e-01,5.000000000000000000e-01,-5.836667418479919434e-01,5.881626009941101074e-01,3.957230746746063232e-01,7.859189510345458984e-01,-1.830321401357650757e-01,-1.981248855590820312e-01,-1.729243546724319458e-01,-6.137824654579162598e-01,-1.488797515630722046e-01,3.863771259784698486e-01,2.644185908138751984e-02,2.304718345403671265e-01
-8.282763745362936580e-02,5.241932585827930868e-01,5.163336964026845610e-01,9.965040087699890137e-01,-1.117851026356220245e-02,7.166793197393417358e-02,4.145431146025657654e-02,0.000000000000000000e+00,0.000000000000000000e+00,0.000000000000000000e+00,-1.100000000000000089e+00,2.000000000000000111e-01,-5.000000000000000000e-01,0.000000000000000000e+00,1.100000000000000089e+00,2.000000000000000111e-01,5.000000000000000000e-01,-5.088190436363220215e-01,5.258828401565551758e-01,4.799278080463409424e-01,7.636481523513793945e-01,-2.392701804637908936e-01,-1.615802049636840820e-01,-1.561098545789718628e-01,-5.743489861488342285e-01,-2.386463880538940430e-01,5.063164830207824707e-01,-1.217764765024185181e-01,2.088810056447982788e-01
-8.608740601199443843e-02,5.541414626251266462e-01,5.245415639997732526e-01,9.971612095832824707e-01,-5.722547881305217743e-03,6.489352136850357056e-02,3.775654733180999756e-02,0.000000000000000000e+00,0.000000000000000000e+00,0.000000000000000000e+00,-1.100000000000000089e+00,2.000000000000000111e-01,-5.000000000000000000e-01,0.000000000000000000e+00,1.100000000000000089e+00,2.000000000000000111e-01,5.000000000000000000e-01,-4.282816350460052490e-01,4.455330371856689453e-01,5.584005713462829590e-01,7.058602571487426758e-01,-2.734221816062927246e-01,-1.186503097414970398e-01,-1.325810402631759644e-01,-5.283508300781250000e-01,-3.399958908557891846e-01,6.929857730865478516e-01,-2.759445309638977051e-01,1.526416987180709839e-01
-8.915570312339549108e-02,5.824811259040025835e-01,5.312634142909687940e-01,9.976328611373901367e-01,2.264629118144512177e-03,6.133789569139480591e-02,3.100288659334182739e-02,0.000000000000000000e+00,0.000000000000000000e+00,0.000000000000000000e+00,-1.100000000000000089e+00,2.000000000000000111e-01,-5.000000000000000000e-01,0.000000000000000000e+00,1.100000000000000089e+00,2.000000000000000111e-01,5.000000000000000000e-01,-3.593869805335998535e-01,3.550722301006317139e-01,6.324740648269653320e-01,6.291972398757934570e-01,-2.853102385997772217e-01,-7.513028383255004883e-02,-1.039498671889305115e-01,-4.450778067111968994e-01,-4.091106355190277100e-01,8.493896722793579102e-01,-3.694435060024261475e-01,1.421363204717636108e-01
-9.189963069490411640e-02,6.112135202520423416e-01,5.355842449184921028e-01,9.979837536811828613e-01,1.012343633919954300e-02,6.018594279885292053e-02,1.742454431951045990e-02,0.000000000000000000e+00,0.000000000000000000e+00,0.000000000000000000e+00,-1.100000000000000089e+00,2.000000000000000111e-01,-5.000000000000000000e-01,0.000000000000000000e+00,1.100000000000000089e+00,2.000000000000000111e-01,5.000000000000000000e-01,-3.048914968967437744e-01,2.660341262817382812e-01,7.012323141098022461e-01,5.505897998809814453e-01,-2.884227931499481201e-01,-2.797157131135463715e-02,-7.516814023256301880e-02,-3.174195289611816406e-01,-4.408002197742462158e-01,9.292683005332946777e-01,-3.981458246707916260e-01,1.737329065799713135e-01
-9.401794543734404153e-02,6.380917871705811262e-01,5.369941158261564151e-01,9.980551600456237793e-01,1.511192880570888519e-02,6.041040271520614624e-02,-2.854983322322368622e-03,0.000000000000000000e+00,0.000000000000000000e+00,0.000000000000000000e+00,-1.100000000000000089e+00,2.000000000000000111e-01,-5.000000000000000000e-01,0.000000000000000000e+00,1.100000000000000089e+00,2.000000000000000111e-01,5.000000000000000000e-01,-2.704398334026336670e-01,1.924293339252471924e-01,7.610889673233032227e-01,4.967200458049774170e-01,-3.004902601242065430e-01,2.426457218825817108e-02,-3.949457779526710510e-02,-1.547559797763824463e-01,-4.354013204574584961e-01,9.083548784255981445e-01,-3.696709275245666504e-01,2.099453210830688477e-01
-9.652994619287325051e-02,6.641873737439664138e-01,5.356644186889282233e-01,9.976454377174377441e-01,1.810816302895545959e-02,6.069146841764450073e-02,-2.630816958844661713e-02,0.000000000000000000e+00,0.000000000000000000e+00,0.000000000000000000e+00,-1.100000000000000089e+00,2.000000000000000111e-01,-5.000000000000000000e-01,0.000000000000000000e+00,1.100000000000000089e+00,2.000000000000000111e-01,5.000000000000000000e-01,-2.558692991733551025e-01,1.347802281379699707e-01,8.124849796295166016e-01,4.772919118404388428e-01,-3.266194462776184082e-01,8.002797514200210571e-02,1.365049090236425400e-02,2.549309097230434418e-02,-3.791846334934234619e-01,7.881953120231628418e-01,-2.952261269092559814e-01,2.345233261585235596e-01
-9.944266010320397531e-02,6.900475458800792161e-01,5.321904987653698349e-01,9.967337250709533691e-01,2.361388877034187317e-02,5.949725955724716187e-02,-4.923742637038230896e-02,0.000000000000000000e+00,0.000000000000000000e+00,0.000000000000000000e+00,-1.100000000000000089e+00,2.000000000000000111e-01,-5.000000000000000000e-01,0.000000000000000000e+00,1.100000000000000089e+00,2.000000000000000111e-01,5.000000000000000000e-01,-2.535113394260406494e-01,7.453632354736328125e-02,8.578817844390869141e-01,4.704414010047912598e-01,-3.526955544948577881e-01,1.351554244756698608e-01,8.897206187248229980e-02,1.956766843795776367e-01,-2.604058682918548584e-01,5.811824798583984375e-01,-2.059858590364456177e-01,2.512607574462890625e-01
-1.033324477264676439e-01,7.173036384386847208e-01,5.272274475883353961e-01,9.952046275138854980e-01,3.525621071457862854e-02,5.722740665078163147e-02,-7.106169313192367554e-02,0.000000000000000000e+00,0.000000000000000000e+00,0.000000000000000000e+00,-1.100000000000000089e+00,2.000000000000000111e-01,-5.000000000000000000e-01,0.000000000000000000e+00,1.100000000000000089e+00,2.000000000000000111e-01,5.000000000000000000e-01,-2.569055259227752686e-01,-8.260131813585758209e-03,9.069956541061401367e-01,4.415135383605957031e-01,-3.581801652908325195e-01,1.873721331357955933e-01,1.627158522605895996e-01,3.043870925903320312e-01,-1.000392064452171326e-01,3.662563264369964600e-01,-1.480271816253662109e-01,2.589892745018005371e-01
-1.097068852656567922e-01,7.471417332944846335e-01,5.232442519174079765e-01,9.935175776481628418e-01,4.107386246323585510e-02,5.307338014245033264e-02,-9.175510704517364502e-02,0.000000000000000000e+00,0.000000000000000000e+00,0.000000000000000000e+00,-1.100000000000000089e+00,2.000000000000000111e-01,-5.000000000000000000e-01,0.000000000000000000e+00,1.100000000000000089e+00,2.000000000000000111e-01,5.000000000000000000e-01,-2.669181525707244873e-01,-7.297798246145248413e-02,9.445487260818481445e-01,4.187959134578704834e-01,-3.344067037105560303e-01,2.300209254026412964e-01,1.765439361333847046e-01,3.357146680355072021e-01,-2.296459628269076347e-03,2.812939882278442383e-01,-1.211790889501571655e-01,2.429893016815185547e-01
-1.194938356820682140e-01,7.808568174489820546e-01,5.210004243277238656e-01,9.926369190216064453e-01,3.406748175621032715e-02,4.376603662967681885e-02,-1.076840385794639587e-01,0.000000000000000000e+00,0.000000000000000000e+00,0.000000000000000000e+00,-1.100000000000000089e+00,2.000000000000000111e-01,-5.000000000000000000e-01,0.000000000000000000e+00,1.100000000000000089e+00,2.000000000000000111e-01,5.000000000000000000e-01,-2.854161262512207031e-01,-8.937585353851318359e-02,9.582532048225402832e-01,4.534069299697875977e-01,-2.883839905261993408e-01,2.654143571853637695e-01,1.302697062492370605e-01,3.358595073223114014e-01,1.640771888196468353e-02,3.321818113327026367e-01,-1.346118599176406860e-01,1.774505972862243652e-01
-1.313857523856138965e-01,8.139988522096113233e-01,5.193641901904284541e-01,9.925166368484497070e-01,1.266638003289699554e-02,3.464239090681076050e-02,-1.164054349064826965e-01,0.000000000000000000e+00,0.000000000000000000e+00,0.000000000000000000e+00,-1.100000000000000089e+00,2.000000000000000111e-01,-5.000000000000000000e-01,0.000000000000000000e+00,1.100000000000000089e+00,2.000000000000000111e-01,5.000000000000000000e-01,-3.360870182514190674e-01,-1.965630799531936646e-02,9.572864770889282227e-01,5.977794528007507324e-01,-1.958625614643096924e-01,2.847117781639099121e-01,3.884890675544738770e-02,3.375988900661468506e-01,-4.039349406957626343e-02,5.258398652076721191e-01,-2.556228339672088623e-01,-2.014514356851577759e-01
-1.427280365811152973e-01,8.449603763147436331e-01,5.166225046611795380e-01,9.932420849800109863e-01,4.180594813078641891e-03,3.031410090625286102e-02,-1.119540035724639893e-01,0.000000000000000000e+00,0.000000000000000000e+00,0.000000000000000000e+00,-1.100000000000000089e+00,2.000000000000000111e-01,-5.000000000000000000e-01,0.000000000000000000e+00,1.100000000000000089e+00,2.000000000000000111e-01,5.000000000000000000e-01,-4.168303906917572021e-01,2.071210183203220367e-02,9.310013651847839355e-01,7.287922501564025879e-01,-4.727296903729438782e-02,2.436812371015548706e-01,2.729720994830131531e-02,3.102741837501525879e-01,-3.210261091589927673e-02,5.234716534614562988e-01,-3.778204023838043213e-01,-2.783868610858917236e-01
-1.534080983037975632e-01,8.730237701640586323e-01,5.153309637616679817e-01,9.950941801071166992e-01,-5.197764839977025986e-03,2.612011693418025970e-02,-9.528010338544845581e-02,0.000000000000000000e+00,0.000000000000000000e+00,0.000000000000000000e+00,-1.100000000000000089e+00,2.000000000000000111e-01,-5.000000000000000000e-01,0.000000000000000000e+00,1.100000000000000089e+00,2.000000000000000111e-01,5.000000000000000000e-01,-5.385910272598266602e-01,2.392042055726051331e-02,7.926014661788940430e-01,8.319997787475585938e-01,1.590866446495056152e-01,2.946679480373859406e-02,3.099753335118293762e-02,2.827718257904052734e-01,-3.551720455288887024e-02,4.807586669921875000e-01,-4.527577459812164307e-01,-2.790723741054534912e-01
-1.628781526545156622e-01,8.991002163396338842e-01,5.156541915207800697e-01,9.970263242721557617e-01,-9.081210941076278687e-03,2.089818194508552551e-02,-7.361529022455215454e-02,0.000000000000000000e+00,0.000000000000000000e+00,0.000000000000000000e+00,-1.100000000000000089e+00,2.000000000000000111e-01,-5.000000000000000000e-01,0.000000000000000000e+00,1.100000000000000089e+00,2.000000000000000111e-01,5.000000000000000000e-01,-6.242638826370239258e-01,-3.829295933246612549e-02,6.145651936531066895e-01,8.942207694053649902e-01,2.441643923521041870e-01,-2.138022333383560181e-01,2.684371545910835266e-02,2.362049221992492676e-01,-5.664814636111259460e-02,4.721828699111938477e-01,-5.017655491828918457e-01,-2.439017146825790405e-01
-1.706783318542169914e-01,9.219607435287249242e-01,5.187331798522158977e-01,9.982033967971801758e-01,-1.328434050083160400e-02,1.495696324855089188e-02,-5.647767335176467896e-02,0.000000000000000000e+00,0.000000000000000000e+00,0.000000000000000000e+00,-1.100000000000000089e+00,2.000000000000000111e-01,-5.000000000000000000e-01,0.000000000000000000e+00,1.100000000000000089e+00,2.000000000000000111e-01,5.000000000000000000e-01,-6.463052034378051758e-01,1.778902113437652588e-02,5.385481119155883789e-01,1.031441330909729004e+00,9.514784812927246094e-02,-2.503628730773925781e-01,1.222482137382030487e-02,1.906891018152236938e-01,-7.589916139841079712e-02,4.886128306388854980e-01,-5.058414340019226074e-01,-1.997209936380386353e-01
-1.767410632403511039e-01,9.426772970472923063e-01,5.240613517631785845e-01,9.990527033805847168e-01,-1.149489451199769974e-02,9.895795956254005432e-03,-4.078754037618637085e-02,0.000000000000000000e+00,0.000000000000000000e+00,0.000000000000000000e+00,-1.100000000000000089e+00,2.000000000000000111e-01,-5.000000000000000000e-01,0.000000000000000000e+00,1.100000000000000089e+00,2.000000000000000111e-01,5.000000000000000000e-01,-6.140284538269042969e-01,1.408225297927856445e-01,5.292224287986755371e-01,1.134656786918640137e+00,-6.877656280994415283e-02,-2.363710552453994751e-01,2.345136133953928947e-03,1.333334445953369141e-01,-8.754056692123413086e-02,4.955349564552307129e-01,-4.865349829196929932e-01,-1.483741104602813721e-01
-1.816532325138798809e-01,9.635582669982404314e-01,5.299654378997857851e-01,9.997020363807678223e-01,-2.556785009801387787e-03,7.566145155578851700e-03,-2.306673116981983185e-02,0.000000000000000000e+00,0.000000000000000000e+00,0.000000000000000000e+00,-1.100000000000000089e+00,2.000000000000000111e-01,-5.000000000000000000e-01,0.000000000000000000e+00,1.100000000000000089e+00,2.000000000000000111e-01,5.000000000000000000e-01,-5.590124130249023438e-01,2.616311311721801758e-01,5.425879955291748047e-01,1.170648932456970215e+00,-1.778172403573989868e-01,-1.849420368671417236e-01,-1.303395256400108337e-02,6.066601350903511047e-02,-9.509820491075515747e-02,5.047761201858520508e-01,-4.657754600048065186e-01,-8.989778161048889160e-02
-1.863050550098220570e-01,9.860912069016032344e-01,5.338853996751283804e-01,9.999681115150451660e-01,4.273320082575082779e-03,5.921261385083198547e-03,-3.231363836675882339e-03,0.000000000000000000e+00,0.000000000000000000e+00,0.000000000000000000e+00,-1.100000000000000089e+00,2.000000000000000111e-01,-5.000000000000000000e-01,0.000000000000000000e+00,1.100000000000000089e+00,2.000000000000000111e-01,5.000000000000000000e-01,-5.119278430938720703e-01,3.512737452983856201e-01,5.184379816055297852e-01,1.154366374015808105e+00,-2.359958291053771973e-01,-1.258853971958160400e-01,-2.219171263277530670e-02,-1.267878711223602295e-02,-1.084499582648277283e-01,5.197991728782653809e-01,-4.453234672546386719e-01,-3.139590844511985779e-02
-1.904249529796417373e-01,1.010111202093386895e+00,5.355092195413931888e-01,9.998438954353332520e-01,7.078839000314474106e-03,5.808906164020299911e-03,1.510705798864364624e-02,0.000000000000000000e+00,0.000000000000000000e+00,0.000000000000000000e+00,-1.100000000000000089e+00,2.000000000000000111e-01,-5.000000000000000000e-01,0.000000000000000000e+00,1.100000000000000089e+00,2.000000000000000111e-01,5.000000000000000000e-01,-4.918692708015441895e-01,4.117480516433715820e-01,4.487753808498382568e-01,1.102945566177368164e+00,-2.549281716346740723e-01,-9.404988586902618408e-02,-3.250151500105857849e-02,-7.753085345029830933e-02,-1.192906647920608521e-01,5.359452962875366211e-01,-4.324983358383178711e-01,2.816907130181789398e-02
-1.939087960161645086e-01,1.035726867065285273e+00,5.346376463725711625e-01,9.994185566902160645e-01,7.138397078961133957e-03,6.053937599062919617e-03,3.278582170605659485e-02,0.000000000000000000e+00,0.000000000000000000e+00,0.000000000000000000e+00,-1.100000000000000089e+00,2.000000000000000111e-01,-5.000000000000000000e-01,0.000000000000000000e+00,1.100000000000000089e+00,2.000000000000000111e-01,5.000000000000000000e-01,-4.874902367591857910e-01,4.551538825035095215e-01,3.548616766929626465e-01,1.024644613265991211e+00,-2.599303722381591797e-01,-7.486916333436965942e-02,-3.663746640086174011e-02,-1.372113227844238281e-01,-1.332836896181106567e-01,5.468636751174926758e-01,-4.298250973224639893e-01,8.446750044822692871e-02
-1.967616287144747511e-01,1.060907409761590259e+00,5.312191962352906804e-01,9.986705780029296875e-01,3.463655943050980568e-03,6.530436687171459198e-03,5.101379007101058960e-02,0.000000000000000000e+00,0.000000000000000000e+00,0.000000000000000000e+00,-1.100000000000000089e+00,2.000000000000000111e-01,-5.000000000000000000e-01,0.000000000000000000e+00,1.100000000000000089e+00,2.000000000000000111e-01,5.000000000000000000e-01,-4.880479872226715088e-01,5.117626786231994629e-01,2.731769680976867676e-01,9.295186400413513184e-01,-2.602558732032775879e-01,-5.712113529443740845e-02,-3.576329350471496582e-02,-1.897559762001037598e-01,-1.489263772964477539e-01,5.584765672683715820e-01,-4.330247938632965088e-01,1.374771147966384888e-01
-1.996892999530290036e-01,1.085394247975012272e+00,5.257200063230714759e-01,9.974605441093444824e-01,-3.453241195529699326e-03,7.930275052785873413e-03,7.069426774978637695e-02,0.000000000000000000e+00,0.000000000000000000e+00,0.000000000000000000e+00,-1.100000000000000089e+00,2.000000000000000111e-01,-5.000000000000000000e-01,0.000000000000000000e+00,1.100000000000000089e+00,2.000000000000000111e-01,5.000000000000000000e-01,-4.982891082763671875e-01,5.854687690734863281e-01,2.166714072227478027e-01,8.247271180152893066e-01,-2.552269697189331055e-01,-3.687667101621627808e-02,-3.443472832441329956e-02,-2.371176332235336304e-01,-1.627076864242553711e-01,5.751937031745910645e-01,-4.357840120792388916e-01,1.875627487897872925e-01
-2.033860539656245359e-01,1.110626025488882451e+00,5.190098644747878076e-01,9.957842826843261719e-01,-1.396018825471401215e-02,1.076996326446533203e-02,9.001505374908447266e-02,0.000000000000000000e+00,0.000000000000000000e+00,0.000000000000000000e+00,-1.100000000000000089e+00,2.000000000000000111e-01,-5.000000000000000000e-01,0.000000000000000000e+00,1.100000000000000089e+00,2.000000000000000111e-01,5.000000000000000000e-01,-5.248317122459411621e-01,6.641007065773010254e-01,1.749183088541030884e-01,7.244997024536132812e-01,-2.523482143878936768e-01,-1.975437812507152557e-02,-3.356727957725524902e-02,-2.767801880836486816e-01,-1.716339439153671265e-01,5.884225964546203613e-01,-4.272159934043884277e-01,2.279362231492996216e-01
-2.079118446230587280e-01,1.137331821230625817e+00,5.121875789942162971e-01,9.938647747039794922e-01,-2.783608436584472656e-02,1.576331071555614471e-02,1.058743074536323547e-01,0.000000000000000000e+00,0.000000000000000000e+00,0.000000000000000000e+00,-1.100000000000000089e+00,2.000000000000000111e-01,-5.000000000000000000e-01,0.000000000000000000e+00,1.100000000000000089e+00,2.000000000000000111e-01,5.000000000000000000e-01,-5.668408274650573730e-01,7.367184758186340332e-01,1.481563150882720947e-01,6.512613296508789062e-01,-2.515498697757720947e-01,-7.255862466990947723e-03,-2.942946366965770721e-02,-3.065716326236724854e-01,-1.760890781879425049e-01,5.760967135429382324e-01,-3.956693708896636963e-01,2.526226639747619629e-01
-2.128180973961798783e-01,1.166381796712827157e+00,5.063632099157331368e-01,9.921936392784118652e-01,-4.195396974682807922e-02,2.467805892229080200e-02,1.148155704140663147e-01,0.000000000000000000e+00,0.000000000000000000e+00,0.000000000000000000e+00,-1.100000000000000089e+00,2.000000000000000111e-01,-5.000000000000000000e-01,0.000000000000000000e+00,1.100000000000000089e+00,2.000000000000000111e-01,5.000000000000000000e-01,-6.100647449493408203e-01,7.964008450508117676e-01,1.625420153141021729e-01,6.199476122856140137e-01,-2.468021512031555176e-01,3.230158938094973564e-03,-1.691169477999210358e-02,-3.336246311664581299e-01,-1.794892400503158569e-01,5.104110240936279297e-01,-3.294922411441802979e-01,2.689079940319061279e-01
-2.173619904688963989e-01,1.199451006619316251e+00,5.030983811925456850e-01,9.913277029991149902e-01,-4.830288141965866089e-02,3.979893773794174194e-02,1.155522167682647705e-01,0.000000000000000000e+00,0.000000000000000000e+00,0.000000000000000000e+00,-1.100000000000000089e+00,2.000000000000000111e-01,-5.000000000000000000e-01,0.000000000000000000e+00,1.100000000000000089e+00,2.000000000000000111e-01,5.000000000000000000e-01,-6.226932406425476074e-01,8.078044056892395020e-01,2.245043367147445679e-01,6.157960295677185059e-01,-2.131511718034744263e-01,-1.968991011381149292e-02,4.876638762652873993e-03,-3.773118853569030762e-01,-1.810659766197204590e-01,3.731164336204528809e-01,-2.064866125583648682e-01,2.758326232433319092e-01
-2.225300224354923306e-01,1.237971866838257773e+00,5.018432527201043269e-01,9.912906885147094727e-01,-3.464975953102111816e-02,6.314279139041900635e-02,1.102502644062042236e-01,0.000000000000000000e+00,0.000000000000000000e+00,0.000000000000000000e+00,-1.100000000000000089e+00,2.000000000000000111e-01,-5.000000000000000000e-01,0.000000000000000000e+00,1.100000000000000089e+00,2.000000000000000111e-01,5.000000000000000000e-01,-5.473409891128540039e-01,7.190679311752319336e-01,3.438248634338378906e-01,5.628346800804138184e-01,-9.277471899986267090e-02,-2.022341042757034302e-01,-1.235797535628080368e-02,-4.760451316833496094e-01,-1.371248811483383179e-01,2.695530652999877930e-01,-3.970481082797050476e-02,2.749970853328704834e-01
-2.297387072918090078e-01,1.278764164982119089e+00,5.040680229505806187e-01,9.920483231544494629e-01,-1.046619843691587448e-02,8.180892467498779297e-02,9.506793320178985596e-02,0.000000000000000000e+00,0.000000000000000000e+00,0.000000000000000000e+00,-1.100000000000000089e+00,2.000000000000000111e-01,-5.000000000000000000e-01,0.000000000000000000e+00,1.100000000000000089e+00,2.000000000000000111e-01,5.000000000000000000e-01,-5.680828690528869629e-01,6.303800344467163086e-01,4.173583984375000000e-01,6.697793602943420410e-01,-8.354172110557556152e-02,-2.120612263679504395e-01,-1.423029303550720215e-01,-6.085791587829589844e-01,-5.359017476439476013e-02,3.380653262138366699e-01,8.493144065141677856e-02,2.406196147203445435e-01
-2.356996333516306330e-01,1.315631228399397168e+00,5.081673481067021658e-01,9.936686158180236816e-01,-3.997823689132928848e-03,8.318206667900085449e-02,7.541498541831970215e-02,0.000000000000000000e+00,0.000000000000000000e+00,0.000000000000000000e+00,-1.100000000000000089e+00,2.000000000000000111e-01,-5.000000000000000000e-01,0.000000000000000000e+00,1.100000000000000089e+00,2.000000000000000111e-01,5.000000000000000000e-01,-5.652275085449218750e-01,5.980781912803649902e-01,4.880071580410003662e-01,7.854406237602233887e-01,-1.838165372610092163e-01,-1.687364429235458374e-01,-2.238346636295318604e-01,-6.720101833343505859e-01,-7.889602333307266235e-02,4.189902842044830322e-01,5.199858546257019043e-02,1.684175729751586914e-01
-2.398517295394581861e-01,1.348790618227888816e+00,5.141466672169138219e-01,9.952937960624694824e-01,-1.183245796710252762e-02,7.770875096321105957e-02,5.667073652148246765e-02,0.000000000000000000e+00,0.000000000000000000e+00,0.000000000000000000e+00,-1.100000000000000089e+00,2.000000000000000111e-01,-5.000000000000000000e-01,0.000000000000000000e+00,1.100000000000000089e+00,2.000000000000000111e-01,5.000000000000000000e-01,-5.089656710624694824e-01,5.775621533393859863e-01,5.640572309494018555e-01,8.197230100631713867e-01,-2.702379226684570312e-01,-1.330416947603225708e-01,-1.739672720432281494e-01,-6.246634125709533691e-01,-2.024913281202316284e-01,4.267983138561248779e-01,-5.192336067557334900e-02,1.888975650072097778e-01
-2.432099559304840564e-01,1.380205450062498951e+00,5.202518728480796106e-01,9.963235855102539062e-01,-1.279078982770442963e-02,7.044474035501480103e-02,4.704502969980239868e-02,0.000000000000000000e+00,0.000000000000000000e+00,0.000000000000000000e+00,-1.100000000000000089e+00,2.000000000000000111e-01,-5.000000000000000000e-01,0.000000000000000000e+00,1.100000000000000089e+00,2.000000000000000111e-01,5.000000000000000000e-01,-4.359948933124542236e-01,5.194688439369201660e-01,6.487702727317810059e-01,8.044653534889221191e-01,-3.359783589839935303e-01,-8.813615143299102783e-02,-1.320862472057342529e-01,-5.851149559020996094e-01,-3.340687453746795654e-01,5.485826134681701660e-01,-1.997990310192108154e-01,1.476039737462997437e-01
-2.462712777992992763e-01,1.410468951677433136e+00,5.256147133754660583e-01,9.972214698791503906e-01,-8.684885688126087189e-03,6.356414407491683960e-02,3.786145895719528198e-02,0.000000000000000000e+00,0.000000000000000000e+00,0.000000000000000000e+00,-1.100000000000000089e+00,2.000000000000000111e-01,-5.000000000000000000e-01,0.000000000000000000e+00,1.100000000000000089e+00,2.000000000000000111e-01,5.000000000000000000e-01,-3.647042512893676758e-01,4.410233795642852783e-01,7.311389446258544922e-01,7.639970183372497559e-01,-3.786158859729766846e-01,-4.301388934254646301e-02,-9.490430355072021484e-02,-5.160717964172363281e-01,-4.053787291049957275e-01,6.858673095703125000e-01,-3.238143622875213623e-01,1.335617303848266602e-01
-2.494373736244560602e-01,1.440897617072168124e+00,5.293601280089580419e-01,9.980901479721069336e-01,-3.775690915063023567e-03,5.704152211546897888e-02,2.340931445360183716e-02,0.000000000000000000e+00,0.000000000000000000e+00,0.000000000000000000e+00,-1.100000000000000089e+00,2.000000000000000111e-01,-5.000000000000000000e-01,0.000000000000000000e+00,1.100000000000000089e+00,2.000000000000000111e-01,5.000000000000000000e-01,-3.013454675674438477e-01,3.600220978260040283e-01,8.089255094528198242e-01,7.149700522422790527e-01,-4.055518209934234619e-01,-2.393243135884404182e-03,-6.716029345989227295e-02,-4.121935963630676270e-01,-4.365323781967163086e-01,8.044477105140686035e-01,-4.015192687511444092e-01,1.487890779972076416e-01
-2.526930473417495215e-01,1.471014721631401789e+00,5.311974816408121525e-01,9.986650943756103516e-01,-4.597459337674081326e-04,5.151783302426338196e-02,3.699541324749588966e-03,0.000000000000000000e+00,0.000000000000000000e+00,0.000000000000000000e+00,-1.100000000000000089e+00,2.000000000000000111e-01,-5.000000000000000000e-01,0.000000000000000000e+00,1.100000000000000089e+00,2.000000000000000111e-01,5.000000000000000000e-01,-2.543671131134033203e-01,2.886224389076232910e-01,8.793615102767944336e-01,6.739411950111389160e-01,-4.243988394737243652e-01,4.062859714031219482e-02,-3.910382837057113647e-02,-2.830374240875244141e-01,-4.541120231151580811e-01,8.775403499603271484e-01,-4.333242177963256836e-01,1.764871329069137573e-01
-2.559351234879306825e-01,1.499955667428898076e+00,5.312517888866590265e-01,9.986687302589416504e-01,1.626080484129488468e-03,4.794459789991378784e-02,-1.895855925977230072e-02,0.000000000000000000e+00,0.000000000000000000e+00,0.000000000000000000e+00,-1.100000000000000089e+00,2.000000000000000111e-01,-5.000000000000000000e-01,0.000000000000000000e+00,1.100000000000000089e+00,2.000000000000000111e-01,5.000000000000000000e-01,-2.292973548173904419e-01,2.275153249502182007e-01,9.350219964981079102e-01,6.499711871147155762e-01,-4.396519958972930908e-01,8.711460977792739868e-02,-9.547792375087738037e-03,-1.304498463869094849e-01,-4.433427155017852783e-01,8.853516578674316406e-01,-4.184684157371520996e-01,2.055042982101440430e-01
-2.600997169853912494e-01,1.528462321336823360e+00,5.295836679261139990e-01,9.980355501174926758e-01,5.678501445800065994e-03,4.677844792604446411e-02,-4.128688201308250427e-02,0.000000000000000000e+00,0.000000000000000000e+00,0.000000000000000000e+00,-1.100000000000000089e+00,2.000000000000000111e-01,-5.000000000000000000e-01,0.000000000000000000e+00,1.100000000000000089e+00,2.000000000000000111e-01,5.000000000000000000e-01,-2.223436683416366577e-01,1.650662124156951904e-01,9.734440445899963379e-01,6.343066096305847168e-01,-4.420794844627380371e-01,1.337839514017105103e-01,1.465107221156358719e-02,4.385818541049957275e-02,-3.655898869037628174e-01,8.203210830688476562e-01,-3.641297817230224609e-01,2.291493862867355347e-01
-2.651667532520462500e-01,1.556802565885914591e+00,5.269101986085826805e-01,9.970453977584838867e-01,1.246842555701732635e-02,4.629978910088539124e-02,-6.001115962862968445e-02,0.000000000000000000e+00,0.000000000000000000e+00,0.000000000000000000e+00,-1.100000000000000089e+00,2.000000000000000111e-01,-5.000000000000000000e-01,0.000000000000000000e+00,1.100000000000000089e+00,2.000000000000000111e-01,5.000000000000000000e-01,-2.320817261934280396e-01,9.842151403427124023e-02,9.989558458328247070e-01,6.274188756942749023e-01,-4.331679940223693848e-01,1.770804375410079956e-01,4.624442011117935181e-02,2.173144966363906860e-01,-2.294264584779739380e-01,6.682115197181701660e-01,-2.842263579368591309e-01,2.448407560586929321e-01
-2.713596268874978734e-01,1.585688041897133083e+00,5.233248408808551799e-01,9.959719181060791016e-01,2.448231354355812073e-02,4.498616233468055725e-02,-7.359860837459564209e-02,0.000000000000000000e+00,0.000000000000000000e+00,0.000000000000000000e+00,-1.100000000000000089e+00,2.000000000000000111e-01,-5.000000000000000000e-01,0.000000000000000000e+00,1.100000000000000089e+00,2.000000000000000111e-01,5.000000000000000000e-01,-2.509961724281311035e-01,1.605276763439178467e-02,1.000000000000000000e+00,6.102237105369567871e-01,-4.006129205226898193e-01,2.164587229490280151e-01,8.336292207241058350e-02,3.241823613643646240e-01,-8.832319825887680054e-02,4.694514870643615723e-01,-2.013371735811233521e-01,2.462728321552276611e-01
-2.798866325925395970e-01,1.617041259088901617e+00,5.195422249535719406e-01,9.954623579978942871e-01,3.272435814142227173e-02,3.902676701545715332e-02,-8.037810772657394409e-02,0.000000000000000000e+00,0.000000000000000000e+00,0.000000000000000000e+00,-1.100000000000000089e+00,2.000000000000000111e-01,-5.000000000000000000e-01,0.000000000000000000e+00,1.100000000000000089e+00,2.000000000000000111e-01,5.000000000000000000e-01,-2.692108154296875000e-01,-5.216353014111518860e-02,1.000000000000000000e+00,6.202229857444763184e-01,-3.286903500556945801e-01,2.581317126750946045e-01,7.683220505714416504e-02,3.303996324539184570e-01,-4.609230160713195801e-02,3.710636794567108154e-01,-1.343101561069488525e-01,2.176531553268432617e-01
-2.905136637878839578e-01,1.647946067828722772e+00,5.171851742297711718e-01,9.965699315071105957e-01,1.893802732229232788e-02,3.131176158785820007e-02,-7.422453165054321289e-02,0.000000000000000000e+00,0.000000000000000000e+00,0.000000000000000000e+00,-1.100000000000000089e+00,2.000000000000000111e-01,-5.000000000000000000e-01,0.000000000000000000e+00,1.100000000000000089e+00,2.000000000000000111e-01,5.000000000000000000e-01,-3.327752947807312012e-01,-3.702447284013032913e-03,9.757260680198669434e-01,7.671158313751220703e-01,-1.929926723241806030e-01,2.571320831775665283e-01,-2.506680600345134735e-02,3.071099221706390381e-01,-1.390316784381866455e-01,5.789391994476318359e-01,-2.950436770915985107e-01,-2.287792712450027466e-01
-3.014191441760972201e-01,1.678147207453395406e+00,5.141255338926508101e-01,9.979404807090759277e-01,1.482556201517581940e-02,2.801598608493804932e-02,-5.576805770397186279e-02,0.000000000000000000e+00,0.000000000000000000e+00,0.000000000000000000e+00,-1.100000000000000089e+00,2.000000000000000111e-01,-5.000000000000000000e-01,0.000000000000000000e+00,1.100000000000000089e+00,2.000000000000000111e-01,5.000000000000000000e-01,-4.747060835361480713e-01,-1.309592742472887039e-03,8.290637731552124023e-01,9.011346697807312012e-01,6.017571315169334412e-02,1.019670441746711731e-01,-3.297290951013565063e-02,2.658189535140991211e-01,-1.480088084936141968e-01,5.765076279640197754e-01,-4.324209392070770264e-01,-2.804526686668395996e-01
-3.105226868963000819e-01,1.705249014289090148e+00,5.137020785406682943e-01,9.991743564605712891e-01,9.166361764073371887e-03,2.608903497457504272e-02,-2.976301871240139008e-02,0.000000000000000000e+00,0.000000000000000000e+00,0.000000000000000000e+00,-1.100000000000000089e+00,2.000000000000000111e-01,-5.000000000000000000e-01,0.000000000000000000e+00,1.100000000000000089e+00,2.000000000000000111e-01,5.000000000000000000e-01,-6.339919567108154297e-01,-8.246695250272750854e-02,5.794677734375000000e-01,9.925659298896789551e-01,2.673125565052032471e-01,-2.169778198003768921e-01,-2.407742291688919067e-02,2.262963652610778809e-01,-1.709643751382827759e-01,5.346605777740478516e-01,-5.059494376182556152e-01,-2.659620642662048340e-01
-3.176225911837183835e-01,1.729999998296150032e+00,5.148519140655043458e-01,9.997712969779968262e-01,4.443092737346887589e-03,1.926748827099800110e-02,-8.150650188326835632e-03,0.000000000000000000e+00,0.000000000000000000e+00,0.000000000000000000e+00,-1.100000000000000089e+00,2.000000000000000111e-01,-5.000000000000000000e-01,0.000000000000000000e+00,1.100000000000000089e+00,2.000000000000000111e-01,5.000000000000000000e-01,-6.689751744270324707e-01,-4.589675739407539368e-02,4.858539104461669922e-01,1.119301080703735352e+00,1.514478623867034912e-01,-2.588601112365722656e-01,-7.297867443412542343e-03,1.768911182880401611e-01,-2.015846073627471924e-01,5.099604129791259766e-01,-5.407410860061645508e-01,-2.287314683198928833e-01
-3.228360660253751235e-01,1.751786836358633970e+00,5.193357909884718238e-01,9.998781085014343262e-01,-1.511948066763579845e-03,1.332017127424478531e-02,8.005358278751373291e-03,0.000000000000000000e+00,0.000000000000000000e+00,0.000000000000000000e+00,-1.100000000000000089e+00,2.000000000000000111e-01,-5.000000000000000000e-01,0.000000000000000000e+00,1.100000000000000089e+00,2.000000000000000111e-01,5.000000000000000000e-01,-6.488461494445800781e-01,8.396265655755996704e-02,4.396032392978668213e-01,1.201886653900146484e+00,-1.604208536446094513e-02,-2.577284276485443115e-01,-3.357238834723830223e-03,1.330553293228149414e-01,-2.202668339014053345e-01,5.098604559898376465e-01,-5.267718434333801270e-01,-1.840627193450927734e-01
-3.261169211987895444e-01,1.773904001980718848e+00,5.248481425191416916e-01,9.996643066406250000e-01,4.139863303862512112e-04,8.300466462969779968e-03,2.453969977796077728e-02,0.000000000000000000e+00,0.000000000000000000e+00,0.000000000000000000e+00,-1.100000000000000089e+00,2.000000000000000111e-01,-5.000000000000000000e-01,0.000000000000000000e+00,1.100000000000000089e+00,2.000000000000000111e-01,5.000000000000000000e-01,-6.001399159431457520e-01,2.151284962892532349e-01,4.182683825492858887e-01,1.207417368888854980e+00,-1.342145353555679321e-01,-2.340761125087738037e-01,3.642340190708637238e-03,7.405071705579757690e-02,-2.308527827262878418e-01,5.082168579101562500e-01,-5.059332847595214844e-01,-1.233508139848709106e-01
-3.288388850600129643e-01,1.797296972687196348e+00,5.292031020121742424e-01,9.990637302398681641e-01,5.385451484471559525e-03,3.992397338151931763e-03,4.274035245180130005e-02,0.000000000000000000e+00,0.000000000000000000e+00,0.000000000000000000e+00,-1.100000000000000089e+00,2.000000000000000111e-01,-5.000000000000000000e-01,0.000000000000000000e+00,1.100000000000000089e+00,2.000000000000000111e-01,5.000000000000000000e-01,-5.494735240936279297e-01,3.140262067317962646e-01,3.913993835449218750e-01,1.151977896690368652e+00,-2.000497132539749146e-01,-1.762701719999313354e-01,1.181746646761894226e-02,5.667306017130613327e-03,-2.365831136703491211e-01,5.133522748947143555e-01,-4.898862838745117188e-01,-5.705560371279716492e-02
-3.316768746081777408e-01,1.822315008838971462e+00,5.311410984299098637e-01,9.981698989868164062e-01,7.993155159056186676e-03,1.172215677797794342e-03,5.992993339896202087e-02,0.000000000000000000e+00,0.000000000000000000e+00,0.000000000000000000e+00,-1.100000000000000089e+00,2.000000000000000111e-01,-5.000000000000000000e-01,0.000000000000000000e+00,1.100000000000000089e+00,2.000000000000000111e-01,5.000000000000000000e-01,-5.164102315902709961e-01,3.785098195075988770e-01,3.380932211875915527e-01,1.054024934768676758e+00,-2.263130843639373779e-01,-1.285728067159652710e-01,1.595555990934371948e-02,-5.929985642433166504e-02,-2.408425360918045044e-01,5.266446471214294434e-01,-4.812436103820800781e-01,7.707949727773666382e-03
-3.345114595736518037e-01,1.847914149129029404e+00,5.304190777836724768e-01,9.970877170562744141e-01,6.015011575073003769e-03,3.426974290050566196e-04,7.602531462907791138e-02,0.000000000000000000e+00,0.000000000000000000e+00,0.000000000000000000e+00,-1.100000000000000089e+00,2.000000000000000111e-01,-5.000000000000000000e-01,0.000000000000000000e+00,1.100000000000000089e+00,2.000000000000000111e-01,5.000000000000000000e-01,-5.005134940147399902e-01,4.421285092830657959e-01,2.850586473941802979e-01,9.343873858451843262e-01,-2.282746434211730957e-01,-9.255823493003845215e-02,1.355018746107816696e-02,-1.157468929886817932e-01,-2.469420433044433594e-01,5.496674180030822754e-01,-4.800297021865844727e-01,6.595773994922637939e-02
-3.370924654076195570e-01,1.872716118837847832e+00,5.275910736274237456e-01,9.957405328750610352e-01,-7.547059794887900352e-04,1.635152730159461498e-03,9.218207001686096191e-02,0.000000000000000000e+00,0.000000000000000000e+00,0.000000000000000000e+00,-1.100000000000000089e+00,2.000000000000000111e-01,-5.000000000000000000e-01,0.000000000000000000e+00,1.100000000000000089e+00,2.000000000000000111e-01,5.000000000000000000e-01,-5.020118355751037598e-01,5.226414203643798828e-01,2.543184161186218262e-01,8.136972188949584961e-01,-2.075575739145278931e-01,-5.792266875505447388e-02,7.542779669165611267e-03,-1.622949689626693726e-01,-2.539307773113250732e-01,5.754306912422180176e-01,-4.794550538063049316e-01,1.172921285033226013e-01
-3.397503442275855434e-01,1.897340884169544717e+00,5.233759926598180456e-01,9.940416812896728516e-01,-1.138406060636043549e-02,4.262698348611593246e-03,1.083205714821815491e-01,0.000000000000000000e+00,0.000000000000000000e+00,0.000000000000000000e+00,-1.100000000000000089e+00,2.000000000000000111e-01,-5.000000000000000000e-01,0.000000000000000000e+00,1.100000000000000089e+00,2.000000000000000111e-01,5.000000000000000000e-01,-5.209611058235168457e-01,6.084997653961181641e-01,2.333972603082656860e-01,7.059661746025085449e-01,-1.725667417049407959e-01,-3.088523074984550476e-02,2.877959050238132477e-03,-1.999288201332092285e-01,-2.589784860610961914e-01,5.953207612037658691e-01,-4.729373455047607422e-01,1.618288457393646240e-01
-3.430030285551993741e-01,1.923413676646622772e+00,5.184997168220956132e-01,9.921172857284545898e-01,-2.402093075215816498e-02,8.067662827670574188e-03,1.227240115404129028e-01,0.000000000000000000e+00,0.000000000000000000e+00,0.000000000000000000e+00,-1.100000000000000089e+00,2.000000000000000111e-01,-5.000000000000000000e-01,0.000000000000000000e+00,1.100000000000000089e+00,2.000000000000000111e-01,5.000000000000000000e-01,-5.513353943824768066e-01,6.825239658355712891e-01,2.097346335649490356e-01,6.225628852844238281e-01,-1.177387908101081848e-01,-2.014967799186706543e-02,2.595707541331648827e-03,-2.317155301570892334e-01,-2.597920894622802734e-01,6.004463434219360352e-01,-4.564192295074462891e-01,1.994747072458267212e-01
-3.470435001020027999e-01,1.952417233550187259e+00,5.136082864394693193e-01,9.902052283287048340e-01,-3.370013833045959473e-02,1.612791046500205994e-02,1.345283091068267822e-01,0.000000000000000000e+00,0.000000000000000000e+00,0.000000000000000000e+00,-1.100000000000000089e+00,2.000000000000000111e-01,-5.000000000000000000e-01,0.000000000000000000e+00,1.100000000000000089e+00,2.000000000000000111e-01,5.000000000000000000e-01,-5.971084237098693848e-01,7.290019989013671875e-01,1.858363449573516846e-01,5.784774422645568848e-01,-2.421355433762073517e-02,-1.020341552793979645e-02,7.780930958688259125e-03,-2.710511684417724609e-01,-2.573756873607635498e-01,5.733978748321533203e-01,-4.248805642127990723e-01,2.351198941469192505e-01
-3.511748573989277866e-01,1.983948651582303713e+00,5.100347617125571276e-01,9.889242053031921387e-01,-3.355702385306358337e-02,3.195713832974433899e-02,1.410020738840103149e-01,0.000000000000000000e+00,0.000000000000000000e+00,0.000000000000000000e+00,-1.100000000000000089e+00,2.000000000000000111e-01,-5.000000000000000000e-01,0.000000000000000000e+00,1.100000000000000089e+00,2.000000000000000111e-01,5.000000000000000000e-01,-6.382595300674438477e-01,7.098206281661987305e-01,1.566267013549804688e-01,5.417071580886840820e-01,1.576183438301086426e-01,-4.620398953557014465e-02,1.283042039722204208e-02,-3.345742821693420410e-01,-2.429851293563842773e-01,4.956068098545074463e-01,-3.537378013134002686e-01,2.615621685981750488e-01
-3.545663199904892093e-01,2.020231206278608305e+00,5.079798469429064323e-01,9.893763065338134766e-01,-2.209090255200862885e-02,4.977673292160034180e-02,1.347918957471847534e-01,0.000000000000000000e+00,0.000000000000000000e+00,0.000000000000000000e+00,-1.100000000000000089e+00,2.000000000000000111e-01,-5.000000000000000000e-01,0.000000000000000000e+00,1.100000000000000089e+00,2.000000000000000111e-01,5.000000000000000000e-01,-5.346084237098693848e-01,6.309285163879394531e-01,2.524255216121673584e-01,4.298997819423675537e-01,1.604811847209930420e-01,-2.373065799474716187e-01,1.323756761848926544e-02,-4.240614473819732666e-01,-1.884451955556869507e-01,3.887042701244354248e-01,-2.372838705778121948e-01,2.760391831398010254e-01
-3.603583870527118371e-01,2.060301649853436778e+00,5.084608895655232663e-01,9.916335344314575195e-01,-1.562358438968658447e-02,6.632535904645919800e-02,1.096347570419311523e-01,0.000000000000000000e+00,0.000000000000000000e+00,0.000000000000000000e+00,-1.100000000000000089e+00,2.000000000000000111e-01,-5.000000000000000000e-01,0.000000000000000000e+00,1.100000000000000089e+00,2.000000000000000111e-01,5.000000000000000000e-01,-4.935523271560668945e-01,5.943403840065002441e-01,3.852622210979461670e-01,4.975652992725372314e-01,-7.397247944027185440e-03,-2.519494593143463135e-01,-2.563033439218997955e-02,-5.014642477035522461e-01,-1.087635308504104614e-01,3.048976659774780273e-01,-6.161217764019966125e-02,2.666779756546020508e-01
-3.680446061507017808e-01,2.099147107968426518e+00,5.114655168286779130e-01,9.932089447975158691e-01,-5.450753495097160339e-03,7.764879614114761353e-02,8.646937459707260132e-02,0.000000000000000000e+00,0.000000000000000000e+00,0.000000000000000000e+00,-1.100000000000000089e+00,2.000000000000000111e-01,-5.000000000000000000e-01,0.000000000000000000e+00,1.100000000000000089e+00,2.000000000000000111e-01,5.000000000000000000e-01,-5.360516905784606934e-01,5.578798055648803711e-01,4.616447985172271729e-01,6.665441989898681641e-01,-1.171125471591949463e-01,-1.874649822711944580e-01,-1.324841827154159546e-01,-5.896537899971008301e-01,-3.268405795097351074e-02,3.512245714664459229e-01,4.107566922903060913e-02,2.203065752983093262e-01
-3.743442051496469469e-01,2.134264631075690311e+00,5.151871824219371732e-01,9.949070811271667480e-01,-7.834831252694129944e-03,7.487880438566207886e-02,6.701974570751190186e-02,0.000000000000000000e+00,0.000000000000000000e+00,0.000000000000000000e+00,-1.100000000000000089e+00,2.000000000000000111e-01,-5.000000000000000000e-01,0.000000000000000000e+00,1.100000000000000089e+00,2.000000000000000111e-01,5.000000000000000000e-01,-5.197153091430664062e-01,5.393673181533813477e-01,5.257975459098815918e-01,7.559066414833068848e-01,-2.145728170871734619e-01,-1.486083865165710449e-01,-1.636368781328201294e-01,-6.215286850929260254e-01,-8.967841416597366333e-02,4.098479747772216797e-01,-3.060541860759258270e-02,1.487312167882919312e-01
-3.792572255688484439e-01,2.166987486972351107e+00,5.201126171121693842e-01,9.961721301078796387e-01,-1.254302170127630234e-02,6.915107369422912598e-02,5.197986587882041931e-02,0.000000000000000000e+00,0.000000000000000000e+00,0.000000000000000000e+00,-1.100000000000000089e+00,2.000000000000000111e-01,-5.000000000000000000e-01,0.000000000000000000e+00,1.100000000000000089e+00,2.000000000000000111e-01,5.000000000000000000e-01,-4.719577133655548096e-01,5.080230236053466797e-01,5.952087044715881348e-01,7.801669239997863770e-01,-2.879618108272552490e-01,-1.076771020889282227e-01,-1.315665692090988159e-01,-6.059957146644592285e-01,-2.142238467931747437e-01,4.817742407321929932e-01,-1.558259427547454834e-01,1.195540949702262878e-01
-3.830868413449838861e-01,2.197110902465353011e+00,5.251073475159478976e-01,9.970337152481079102e-01,-1.074014604091644287e-02,6.269486248493194580e-02,4.333335161209106445e-02,0.000000000000000000e+00,0.000000000000000000e+00,0.000000000000000000e+00,-1.100000000000000089e+00,2.000000000000000111e-01,-5.000000000000000000e-01,0.000000000000000000e+00,1.100000000000000089e+00,2.000000000000000111e-01,5.000000000000000000e-01,-4.111267924308776855e-01,4.438818991184234619e-01,6.669043898582458496e-01,7.567598819732666016e-01,-3.378019630908966064e-01,-6.151765584945678711e-02,-9.083518385887145996e-02,-5.581922531127929688e-01,-3.072788119316101074e-01,6.044250726699829102e-01,-2.804606258869171143e-01,9.766715764999389648e-02
-3.864822067508492665e-01,2.224842806214636148e+00,5.289580550970452988e-01,9.976381063461303711e-01,-5.271403584629297256e-03,5.713129043579101562e-02,3.776875138282775879e-02,0.000000000000000000e+00,0.000000000000000000e+00,0.000000000000000000e+00,-1.100000000000000089e+00,2.000000000000000111e-01,-5.000000000000000000e-01,0.000000000000000000e+00,1.100000000000000089e+00,2.000000000000000111e-01,5.000000000000000000e-01,-3.573477268218994141e-01,3.640682399272918701e-01,7.280194163322448730e-01,7.124992012977600098e-01,-3.655481934547424316e-01,-2.029951661825180054e-02,-5.101596191525459290e-02,-4.698738157749176025e-01,-3.667042553424835205e-01,7.255429029464721680e-01,-3.697387576103210449e-01,1.119545772671699524e-01
-3.897288500201521733e-01,2.250932040334951978e+00,5.311756840077312969e-01,9.981154799461364746e-01,4.370100505184382200e-04,5.312628671526908875e-02,3.070573508739471436e-02,0.000000000000000000e+00,0.000000000000000000e+00,0.000000000000000000e+00,-1.100000000000000089e+00,2.000000000000000111e-01,-5.000000000000000000e-01,0.000000000000000000e+00,1.100000000000000089e+00,2.000000000000000111e-01,5.000000000000000000e-01,-3.176804482936859131e-01,2.841095626354217529e-01,7.810251712799072266e-01,6.631498932838439941e-01,-3.781377673149108887e-01,1.915298961102962494e-02,-2.091715857386589050e-02,-3.450100123882293701e-01,-4.102599322795867920e-01,8.219293951988220215e-01,-4.185285866260528564e-01,1.510538756847381592e-01
-3.930711952785048702e-01,2.275830002667928120e+00,5.319527592472356181e-01,9.985361099243164062e-01,3.297491697594523430e-03,5.066642910242080688e-02,1.864913105964660645e-02,0.000000000000000000e+00,0.000000000000000000e+00,0.000000000000000000e+00,-1.100000000000000089e+00,2.000000000000000111e-01,-5.000000000000000000e-01,0.000000000000000000e+00,1.100000000000000089e+00,2.000000000000000111e-01,5.000000000000000000e-01,-2.907147407531738281e-01,2.155466377735137939e-01,8.275173306465148926e-01,6.178623437881469727e-01,-3.866558670997619629e-01,6.084731593728065491e-02,1.821864861994981766e-03,-1.840621083974838257e-01,-4.335649013519287109e-01,8.520889282226562500e-01,-4.120705723762512207e-01,1.948515027761459351e-01
-3.972805881018590668e-01,2.300439987128431341e+00,5.312202757371193851e-01,9.987766146659851074e-01,4.421233665198087692e-03,4.922730103135108948e-02,1.554797403514385223e-03,0.000000000000000000e+00,0.000000000000000000e+00,0.000000000000000000e+00,-1.100000000000000089e+00,2.000000000000000111e-01,-5.000000000000000000e-01,0.000000000000000000e+00,1.100000000000000089e+00,2.000000000000000111e-01,5.000000000000000000e-01,-2.735797166824340820e-01,1.563699394464492798e-01,8.704259395599365234e-01,5.822351574897766113e-01,-3.967109322547912598e-01,1.040028780698776245e-01,2.746920473873615265e-02,-2.557030180469155312e-03,-4.263952076435089111e-01,8.031502962112426758e-01,-3.507313728332519531e-01,2.218901067972183228e-01
-4.024058551883155643e-01,2.325008784442236909e+00,5.287989946545073039e-01,9.986564517021179199e-01,7.393667008727788925e-03,4.793386161327362061e-02,-1.824544556438922882e-02,0.000000000000000000e+00,0.000000000000000000e+00,0.000000000000000000e+00,-1.100000000000000089e+00,2.000000000000000111e-01,-5.000000000000000000e-01,0.000000000000000000e+00,1.100000000000000089e+00,2.000000000000000111e-01,5.000000000000000000e-01,-2.677332460880279541e-01,9.544602036476135254e-02,9.112258553504943848e-01,5.550085306167602539e-01,-4.044265747070312500e-01,1.482159346342086792e-01,6.822895258665084839e-02,1.766922920942306519e-01,-3.746745586395263672e-01,6.758373975753784180e-01,-2.510948777198791504e-01,2.393750101327896118e-01
-4.087945130881335820e-01,2.351730772711412065e+00,5.252450255184161199e-01,9.980303049087524414e-01,1.646011509001255035e-02,4.586241021752357483e-02,-3.951291739940643311e-02,0.000000000000000000e+00,0.000000000000000000e+00,0.000000000000000000e+00,-1.100000000000000089e+00,2.000000000000000111e-01,-5.000000000000000000e-01,0.000000000000000000e+00,1.100000000000000089e+00,2.000000000000000111e-01,5.000000000000000000e-01,-2.693554461002349854e-01,1.847268827259540558e-02,9.491525888442993164e-01,5.213071703910827637e-01,-3.919731974601745605e-01,1.865626424551010132e-01,1.078443750739097595e-01,3.066238462924957275e-01,-2.853251099586486816e-01,5.117165446281433105e-01,-1.654032319784164429e-01,2.463979572057723999e-01
-4.169704108233704964e-01,2.381861993833021884e+00,5.213427094460436617e-01,9.968913197517395020e-01,2.453686110675334930e-02,3.944568708539009094e-02,-6.363650411367416382e-02,0.000000000000000000e+00,0.000000000000000000e+00,0.000000000000000000e+00,-1.100000000000000089e+00,2.000000000000000111e-01,-5.000000000000000000e-01,0.000000000000000000e+00,1.100000000000000089e+00,2.000000000000000111e-01,5.000000000000000000e-01,-2.663934826850891113e-01,-5.365694314241409302e-02,9.826397299766540527e-01,4.944796860218048096e-01,-3.564922213554382324e-01,2.253518402576446533e-01,1.152664273977279663e-01,3.368397653102874756e-01,-2.268574684858322144e-01,4.174610972404479980e-01,-1.343382596969604492e-01,2.150852382183074951e-01
-4.273380709447041625e-01,2.414922318609074026e+00,5.176942008613335533e-01,9.956384897232055664e-01,1.604549400508403778e-02,2.962067350745201111e-02,-8.700080960988998413e-02,0.000000000000000000e+00,0.000000000000000000e+00,0.000000000000000000e+00,-1.100000000000000089e+00,2.000000000000000111e-01,-5.000000000000000000e-01,0.000000000000000000e+00,1.100000000000000089e+00,2.000000000000000111e-01,5.000000000000000000e-01,-2.831191420555114746e-01,-4.253197461366653442e-02,9.955671429634094238e-01,5.650661587715148926e-01,-3.030890524387359619e-01,2.527917325496673584e-01,7.982578873634338379e-02,3.083744049072265625e-01,-2.360632121562957764e-01,4.729527533054351807e-01,-1.911926418542861938e-01,-3.640263155102729797e-02
-4.386294939963504280e-01,2.447360684254554553e+00,5.126266040841136462e-01,9.942101240158081055e-01,1.210824772715568542e-02,2.350347489118576050e-02,-1.041498184204101562e-01,0.000000000000000000e+00,0.000000000000000000e+00,0.000000000000000000e+00,-1.100000000000000089e+00,2.000000000000000111e-01,-5.000000000000000000e-01,0.000000000000000000e+00,1.100000000000000089e+00,2.000000000000000111e-01,5.000000000000000000e-01,-3.430460989475250244e-01,-4.343643784523010254e-03,9.906133413314819336e-01,7.013801932334899902e-01,-1.979479044675827026e-01,2.438569366931915283e-01,4.282984882593154907e-02,2.618075311183929443e-01,-2.278541326522827148e-01,5.551210045814514160e-01,-3.800039887428283691e-01,-2.270192503929138184e-01
-4.507301282265571696e-01,2.478278613093525262e+00,5.082351076061075723e-01,9.942677617073059082e-01,5.095995962619781494e-03,1.857800781726837158e-02,-1.051690131425857544e-01,0.000000000000000000e+00,0.000000000000000000e+00,0.000000000000000000e+00,-1.100000000000000089e+00,2.000000000000000111e-01,-5.000000000000000000e-01,0.000000000000000000e+00,1.100000000000000089e+00,2.000000000000000111e-01,5.000000000000000000e-01,-4.708454608917236328e-01,2.122799307107925415e-02,8.607480525970458984e-01,8.303429484367370605e-01,-3.449805313721299171e-03,1.039315983653068542e-01,1.433149445801973343e-02,2.295546978712081909e-01,-2.189069092273712158e-01,5.826168060302734375e-01,-5.018046498298645020e-01,-2.573326826095581055e-01
-4.617123570428653401e-01,2.507046672521215491e+00,5.063874156682780514e-01,9.956324100494384766e-01,-3.520066849887371063e-03,1.293420884758234024e-02,-9.239310026168823242e-02,0.000000000000000000e+00,0.000000000000000000e+00,0.000000000000000000e+00,-1.100000000000000089e+00,2.000000000000000111e-01,-5.000000000000000000e-01,0.000000000000000000e+00,1.100000000000000089e+00,2.000000000000000111e-01,5.000000000000000000e-01,-6.043564677238464355e-01,-3.243952617049217224e-02,6.305953264236450195e-01,8.992364406585693359e-01,1.617351025342941284e-01,-2.042397409677505493e-01,-9.420746937394142151e-03,1.939920186996459961e-01,-2.348972856998443604e-01,6.031374335289001465e-01,-5.728377699851989746e-01,-2.360066920518875122e-01
-4.707703323301040688e-01,2.532338237828678729e+00,5.067655734627535269e-01,9.973850846290588379e-01,-9.645075537264347076e-03,5.449376534670591354e-03,-7.141605764627456665e-02,0.000000000000000000e+00,0.000000000000000000e+00,0.000000000000000000e+00,-1.100000000000000089e+00,2.000000000000000111e-01,-5.000000000000000000e-01,0.000000000000000000e+00,1.100000000000000089e+00,2.000000000000000111e-01,5.000000000000000000e-01,-6.375387907028198242e-01,5.924703553318977356e-03,5.568558573722839355e-01,1.009745359420776367e+00,7.872188836336135864e-02,-2.491846531629562378e-01,-2.036743797361850739e-02,1.476657390594482422e-01,-2.637986242771148682e-01,6.174132823944091797e-01,-6.102934479713439941e-01,-1.946187168359756470e-01
-4.781028485019700458e-01,2.553596452149478058e+00,5.109726827245468783e-01,9.984245896339416504e-01,-1.984571106731891632e-02,-2.073881449177861214e-03,-5.244204401969909668e-02,0.000000000000000000e+00,0.000000000000000000e+00,0.000000000000000000e+00,-1.100000000000000089e+00,2.000000000000000111e-01,-5.000000000000000000e-01,0.000000000000000000e+00,1.100000000000000089e+00,2.000000000000000111e-01,5.000000000000000000e-01,-6.381682157516479492e-01,1.359749585390090942e-01,5.216760635375976562e-01,1.136219382286071777e+00,-9.151608496904373169e-02,-2.376099228858947754e-01,-1.608693785965442657e-02,1.139361038804054260e-01,-2.882311344146728516e-01,6.057175993919372559e-01,-5.901427865028381348e-01,-1.517364531755447388e-01
-4.838421445324866399e-01,2.573640974260339664e+00,5.171089863122412256e-01,9.991081357002258301e-01,-2.181054092943668365e-02,-7.163196336477994919e-03,-3.543861210346221924e-02,0.000000000000000000e+00,0.000000000000000000e+00,0.000000000000000000e+00,-1.100000000000000089e+00,2.000000000000000111e-01,-5.000000000000000000e-01,0.000000000000000000e+00,1.100000000000000089e+00,2.000000000000000111e-01,5.000000000000000000e-01,-6.095250248908996582e-01,2.698491811752319336e-01,5.108969211578369141e-01,1.188373565673828125e+00,-2.067580670118331909e-01,-1.873875409364700317e-01,-8.391344919800758362e-03,6.613291800022125244e-02,-3.018015027046203613e-01,5.803415775299072266e-01,-5.571206212043762207e-01,-1.033962965011596680e-01
-4.888256647249664688e-01,2.593959855912911561e+00,5.232837782920610747e-01,9.995520710945129395e-01,-1.709513179957866669e-02,-9.245845489203929901e-03,-2.275917865335941315e-02,0.000000000000000000e+00,0.000000000000000000e+00,0.000000000000000000e+00,-1.100000000000000089e+00,2.000000000000000111e-01,-5.000000000000000000e-01,0.000000000000000000e+00,1.100000000000000089e+00,2.000000000000000111e-01,5.000000000000000000e-01,-5.693104267120361328e-01,3.750827610492706299e-01,5.016879439353942871e-01,1.171167373657226562e+00,-2.638827264308929443e-01,-1.172202080488204956e-01,-5.109606310725212097e-03,3.255697200074791908e-03,-3.036294579505920410e-01,5.534890890121459961e-01,-5.205610990524291992e-01,-5.169128254055976868e-02
-4.935086682160394478e-01,2.614715520613121402e+00,5.281140507441578480e-01,9.997773170471191406e-01,-1.066931989043951035e-02,-9.363591670989990234e-03,-1.561666373163461685e-02,0.000000000000000000e+00,0.000000000000000000e+00,0.000000000000000000e+00,-1.100000000000000089e+00,2.000000000000000111e-01,-5.000000000000000000e-01,0.000000000000000000e+00,1.100000000000000089e+00,2.000000000000000111e-01,5.000000000000000000e-01,-5.266189575195312500e-01,4.502395391464233398e-01,4.807258248329162598e-01,1.103069543838500977e+00,-2.784032821655273438e-01,-7.208618521690368652e-02,-8.474787697196006775e-03,-6.585373729467391968e-02,-2.973588705062866211e-01,5.331535935401916504e-01,-4.841625094413757324e-01,1.264189486391842365e-03
-4.979479949289198903e-01,2.637706252330481504e+00,5.305984411644514287e-01,9.998647570610046387e-01,-5.818618927150964737e-03,-7.922137156128883362e-03,-1.318722683936357498e-02,0.000000000000000000e+00,0.000000000000000000e+00,0.000000000000000000e+00,-1.100000000000000089e+00,2.000000000000000111e-01,-5.000000000000000000e-01,0.000000000000000000e+00,1.100000000000000089e+00,2.000000000000000111e-01,5.000000000000000000e-01,-4.863720536231994629e-01,5.135334730148315430e-01,4.549401700496673584e-01,1.012114524841308594e+00,-2.693811655044555664e-01,-4.595182090997695923e-02,-2.213432267308235168e-02,-1.327482759952545166e-01,-2.859276831150054932e-01,5.266561508178710938e-01,-4.527514278888702393e-01,5.476792901754379272e-02
-5.023178598510495974e-01,2.663787016513371686e+00,5.302311199075645520e-01,9.998918771743774414e-01,-4.029161296784877777e-03,-5.499789956957101822e-03,-1.302655600011348724e-02,0.000000000000000000e+00,0.000000000000000000e+00,0.000000000000000000e+00,-1.100000000000000089e+00,2.000000000000000111e-01,-5.000000000000000000e-01,0.000000000000000000e+00,1.100000000000000089e+00,2.000000000000000111e-01,5.000000000000000000e-01,-4.510074853897094727e-01,5.796108841896057129e-01,4.293234050273895264e-01,9.222885370254516602e-01,-2.537281811237335205e-01,-2.524218894541263580e-02,-4.603759571909904480e-02,-1.938306242227554321e-01,-2.717803120613098145e-01,5.365082621574401855e-01,-4.284256100654602051e-01,1.078059077262878418e-01
-5.064974418162095926e-01,2.690821894235683409e+00,5.269230695919255858e-01,9.999138116836547852e-01,-5.969669204205274582e-03,-2.967398613691329956e-03,-1.131193619221448898e-02,0.000000000000000000e+00,0.000000000000000000e+00,0.000000000000000000e+00,-1.100000000000000089e+00,2.000000000000000111e-01,-5.000000000000000000e-01,0.000000000000000000e+00,1.100000000000000089e+00,2.000000000000000111e-01,5.000000000000000000e-01,-4.268181025981903076e-01,6.462391018867492676e-01,3.915906846523284912e-01,8.406882286071777344e-01,-2.356407642364501953e-01,-1.408393122255802155e-02,-7.471337914466857910e-02,-2.478951811790466309e-01,-2.569563686847686768e-01,5.603519678115844727e-01,-4.115226864814758301e-01,1.584949940443038940e-01
-5.107450739158825304e-01,2.716977227083360091e+00,5.211682453427952666e-01,9.999106526374816895e-01,-1.255398988723754883e-02,-5.156600382179021835e-04,-4.562731832265853882e-03,0.000000000000000000e+00,0.000000000000000000e+00,0.000000000000000000e+00,-1.100000000000000089e+00,2.000000000000000111e-01,-5.000000000000000000e-01,0.000000000000000000e+00,1.100000000000000089e+00,2.000000000000000111e-01,5.000000000000000000e-01,-4.262972176074981689e-01,7.077835202217102051e-01,3.238934874534606934e-01,7.650996446609497070e-01,-2.162256389856338501e-01,-1.327001024037599564e-02,-1.019144579768180847e-01,-2.937787771224975586e-01,-2.446576356887817383e-01,5.897098183631896973e-01,-3.962315917015075684e-01,2.026562243700027466e-01
-5.151640146519198549e-01,2.743677127084346523e+00,5.139276113842773386e-01,9.996246695518493652e-01,-2.585082687437534332e-02,2.072217408567667007e-03,8.826243691146373749e-03,0.000000000000000000e+00,0.000000000000000000e+00,0.000000000000000000e+00,-1.100000000000000089e+00,2.000000000000000111e-01,-5.000000000000000000e-01,0.000000000000000000e+00,1.100000000000000089e+00,2.000000000000000111e-01,5.000000000000000000e-01,-4.558199942111968994e-01,7.721953392028808594e-01,2.300753444433212280e-01,7.050543427467346191e-01,-1.937571913003921509e-01,-1.162555441260337830e-02,-1.174414604902267456e-01,-3.277236223220825195e-01,-2.449128478765487671e-01,6.078805923461914062e-01,-3.731029033660888672e-01,2.324952930212020874e-01
-5.196143854988946043e-01,2.772032484659040730e+00,5.061640418283265275e-01,9.985615015029907227e-01,-4.465758800506591797e-02,5.624586250633001328e-03,2.913781069219112396e-02,0.000000000000000000e+00,0.000000000000000000e+00,0.000000000000000000e+00,-1.100000000000000089e+00,2.000000000000000111e-01,-5.000000000000000000e-01,0.000000000000000000e+00,1.100000000000000089e+00,2.000000000000000111e-01,5.000000000000000000e-01,-5.133079886436462402e-01,8.308969140052795410e-01,1.385555118322372437e-01,6.714015603065490723e-01,-1.626344919204711914e-01,6.804439704865217209e-03,-1.085980534553527832e-01,-3.501283824443817139e-01,-2.639808356761932373e-01,5.932789444923400879e-01,-3.334148526191711426e-01,2.500440180301666260e-01
-5.230938690088011711e-01,2.802239603063072959e+00,4.995212027671361299e-01,9.970372915267944336e-01,-5.423138663172721863e-02,1.387813966721296310e-02,5.275390669703483582e-02,0.000000000000000000e+00,0.000000000000000000e+00,0.000000000000000000e+00,-1.100000000000000089e+00,2.000000000000000111e-01,-5.000000000000000000e-01,0.000000000000000000e+00,1.100000000000000089e+00,2.000000000000000111e-01,5.000000000000000000e-01,-5.527207255363464355e-01,8.315245509147644043e-01,1.145607531070709229e-01,6.279336810111999512e-01,-8.334172517061233521e-02,-1.885483041405677795e-02,-8.179444819688796997e-02,-3.928812444210052490e-01,-2.879633009433746338e-01,5.271403193473815918e-01,-2.620091438293457031e-01,2.606156766414642334e-01
-5.248815655565322036e-01,2.834626318697977432e+00,4.946009995088432865e-01,9.958516955375671387e-01,-4.279370978474617004e-02,2.794664166867733002e-02,7.528036832809448242e-02,0.000000000000000000e+00,0.000000000000000000e+00,0.000000000000000000e+00,-1.100000000000000089e+00,2.000000000000000111e-01,-5.000000000000000000e-01,0.000000000000000000e+00,1.100000000000000089e+00,2.000000000000000111e-01,5.000000000000000000e-01,-4.828973412513732910e-01,7.571086287498474121e-01,2.373951226472854614e-01,5.344821810722351074e-01,-3.842727094888687134e-02,-2.277185767889022827e-01,-5.312263593077659607e-02,-4.830546081066131592e-01,-2.914088964462280273e-01,4.340575039386749268e-01,-1.512171924114227295e-01,2.681712508201599121e-01
-5.296187517355487318e-01,2.869637718471613752e+00,4.932588050619821085e-01,9.952062368392944336e-01,-2.607756480574607849e-02,4.433974251151084900e-02,8.317754417657852173e-02,0.000000000000000000e+00,0.000000000000000000e+00,0.000000000000000000e+00,-1.100000000000000089e+00,2.000000000000000111e-01,-5.000000000000000000e-01,0.000000000000000000e+00,1.100000000000000089e+00,2.000000000000000111e-01,5.000000000000000000e-01,-5.486657619476318359e-01,6.741821765899658203e-01,2.702809572219848633e-01,6.569266319274902344e-01,-6.675913929939270020e-02,-2.497900873422622681e-01,-9.377565234899520874e-02,-5.878244638442993164e-01,-2.254871875047683716e-01,3.928323388099670410e-01,3.474148223176598549e-03,2.633131742477416992e-01
-5.358635452570337243e-01,2.906160088651108087e+00,4.955799000710248703e-01,9.954814910888671875e-01,-5.429593380540609360e-03,5.371249839663505554e-02,7.811658829450607300e-02,0.000000000000000000e+00,0.000000000000000000e+00,0.000000000000000000e+00,-1.100000000000000089e+00,2.000000000000000111e-01,-5.000000000000000000e-01,0.000000000000000000e+00,1.100000000000000089e+00,2.000000000000000111e-01,5.000000000000000000e-01,-5.943535566329956055e-01,5.940451025962829590e-01,3.213568031787872314e-01,7.993239760398864746e-01,-1.575684100389480591e-01,-2.163631469011306763e-01,-2.081706374883651733e-01,-6.947112679481506348e-01,-1.188378036022186279e-01,4.369768798351287842e-01,1.277016103267669678e-01,2.094944417476654053e-01
-5.407472115303531002e-01,2.940611808245832126e+00,5.015767818456045024e-01,9.965945482254028320e-01,-1.662699319422245026e-02,5.482751131057739258e-02,5.930285528302192688e-02,0.000000000000000000e+00,0.000000000000000000e+00,0.000000000000000000e+00,-1.100000000000000089e+00,2.000000000000000111e-01,-5.000000000000000000e-01,0.000000000000000000e+00,1.100000000000000089e+00,2.000000000000000111e-01,5.000000000000000000e-01,-5.773097276687622070e-01,5.846039652824401855e-01,3.718937039375305176e-01,8.579106330871582031e-01,-2.445004284381866455e-01,-1.920851320028305054e-01,-2.306074351072311401e-01,-6.791360974311828613e-01,-1.298857480287551880e-01,4.305738806724548340e-01,1.075686514377593994e-01,1.342940032482147217e-01
-5.443270887103345279e-01,2.972070152308001756e+00,5.086826441527315668e-01,9.974088668823242188e-01,-2.690543979406356812e-02,5.022875592112541199e-02,4.391837120056152344e-02,0.000000000000000000e+00,0.000000000000000000e+00,0.000000000000000000e+00,-1.100000000000000089e+00,2.000000000000000111e-01,-5.000000000000000000e-01,0.000000000000000000e+00,1.100000000000000089e+00,2.000000000000000111e-01,5.000000000000000000e-01,-5.241656899452209473e-01,5.617496967315673828e-01,4.360813796520233154e-01,8.685564398765563965e-01,-3.112198412418365479e-01,-1.511736065149307251e-01,-1.822664737701416016e-01,-6.168413758277893066e-01,-1.896705627441406250e-01,4.457698762416839600e-01,-1.187970116734504700e-02,1.425447016954421997e-01
-5.475408071738602223e-01,3.002141751713222728e+00,5.159731012725770061e-01,9.980152249336242676e-01,-2.405008487403392792e-02,4.356893524527549744e-02,3.858605772256851196e-02,0.000000000000000000e+00,0.000000000000000000e+00,0.000000000000000000e+00,-1.100000000000000089e+00,2.000000000000000111e-01,-5.000000000000000000e-01,0.000000000000000000e+00,1.100000000000000089e+00,2.000000000000000111e-01,5.000000000000000000e-01,-4.501530528068542480e-01,4.941340982913970947e-01,5.114496946334838867e-01,8.292325139045715332e-01,-3.468859791755676270e-01,-9.947884827852249146e-02,-1.490446478128433228e-01,-5.719451904296875000e-01,-2.460583746433258057e-01,5.887693166732788086e-01,-1.657127737998962402e-01,1.340961307287216187e-01
-5.504160602947678615e-01,3.029452815826493062e+00,5.225685668112051152e-01,9.984710216522216797e-01,-1.808957755565643311e-02,3.740176931023597717e-02,3.646120056509971619e-02,0.000000000000000000e+00,0.000000000000000000e+00,0.000000000000000000e+00,-1.100000000000000089e+00,2.000000000000000111e-01,-5.000000000000000000e-01,0.000000000000000000e+00,1.100000000000000089e+00,2.000000000000000111e-01,5.000000000000000000e-01,-3.825784623622894287e-01,4.120553135871887207e-01,5.752152800559997559e-01,7.708483338356018066e-01,-3.608822524547576904e-01,-5.044834688305854797e-02,-1.123226433992385864e-01,-5.202195644378662109e-01,-3.161718249320983887e-01,7.639424800872802734e-01,-2.990960776805877686e-01,1.160161867737770081e-01
-5.529987684200808884e-01,3.054369710960773698e+00,5.272093866923541761e-01,9.987908005714416504e-01,-1.309788506478071213e-02,3.329844772815704346e-02,3.371248766779899597e-02,0.000000000000000000e+00,0.000000000000000000e+00,0.000000000000000000e+00,-1.100000000000000089e+00,2.000000000000000111e-01,-5.000000000000000000e-01,0.000000000000000000e+00,1.100000000000000089e+00,2.000000000000000111e-01,5.000000000000000000e-01,-3.316558599472045898e-01,3.308294117450714111e-01,6.246796250343322754e-01,7.105391025543212891e-01,-3.663802146911621094e-01,-8.021987043321132660e-03,-6.977237761020660400e-02,-4.181395769119262695e-01,-3.666768968105316162e-01,8.952382802963256836e-01,-3.783673048019409180e-01,1.322361975908279419e-01
-5.554437155043235874e-01,3.078388792727932977e+00,5.296897082211393659e-01,9.990584850311279297e-01,-7.266666740179061890e-03,3.150853142142295837e-02,2.892362698912620544e-02,0.000000000000000000e+00,0.000000000000000000e+00,0.000000000000000000e+00,-1.100000000000000089e+00,2.000000000000000111e-01,-5.000000000000000000e-01,0.000000000000000000e+00,1.100000000000000089e+00,2.000000000000000111e-01,5.000000000000000000e-01,-2.949688136577606201e-01,2.462780177593231201e-01,6.666272282600402832e-01,6.473123431205749512e-01,-3.674614727497100830e-01,3.727114945650100708e-02,-3.748916462063789368e-02,-2.525239288806915283e-01,-3.641121685504913330e-01,9.416705369949340820e-01,-3.949096202850341797e-01,1.904511153697967529e-01
-5.584101034911593819e-01,3.103103737981632637e+00,5.300907016312232933e-01,9.992690682411193848e-01,-1.807953813113272190e-03,3.166728839278221130e-02,2.133745700120925903e-02,0.000000000000000000e+00,0.000000000000000000e+00,0.000000000000000000e+00,-1.100000000000000089e+00,2.000000000000000111e-01,-5.000000000000000000e-01,0.000000000000000000e+00,1.100000000000000089e+00,2.000000000000000111e-01,5.000000000000000000e-01,-2.723880112171173096e-01,1.658697128295898438e-01,7.003687620162963867e-01,5.923297405242919922e-01,-3.685447871685028076e-01,8.392009884119033813e-02,-9.694308042526245117e-03,-5.252706632018089294e-02,-3.261991441249847412e-01,8.911996483802795410e-01,-3.585836291313171387e-01,2.328803241252899170e-01
-5.623415245936073115e-01,3.128256462746196398e+00,5.284877659734150690e-01,9.994018673896789551e-01,4.052282776683568954e-03,3.241547569632530212e-02,1.134357694536447525e-02,0.000000000000000000e+00,0.000000000000000000e+00,0.000000000000000000e+00,-1.100000000000000089e+00,2.000000000000000111e-01,-5.000000000000000000e-01,0.000000000000000000e+00,1.100000000000000089e+00,2.000000000000000111e-01,5.000000000000000000e-01,-2.648229897022247314e-01,9.185300022363662720e-02,7.287463545799255371e-01,5.530053377151489258e-01,-3.706004619598388672e-01,1.290972679853439331e-01,3.152395412325859070e-02,1.441646516323089600e-01,-2.540743350982666016e-01,7.456712722778320312e-01,-2.844437956809997559e-01,2.492919415235519409e-01
-5.675660643290089125e-01,3.155435329404744138e+00,5.253031940592659543e-01,9.993709921836853027e-01,1.456847693771123886e-02,3.232497721910476685e-02,-6.851160433143377304e-04,0.000000000000000000e+00,0.000000000000000000e+00,0.000000000000000000e+00,-1.100000000000000089e+00,2.000000000000000111e-01,-5.000000000000000000e-01,0.000000000000000000e+00,1.100000000000000089e+00,2.000000000000000111e-01,5.000000000000000000e-01,-2.691094875335693359e-01,1.094411127269268036e-02,7.598281502723693848e-01,5.199471116065979004e-01,-3.624407052993774414e-01,1.678873449563980103e-01,9.331379830837249756e-02,2.937562167644500732e-01,-1.557126641273498535e-01,5.270704627037048340e-01,-2.046054750680923462e-01,2.459599822759628296e-01
-5.751124049015718942e-01,3.185610893139935396e+00,5.213547500433645121e-01,9.990620613098144531e-01,2.827059663832187653e-02,2.921166270971298218e-02,-1.491879764944314957e-02,0.000000000000000000e+00,0.000000000000000000e+00,0.000000000000000000e+00,-1.100000000000000089e+00,2.000000000000000111e-01,-5.000000000000000000e-01,0.000000000000000000e+00,1.100000000000000089e+00,2.000000000000000111e-01,5.000000000000000000e-01,-2.764836847782135010e-01,-7.052205502986907959e-02,7.939041256904602051e-01,5.071030855178833008e-01,-3.317367136478424072e-01,2.050641179084777832e-01,1.288411021232604980e-01,3.264150619506835938e-01,-1.073363721370697021e-01,3.821829259395599365e-01,-1.766422390937805176e-01,2.069232314825057983e-01
-5.853355778550559663e-01,3.217535249837721434e+00,5.184809500979955521e-01,9.990844130516052246e-01,2.294106222689151764e-02,2.141235210001468658e-02,-2.907759137451648712e-02,0.000000000000000000e+00,0.000000000000000000e+00,0.000000000000000000e+00,-1.100000000000000089e+00,2.000000000000000111e-01,-5.000000000000000000e-01,0.000000000000000000e+00,1.100000000000000089e+00,2.000000000000000111e-01,5.000000000000000000e-01,-3.125968277454376221e-01,-6.213550269603729248e-02,8.019270300865173340e-01,6.072598099708557129e-01,-2.804224491119384766e-01,2.132152915000915527e-01,9.470961987972259521e-02,3.077411353588104248e-01,-1.410537958145141602e-01,4.287495017051696777e-01,-2.078443169593811035e-01,-4.999618604779243469e-02
-5.969370670473636009e-01,3.248765403821010977e+00,5.139296043107305367e-01,9.989706277847290039e-01,2.112831920385360718e-02,1.624827273190021515e-02,-3.670656681060791016e-02,0.000000000000000000e+00,0.000000000000000000e+00,0.000000000000000000e+00,-1.100000000000000089e+00,2.000000000000000111e-01,-5.000000000000000000e-01,0.000000000000000000e+00,1.100000000000000089e+00,2.000000000000000111e-01,5.000000000000000000e-01,-4.037131965160369873e-01,-2.828106097877025604e-02,7.789204120635986328e-01,7.795177102088928223e-01,-1.480276584625244141e-01,1.415323019027709961e-01,6.571631133556365967e-02,2.620234489440917969e-01,-1.484243869781494141e-01,5.188854932785034180e-01,-3.743374943733215332e-01,-2.571056485176086426e-01
-6.077706982850125117e-01,3.277061305756520770e+00,5.095556704970923834e-01,9.991727471351623535e-01,2.098987996578216553e-02,1.618525199592113495e-02,-3.084415756165981293e-02,0.000000000000000000e+00,0.000000000000000000e+00,0.000000000000000000e+00,-1.100000000000000089e+00,2.000000000000000111e-01,-5.000000000000000000e-01,0.000000000000000000e+00,1.100000000000000089e+00,2.000000000000000111e-01,5.000000000000000000e-01,-5.425571799278259277e-01,-3.861300647258758545e-02,6.501471996307373047e-01,9.179742336273193359e-01,3.869129344820976257e-02,-1.017468199133872986e-01,5.807779356837272644e-02,2.234549969434738159e-01,-1.241741254925727844e-01,5.163426399230957031e-01,-5.044435858726501465e-01,-2.664801180362701416e-01
-6.161692225127810563e-01,3.302941780830874752e+00,5.062984813253085248e-01,9.995390176773071289e-01,2.003587782382965088e-02,1.401548180729150772e-02,-1.799865998327732086e-02,0.000000000000000000e+00,0.000000000000000000e+00,0.000000000000000000e+00,-1.100000000000000089e+00,2.000000000000000111e-01,-5.000000000000000000e-01,0.000000000000000000e+00,1.100000000000000089e+00,2.000000000000000111e-01,5.000000000000000000e-01,-6.347184777259826660e-01,-4.521486908197402954e-02,5.272012352943420410e-01,1.055032491683959961e+00,4.268900305032730103e-02,-2.256261110305786133e-01,4.722808301448822021e-02,1.783261001110076904e-01,-1.216477826237678528e-01,5.326072573661804199e-01,-5.998162031173706055e-01,-2.358664870262145996e-01
-6.220498087249620722e-01,3.325519976772443265e+00,5.062592871050641818e-01,9.999492168426513672e-01,2.102158265188336372e-03,8.376103825867176056e-03,-5.197368096560239792e-03,0.000000000000000000e+00,0.000000000000000000e+00,0.000000000000000000e+00,-1.100000000000000089e+00,2.000000000000000111e-01,-5.000000000000000000e-01,0.000000000000000000e+00,1.100000000000000089e+00,2.000000000000000111e-01,5.000000000000000000e-01,-6.722179651260375977e-01,5.694399774074554443e-02,4.229074120521545410e-01,1.215904831886291504e+00,-1.367756724357604980e-01,-2.610904574394226074e-01,4.289114102721214294e-02,1.655526012182235718e-01,-1.453592032194137573e-01,5.531684756278991699e-01,-6.161593198776245117e-01,-2.030999660491943359e-01
-6.258024477168465660e-01,3.346537379146826474e+00,5.101230732660101408e-01,9.999477863311767578e-01,-1.014824141748249531e-03,5.197494756430387497e-03,8.741574361920356750e-03,0.000000000000000000e+00,0.000000000000000000e+00,0.000000000000000000e+00,-1.100000000000000089e+00,2.000000000000000111e-01,-5.000000000000000000e-01,0.000000000000000000e+00,1.100000000000000089e+00,2.000000000000000111e-01,5.000000000000000000e-01,-6.539394259452819824e-01,2.039896547794342041e-01,3.948717713356018066e-01,1.295069217681884766e+00,-2.505119442939758301e-01,-2.581490576267242432e-01,4.037877917289733887e-02,1.203055903315544128e-01,-1.618004590272903442e-01,5.595352649688720703e-01,-6.169116497039794922e-01,-1.566970944404602051e-01
