0.000000000000000000e+00,0.000000000000000000e+00,5.247831648129104298e-01,9.953601956367492676e-01,4.980380088090896606e-02,4.680766910314559937e-02,6.772480159997940063e-02,0.000000000000000000e+00,0.000000000000000000e+00,0.000000000000000000e+00,-1.100000000000000089e+00,2.000000000000000111e-01,-5.000000000000000000e-01,0.000000000000000000e+00,1.100000000000000089e+00,2.000000000000000111e-01,5.000000000000000000e-01,1.587553471326828003e-01,-1.451797187328338623e-01,4.001388326287269592e-02,1.199480742216110229e-01,-2.769406735897064209e-01,3.094363771378993988e-02,-6.235629320144653320e-01,-2.667033672332763672e-01,-2.808843255043029785e-01,5.057186484336853027e-01,-1.120292693376541138e-01,1.336065586656332016e-03
4.426165094429790337e-02,-5.448811430239439146e-04,5.156219725431215872e-01,9.907073378562927246e-01,6.431060284376144409e-02,3.673143684864044189e-02,1.140788644552230835e-01,0.000000000000000000e+00,0.000000000000000000e+00,0.000000000000000000e+00,-1.100000000000000089e+00,2.000000000000000111e-01,-5.000000000000000000e-01,0.000000000000000000e+00,1.100000000000000089e+00,2.000000000000000111e-01,5.000000000000000000e-01,2.565409541130065918e-01,-1.483301520347595215e-01,-3.142048418521881104e-02,1.232358813285827637e-01,-3.062332868576049805e-01,1.598732918500900269e-02,-5.786021351814270020e-01,-2.896020412445068359e-01,-2.893078327178955078e-01,1.605096459388732910e-01,-1.962799392640590668e-02,8.003857731819152832e-02
8.811998339764992583e-02,-8.756005410293123126e-04,5.072114077180323033e-01,9.852387905120849609e-01,7.447540760040283203e-02,2.902660518884658813e-02,1.513784825801849365e-01,0.000000000000000000e+00,0.000000000000000000e+00,0.000000000000000000e+00,-1.100000000000000089e+00,2.000000000000000111e-01,-5.000000000000000000e-01,0.000000000000000000e+00,1.100000000000000089e+00,2.000000000000000111e-01,5.000000000000000000e-01,3.555344939231872559e-01,-1.225544139742851257e-01,-8.168846368789672852e-02,1.132065132260322571e-01,-2.937365174293518066e-01,-9.665728546679019928e-03,-6.002215743064880371e-01,-3.396931290626525879e-01,-2.808805406093597412e-01,1.039830893278121948e-01,-6.206949800252914429e-02,1.163977906107902527e-01
1.315155417208719868e-01,-1.465942723808264653e-03,5.028946459820173853e-01,9.848407506942749023e-01,6.850092113018035889e-02,3.625211119651794434e-02,1.551840603351593018e-01,0.000000000000000000e+00,0.000000000000000000e+00,0.000000000000000000e+00,-1.100000000000000089e+00,2.000000000000000111e-01,-5.000000000000000000e-01,0.000000000000000000e+00,1.100000000000000089e+00,2.000000000000000111e-01,5.000000000000000000e-01,4.082034230232238770e-01,-8.339422941207885742e-02,-7.702019065618515015e-02,1.341774463653564453e-01,-2.293487787246704102e-01,-4.037300497293472290e-02,-6.023327708244323730e-01,-3.088566064834594727e-01,-3.149300813674926758e-01,1.203233748674392700e-01,-5.874857679009437561e-02,1.307131350040435791e-01
1.733586103371297371e-01,-3.221819917153978530e-03,5.045723579011179849e-01,9.895001053810119629e-01,3.225576132535934448e-02,5.497718974947929382e-02,1.297172158956527710e-01,0.000000000000000000e+00,0.000000000000000000e+00,0.000000000000000000e+00,-1.100000000000000089e+00,2.000000000000000111e-01,-5.000000000000000000e-01,0.000000000000000000e+00,1.100000000000000089e+00,2.000000000000000111e-01,5.000000000000000000e-01,3.430313766002655029e-01,-7.890572771430015564e-03,-4.530901089310646057e-02,3.500208556652069092e-01,-1.526362299919128418e-01,-8.229321986436843872e-02,-6.603762507438659668e-01,-2.007989436388015747e-01,-3.075695335865020752e-01,3.074707984924316406e-01,1.255311165004968643e-02,4.234637599438428879e-03
2.156051635215378015e-01,-4.284226173685505568e-03,5.080929039998186569e-01,9.939073920249938965e-01,1.150753442198038101e-02,4.950397834181785583e-02,9.780087321996688843e-02,0.000000000000000000e+00,0.000000000000000000e+00,0.000000000000000000e+00,-1.100000000000000089e+00,2.000000000000000111e-01,-5.000000000000000000e-01,0.000000000000000000e+00,1.100000000000000089e+00,2.000000000000000111e-01,5.000000000000000000e-01,2.727256417274475098e-01,2.932491712272167206e-02,-1.306458562612533569e-02,6.437470912933349609e-01,4.228553548455238342e-02,-1.422094404697418213e-01,-6.530048847198486328e-01,-1.171020418405532837e-01,-2.745166718959808350e-01,4.543814361095428467e-01,4.707681760191917419e-02,-4.892665520310401917e-02
2.573682659638649728e-01,-6.236858145061013187e-03,5.141506115505189989e-01,9.970558881759643555e-01,-7.325729355216026306e-03,3.462184220552444458e-02,6.802417337894439697e-02,0.000000000000000000e+00,0.000000000000000000e+00,0.000000000000000000e+00,-1.100000000000000089e+00,2.000000000000000111e-01,-5.000000000000000000e-01,0.000000000000000000e+00,1.100000000000000089e+00,2.000000000000000111e-01,5.000000000000000000e-01,1.578712463378906250e-01,7.393505424261093140e-02,7.273697759956121445e-03,9.667849540710449219e-01,2.135680168867111206e-01,-1.775359362363815308e-01,-5.668187141418457031e-01,-3.014757111668586731e-02,-2.653783261775970459e-01,5.109007954597473145e-01,-4.546001181006431580e-02,-9.563422948122024536e-02
2.994396076976049148e-01,-8.958956944013031498e-03,5.217586913238270174e-01,9.981178641319274902e-01,-2.889475226402282715e-02,2.775534614920616150e-02,4.642644524574279785e-02,0.000000000000000000e+00,0.000000000000000000e+00,0.000000000000000000e+00,-1.100000000000000089e+00,2.000000000000000111e-01,-5.000000000000000000e-01,0.000000000000000000e+00,1.100000000000000089e+00,2.000000000000000111e-01,5.000000000000000000e-01,-8.721286430954933167e-04,1.675027161836624146e-01,2.165209874510765076e-02,1.231241703033447266e+00,1.167988404631614685e-01,-1.452475488185882568e-01,-4.373027384281158447e-01,6.627446413040161133e-02,-2.632435560226440430e-01,4.324747920036315918e-01,-9.133386611938476562e-02,-1.064798682928085327e-01
3.405222918334032123e-01,-1.153365184421265011e-02,5.315905033450837314e-01,9.986042976379394531e-01,-3.078350052237510681e-02,2.603064663708209991e-02,3.412180021405220032e-02,0.000000000000000000e+00,0.000000000000000000e+00,0.000000000000000000e+00,-1.100000000000000089e+00,2.000000000000000111e-01,-5.000000000000000000e-01,0.000000000000000000e+00,1.100000000000000089e+00,2.000000000000000111e-01,5.000000000000000000e-01,-1.781561672687530518e-01,2.310666739940643311e-01,4.994757473468780518e-02,1.364333629608154297e+00,-4.598208703100681305e-03,-5.473620817065238953e-02,-2.823870778083801270e-01,1.161818206310272217e-01,-2.285477668046951294e-01,2.969444394111633301e-01,-1.129087805747985840e-01,-1.006428077816963196e-01
3.808079714651662062e-01,-1.289164438514471545e-02,5.399647387817050337e-01,9.992731213569641113e-01,-1.217650342732667923e-02,2.590226009488105774e-02,2.518055588006973267e-02,0.000000000000000000e+00,0.000000000000000000e+00,0.000000000000000000e+00,-1.100000000000000089e+00,2.000000000000000111e-01,-5.000000000000000000e-01,0.000000000000000000e+00,1.100000000000000089e+00,2.000000000000000111e-01,5.000000000000000000e-01,-3.338883817195892334e-01,2.381626665592193604e-01,1.082467213273048401e-01,1.360115289688110352e+00,-9.112271666526794434e-02,5.368853732943534851e-02,-1.292097866535186768e-01,1.086226031184196472e-01,-1.763514429330825806e-01,1.689370423555374146e-01,-1.332298070192337036e-01,-9.042157977819442749e-02
4.216634619853110166e-01,-1.300559929694340700e-02,5.431968087763195951e-01,9.995239973068237305e-01,5.978875793516635895e-03,2.935131080448627472e-02,7.387091871351003647e-03,0.000000000000000000e+00,0.000000000000000000e+00,0.000000000000000000e+00,-1.100000000000000089e+00,2.000000000000000111e-01,-5.000000000000000000e-01,0.000000000000000000e+00,1.100000000000000089e+00,2.000000000000000111e-01,5.000000000000000000e-01,-4.624454081058502197e-01,1.926142722368240356e-01,1.498772948980331421e-01,1.229554533958435059e+00,-1.340731084346771240e-01,9.543146193027496338e-02,-2.849368378520011902e-02,8.634641021490097046e-02,-1.184132024645805359e-01,1.206128969788551331e-01,-1.765442192554473877e-01,-8.366317301988601685e-02
4.631708885714260759e-01,-1.146972769024696970e-02,5.412348557218458200e-01,9.990937709808349609e-01,1.171804685145616531e-02,3.392672911286354065e-02,-2.287789806723594666e-02,0.000000000000000000e+00,0.000000000000000000e+00,0.000000000000000000e+00,-1.100000000000000089e+00,2.000000000000000111e-01,-5.000000000000000000e-01,0.000000000000000000e+00,1.100000000000000089e+00,2.000000000000000111e-01,5.000000000000000000e-01,-5.512198805809020996e-01,1.635235995054244995e-01,1.769657880067825317e-01,9.981145858764648438e-01,-1.154149100184440613e-01,7.105973362922668457e-02,4.398611560463905334e-02,7.855293154716491699e-02,-6.252257525920867920e-02,1.204189807176589966e-01,-2.293523550033569336e-01,-7.559228688478469849e-02
5.026755901493809020e-01,-9.130883179981300057e-03,5.342664638206814365e-01,9.972261786460876465e-01,5.575084127485752106e-03,3.593954443931579590e-02,-6.493967771530151367e-02,0.000000000000000000e+00,0.000000000000000000e+00,0.000000000000000000e+00,-1.100000000000000089e+00,2.000000000000000111e-01,-5.000000000000000000e-01,0.000000000000000000e+00,1.100000000000000089e+00,2.000000000000000111e-01,5.000000000000000000e-01,-5.737152695655822754e-01,1.834749728441238403e-01,2.331608086824417114e-01,6.415713429450988770e-01,-4.322730004787445068e-02,-1.063395012170076370e-02,1.158114299178123474e-01,8.478159457445144653e-02,-1.469105016440153122e-03,1.352959722280502319e-01,-2.854815423488616943e-01,-7.017613202333450317e-02
5.416987508731057055e-01,-7.168525312321653159e-03,5.243542289131819523e-01,9.930339455604553223e-01,-8.985349908471107483e-03,2.938470989465713501e-02,-1.137516349554061890e-01,0.000000000000000000e+00,0.000000000000000000e+00,0.000000000000000000e+00,-1.100000000000000089e+00,2.000000000000000111e-01,-5.000000000000000000e-01,0.000000000000000000e+00,1.100000000000000089e+00,2.000000000000000111e-01,5.000000000000000000e-01,-4.862252473831176758e-01,2.223563939332962036e-01,3.386303782463073730e-01,1.607820987701416016e-01,3.831087797880172729e-02,-1.278999745845794678e-01,2.041316479444503784e-01,9.847135096788406372e-02,8.388757705688476562e-02,1.501516103744506836e-01,-3.491390645503997803e-01,-7.233575731515884399e-02
5.848691085071273665e-01,-5.771945770923988389e-03,5.124706160698575541e-01,9.859841465950012207e-01,-2.712864615023136139e-02,2.112803608179092407e-02,-1.632573157548904419e-01,0.000000000000000000e+00,0.000000000000000000e+00,0.000000000000000000e+00,-1.100000000000000089e+00,2.000000000000000111e-01,-5.000000000000000000e-01,0.000000000000000000e+00,1.100000000000000089e+00,2.000000000000000111e-01,5.000000000000000000e-01,-5.523318052291870117e-01,3.136743307113647461e-01,3.508579134941101074e-01,1.003772094845771790e-01,-7.315926253795623779e-02,-1.716734319925308228e-01,3.162770271301269531e-01,8.868364989757537842e-02,1.541102081537246704e-01,1.486602574586868286e-01,-3.931694924831390381e-01,-5.665655434131622314e-02
6.310374918354280105e-01,-5.878507652169448483e-03,5.049520519097344673e-01,9.825338721275329590e-01,-3.439332917332649231e-02,2.575461193919181824e-02,-1.810551285743713379e-01,0.000000000000000000e+00,0.000000000000000000e+00,0.000000000000000000e+00,-1.100000000000000089e+00,2.000000000000000111e-01,-5.000000000000000000e-01,0.000000000000000000e+00,1.100000000000000089e+00,2.000000000000000111e-01,5.000000000000000000e-01,-6.039196848869323730e-01,3.234373331069946289e-01,3.306816816329956055e-01,1.001661941409111023e-01,-9.842587262392044067e-02,-2.141716480255126953e-01,3.930720984935760498e-01,5.791897326707839966e-02,1.786024123430252075e-01,1.540401726961135864e-01,-3.549276888370513916e-01,-3.951521217823028564e-02
6.797367256819599746e-01,-7.491867249511709181e-03,5.024069187519225599e-01,9.843716025352478027e-01,-1.697289757430553436e-02,4.141838476061820984e-02,-1.703204065561294556e-01,0.000000000000000000e+00,0.000000000000000000e+00,0.000000000000000000e+00,-1.100000000000000089e+00,2.000000000000000111e-01,-5.000000000000000000e-01,0.000000000000000000e+00,1.100000000000000089e+00,2.000000000000000111e-01,5.000000000000000000e-01,-5.661342144012451172e-01,2.355667948722839355e-01,3.539197444915771484e-01,9.190954267978668213e-02,7.131028454750776291e-03,-1.773045510053634644e-01,3.710022270679473877e-01,1.699974387884140015e-02,1.703592240810394287e-01,3.024199008941650391e-01,-2.672249674797058105e-01,-1.152094569988548756e-03
7.296467453873518583e-01,-9.657405007047335788e-03,5.040468481070164986e-01,9.871774315834045410e-01,2.509422041475772858e-02,6.195425242185592651e-02,-1.449576914310455322e-01,0.000000000000000000e+00,0.000000000000000000e+00,0.000000000000000000e+00,-1.100000000000000089e+00,2.000000000000000111e-01,-5.000000000000000000e-01,0.000000000000000000e+00,1.100000000000000089e+00,2.000000000000000111e-01,5.000000000000000000e-01,-6.610698699951171875e-01,1.193614974617958069e-01,3.069058060646057129e-01,3.043978214263916016e-01,1.507764607667922974e-01,-1.489137765020132065e-03,2.658740878105163574e-01,-6.155539304018020630e-02,1.404650211334228516e-01,5.738616585731506348e-01,-9.500776231288909912e-02,5.297817289829254150e-02
7.792113245075398265e-01,-1.084096458420684417e-02,5.082310387145990704e-01,9.911099672317504883e-01,4.326004534959793091e-02,4.695242643356323242e-02,-1.167266219854354858e-01,0.000000000000000000e+00,0.000000000000000000e+00,0.000000000000000000e+00,-1.100000000000000089e+00,2.000000000000000111e-01,-5.000000000000000000e-01,0.000000000000000000e+00,1.100000000000000089e+00,2.000000000000000111e-01,5.000000000000000000e-01,-6.438708901405334473e-01,4.875035956501960754e-02,2.746475338935852051e-01,5.080603957176208496e-01,5.345072224736213684e-02,6.127075105905532837e-02,1.956337839365005493e-01,-9.753251075744628906e-02,9.851513057947158813e-02,8.608833551406860352e-01,1.198225468397140503e-01,1.143561899662017822e-01
8.237012485693198105e-01,-1.105056699097269057e-02,5.157075853420026723e-01,9.928164482116699219e-01,6.283992528915405273e-02,3.116409108042716980e-02,-9.692984819412231445e-02,0.000000000000000000e+00,0.000000000000000000e+00,0.000000000000000000e+00,-1.100000000000000089e+00,2.000000000000000111e-01,-5.000000000000000000e-01,0.000000000000000000e+00,1.100000000000000089e+00,2.000000000000000111e-01,5.000000000000000000e-01,-5.260499119758605957e-01,-4.487057030200958252e-02,2.680622041225433350e-01,5.130684375762939453e-01,-3.678958117961883545e-02,7.170920819044113159e-02,5.970082059502601624e-02,-1.192355081439018250e-01,1.088152751326560974e-01,1.148922204971313477e+00,9.994068741798400879e-02,1.317414939403533936e-01
8.648792610204580900e-01,-1.104778779275489287e-02,5.267302954768893208e-01,9.931359887123107910e-01,7.114403694868087769e-02,2.696339040994644165e-02,-8.883927017450332642e-02,0.000000000000000000e+00,0.000000000000000000e+00,0.000000000000000000e+00,-1.100000000000000089e+00,2.000000000000000111e-01,-5.000000000000000000e-01,0.000000000000000000e+00,1.100000000000000089e+00,2.000000000000000111e-01,5.000000000000000000e-01,-3.642954826354980469e-01,-1.177822872996330261e-01,2.541392445564270020e-01,3.829313814640045166e-01,-7.702153176069259644e-02,7.075171917676925659e-02,-1.122704893350601196e-01,-1.145929768681526184e-01,1.203834265470504761e-01,1.303333878517150879e+00,-3.538333624601364136e-02,1.212091073393821716e-01
9.046766736712117396e-01,-1.201915260178573058e-02,5.377812802558294969e-01,9.946402311325073242e-01,5.954090878367424011e-02,2.326967939734458923e-02,-8.126654475927352905e-02,0.000000000000000000e+00,0.000000000000000000e+00,0.000000000000000000e+00,-1.100000000000000089e+00,2.000000000000000111e-01,-5.000000000000000000e-01,0.000000000000000000e+00,1.100000000000000089e+00,2.000000000000000111e-01,5.000000000000000000e-01,-1.729749441146850586e-01,-1.402296274900436401e-01,2.156370580196380615e-01,2.034662812948226929e-01,-8.067613095045089722e-02,6.058795750141143799e-02,-2.760380506515502930e-01,-1.505613476037979126e-01,3.912788257002830505e-02,1.320597529411315918e+00,-1.308525204658508301e-01,3.803871572017669678e-02
9.459652935404969654e-01,-1.358521393029903102e-02,5.443354756091580704e-01,9.967332482337951660e-01,3.656115010380744934e-02,2.637197077274322510e-02,-6.701172888278961182e-02,0.000000000000000000e+00,0.000000000000000000e+00,0.000000000000000000e+00,-1.100000000000000089e+00,2.000000000000000111e-01,-5.000000000000000000e-01,0.000000000000000000e+00,1.100000000000000089e+00,2.000000000000000111e-01,5.000000000000000000e-01,-3.921571373939514160e-02,-1.179264932870864868e-01,1.571789234876632690e-01,1.157451048493385315e-01,-1.043044105172157288e-01,5.500321835279464722e-02,-4.058774411678314209e-01,-1.845407932996749878e-01,-9.746505320072174072e-02,1.212826609611511230e+00,-1.754893809556961060e-01,-5.260109528899192810e-02
9.886272058131717611e-01,-1.497898053904675453e-02,5.445253848924179740e-01,9.982466697692871094e-01,2.433151751756668091e-02,3.349908813834190369e-02,-4.230142757296562195e-02,0.000000000000000000e+00,0.000000000000000000e+00,0.000000000000000000e+00,-1.100000000000000089e+00,2.000000000000000111e-01,-5.000000000000000000e-01,0.000000000000000000e+00,1.100000000000000089e+00,2.000000000000000111e-01,5.000000000000000000e-01,3.600910678505897522e-02,-1.047275736927986145e-01,1.013859212398529053e-01,1.128782480955123901e-01,-1.545245051383972168e-01,5.605898424983024597e-02,-4.993453919887542725e-01,-2.075617909431457520e-01,-2.135432064533233643e-01,1.008094787597656250e+00,-1.731020212173461914e-01,-8.629782497882843018e-02
1.030055662688582840e+00,-1.659962936868947248e-02,5.385083247375006543e-01,9.988173842430114746e-01,3.076847828924655914e-02,3.708132356405258179e-02,-6.485393736511468887e-03,0.000000000000000000e+00,0.000000000000000000e+00,0.000000000000000000e+00,-1.100000000000000089e+00,2.000000000000000111e-01,-5.000000000000000000e-01,0.000000000000000000e+00,1.100000000000000089e+00,2.000000000000000111e-01,5.000000000000000000e-01,1.076532527804374695e-01,-1.230949983000755310e-01,4.663386940956115723e-02,1.174739375710487366e-01,-2.026403993368148804e-01,5.912438035011291504e-02,-5.613970160484313965e-01,-2.387338578701019287e-01,-2.687571644783020020e-01,7.285585999488830566e-01,-1.234412863850593567e-01,-6.615851819515228271e-02
1.070658881935206308e+00,-1.909029958327535664e-02,5.288556269812162425e-01,9.976535439491271973e-01,4.675135761499404907e-02,3.238099068403244019e-02,3.812030702829360962e-02,0.000000000000000000e+00,0.000000000000000000e+00,0.000000000000000000e+00,-1.100000000000000089e+00,2.000000000000000111e-01,-5.000000000000000000e-01,0.000000000000000000e+00,1.100000000000000089e+00,2.000000000000000111e-01,5.000000000000000000e-01,1.993227303028106689e-01,-1.470251530408859253e-01,-2.037268318235874176e-02,1.235024333000183105e-01,-2.510183453559875488e-01,6.019780039787292480e-02,-5.808271765708923340e-01,-2.697637081146240234e-01,-2.437893152236938477e-01,4.079420268535614014e-01,-3.904702514410018921e-02,1.570398104377090931e-03
1.114741916846145209e+00,-2.245407399091154527e-02,5.180592800759606931e-01,9.939181804656982422e-01,6.385581195354461670e-02,2.097665518522262573e-02,8.723024278879165649e-02,0.000000000000000000e+00,0.000000000000000000e+00,0.000000000000000000e+00,-1.100000000000000089e+00,2.000000000000000111e-01,-5.000000000000000000e-01,0.000000000000000000e+00,1.100000000000000089e+00,2.000000000000000111e-01,5.000000000000000000e-01,3.023177087306976318e-01,-1.503172069787979126e-01,-9.725833684206008911e-02,1.345347166061401367e-01,-2.830304801464080811e-01,5.371656641364097595e-02,-5.618106722831726074e-01,-3.239539563655853271e-01,-2.284703999757766724e-01,1.132183372974395752e-01,9.090461768209934235e-03,9.800344705581665039e-02
1.160802266952967399e+00,-2.579772710724912571e-02,5.087178525200697354e-01,9.893177747726440430e-01,7.170735299587249756e-02,1.604508236050605774e-02,1.259007155895233154e-01,0.000000000000000000e+00,0.000000000000000000e+00,0.000000000000000000e+00,-1.100000000000000089e+00,2.000000000000000111e-01,-5.000000000000000000e-01,0.000000000000000000e+00,1.100000000000000089e+00,2.000000000000000111e-01,5.000000000000000000e-01,3.903308510780334473e-01,-1.168654710054397583e-01,-1.504607051610946655e-01,1.473385840654373169e-01,-2.706490755081176758e-01,4.507438838481903076e-02,-6.110324859619140625e-01,-3.886629641056060791e-01,-2.212942242622375488e-01,1.066318899393081665e-01,-8.301917463541030884e-02,1.149321198463439941e-01
1.205718843352915126e+00,-2.935057003229780970e-02,5.022844368136590854e-01,9.881794452667236328e-01,6.860835105180740356e-02,2.232966385781764984e-02,1.352612972259521484e-01,0.000000000000000000e+00,0.000000000000000000e+00,0.000000000000000000e+00,-1.100000000000000089e+00,2.000000000000000111e-01,-5.000000000000000000e-01,0.000000000000000000e+00,1.100000000000000089e+00,2.000000000000000111e-01,5.000000000000000000e-01,4.290454387664794922e-01,-8.196058869361877441e-02,-1.576671749353408813e-01,2.111707627773284912e-01,-2.252027541399002075e-01,4.221769049763679504e-02,-5.999845862388610840e-01,-3.720623552799224854e-01,-2.504428327083587646e-01,1.046138629317283630e-01,-8.821950107812881470e-02,1.753444373607635498e-01
1.249160322023160408e+00,-3.386746517947000074e-02,5.026541661900101321e-01,9.921561479568481445e-01,1.918728835880756378e-02,5.029560998082160950e-02,1.128204166889190674e-01,0.000000000000000000e+00,0.000000000000000000e+00,0.000000000000000000e+00,-1.100000000000000089e+00,2.000000000000000111e-01,-5.000000000000000000e-01,0.000000000000000000e+00,1.100000000000000089e+00,2.000000000000000111e-01,5.000000000000000000e-01,3.400439918041229248e-01,1.194381806999444962e-02,-1.214713081717491150e-01,4.427691996097564697e-01,-1.531676799058914185e-01,-4.000714048743247986e-03,-6.679989099502563477e-01,-2.315793037414550781e-01,-2.497743666172027588e-01,2.690507173538208008e-01,6.897529214620590210e-02,6.347150355577468872e-02
1.293872125230052239e+00,-3.690398964569950591e-02,5.044312337966578852e-01,9.952711462974548340e-01,-1.151846721768379211e-03,4.626269266009330750e-02,8.540373295545578003e-02,0.000000000000000000e+00,0.000000000000000000e+00,0.000000000000000000e+00,-1.100000000000000089e+00,2.000000000000000111e-01,-5.000000000000000000e-01,0.000000000000000000e+00,1.100000000000000089e+00,2.000000000000000111e-01,5.000000000000000000e-01,2.773540914058685303e-01,4.824012517929077148e-02,-6.057832390069961548e-02,7.160847783088684082e-01,7.685808837413787842e-02,-7.595353573560714722e-02,-6.829106211662292480e-01,-1.580114066600799561e-01,-2.151730805635452271e-01,4.644145369529724121e-01,1.032909080386161804e-01,5.561712384223937988e-02
1.336275787449846320e+00,-4.078460150341870621e-02,5.100612510266628874e-01,9.973249435424804688e-01,-2.197694405913352966e-02,3.307633474469184875e-02,6.136665493249893188e-02,0.000000000000000000e+00,0.000000000000000000e+00,0.000000000000000000e+00,-1.100000000000000089e+00,2.000000000000000111e-01,-5.000000000000000000e-01,0.000000000000000000e+00,1.100000000000000089e+00,2.000000000000000111e-01,5.000000000000000000e-01,1.545149683952331543e-01,1.061039865016937256e-01,-2.142285555601119995e-02,1.027019500732421875e+00,2.549960613250732422e-01,-1.112344712018966675e-01,-6.103748679161071777e-01,-7.799215614795684814e-02,-2.175716757774353027e-01,5.601204037666320801e-01,-1.882349140942096710e-02,3.784830449149012566e-03
1.378296641713440795e+00,-4.526098938244912245e-02,5.191860308693816428e-01,9.970335364341735840e-01,-5.320002511143684387e-02,2.969180606305599213e-02,4.703560099005699158e-02,0.000000000000000000e+00,0.000000000000000000e+00,0.000000000000000000e+00,-1.100000000000000089e+00,2.000000000000000111e-01,-5.000000000000000000e-01,0.000000000000000000e+00,1.100000000000000089e+00,2.000000000000000111e-01,5.000000000000000000e-01,-1.692630164325237274e-02,1.410617828369140625e-01,-7.373670488595962524e-02,1.270833849906921387e+00,1.378375142812728882e-01,-1.447914689779281616e-01,-4.771588444709777832e-01,3.195588663220405579e-02,-2.389574795961380005e-01,4.736546874046325684e-01,-7.593332976102828979e-02,-2.766972221434116364e-02
1.422260599268807102e+00,-4.855079715516456146e-02,5.308199466358531904e-01,9.970463514328002930e-01,-5.884824693202972412e-02,2.759886905550956726e-02,4.091218858957290649e-02,0.000000000000000000e+00,0.000000000000000000e+00,0.000000000000000000e+00,-1.100000000000000089e+00,2.000000000000000111e-01,-5.000000000000000000e-01,0.000000000000000000e+00,1.100000000000000089e+00,2.000000000000000111e-01,5.000000000000000000e-01,-1.913808435201644897e-01,1.331987977027893066e-01,-9.060047566890716553e-02,1.369879007339477539e+00,7.389077916741371155e-03,-1.291704773902893066e-01,-3.087239861488342285e-01,9.212247282266616821e-02,-2.181339412927627563e-01,3.148894309997558594e-01,-1.013433784246444702e-01,-3.221381455659866333e-02
1.466150320313795774e+00,-4.986464429919542501e-02,5.412396719607740492e-01,9.984669685363769531e-01,-3.411239385604858398e-02,2.665275149047374725e-02,3.449224680662155151e-02,0.000000000000000000e+00,0.000000000000000000e+00,0.000000000000000000e+00,-1.100000000000000089e+00,2.000000000000000111e-01,-5.000000000000000000e-01,0.000000000000000000e+00,1.100000000000000089e+00,2.000000000000000111e-01,5.000000000000000000e-01,-3.416390120983123779e-01,1.347225606441497803e-01,4.285253118723630905e-03,1.330378770828247070e+00,-7.405782490968704224e-02,-3.902262821793556213e-02,-1.417966336011886597e-01,7.245001941919326782e-02,-1.675012707710266113e-01,1.687545627355575562e-01,-1.204588636755943298e-01,-2.594906277954578400e-02
1.508830833233365976e+00,-4.978317824051235047e-02,5.461282790309250901e-01,9.994375705718994141e-01,-5.964403040707111359e-03,2.883289381861686707e-02,1.605192758142948151e-02,0.000000000000000000e+00,0.000000000000000000e+00,0.000000000000000000e+00,-1.100000000000000089e+00,2.000000000000000111e-01,-5.000000000000000000e-01,0.000000000000000000e+00,1.100000000000000089e+00,2.000000000000000111e-01,5.000000000000000000e-01,-4.444793760776519775e-01,1.145664006471633911e-01,1.115677952766418457e-01,1.175585269927978516e+00,-1.219612285494804382e-01,2.478183805942535400e-02,-3.728677704930305481e-02,3.029894456267356873e-02,-1.048174351453781128e-01,1.166717186570167542e-01,-1.593018025159835815e-01,-2.388036437332630157e-02
1.550055347301743325e+00,-4.822920940844623722e-02,5.454907501624388644e-01,9.993830919265747070e-01,3.941419534385204315e-03,3.032462485134601593e-02,-1.727251894772052765e-02,0.000000000000000000e+00,0.000000000000000000e+00,0.000000000000000000e+00,-1.100000000000000089e+00,2.000000000000000111e-01,-5.000000000000000000e-01,0.000000000000000000e+00,1.100000000000000089e+00,2.000000000000000111e-01,5.000000000000000000e-01,-5.162066817283630371e-01,1.098613291978836060e-01,1.740742474794387817e-01,9.484359025955200195e-01,-1.159201413393020630e-01,3.173402324318885803e-02,3.576863184571266174e-02,1.715562678873538971e-02,-4.029446467757225037e-02,1.149346083402633667e-01,-1.999307274818420410e-01,-2.550676092505455017e-02
1.591133879507431015e+00,-4.640934578218319090e-02,5.399154138519908219e-01,9.977493286132812500e-01,-3.898274386301636696e-03,2.556729502975940704e-02,-6.186580285429954529e-02,0.000000000000000000e+00,0.000000000000000000e+00,0.000000000000000000e+00,-1.100000000000000089e+00,2.000000000000000111e-01,-5.000000000000000000e-01,0.000000000000000000e+00,1.100000000000000089e+00,2.000000000000000111e-01,5.000000000000000000e-01,-5.440701842308044434e-01,1.471440643072128296e-01,2.058627307415008545e-01,6.622686982154846191e-01,-6.656426936388015747e-02,-7.997339591383934021e-03,1.181503161787986755e-01,3.143477067351341248e-02,3.033483400940895081e-02,1.264425963163375854e-01,-2.446414232254028320e-01,-2.583505026996135712e-02
1.631949843652922727e+00,-4.494043442834582541e-02,5.298919487368277670e-01,9.935424923896789551e-01,-1.878188923001289368e-02,1.222093962132930756e-02,-1.112258359789848328e-01,0.000000000000000000e+00,0.000000000000000000e+00,0.000000000000000000e+00,-1.100000000000000089e+00,2.000000000000000111e-01,-5.000000000000000000e-01,0.000000000000000000e+00,1.100000000000000089e+00,2.000000000000000111e-01,5.000000000000000000e-01,-5.099441409111022949e-01,2.047233283519744873e-01,2.445089966058731079e-01,3.232088387012481689e-01,-6.386695429682731628e-03,-8.159304410219192505e-02,2.143570631742477417e-01,4.537250474095344543e-02,1.176607832312583923e-01,1.528819799423217773e-01,-3.063381314277648926e-01,-1.990669034421443939e-02
1.675901179340752556e+00,-4.365484116871775483e-02,5.179847529304749676e-01,9.872104525566101074e-01,-3.410409018397331238e-02,-2.550341188907623291e-03,-1.557109653949737549e-01,0.000000000000000000e+00,0.000000000000000000e+00,0.000000000000000000e+00,-1.100000000000000089e+00,2.000000000000000111e-01,-5.000000000000000000e-01,0.000000000000000000e+00,1.100000000000000089e+00,2.000000000000000111e-01,5.000000000000000000e-01,-4.894007742404937744e-01,2.757765352725982666e-01,2.756730318069458008e-01,1.088936924934387207e-01,-3.006684035062789917e-02,-1.468520760536193848e-01,3.161382377147674561e-01,3.888750448822975159e-02,1.950468420982360840e-01,1.883137524127960205e-01,-3.653930127620697021e-01,-1.072774920612573624e-02
1.722158663089227382e+00,-4.201552941322777429e-02,5.090037544274872428e-01,9.831432104110717773e-01,-4.273218289017677307e-02,-4.208826459944248199e-03,-1.777234077453613281e-01,0.000000000000000000e+00,0.000000000000000000e+00,0.000000000000000000e+00,-1.100000000000000089e+00,2.000000000000000111e-01,-5.000000000000000000e-01,0.000000000000000000e+00,1.100000000000000089e+00,2.000000000000000111e-01,5.000000000000000000e-01,-5.414286255836486816e-01,3.098867535591125488e-01,2.431107163429260254e-01,1.096843630075454712e-01,-9.161829203367233276e-02,-1.843194067478179932e-01,3.960134685039520264e-01,1.289078313857316971e-02,2.287891209125518799e-01,2.272850275039672852e-01,-3.570541143417358398e-01,-4.314766265451908112e-03
1.769410949292206769e+00,-4.021533036595115879e-02,5.040840494008076433e-01,9.846311807632446289e-01,-2.335702814161777496e-02,1.257697772234678268e-02,-1.726202219724655151e-01,0.000000000000000000e+00,0.000000000000000000e+00,0.000000000000000000e+00,-1.100000000000000089e+00,2.000000000000000111e-01,-5.000000000000000000e-01,0.000000000000000000e+00,1.100000000000000089e+00,2.000000000000000111e-01,5.000000000000000000e-01,-5.448614954948425293e-01,2.395496666431427002e-01,2.472949177026748657e-01,1.148962974548339844e-01,-8.926807902753353119e-03,-1.671024411916732788e-01,3.785248696804046631e-01,-3.477493301033973694e-02,2.335443943738937378e-01,3.726930916309356689e-01,-2.988359630107879639e-01,1.383192930370569229e-02
1.818436607884036160e+00,-3.874225151226526331e-02,5.038333973800293020e-01,9.869177937507629395e-01,1.698097586631774902e-02,4.071863368153572083e-02,-1.550705581903457642e-01,0.000000000000000000e+00,0.000000000000000000e+00,0.000000000000000000e+00,-1.100000000000000089e+00,2.000000000000000111e-01,-5.000000000000000000e-01,0.000000000000000000e+00,1.100000000000000089e+00,2.000000000000000111e-01,5.000000000000000000e-01,-6.534288525581359863e-01,1.255132257938385010e-01,2.192340344190597534e-01,3.245794177055358887e-01,1.371939629316329956e-01,-4.892409220337867737e-02,2.804425358772277832e-01,-1.092712655663490295e-01,2.252672314643859863e-01,5.984575152397155762e-01,-1.381183713674545288e-01,3.292242437601089478e-02
1.867711714436911752e+00,-3.692712108632831974e-02,5.064715337723192379e-01,9.895160198211669922e-01,4.084821790456771851e-02,3.875065222382545471e-02,-1.329957693815231323e-01,0.000000000000000000e+00,0.000000000000000000e+00,0.000000000000000000e+00,-1.100000000000000089e+00,2.000000000000000111e-01,-5.000000000000000000e-01,0.000000000000000000e+00,1.100000000000000089e+00,2.000000000000000111e-01,5.000000000000000000e-01,-6.690050363540649414e-01,4.694304987788200378e-02,2.162511050701141357e-01,5.276001095771789551e-01,7.515840977430343628e-02,1.766102202236652374e-02,2.133492976427078247e-01,-1.455499231815338135e-01,2.101940065622329712e-01,8.375905752182006836e-01,8.277996629476547241e-02,9.063009917736053467e-02
1.913814082076453094e+00,-3.555666237523910644e-02,5.124861027691701709e-01,9.914301633834838867e-01,5.611600354313850403e-02,2.838572114706039429e-02,-1.145051941275596619e-01,0.000000000000000000e+00,0.000000000000000000e+00,0.000000000000000000e+00,-1.100000000000000089e+00,2.000000000000000111e-01,-5.000000000000000000e-01,0.000000000000000000e+00,1.100000000000000089e+00,2.000000000000000111e-01,5.000000000000000000e-01,-5.815666913986206055e-01,-2.979849465191364288e-02,2.235360294580459595e-01,5.791331529617309570e-01,-3.178602457046508789e-02,4.613455012440681458e-02,9.976379573345184326e-02,-1.570257842540740967e-01,1.999356001615524292e-01,1.089626193046569824e+00,1.631309986114501953e-01,1.303462684154510498e-01
1.956872254558885693e+00,-3.390142277786226122e-02,5.222905950902989591e-01,9.915717840194702148e-01,6.889995187520980835e-02,2.594624646008014679e-02,-1.066069453954696655e-01,0.000000000000000000e+00,0.000000000000000000e+00,0.000000000000000000e+00,-1.100000000000000089e+00,2.000000000000000111e-01,-5.000000000000000000e-01,0.000000000000000000e+00,1.100000000000000089e+00,2.000000000000000111e-01,5.000000000000000000e-01,-4.430121183395385742e-01,-1.068193987011909485e-01,2.312580198049545288e-01,4.841578304767608643e-01,-8.725175261497497559e-02,6.898286193609237671e-02,-5.988720059394836426e-02,-1.660091280937194824e-01,1.980607509613037109e-01,1.273297786712646484e+00,2.562505938112735748e-02,1.304277926683425903e-01
1.997924546566274273e+00,-3.291798623203478352e-02,5.335148399127552787e-01,9.923954606056213379e-01,6.536124646663665771e-02,2.331786043941974640e-02,-1.016630977392196655e-01,0.000000000000000000e+00,0.000000000000000000e+00,0.000000000000000000e+00,-1.100000000000000089e+00,2.000000000000000111e-01,-5.000000000000000000e-01,0.000000000000000000e+00,1.100000000000000089e+00,2.000000000000000111e-01,5.000000000000000000e-01,-2.660221755504608154e-01,-1.524751037359237671e-01,2.106729745864868164e-01,3.197130262851715088e-01,-1.064781695604324341e-01,7.935727387666702271e-02,-2.285656481981277466e-01,-1.926519572734832764e-01,1.353522539138793945e-01,1.345464110374450684e+00,-9.984614700078964233e-02,6.346175074577331543e-02
2.038922697405020301e+00,-3.305195344696668092e-02,5.424831335096046425e-01,9.945059418678283691e-01,4.503068700432777405e-02,2.512150444090366364e-02,-9.109941869974136353e-02,0.000000000000000000e+00,0.000000000000000000e+00,0.000000000000000000e+00,-1.100000000000000089e+00,2.000000000000000111e-01,-5.000000000000000000e-01,0.000000000000000000e+00,1.100000000000000089e+00,2.000000000000000111e-01,5.000000000000000000e-01,-1.002568081021308899e-01,-1.510598212480545044e-01,1.582071036100387573e-01,1.612505614757537842e-01,-1.027951762080192566e-01,8.578334748744964600e-02,-3.655382394790649414e-01,-2.213316261768341064e-01,-2.105760620906949043e-03,1.291959285736083984e+00,-1.757524758577346802e-01,-3.562791645526885986e-02
2.081040208601590447e+00,-3.272182829395839376e-02,5.465101735625002011e-01,9.968224763870239258e-01,2.227257378399372101e-02,3.563594073057174683e-02,-6.766777485609054565e-02,0.000000000000000000e+00,0.000000000000000000e+00,0.000000000000000000e+00,-1.100000000000000089e+00,2.000000000000000111e-01,-5.000000000000000000e-01,0.000000000000000000e+00,1.100000000000000089e+00,2.000000000000000111e-01,5.000000000000000000e-01,-1.149359811097383499e-02,-1.295561790466308594e-01,8.870632201433181763e-02,1.174213439226150513e-01,-1.300909668207168579e-01,8.938538283109664917e-02,-4.666061997413635254e-01,-2.176149487495422363e-01,-1.515658646821975708e-01,1.126240968704223633e+00,-2.019582688808441162e-01,-9.185187518596649170e-02
2.122150461553323098e+00,-3.195105879830967971e-02,5.441828091389904198e-01,9.985671639442443848e-01,1.778797619044780731e-02,4.338055849075317383e-02,-2.579468674957752228e-02,0.000000000000000000e+00,0.000000000000000000e+00,0.000000000000000000e+00,-1.100000000000000089e+00,2.000000000000000111e-01,-5.000000000000000000e-01,0.000000000000000000e+00,1.100000000000000089e+00,2.000000000000000111e-01,5.000000000000000000e-01,5.408161878585815430e-02,-1.360410153865814209e-01,1.587815396487712860e-02,1.165792122483253479e-01,-1.690002530813217163e-01,1.021013781428337097e-01,-5.377066731452941895e-01,-2.131816744804382324e-01,-2.437617629766464233e-01,8.863580226898193359e-01,-1.803770363330841064e-01,-5.661368370056152344e-02
2.161442667348216329e+00,-3.226082911395063146e-02,5.362283753558542143e-01,9.982795119285583496e-01,2.807259187102317810e-02,4.339351132512092590e-02,2.769366092979907990e-02,0.000000000000000000e+00,0.000000000000000000e+00,0.000000000000000000e+00,-1.100000000000000089e+00,2.000000000000000111e-01,-5.000000000000000000e-01,0.000000000000000000e+00,1.100000000000000089e+00,2.000000000000000111e-01,5.000000000000000000e-01,1.304049342870712280e-01,-1.609625071287155151e-01,-6.303343921899795532e-02,1.257471591234207153e-01,-2.166067808866500854e-01,1.060129851102828979e-01,-5.791750550270080566e-01,-2.465778887271881104e-01,-2.941046953201293945e-01,6.052606105804443359e-01,-1.194760575890541077e-01,-4.567353986203670502e-03
2.200483764410019027e+00,-3.207684152101100694e-02,5.255466217216517855e-01,9.949568510055541992e-01,4.517384991049766541e-02,3.533086553215980530e-02,8.229219913482666016e-02,0.000000000000000000e+00,0.000000000000000000e+00,0.000000000000000000e+00,-1.100000000000000089e+00,2.000000000000000111e-01,-5.000000000000000000e-01,0.000000000000000000e+00,1.100000000000000089e+00,2.000000000000000111e-01,5.000000000000000000e-01,2.238789200782775879e-01,-1.767503172159194946e-01,-1.384321898221969604e-01,1.396581828594207764e-01,-2.653906047344207764e-01,1.087534651160240173e-01,-5.847798585891723633e-01,-2.949043512344360352e-01,-3.045930564403533936e-01,3.155015110969543457e-01,-5.302355810999870300e-02,5.591185763478279114e-02
2.243125747418162952e+00,-3.179105898158417903e-02,5.142285847979964908e-01,9.885328412055969238e-01,6.757021695375442505e-02,2.396880462765693665e-02,1.329006105661392212e-01,0.000000000000000000e+00,0.000000000000000000e+00,0.000000000000000000e+00,-1.100000000000000089e+00,2.000000000000000111e-01,-5.000000000000000000e-01,0.000000000000000000e+00,1.100000000000000089e+00,2.000000000000000111e-01,5.000000000000000000e-01,3.269029259681701660e-01,-1.816840767860412598e-01,-2.031784504652023315e-01,1.488371193408966064e-01,-2.807780802249908447e-01,1.028875410556793213e-01,-5.827562808990478516e-01,-3.627445101737976074e-01,-2.982548773288726807e-01,9.417630732059478760e-02,-3.303295001387596130e-02,1.576830595731735229e-01
2.288689692760958572e+00,-3.148979493275735897e-02,5.062045231469051165e-01,9.835816025733947754e-01,7.345508038997650146e-02,2.325046993792057037e-02,1.631901711225509644e-01,0.000000000000000000e+00,0.000000000000000000e+00,0.000000000000000000e+00,-1.100000000000000089e+00,2.000000000000000111e-01,-5.000000000000000000e-01,0.000000000000000000e+00,1.100000000000000089e+00,2.000000000000000111e-01,5.000000000000000000e-01,4.053506553173065186e-01,-1.467004865407943726e-01,-2.444296628236770630e-01,1.770777851343154907e-01,-2.496658861637115479e-01,9.447550028562545776e-02,-6.397638916969299316e-01,-3.952828347682952881e-01,-2.739711105823516846e-01,1.047602742910385132e-01,-1.199521347880363464e-01,1.640351265668869019e-01
2.334295489559270020e+00,-3.191705449070367240e-02,5.003478520521611461e-01,9.838604331016540527e-01,6.391248852014541626e-02,2.974880300462245941e-02,1.644651591777801514e-01,0.000000000000000000e+00,0.000000000000000000e+00,0.000000000000000000e+00,-1.100000000000000089e+00,2.000000000000000111e-01,-5.000000000000000000e-01,0.000000000000000000e+00,1.100000000000000089e+00,2.000000000000000111e-01,5.000000000000000000e-01,4.228145480155944824e-01,-1.131306514143943787e-01,-2.405514717102050781e-01,2.855660617351531982e-01,-2.021348625421524048e-01,7.509332895278930664e-02,-6.080610156059265137e-01,-3.331472277641296387e-01,-3.082405924797058105e-01,9.789273142814636230e-02,-1.118664667010307312e-01,1.941852122545242310e-01
2.377394517033990962e+00,-3.307563501833514497e-02,5.004820839526376020e-01,9.881268739700317383e-01,1.708473265171051025e-02,5.545476078987121582e-02,1.422606408596038818e-01,0.000000000000000000e+00,0.000000000000000000e+00,0.000000000000000000e+00,-1.100000000000000089e+00,2.000000000000000111e-01,-5.000000000000000000e-01,0.000000000000000000e+00,1.100000000000000089e+00,2.000000000000000111e-01,5.000000000000000000e-01,3.307072520256042480e-01,-4.296793416142463684e-02,-2.137796431779861450e-01,5.119053721427917480e-01,-8.878243714570999146e-02,-3.194628981873393059e-03,-6.567637920379638672e-01,-1.888637840747833252e-01,-3.136422634124755859e-01,2.266282290220260620e-01,6.219596043229103088e-02,7.038138061761856079e-02
2.421109690937128800e+00,-3.261772383634715944e-02,5.012792545338772277e-01,9.914999008178710938e-01,-7.677940448047593236e-05,5.186749249696731567e-02,1.193216443061828613e-01,0.000000000000000000e+00,0.000000000000000000e+00,0.000000000000000000e+00,-1.100000000000000089e+00,2.000000000000000111e-01,-5.000000000000000000e-01,0.000000000000000000e+00,1.100000000000000089e+00,2.000000000000000111e-01,5.000000000000000000e-01,2.662172317504882812e-01,-2.565262466669082642e-02,-1.721833348274230957e-01,7.561974525451660156e-01,1.806078404188156128e-01,-1.379915326833724976e-01,-7.297316789627075195e-01,-1.486553549766540527e-01,-2.638420462608337402e-01,5.440785288810729980e-01,7.656996697187423706e-02,-3.435316681861877441e-02
2.464043969825060465e+00,-3.342191117947375389e-02,5.064288104114809119e-01,9.943170547485351562e-01,-1.920286938548088074e-02,3.676791489124298096e-02,9.804561734199523926e-02,0.000000000000000000e+00,0.000000000000000000e+00,0.000000000000000000e+00,-1.100000000000000089e+00,2.000000000000000111e-01,-5.000000000000000000e-01,0.000000000000000000e+00,1.100000000000000089e+00,2.000000000000000111e-01,5.000000000000000000e-01,1.452911198139190674e-01,-9.009814821183681488e-04,-1.505191773176193237e-01,1.060736417770385742e+00,2.711739242076873779e-01,-1.915683150291442871e-01,-6.476241946220397949e-01,-7.684487104415893555e-02,-2.774617671966552734e-01,6.381707787513732910e-01,-5.869392305612564087e-02,-7.191893458366394043e-02
2.507392113106419185e+00,-3.523391208808981934e-02,5.165003133580239325e-01,9.947226047515869141e-01,-4.831733554601669312e-02,3.015371225774288177e-02,8.534148335456848145e-02,0.000000000000000000e+00,0.000000000000000000e+00,0.000000000000000000e+00,-1.100000000000000089e+00,2.000000000000000111e-01,-5.000000000000000000e-01,0.000000000000000000e+00,1.100000000000000089e+00,2.000000000000000111e-01,5.000000000000000000e-01,-1.934093981981277466e-02,1.997241564095020294e-02,-2.060790061950683594e-01,1.285015940666198730e+00,1.230956986546516418e-01,-2.256831526756286621e-01,-5.043578147888183594e-01,3.420598804950714111e-02,-3.008876144886016846e-01,5.432082414627075195e-01,-1.194480285048484802e-01,-9.548780322074890137e-02
2.552038647971972107e+00,-3.614845254364414118e-02,5.291593821881094284e-01,9.953579902648925781e-01,-4.960760846734046936e-02,2.618638612329959869e-02,7.820398360490798950e-02,0.000000000000000000e+00,0.000000000000000000e+00,0.000000000000000000e+00,-1.100000000000000089e+00,2.000000000000000111e-01,-5.000000000000000000e-01,0.000000000000000000e+00,1.100000000000000089e+00,2.000000000000000111e-01,5.000000000000000000e-01,-2.031330168247222900e-01,2.679847739636898041e-02,-2.038134932518005371e-01,1.364161372184753418e+00,5.300794728100299835e-03,-1.928275078535079956e-01,-3.317337334156036377e-01,9.580177813768386841e-02,-2.725318670272827148e-01,3.815161585807800293e-01,-1.478936672210693359e-01,-8.833374083042144775e-02
2.597613222255851451e+00,-3.537377504377879622e-02,5.404733087009552239e-01,9.970571994781494141e-01,-2.592314966022968292e-02,2.407112158834934235e-02,6.801062077283859253e-02,0.000000000000000000e+00,0.000000000000000000e+00,0.000000000000000000e+00,-1.100000000000000089e+00,2.000000000000000111e-01,-5.000000000000000000e-01,0.000000000000000000e+00,1.100000000000000089e+00,2.000000000000000111e-01,5.000000000000000000e-01,-3.652726113796234131e-01,5.565914511680603027e-02,-9.321226179599761963e-02,1.303709626197814941e+00,-6.659802049398422241e-02,-7.811542600393295288e-02,-1.509629189968109131e-01,9.127845615148544312e-02,-2.147297263145446777e-01,2.122007757425308228e-01,-1.597297787666320801e-01,-7.687704265117645264e-02
2.643245591406870432e+00,-3.369227967836489757e-02,5.460590663559810043e-01,9.985586404800415039e-01,2.997541334480047226e-03,2.707771770656108856e-02,4.624393582344055176e-02,0.000000000000000000e+00,0.000000000000000000e+00,0.000000000000000000e+00,-1.100000000000000089e+00,2.000000000000000111e-01,-5.000000000000000000e-01,0.000000000000000000e+00,1.100000000000000089e+00,2.000000000000000111e-01,5.000000000000000000e-01,-4.620139896869659424e-01,6.406483799219131470e-02,4.057920351624488831e-02,1.121475815773010254e+00,-1.094834432005882263e-01,1.249607559293508530e-02,-2.670079842209815979e-02,5.518694967031478882e-02,-1.455264091491699219e-01,1.251163184642791748e-01,-1.874668747186660767e-01,-6.874585896730422974e-02
2.686995973677346328e+00,-3.103679340812518644e-02,5.447953433882106733e-01,9.993572831153869629e-01,1.481038145720958710e-02,3.072713129222393036e-02,1.102736312896013260e-02,0.000000000000000000e+00,0.000000000000000000e+00,0.000000000000000000e+00,-1.100000000000000089e+00,2.000000000000000111e-01,-5.000000000000000000e-01,0.000000000000000000e+00,1.100000000000000089e+00,2.000000000000000111e-01,5.000000000000000000e-01,-5.265260338783264160e-01,8.310682326555252075e-02,1.356561332941055298e-01,8.791759610176086426e-01,-1.117959395051002502e-01,3.950587287545204163e-02,5.101705715060234070e-02,4.079486429691314697e-02,-7.461497932672500610e-02,1.196778118610382080e-01,-2.321868985891342163e-01,-6.266853213310241699e-02
2.728939435963678939e+00,-2.889306366349560923e-02,5.380195595248781215e-01,9.989537000656127930e-01,8.275996893644332886e-03,2.793182060122489929e-02,-3.525372594594955444e-02,0.000000000000000000e+00,0.000000000000000000e+00,0.000000000000000000e+00,-1.100000000000000089e+00,2.000000000000000111e-01,-5.000000000000000000e-01,0.000000000000000000e+00,1.100000000000000089e+00,2.000000000000000111e-01,5.000000000000000000e-01,-5.485314130783081055e-01,1.258280873298645020e-01,1.889501661062240601e-01,5.685395598411560059e-01,-9.087406098842620850e-02,-9.704191237688064575e-03,1.335276216268539429e-01,5.309622734785079956e-02,-2.323958091437816620e-03,1.335929036140441895e-01,-2.797282636165618896e-01,-5.878059566020965576e-02
2.772822015688876984e+00,-2.765246175652878030e-02,5.270399879438407709e-01,9.961720705032348633e-01,-1.120872236788272858e-02,1.594134233891963959e-02,-8.521429449319839478e-02,0.000000000000000000e+00,0.000000000000000000e+00,0.000000000000000000e+00,-1.100000000000000089e+00,2.000000000000000111e-01,-5.000000000000000000e-01,0.000000000000000000e+00,1.100000000000000089e+00,2.000000000000000111e-01,5.000000000000000000e-01,-4.945902526378631592e-01,1.949535757303237915e-01,2.404110133647918701e-01,1.963154375553131104e-01,-7.315172255039215088e-02,-1.126812919974327087e-01,2.385801076889038086e-01,7.686965167522430420e-02,8.033922314643859863e-02,1.498205214738845825e-01,-3.313353359699249268e-01,-6.341043859720230103e-02
2.819005429004177721e+00,-2.564506582699414838e-02,5.150593444938310617e-01,9.905757308006286621e-01,-3.338500857353210449e-02,4.002162721008062363e-03,-1.327747255563735962e-01,0.000000000000000000e+00,0.000000000000000000e+00,0.000000000000000000e+00,-1.100000000000000089e+00,2.000000000000000111e-01,-5.000000000000000000e-01,0.000000000000000000e+00,1.100000000000000089e+00,2.000000000000000111e-01,5.000000000000000000e-01,-5.289955139160156250e-01,2.918559014797210693e-01,2.399865686893463135e-01,1.070828959345817566e-01,-1.392273157835006714e-01,-1.894989162683486938e-01,3.565449714660644531e-01,7.744570076465606689e-02,1.532600373029708862e-01,1.515353322029113770e-01,-3.599550127983093262e-01,-5.286980420351028442e-02
2.863020870492916092e+00,-2.266405266634367172e-02,5.074695747323108019e-01,9.882904887199401855e-01,-3.345557674765586853e-02,8.306678384542465210e-03,-1.486393660306930542e-01,0.000000000000000000e+00,0.000000000000000000e+00,0.000000000000000000e+00,-1.100000000000000089e+00,2.000000000000000111e-01,-5.000000000000000000e-01,0.000000000000000000e+00,1.100000000000000089e+00,2.000000000000000111e-01,5.000000000000000000e-01,-5.806155204772949219e-01,2.897682487964630127e-01,2.142241597175598145e-01,1.082949414849281311e-01,-1.572469472885131836e-01,-2.114664763212203979e-01,4.255667924880981445e-01,3.524244204163551331e-02,1.778467893600463867e-01,1.772272139787673950e-01,-3.324503898620605469e-01,-3.289728239178657532e-02
2.907188106546498396e+00,-1.912768252400888491e-02,5.033829960016289462e-01,9.893819093704223633e-01,-1.809020340442657471e-02,2.237370423972606659e-02,-1.424624025821685791e-01,0.000000000000000000e+00,0.000000000000000000e+00,0.000000000000000000e+00,-1.100000000000000089e+00,2.000000000000000111e-01,-5.000000000000000000e-01,0.000000000000000000e+00,1.100000000000000089e+00,2.000000000000000111e-01,5.000000000000000000e-01,-5.512294173240661621e-01,2.170082330703735352e-01,2.184455096721649170e-01,9.427596628665924072e-02,-8.698502928018569946e-02,-2.015454024076461792e-01,4.162400960922241211e-01,-6.005047820508480072e-03,1.742056161165237427e-01,3.114468455314636230e-01,-2.511441707611083984e-01,-8.816433139145374298e-03
2.951290572490354869e+00,-1.664897505805423145e-02,5.045935742639833244e-01,9.912413954734802246e-01,2.609612978994846344e-02,4.881448298692703247e-02,-1.199028417468070984e-01,0.000000000000000000e+00,0.000000000000000000e+00,0.000000000000000000e+00,-1.100000000000000089e+00,2.000000000000000111e-01,-5.000000000000000000e-01,0.000000000000000000e+00,1.100000000000000089e+00,2.000000000000000111e-01,5.000000000000000000e-01,-6.098027229309082031e-01,7.892045378684997559e-02,2.022760361433029175e-01,2.109795063734054565e-01,1.238450706005096436e-01,-8.459394425153732300e-02,3.041740655899047852e-01,-8.489922434091567993e-02,1.604900062084197998e-01,5.775881409645080566e-01,-9.457010775804519653e-02,1.945050060749053955e-02
2.997916747632652701e+00,-1.393508929585229178e-02,5.075308157014425392e-01,9.932088255882263184e-01,5.333043262362480164e-02,4.285465925931930542e-02,-9.410407394170761108e-02,0.000000000000000000e+00,0.000000000000000000e+00,0.000000000000000000e+00,-1.100000000000000089e+00,2.000000000000000111e-01,-5.000000000000000000e-01,0.000000000000000000e+00,1.100000000000000089e+00,2.000000000000000111e-01,5.000000000000000000e-01,-6.218074560165405273e-01,-1.226242072880268097e-02,1.879135668277740479e-01,4.147345721721649170e-01,1.080679371953010559e-01,-9.808031842112541199e-03,2.330853343009948730e-01,-1.283446848392486572e-01,1.442509442567825317e-01,8.420873284339904785e-01,1.042511761188507080e-01,9.158840775489807129e-02
3.044170577682629997e+00,-1.212983008375334570e-02,5.128097872405943392e-01,9.938561320304870605e-01,7.427941262722015381e-02,2.878560870885848999e-02,-7.683675736188888550e-02,0.000000000000000000e+00,0.000000000000000000e+00,0.000000000000000000e+00,-1.100000000000000089e+00,2.000000000000000111e-01,-5.000000000000000000e-01,0.000000000000000000e+00,1.100000000000000089e+00,2.000000000000000111e-01,5.000000000000000000e-01,-5.409882664680480957e-01,-9.396870434284210205e-02,1.941144764423370361e-01,4.816672205924987793e-01,7.762074470520019531e-03,2.455555275082588196e-02,1.200416088104248047e-01,-1.568006873130798340e-01,1.447480767965316772e-01,1.109069943428039551e+00,1.452919244766235352e-01,1.452730149030685425e-01
3.087879772806408241e+00,-1.119400839142576515e-02,5.224761863662438222e-01,9.933564662933349609e-01,8.195532113313674927e-02,2.354382351040840149e-02,-7.727786898612976074e-02,0.000000000000000000e+00,0.000000000000000000e+00,0.000000000000000000e+00,-1.100000000000000089e+00,2.000000000000000111e-01,-5.000000000000000000e-01,0.000000000000000000e+00,1.100000000000000089e+00,2.000000000000000111e-01,5.000000000000000000e-01,-4.041644930839538574e-01,-1.452552378177642822e-01,1.962590664625167847e-01,4.097777009010314941e-01,-5.658087506890296936e-02,4.312400519847869873e-02,-4.911831021308898926e-02,-1.682151556015014648e-01,1.482551544904708862e-01,1.300438404083251953e+00,2.191445603966712952e-02,1.354135870933532715e-01
3.129162247819129661e+00,-1.161771026425853504e-02,5.336205895726728876e-01,9.938727617263793945e-01,7.243664562702178955e-02,1.887271180748939514e-02,-8.132450282573699951e-02,0.000000000000000000e+00,0.000000000000000000e+00,0.000000000000000000e+00,-1.100000000000000089e+00,2.000000000000000111e-01,-5.000000000000000000e-01,0.000000000000000000e+00,1.100000000000000089e+00,2.000000000000000111e-01,5.000000000000000000e-01,-2.319113165140151978e-01,-1.589274853467941284e-01,1.778538972139358521e-01,2.769068181514739990e-01,-8.949127048254013062e-02,5.042967572808265686e-02,-2.176614105701446533e-01,-1.765677928924560547e-01,9.786308556795120239e-02,1.363541960716247559e+00,-8.099663257598876953e-02,7.520798593759536743e-02
3.168161825579826285e+00,-1.350184317367772446e-02,5.428250864735155723e-01,9.957428574562072754e-01,4.824488982558250427e-02,1.893798820674419403e-02,-7.622270286083221436e-02,0.000000000000000000e+00,0.000000000000000000e+00,0.000000000000000000e+00,-1.100000000000000089e+00,2.000000000000000111e-01,-5.000000000000000000e-01,0.000000000000000000e+00,1.100000000000000089e+00,2.000000000000000111e-01,5.000000000000000000e-01,-6.994836777448654175e-02,-1.340492516756057739e-01,1.335981637239456177e-01,1.431795358657836914e-01,-9.665308147668838501e-02,5.294061824679374695e-02,-3.438032865524291992e-01,-1.814902126789093018e-01,-2.868349850177764893e-02,1.286352872848510742e+00,-1.437672227621078491e-01,8.080417173914611340e-04
3.209199834947634056e+00,-1.463150031817606750e-02,5.464899121435603524e-01,9.977316260337829590e-01,2.612515538930892944e-02,2.748713269829750061e-02,-5.561965331435203552e-02,0.000000000000000000e+00,0.000000000000000000e+00,0.000000000000000000e+00,-1.100000000000000089e+00,2.000000000000000111e-01,-5.000000000000000000e-01,0.000000000000000000e+00,1.100000000000000089e+00,2.000000000000000111e-01,5.000000000000000000e-01,1.703933067619800568e-02,-1.033047214150428772e-01,7.493378967046737671e-02,1.147447675466537476e-01,-1.316144317388534546e-01,5.494757369160652161e-02,-4.367157816886901855e-01,-1.820787340402603149e-01,-1.779613792896270752e-01,1.111078500747680664e+00,-1.729737371206283569e-01,-4.728285223245620728e-02
3.250150819860323281e+00,-1.521396680852642874e-02,5.430668533638570716e-01,9.988141655921936035e-01,2.730288915336132050e-02,3.555528074502944946e-02,-1.899163797497749329e-02,0.000000000000000000e+00,0.000000000000000000e+00,0.000000000000000000e+00,-1.100000000000000089e+00,2.000000000000000111e-01,-5.000000000000000000e-01,0.000000000000000000e+00,1.100000000000000089e+00,2.000000000000000111e-01,5.000000000000000000e-01,7.841280102729797363e-02,-1.157253086566925049e-01,1.570093818008899689e-02,1.164698153734207153e-01,-1.680244207382202148e-01,6.846136599779129028e-02,-5.180643200874328613e-01,-1.993330121040344238e-01,-2.566101849079132080e-01,8.935745954513549805e-01,-1.741492599248886108e-01,-3.002545051276683807e-02
3.290583311740798322e+00,-1.644365173425863663e-02,5.341462654439789182e-01,9.980136752128601074e-01,4.262977093458175659e-02,3.723843395709991455e-02,2.765226922929286957e-02,0.000000000000000000e+00,0.000000000000000000e+00,0.000000000000000000e+00,-1.100000000000000089e+00,2.000000000000000111e-01,-5.000000000000000000e-01,0.000000000000000000e+00,1.100000000000000089e+00,2.000000000000000111e-01,5.000000000000000000e-01,1.486211270093917847e-01,-1.464897096157073975e-01,-4.969181492924690247e-02,1.253438293933868408e-01,-2.115106135606765747e-01,7.736009359359741211e-02,-5.714361667633056641e-01,-2.522754073143005371e-01,-2.922716736793518066e-01,6.418257951736450195e-01,-1.379655599594116211e-01,6.292937905527651310e-04
3.333548813143162093e+00,-1.656343491795012057e-02,5.230503152619407903e-01,9.946655631065368652e-01,6.147763133049011230e-02,3.143326938152313232e-02,7.663495093584060669e-02,0.000000000000000000e+00,0.000000000000000000e+00,0.000000000000000000e+00,-1.100000000000000089e+00,2.000000000000000111e-01,-5.000000000000000000e-01,0.000000000000000000e+00,1.100000000000000089e+00,2.000000000000000111e-01,5.000000000000000000e-01,2.365220189094543457e-01,-1.655755192041397095e-01,-1.194717809557914734e-01,1.373249292373657227e-01,-2.564149796962738037e-01,7.816717028617858887e-02,-5.795667767524719238e-01,-3.142447471618652344e-01,-3.027613162994384766e-01,3.552745878696441650e-01,-8.933755010366439819e-02,3.777121007442474365e-02
3.379374828314539947e+00,-1.628340799163913860e-02,5.113655383516140240e-01,9.892800450325012207e-01,8.042869716882705688e-02,2.160215564072132111e-02,1.199563741683959961e-01,0.000000000000000000e+00,0.000000000000000000e+00,0.000000000000000000e+00,-1.100000000000000089e+00,2.000000000000000111e-01,-5.000000000000000000e-01,0.000000000000000000e+00,1.100000000000000089e+00,2.000000000000000111e-01,5.000000000000000000e-01,3.367377221584320068e-01,-1.630602777004241943e-01,-1.762268841266632080e-01,1.463967561721801758e-01,-2.717729210853576660e-01,6.762351840734481812e-02,-5.776920318603515625e-01,-3.709451258182525635e-01,-2.796541452407836914e-01,1.216108575463294983e-01,-6.728552281856536865e-02,9.805209189653396606e-02
3.426093010228089319e+00,-1.716715669551054785e-02,5.033958254656707432e-01,9.864322543144226074e-01,8.099503815174102783e-02,2.178174629807472229e-02,1.411265730857849121e-01,0.000000000000000000e+00,0.000000000000000000e+00,0.000000000000000000e+00,-1.100000000000000089e+00,2.000000000000000111e-01,-5.000000000000000000e-01,0.000000000000000000e+00,1.100000000000000089e+00,2.000000000000000111e-01,5.000000000000000000e-01,4.086383879184722900e-01,-1.222964897751808167e-01,-2.083221077919006348e-01,1.864324212074279785e-01,-2.377383112907409668e-01,5.810507014393806458e-02,-6.169207692146301270e-01,-3.796721100807189941e-01,-2.534883618354797363e-01,1.073663011193275452e-01,-1.046881228685379028e-01,1.208624467253684998e-01
3.471575245586308256e+00,-2.002077826054183413e-02,5.005820209104003826e-01,9.899432659149169922e-01,4.611637815833091736e-02,3.719847276806831360e-02,1.284595280885696411e-01,0.000000000000000000e+00,0.000000000000000000e+00,0.000000000000000000e+00,-1.100000000000000089e+00,2.000000000000000111e-01,-5.000000000000000000e-01,0.000000000000000000e+00,1.100000000000000089e+00,2.000000000000000111e-01,5.000000000000000000e-01,3.739894628524780273e-01,-5.389208346605300903e-02,-1.987228691577911377e-01,3.652611672878265381e-01,-1.952983289957046509e-01,2.273469977080821991e-02,-6.075887084007263184e-01,-2.547145485877990723e-01,-2.786439061164855957e-01,1.227592900395393372e-01,-2.970137938973493874e-05,7.819478958845138550e-02
3.516430373420618594e+00,-2.361064083243936268e-02,5.016021501385804493e-01,9.932236671447753906e-01,6.922160740941762924e-03,4.940170794725418091e-02,1.049682497978210449e-01,0.000000000000000000e+00,0.000000000000000000e+00,0.000000000000000000e+00,-1.100000000000000089e+00,2.000000000000000111e-01,-5.000000000000000000e-01,0.000000000000000000e+00,1.100000000000000089e+00,2.000000000000000111e-01,5.000000000000000000e-01,3.039541244506835938e-01,8.090076968073844910e-03,-1.770171523094177246e-01,6.011952161788940430e-01,-1.951185613870620728e-02,-6.210442259907722473e-02,-6.776790618896484375e-01,-1.513292640447616577e-01,-2.545425891876220703e-01,3.588127791881561279e-01,1.559786647558212280e-01,1.644011028110980988e-02
3.560973276110610541e+00,-2.652098295269440104e-02,5.052438495579091304e-01,9.962321519851684570e-01,-8.884047158062458038e-03,2.997634001076221466e-02,8.089457452297210693e-02,0.000000000000000000e+00,0.000000000000000000e+00,0.000000000000000000e+00,-1.100000000000000089e+00,2.000000000000000111e-01,-5.000000000000000000e-01,0.000000000000000000e+00,1.100000000000000089e+00,2.000000000000000111e-01,5.000000000000000000e-01,2.387451380491256714e-01,2.464018762111663818e-02,-1.377835124731063843e-01,8.780619502067565918e-01,2.208267152309417725e-01,-1.488496959209442139e-01,-6.605375409126281738e-01,-9.551219642162322998e-02,-2.371854931116104126e-01,5.995807051658630371e-01,6.549790035933256149e-03,-6.847358494997024536e-02
3.604783446174679717e+00,-3.002781730220474565e-02,5.135676805629875163e-01,9.970178604125976562e-01,-3.084918297827243805e-02,1.736850850284099579e-02,6.857150793075561523e-02,0.000000000000000000e+00,0.000000000000000000e+00,0.000000000000000000e+00,-1.100000000000000089e+00,2.000000000000000111e-01,-5.000000000000000000e-01,0.000000000000000000e+00,1.100000000000000089e+00,2.000000000000000111e-01,5.000000000000000000e-01,9.796857088804244995e-02,4.928734153509140015e-02,-1.506498008966445923e-01,1.155320644378662109e+00,1.986131519079208374e-01,-1.782066375017166138e-01,-5.285851955413818359e-01,-1.653762347996234894e-02,-2.597099542617797852e-01,5.824819207191467285e-01,-9.001193195581436157e-02,-7.789782434701919556e-02
3.649332327644030372e+00,-3.282842390963600782e-02,5.248150931554611542e-01,9.964146018028259277e-01,-5.580626055598258972e-02,1.274750847369432449e-02,6.229826435446739197e-02,0.000000000000000000e+00,0.000000000000000000e+00,0.000000000000000000e+00,-1.100000000000000089e+00,2.000000000000000111e-01,-5.000000000000000000e-01,0.000000000000000000e+00,1.100000000000000089e+00,2.000000000000000111e-01,5.000000000000000000e-01,-6.261778622865676880e-02,6.278284639120101929e-02,-2.032722234725952148e-01,1.318040251731872559e+00,6.780724972486495972e-02,-2.018096148967742920e-01,-3.576200008392333984e-01,8.719266951084136963e-02,-2.763862609863281250e-01,4.213119447231292725e-01,-1.163121759891510010e-01,-9.117010980844497681e-02
3.693725760850039563e+00,-3.395507609471678373e-02,5.360888705041372271e-01,9.972395896911621094e-01,-4.524238035082817078e-02,9.874230250716209412e-03,5.804155394434928894e-02,0.000000000000000000e+00,0.000000000000000000e+00,0.000000000000000000e+00,-1.100000000000000089e+00,2.000000000000000111e-01,-5.000000000000000000e-01,0.000000000000000000e+00,1.100000000000000089e+00,2.000000000000000111e-01,5.000000000000000000e-01,-2.282745093107223511e-01,5.480777472257614136e-02,-1.640717238187789917e-01,1.353583931922912598e+00,5.168627016246318817e-03,-1.412474811077117920e-01,-1.785100251436233521e-01,1.089016646146774292e-01,-2.435287833213806152e-01,2.536436915397644043e-01,-1.326871514320373535e-01,-7.751195877790451050e-02
3.736571686665216774e+00,-3.385240924290635472e-02,5.439130997590043703e-01,9.987185001373291016e-01,-1.520719286054372787e-02,1.058671064674854279e-02,4.709627851843833923e-02,0.000000000000000000e+00,0.000000000000000000e+00,0.000000000000000000e+00,-1.100000000000000089e+00,2.000000000000000111e-01,-5.000000000000000000e-01,0.000000000000000000e+00,1.100000000000000089e+00,2.000000000000000111e-01,5.000000000000000000e-01,-3.669827878475189209e-01,5.046107620000839233e-02,-4.735168442130088806e-02,1.278744459152221680e+00,-3.509432822465896606e-02,-2.626471593976020813e-02,-3.483719751238822937e-02,7.333563268184661865e-02,-1.912285685539245605e-01,1.384162455797195435e-01,-1.577022224664688110e-01,-6.583772599697113037e-02
3.777093860236081291e+00,-3.310381624396099842e-02,5.458073763526750666e-01,9.996501207351684570e-01,9.590358473360538483e-03,1.445292215794324875e-02,1.997102797031402588e-02,0.000000000000000000e+00,0.000000000000000000e+00,0.000000000000000000e+00,-1.100000000000000089e+00,2.000000000000000111e-01,-5.000000000000000000e-01,0.000000000000000000e+00,1.100000000000000089e+00,2.000000000000000111e-01,5.000000000000000000e-01,-4.606143534183502197e-01,3.161169961094856262e-02,4.983564466238021851e-02,1.109149932861328125e+00,-5.433094501495361328e-02,3.876122087240219116e-02,4.479097947478294373e-02,3.462786227464675903e-02,-1.235702410340309143e-01,1.212223172187805176e-01,-2.114387154579162598e-01,-5.853366106748580933e-02
