0.000000000000000000e+00,0.000000000000000000e+00,5.082575611356232592e-01,9.948462247848510742e-01,-2.928746119141578674e-02,6.514078378677368164e-02,-7.197195291519165039e-02,0.000000000000000000e+00,0.000000000000000000e+00,0.000000000000000000e+00,-1.100000000000000089e+00,2.000000000000000111e-01,-5.000000000000000000e-01,0.000000000000000000e+00,1.100000000000000089e+00,2.000000000000000111e-01,5.000000000000000000e-01,-6.579974293708801270e-01,2.619038224220275879e-01,2.830410003662109375e-01,7.231281399726867676e-01,-1.900081336498260498e-01,7.514352444559335709e-03,1.160917654633522034e-01,1.304679811000823975e-01,3.368303552269935608e-02,1.265048086643218994e-01,-2.687024772167205811e-01,-3.195999935269355774e-02
3.811305152045352251e-02,-2.668443932715383604e-03,5.000604455007447990e-01,9.927009344100952148e-01,-3.516164794564247131e-02,6.374881416559219360e-02,-9.614872187376022339e-02,0.000000000000000000e+00,0.000000000000000000e+00,0.000000000000000000e+00,-1.100000000000000089e+00,2.000000000000000111e-01,-5.000000000000000000e-01,0.000000000000000000e+00,1.100000000000000089e+00,2.000000000000000111e-01,5.000000000000000000e-01,-6.607058644294738770e-01,2.557348906993865967e-01,3.012194037437438965e-01,3.923531472682952881e-01,-1.299889534711837769e-01,-2.608420513570308685e-02,2.040927857160568237e-01,1.296281665563583374e-01,7.708939909934997559e-02,1.247883215546607971e-01,-2.944825887680053711e-01,-3.874065354466438293e-02
7.964967626664365419e-02,-5.714962441060275622e-03,4.926389472020997751e-01,9.898257255554199219e-01,-4.204872623085975647e-02,5.843821167945861816e-02,-1.227271705865859985e-01,0.000000000000000000e+00,0.000000000000000000e+00,0.000000000000000000e+00,-1.100000000000000089e+00,2.000000000000000111e-01,-5.000000000000000000e-01,0.000000000000000000e+00,1.100000000000000089e+00,2.000000000000000111e-01,5.000000000000000000e-01,-6.420883536338806152e-01,2.386877089738845825e-01,2.452168464660644531e-01,1.377996504306793213e-01,-1.101689562201499939e-01,-8.664818853139877319e-02,3.036994934082031250e-01,1.164983958005905151e-01,1.269666701555252075e-01,1.161481812596321106e-01,-2.713215351104736328e-01,-4.364443942904472351e-02
1.250688710312048979e-01,-8.797842429743865655e-03,4.882570303562615566e-01,9.880464673042297363e-01,-3.849842399358749390e-02,5.990786105394363403e-02,-1.367225199937820435e-01,0.000000000000000000e+00,0.000000000000000000e+00,0.000000000000000000e+00,-1.100000000000000089e+00,2.000000000000000111e-01,-5.000000000000000000e-01,0.000000000000000000e+00,1.100000000000000089e+00,2.000000000000000111e-01,5.000000000000000000e-01,-6.516073942184448242e-01,2.142242640256881714e-01,2.062541693449020386e-01,1.288270205259323120e-01,-1.431799679994583130e-01,-8.154460042715072632e-02,3.604294359683990479e-01,9.024370461702346802e-02,1.632746756076812744e-01,1.779919266700744629e-01,-1.814417093992233276e-01,-3.275131434202194214e-02
1.724478900101449330e-01,-1.193544134704602189e-02,4.886584304024776948e-01,9.884182214736938477e-01,-4.457292146980762482e-03,7.916259020566940308e-02,-1.293940991163253784e-01,0.000000000000000000e+00,0.000000000000000000e+00,0.000000000000000000e+00,-1.100000000000000089e+00,2.000000000000000111e-01,-5.000000000000000000e-01,0.000000000000000000e+00,1.100000000000000089e+00,2.000000000000000111e-01,5.000000000000000000e-01,-7.383776903152465820e-01,1.161419972777366638e-01,1.733729839324951172e-01,3.508616685867309570e-01,-1.171517521142959595e-01,3.215072304010391235e-02,2.592479586601257324e-01,3.491669520735740662e-02,1.676181703805923462e-01,4.710490703582763672e-01,-6.057814881205558777e-02,1.605873368680477142e-02
2.183138836589124665e-01,-1.597355489308635579e-02,4.897610082311763535e-01,9.898257851600646973e-01,9.834146127104759216e-03,7.871040701866149902e-02,-1.181225031614303589e-01,0.000000000000000000e+00,0.000000000000000000e+00,0.000000000000000000e+00,-1.100000000000000089e+00,2.000000000000000111e-01,-5.000000000000000000e-01,0.000000000000000000e+00,1.100000000000000089e+00,2.000000000000000111e-01,5.000000000000000000e-01,-7.481430768966674805e-01,7.254530489444732666e-02,1.459832489490509033e-01,5.424779057502746582e-01,-8.102761209011077881e-02,5.548799782991409302e-02,1.529097706079483032e-01,2.972116507589817047e-02,1.532651782035827637e-01,7.830354571342468262e-01,1.281781196594238281e-01,8.150374889373779297e-02
2.616660580204592801e-01,-2.002522952440712045e-02,4.925712124589417540e-01,9.920092821121215820e-01,1.713730208575725555e-02,7.287915796041488647e-02,-1.015510335564613342e-01,0.000000000000000000e+00,0.000000000000000000e+00,0.000000000000000000e+00,-1.100000000000000089e+00,2.000000000000000111e-01,-5.000000000000000000e-01,0.000000000000000000e+00,1.100000000000000089e+00,2.000000000000000111e-01,5.000000000000000000e-01,-7.003015875816345215e-01,4.017326608300209045e-02,1.408705562353134155e-01,6.591897010803222656e-01,-1.524583250284194946e-01,5.135535076260566711e-02,1.168930623680353165e-02,2.514645643532276154e-02,1.055989861488342285e-01,1.098567724227905273e+00,1.686488389968872070e-01,1.063205823302268982e-01
3.021400106781060302e-01,-2.361224260595110036e-02,4.976743407381906126e-01,9.928220510482788086e-01,3.854412958025932312e-02,7.325761020183563232e-02,-8.632513135671615601e-02,0.000000000000000000e+00,0.000000000000000000e+00,0.000000000000000000e+00,-1.100000000000000089e+00,2.000000000000000111e-01,-5.000000000000000000e-01,0.000000000000000000e+00,1.100000000000000089e+00,2.000000000000000111e-01,5.000000000000000000e-01,-6.047949790954589844e-01,-3.346337005496025085e-02,1.511530578136444092e-01,6.431894302368164062e-01,-2.353295832872390747e-01,5.797009915113449097e-02,-1.728190332651138306e-01,-4.789148457348346710e-03,9.685731679201126099e-02,1.331392168998718262e+00,8.490498177707195282e-03,1.031026244163513184e-01
3.433125561310186313e-01,-2.734807420935896072e-02,5.054299890249968064e-01,9.936057329177856445e-01,4.419540241360664368e-02,7.105747610330581665e-02,-7.579704374074935913e-02,0.000000000000000000e+00,0.000000000000000000e+00,0.000000000000000000e+00,-1.100000000000000089e+00,2.000000000000000111e-01,-5.000000000000000000e-01,0.000000000000000000e+00,1.100000000000000089e+00,2.000000000000000111e-01,5.000000000000000000e-01,-4.656752943992614746e-01,-7.728384435176849365e-02,1.398146301507949829e-01,5.643707513809204102e-01,-2.989614605903625488e-01,5.656035989522933960e-02,-3.483089506626129150e-01,-3.029448166489601135e-02,7.778327912092208862e-02,1.411784887313842773e+00,-1.067398265004158020e-01,5.219850316643714905e-02
3.854129504329628642e-01,-3.129972195252776757e-02,5.122451058692403247e-01,9.946908950805664062e-01,4.035492986440658569e-02,6.649369746446609497e-02,-6.738109886646270752e-02,0.000000000000000000e+00,0.000000000000000000e+00,0.000000000000000000e+00,-1.100000000000000089e+00,2.000000000000000111e-01,-5.000000000000000000e-01,0.000000000000000000e+00,1.100000000000000089e+00,2.000000000000000111e-01,5.000000000000000000e-01,-3.010689020156860352e-01,-9.348867833614349365e-02,1.148009747266769409e-01,4.494018554687500000e-01,-3.320154845714569092e-01,5.655086040496826172e-02,-4.932486712932586670e-01,-7.843814790248870850e-02,2.286496385931968689e-02,1.363353729248046875e+00,-1.749778389930725098e-01,-1.320437341928482056e-02
4.299046194718945113e-01,-3.519321758093105212e-02,5.151768852770329810e-01,9.955903291702270508e-01,3.054658323526382446e-02,6.322261691093444824e-02,-6.220649555325508118e-02,0.000000000000000000e+00,0.000000000000000000e+00,0.000000000000000000e+00,-1.100000000000000089e+00,2.000000000000000111e-01,-5.000000000000000000e-01,0.000000000000000000e+00,1.100000000000000089e+00,2.000000000000000111e-01,5.000000000000000000e-01,-1.371218413114547729e-01,-8.500820398330688477e-02,8.946341276168823242e-02,3.321529030799865723e-01,-3.493471145629882812e-01,5.798312649130821228e-02,-5.965970754623413086e-01,-1.232771575450897217e-01,-6.102754920721054077e-02,1.200879216194152832e+00,-1.942424625158309937e-01,-6.694886088371276855e-02
4.751376951568657692e-01,-3.875940939825442411e-02,5.126643584834206235e-01,9.961653351783752441e-01,2.525780349969863892e-02,6.217185780405998230e-02,-5.613680928945541382e-02,0.000000000000000000e+00,0.000000000000000000e+00,0.000000000000000000e+00,-1.100000000000000089e+00,2.000000000000000111e-01,-5.000000000000000000e-01,0.000000000000000000e+00,1.100000000000000089e+00,2.000000000000000111e-01,5.000000000000000000e-01,1.149124745279550552e-02,-8.112512528896331787e-02,7.555621117353439331e-02,2.305431365966796875e-01,-3.629932999610900879e-01,5.859389156103134155e-02,-6.556735634803771973e-01,-1.402197182178497314e-01,-1.276247054338455200e-01,9.327308535575866699e-01,-1.611674576997756958e-01,-6.168511137366294861e-02
5.206667518781291637e-01,-4.312710881440176558e-02,5.060499416622851188e-01,9.969819784164428711e-01,2.532401680946350098e-02,5.980705469846725464e-02,-4.252862185239791870e-02,0.000000000000000000e+00,0.000000000000000000e+00,0.000000000000000000e+00,-1.100000000000000089e+00,2.000000000000000111e-01,-5.000000000000000000e-01,0.000000000000000000e+00,1.100000000000000089e+00,2.000000000000000111e-01,5.000000000000000000e-01,1.474836468696594238e-01,-8.261642605066299438e-02,5.319800600409507751e-02,1.666993051767349243e-01,-3.796732425689697266e-01,5.269365012645721436e-02,-6.583184599876403809e-01,-1.361579447984695435e-01,-1.583470851182937622e-01,5.685746669769287109e-01,-8.015532791614532471e-02,-3.528303001075983047e-03
5.680799411568377977e-01,-4.874328637288677379e-02,4.980858383907212916e-01,9.979247450828552246e-01,3.100876510143280029e-02,5.385089293122291565e-02,-1.687567681074142456e-02,0.000000000000000000e+00,0.000000000000000000e+00,0.000000000000000000e+00,-1.100000000000000089e+00,2.000000000000000111e-01,-5.000000000000000000e-01,0.000000000000000000e+00,1.100000000000000089e+00,2.000000000000000111e-01,5.000000000000000000e-01,2.672008574008941650e-01,-8.287962526082992554e-02,1.232806686311960220e-02,1.460227519273757935e-01,-3.777698874473571777e-01,3.011471591889858246e-02,-6.182156205177307129e-01,-1.389954239130020142e-01,-1.574480980634689331e-01,1.866939514875411987e-01,-9.894890354189556092e-06,7.828975468873977661e-02
6.168697976900472391e-01,-5.580370436732967621e-02,4.904801193624735989e-01,9.981744885444641113e-01,3.595910593867301941e-02,4.673657938838005066e-02,1.305177900940179825e-02,0.000000000000000000e+00,0.000000000000000000e+00,0.000000000000000000e+00,-1.100000000000000089e+00,2.000000000000000111e-01,-5.000000000000000000e-01,0.000000000000000000e+00,1.100000000000000089e+00,2.000000000000000111e-01,5.000000000000000000e-01,3.693433105945587158e-01,-6.013170629739761353e-02,-3.054872900247573853e-02,1.599971204996109009e-01,-3.135778903961181641e-01,1.960086956387385726e-04,-6.360763311386108398e-01,-1.698712557554244995e-01,-1.522582471370697021e-01,1.101074591279029846e-01,-6.487970799207687378e-02,1.307810395956039429e-01
6.658588598006303094e-01,-6.339657924034530767e-02,4.860486030744182728e-01,9.982150197029113770e-01,1.965315639972686768e-02,5.172296240925788879e-02,2.247970364987850189e-02,0.000000000000000000e+00,0.000000000000000000e+00,0.000000000000000000e+00,-1.100000000000000089e+00,2.000000000000000111e-01,-5.000000000000000000e-01,0.000000000000000000e+00,1.100000000000000089e+00,2.000000000000000111e-01,5.000000000000000000e-01,3.522849977016448975e-01,-7.100434508174657822e-03,-5.561941862106323242e-02,3.670794367790222168e-01,-2.163694500923156738e-01,-1.790006831288337708e-02,-6.037364602088928223e-01,-1.279433071613311768e-01,-2.064021080732345581e-01,1.092240586876869202e-01,-3.092794679105281830e-02,1.569113284349441528e-01
7.143504734337331463e-01,-7.167149693187740978e-02,4.855575362841288989e-01,9.976275563240051270e-01,-1.401618961244821548e-02,6.493421643972396851e-02,1.806698739528656006e-02,0.000000000000000000e+00,0.000000000000000000e+00,0.000000000000000000e+00,-1.100000000000000089e+00,2.000000000000000111e-01,-5.000000000000000000e-01,0.000000000000000000e+00,1.100000000000000089e+00,2.000000000000000111e-01,5.000000000000000000e-01,2.376619428396224976e-01,6.738048791885375977e-02,-7.596487551927566528e-02,7.096928358078002930e-01,-5.283521953970193863e-03,-7.091324031352996826e-02,-7.113543748855590820e-01,-5.874424800276756287e-02,-1.892971694469451904e-01,4.405701756477355957e-01,3.414829447865486145e-02,2.768036723136901855e-02
7.638214740984969886e-01,-7.839679556795292603e-02,4.868458292881648886e-01,9.979974627494812012e-01,-2.928259596228599548e-02,5.586399137973785400e-02,4.764576908200979233e-03,0.000000000000000000e+00,0.000000000000000000e+00,0.000000000000000000e+00,-1.100000000000000089e+00,2.000000000000000111e-01,-5.000000000000000000e-01,0.000000000000000000e+00,1.100000000000000089e+00,2.000000000000000111e-01,5.000000000000000000e-01,1.152412667870521545e-01,9.640744328498840332e-02,-5.688221752643585205e-02,1.040374755859375000e+00,1.415121853351593018e-01,-1.165319755673408508e-01,-6.635037660598754883e-01,-7.810296025127172470e-03,-1.745714843273162842e-01,5.869261026382446289e-01,-3.772033751010894775e-02,3.117509745061397552e-02
8.104344482719900711e-01,-8.473328587288658786e-02,4.928955071833399648e-01,9.972854852676391602e-01,-4.696125909686088562e-02,5.566702410578727722e-02,-1.083512417972087860e-02,0.000000000000000000e+00,0.000000000000000000e+00,0.000000000000000000e+00,-1.100000000000000089e+00,2.000000000000000111e-01,-5.000000000000000000e-01,0.000000000000000000e+00,1.100000000000000089e+00,2.000000000000000111e-01,5.000000000000000000e-01,-6.027116253972053528e-02,1.307920515537261963e-01,-5.211029946804046631e-02,1.284637808799743652e+00,2.760619297623634338e-02,-1.091281548142433167e-01,-5.594676733016967773e-01,6.108275800943374634e-02,-1.854706406593322754e-01,5.876882076263427734e-01,-1.372801363468170166e-01,5.740225315093994141e-03
8.574920402467252067e-01,-9.028036551136109367e-02,5.035010230955151433e-01,9.967555403709411621e-01,-5.432784184813499451e-02,5.579069629311561584e-02,-2.035462670028209686e-02,0.000000000000000000e+00,0.000000000000000000e+00,0.000000000000000000e+00,-1.100000000000000089e+00,2.000000000000000111e-01,-5.000000000000000000e-01,0.000000000000000000e+00,1.100000000000000089e+00,2.000000000000000111e-01,5.000000000000000000e-01,-2.485114634037017822e-01,1.750392317771911621e-01,-1.931542903184890747e-02,1.391903638839721680e+00,-1.176321133971214294e-01,-4.344109073281288147e-02,-3.932978808879852295e-01,1.124191954731941223e-01,-1.735349893569946289e-01,4.623702168464660645e-01,-1.817301064729690552e-01,1.489261747337877750e-03
9.048953742616707707e-01,-9.460949207138685813e-02,5.131178217877945258e-01,9.972599744796752930e-01,-4.383573681116104126e-02,5.352552607655525208e-02,-2.619346231222152710e-02,0.000000000000000000e+00,0.000000000000000000e+00,0.000000000000000000e+00,-1.100000000000000089e+00,2.000000000000000111e-01,-5.000000000000000000e-01,0.000000000000000000e+00,1.100000000000000089e+00,2.000000000000000111e-01,5.000000000000000000e-01,-4.064497649669647217e-01,1.812214255332946777e-01,3.756633400917053223e-02,1.358235359191894531e+00,-2.065516710281372070e-01,2.937347255647182465e-02,-2.060752809047698975e-01,1.151785701513290405e-01,-1.355791091918945312e-01,3.022722601890563965e-01,-1.997983157634735107e-01,1.056789699941873550e-02
9.518988430665600298e-01,-9.862141242664723695e-02,5.171368710531130120e-01,9.974319934844970703e-01,-3.060145303606987000e-02,5.378326401114463806e-02,-3.605969250202178955e-02,0.000000000000000000e+00,0.000000000000000000e+00,0.000000000000000000e+00,-1.100000000000000089e+00,2.000000000000000111e-01,-5.000000000000000000e-01,0.000000000000000000e+00,1.100000000000000089e+00,2.000000000000000111e-01,5.000000000000000000e-01,-5.343454480171203613e-01,1.568983942270278931e-01,8.767241984605789185e-02,1.219939947128295898e+00,-2.426867783069610596e-01,6.450771540403366089e-02,-4.689086228609085083e-02,1.006231531500816345e-01,-1.033640354871749878e-01,1.639885455369949341e-01,-2.021823972463607788e-01,2.096039243042469025e-02
9.969897444546225174e-01,-1.018952583459516448e-01,5.154813079122041453e-01,9.965677261352539062e-01,-2.816797979176044464e-02,5.565806478261947632e-02,-5.441930517554283142e-02,0.000000000000000000e+00,0.000000000000000000e+00,0.000000000000000000e+00,-1.100000000000000089e+00,2.000000000000000111e-01,-5.000000000000000000e-01,0.000000000000000000e+00,1.100000000000000089e+00,2.000000000000000111e-01,5.000000000000000000e-01,-6.243392229080200195e-01,1.730965226888656616e-01,1.486902087926864624e-01,9.991953969001770020e-01,-2.204567193984985352e-01,5.998029932379722595e-02,6.038129702210426331e-02,9.846957772970199585e-02,-7.504744082689285278e-02,1.263179033994674683e-01,-2.194840610027313232e-01,1.617427542805671692e-02
1.042110534757375806e+00,-1.052951829776995751e-01,5.097523703840044496e-01,9.946426153182983398e-01,-3.418108448386192322e-02,5.584916844964027405e-02,-7.999084889888763428e-02,0.000000000000000000e+00,0.000000000000000000e+00,0.000000000000000000e+00,-1.100000000000000089e+00,2.000000000000000111e-01,-5.000000000000000000e-01,0.000000000000000000e+00,1.100000000000000089e+00,2.000000000000000111e-01,5.000000000000000000e-01,-6.585993766784667969e-01,2.192489355802536011e-01,2.235986441373825073e-01,6.810646653175354004e-01,-1.583787202835083008e-01,3.399292752146720886e-02,1.585536152124404907e-01,1.019530370831489563e-01,-3.720771148800849915e-02,1.214885115623474121e-01,-2.399868071079254150e-01,1.010833121836185455e-02
1.088934023827314412e+00,-1.091556392382416474e-01,5.019578665080998148e-01,9.918000698089599609e-01,-4.237866401672363281e-02,4.999563097953796387e-02,-1.097136288881301880e-01,0.000000000000000000e+00,0.000000000000000000e+00,0.000000000000000000e+00,-1.100000000000000089e+00,2.000000000000000111e-01,-5.000000000000000000e-01,0.000000000000000000e+00,1.100000000000000089e+00,2.000000000000000111e-01,5.000000000000000000e-01,-6.226664185523986816e-01,2.353565990924835205e-01,2.642080187797546387e-01,2.869827449321746826e-01,-1.098506897687911987e-01,-1.452817674726247787e-02,2.657061219215393066e-01,9.799726307392120361e-02,1.828232593834400177e-02,1.161222234368324280e-01,-2.423323243856430054e-01,1.011752616614103317e-02
1.138380467113521366e+00,-1.125819792081084736e-01,4.926079677459267447e-01,9.877737760543823242e-01,-5.063202232122421265e-02,3.996571153402328491e-02,-1.419228613376617432e-01,0.000000000000000000e+00,0.000000000000000000e+00,0.000000000000000000e+00,-1.100000000000000089e+00,2.000000000000000111e-01,-5.000000000000000000e-01,0.000000000000000000e+00,1.100000000000000089e+00,2.000000000000000111e-01,5.000000000000000000e-01,-6.308382153511047363e-01,2.606418430805206299e-01,2.278250306844711304e-01,1.154857352375984192e-01,-1.355431228876113892e-01,-6.667865067720413208e-02,3.782757818698883057e-01,7.166551053524017334e-02,6.965503841638565063e-02,1.242782548069953918e-01,-2.010629624128341675e-01,9.232281707227230072e-03
1.190222224179241728e+00,-1.151079964037570735e-01,4.849211043533352417e-01,9.853621125221252441e-01,-4.681183770298957825e-02,3.621367365121841431e-02,-1.598711907863616943e-01,0.000000000000000000e+00,0.000000000000000000e+00,0.000000000000000000e+00,-1.100000000000000089e+00,2.000000000000000111e-01,-5.000000000000000000e-01,0.000000000000000000e+00,1.100000000000000089e+00,2.000000000000000111e-01,5.000000000000000000e-01,-6.383940577507019043e-01,2.599093019962310791e-01,2.133723944425582886e-01,1.075334101915359497e-01,-1.695790141820907593e-01,-9.147287160158157349e-02,4.359938502311706543e-01,2.927119657397270203e-02,1.077094003558158875e-01,2.366655021905899048e-01,-1.017163395881652832e-01,1.231208723038434982e-02
1.240394079503086111e+00,-1.166103990520868106e-01,4.813112100958825135e-01,9.870738387107849121e-01,-5.472611170262098312e-03,5.029894784092903137e-02,-1.520702987909317017e-01,0.000000000000000000e+00,0.000000000000000000e+00,0.000000000000000000e+00,-1.100000000000000089e+00,2.000000000000000111e-01,-5.000000000000000000e-01,0.000000000000000000e+00,1.100000000000000089e+00,2.000000000000000111e-01,5.000000000000000000e-01,-6.726551055908203125e-01,1.525373011827468872e-01,2.094832956790924072e-01,2.325477302074432373e-01,-7.777187973260879517e-02,-1.109810313209891319e-03,3.325145244598388672e-01,-5.245263502001762390e-02,1.103354245424270630e-01,5.545369386672973633e-01,2.290084771811962128e-02,3.460128605365753174e-02
1.289790115538570703e+00,-1.190436798313425915e-01,4.778035036143330472e-01,9.889578819274902344e-01,1.412448473274707794e-02,4.784312099218368530e-02,-1.395488679409027100e-01,0.000000000000000000e+00,0.000000000000000000e+00,0.000000000000000000e+00,-1.100000000000000089e+00,2.000000000000000111e-01,-5.000000000000000000e-01,0.000000000000000000e+00,1.100000000000000089e+00,2.000000000000000111e-01,5.000000000000000000e-01,-7.536664009094238281e-01,1.029338687658309937e-01,1.683779954910278320e-01,5.608033537864685059e-01,-1.915368065237998962e-02,4.047527909278869629e-02,2.285837978124618530e-01,-9.293393045663833618e-02,8.966667950153350830e-02,8.822727799415588379e-01,1.744940280914306641e-01,5.639839172363281250e-02
1.338490305327707297e+00,-1.225478117602566974e-01,4.767820297595528056e-01,9.915248155593872070e-01,2.251019515097141266e-02,3.339105099439620972e-02,-1.235189214348793030e-01,0.000000000000000000e+00,0.000000000000000000e+00,0.000000000000000000e+00,-1.100000000000000089e+00,2.000000000000000111e-01,-5.000000000000000000e-01,0.000000000000000000e+00,1.100000000000000089e+00,2.000000000000000111e-01,5.000000000000000000e-01,-7.183666825294494629e-01,6.886939704418182373e-02,1.626925319433212280e-01,7.619959712028503418e-01,-1.442910134792327881e-01,2.972642332315444946e-02,1.081366613507270813e-01,-7.849441468715667725e-02,9.721873700618743896e-02,1.196671485900878906e+00,1.166090071201324463e-01,8.318189531564712524e-02
1.383074872344732587e+00,-1.270028554710249391e-01,4.810414020551576630e-01,9.925646185874938965e-01,4.048107936978340149e-02,3.148550167679786682e-02,-1.103876605629920959e-01,0.000000000000000000e+00,0.000000000000000000e+00,0.000000000000000000e+00,-1.100000000000000089e+00,2.000000000000000111e-01,-5.000000000000000000e-01,0.000000000000000000e+00,1.100000000000000089e+00,2.000000000000000111e-01,5.000000000000000000e-01,-6.339647769927978516e-01,4.868415649980306625e-03,1.763739436864852905e-01,7.970355749130249023e-01,-2.555868029594421387e-01,3.305809199810028076e-02,-7.744137942790985107e-02,-4.956331476569175720e-02,1.240866854786872864e-01,1.424749732017517090e+00,-5.567305907607078552e-02,8.996781706809997559e-02
1.424143695185581926e+00,-1.317606254191034665e-01,4.897621795535088696e-01,9.938473105430603027e-01,4.556999728083610535e-02,2.896901406347751617e-02,-9.670385718345642090e-02,0.000000000000000000e+00,0.000000000000000000e+00,0.000000000000000000e+00,-1.100000000000000089e+00,2.000000000000000111e-01,-5.000000000000000000e-01,0.000000000000000000e+00,1.100000000000000089e+00,2.000000000000000111e-01,5.000000000000000000e-01,-5.068210959434509277e-01,-4.598597809672355652e-02,1.654836386442184448e-01,7.527783513069152832e-01,-3.367612659931182861e-01,3.076911345124244690e-02,-2.632118761539459229e-01,-5.055864900350570679e-02,9.337883442640304565e-02,1.503031730651855469e+00,-1.715034097433090210e-01,3.868438675999641418e-02
1.463408358510997598e+00,-1.367124511653350638e-01,4.989191736446487724e-01,9.953477978706359863e-01,4.211532324552536011e-02,2.426464669406414032e-02,-8.318824321031570435e-02,0.000000000000000000e+00,0.000000000000000000e+00,0.000000000000000000e+00,-1.100000000000000089e+00,2.000000000000000111e-01,-5.000000000000000000e-01,0.000000000000000000e+00,1.100000000000000089e+00,2.000000000000000111e-01,5.000000000000000000e-01,-3.511937260627746582e-01,-7.553698867559432983e-02,1.381589323282241821e-01,6.620011329650878906e-01,-3.903142213821411133e-01,2.791649848222732544e-02,-4.111124277114868164e-01,-7.753521203994750977e-02,2.797977998852729797e-02,1.439642190933227539e+00,-2.348608225584030151e-01,-1.606942340731620789e-02
1.503292449398173414e+00,-1.416258454219334884e-01,5.054733279512989563e-01,9.964972734451293945e-01,3.567641600966453552e-02,2.076747827231884003e-02,-7.272634655237197876e-02,0.000000000000000000e+00,0.000000000000000000e+00,0.000000000000000000e+00,-1.100000000000000089e+00,2.000000000000000111e-01,-5.000000000000000000e-01,0.000000000000000000e+00,1.100000000000000089e+00,2.000000000000000111e-01,5.000000000000000000e-01,-1.859702616930007935e-01,-8.378523588180541992e-02,1.081547066569328308e-01,5.421437025070190430e-01,-4.159555137157440186e-01,3.002293407917022705e-02,-5.116176009178161621e-01,-1.098328158259391785e-01,-5.081722140312194824e-02,1.264242529869079590e+00,-2.496333420276641846e-01,-5.786437168717384338e-02
1.546472722109821341e+00,-1.465374826950331666e-01,5.080867904176316063e-01,9.972680807113647461e-01,3.301497921347618103e-02,1.961098797619342804e-02,-6.310081481933593750e-02,0.000000000000000000e+00,0.000000000000000000e+00,0.000000000000000000e+00,-1.100000000000000089e+00,2.000000000000000111e-01,-5.000000000000000000e-01,0.000000000000000000e+00,1.100000000000000089e+00,2.000000000000000111e-01,5.000000000000000000e-01,-2.092969231307506561e-02,-9.001073986291885376e-02,8.464914560317993164e-02,4.035903513431549072e-01,-4.172403216361999512e-01,3.505784273147583008e-02,-5.691822171211242676e-01,-1.451475918292999268e-01,-1.333716362714767456e-01,1.000916004180908203e+00,-2.252249568700790405e-01,-7.345318794250488281e-02
1.592415699909131011e+00,-1.518861039790014578e-01,5.063796487036679173e-01,9.980130195617675781e-01,3.502465412020683289e-02,1.897991262376308441e-02,-4.881695285439491272e-02,0.000000000000000000e+00,0.000000000000000000e+00,0.000000000000000000e+00,-1.100000000000000089e+00,2.000000000000000111e-01,-5.000000000000000000e-01,0.000000000000000000e+00,1.100000000000000089e+00,2.000000000000000111e-01,5.000000000000000000e-01,1.390222907066345215e-01,-1.004598364233970642e-01,5.053495988249778748e-02,2.737981379032135010e-01,-4.010373950004577637e-01,4.464017599821090698e-02,-5.743858218193054199e-01,-1.742201894521713257e-01,-2.148094624280929565e-01,6.506356596946716309e-01,-1.647664159536361694e-01,-5.313545092940330505e-02
1.639508189211289491e+00,-1.581940382532775746e-01,5.015609094086621589e-01,9.987407326698303223e-01,3.988431021571159363e-02,1.747282780706882477e-02,-2.491851709783077240e-02,0.000000000000000000e+00,0.000000000000000000e+00,0.000000000000000000e+00,-1.100000000000000089e+00,2.000000000000000111e-01,-5.000000000000000000e-01,0.000000000000000000e+00,1.100000000000000089e+00,2.000000000000000111e-01,5.000000000000000000e-01,2.817616462707519531e-01,-1.058732196688652039e-01,-2.726320410147309303e-03,1.792162358760833740e-01,-3.689586818218231201e-01,3.785891458392143250e-02,-5.373304486274719238e-01,-1.809661835432052612e-01,-2.567614614963531494e-01,2.569536864757537842e-01,-1.030432805418968201e-01,-2.289340365678071976e-03
1.686077218602101357e+00,-1.646518412004742415e-01,4.943353450629447421e-01,9.986606240272521973e-01,4.994760826230049133e-02,1.213921234011650085e-02,5.897954106330871582e-03,0.000000000000000000e+00,0.000000000000000000e+00,0.000000000000000000e+00,-1.100000000000000089e+00,2.000000000000000111e-01,-5.000000000000000000e-01,0.000000000000000000e+00,1.100000000000000089e+00,2.000000000000000111e-01,5.000000000000000000e-01,3.901775479316711426e-01,-9.720490872859954834e-02,-5.180536583065986633e-02,1.551225930452346802e-01,-3.181619644165039062e-01,1.512368209660053253e-02,-5.662513375282287598e-01,-2.089289128780364990e-01,-2.092391550540924072e-01,1.179603934288024902e-01,-1.357952803373336792e-01,4.591137543320655823e-02
1.733284255150291830e+00,-1.728099598797659120e-01,4.888664007021322200e-01,9.981948137283325195e-01,5.275310203433036804e-02,1.048280112445354462e-02,2.672703005373477936e-02,0.000000000000000000e+00,0.000000000000000000e+00,0.000000000000000000e+00,-1.100000000000000089e+00,2.000000000000000111e-01,-5.000000000000000000e-01,0.000000000000000000e+00,1.100000000000000089e+00,2.000000000000000111e-01,5.000000000000000000e-01,4.387428164482116699e-01,-6.944407522678375244e-02,-8.015207946300506592e-02,2.399222254753112793e-01,-2.353823333978652954e-01,-6.041624583303928375e-03,-5.592195391654968262e-01,-2.170051336288452148e-01,-1.954840868711471558e-01,1.096790134906768799e-01,-1.527595072984695435e-01,1.326358169317245483e-01
1.776807038668129390e+00,-1.819003703548676965e-01,4.897747813661894045e-01,9.990502595901489258e-01,8.469262160360813141e-03,3.436979278922080994e-02,2.540674991905689240e-02,0.000000000000000000e+00,0.000000000000000000e+00,0.000000000000000000e+00,-1.100000000000000089e+00,2.000000000000000111e-01,-5.000000000000000000e-01,0.000000000000000000e+00,1.100000000000000089e+00,2.000000000000000111e-01,5.000000000000000000e-01,3.138953447341918945e-01,3.082814998924732208e-02,-8.442536741495132446e-02,5.617980957031250000e-01,-1.368732154369354248e-01,-5.055967345833778381e-02,-6.007485389709472656e-01,-1.113057807087898254e-01,-2.175265103578567505e-01,2.413620650768280029e-01,-4.577228333801031113e-03,2.799434773623943329e-02
1.819512966225544925e+00,-1.894033563364711237e-01,4.887589217805201058e-01,9.990653991699218750e-01,-1.255309302359819412e-02,3.495085984468460083e-02,2.211648412048816681e-02,0.000000000000000000e+00,0.000000000000000000e+00,0.000000000000000000e+00,-1.100000000000000089e+00,2.000000000000000111e-01,-5.000000000000000000e-01,0.000000000000000000e+00,1.100000000000000089e+00,2.000000000000000111e-01,5.000000000000000000e-01,1.969110369682312012e-01,7.636047154664993286e-02,-8.844108879566192627e-02,8.940631747245788574e-01,8.834749460220336914e-02,-1.130917593836784363e-01,-6.544387340545654297e-01,-7.852606475353240967e-02,-2.011308968067169189e-01,5.139464735984802246e-01,2.653681486845016479e-02,-8.667773567140102386e-03
1.863953743328651047e+00,-1.964850903778440905e-01,4.894683392097553543e-01,9.992367029190063477e-01,-2.472520619630813599e-02,2.589046582579612732e-02,1.563072763383388519e-02,0.000000000000000000e+00,0.000000000000000000e+00,0.000000000000000000e+00,-1.100000000000000089e+00,2.000000000000000111e-01,-5.000000000000000000e-01,0.000000000000000000e+00,1.100000000000000089e+00,2.000000000000000111e-01,5.000000000000000000e-01,6.852009147405624390e-02,9.960509836673736572e-02,-8.165419846773147583e-02,1.192141175270080566e+00,1.391024440526962280e-01,-1.373549997806549072e-01,-5.950543284416198730e-01,-4.472793638706207275e-02,-2.023155987262725830e-01,6.352263689041137695e-01,-9.839993715286254883e-02,5.050280131399631500e-03
1.904512515879340118e+00,-2.031327081285417557e-01,4.965635636531645081e-01,9.986833930015563965e-01,-4.127812013030052185e-02,2.903108298778533936e-02,9.208835661411285400e-03,0.000000000000000000e+00,0.000000000000000000e+00,0.000000000000000000e+00,-1.100000000000000089e+00,2.000000000000000111e-01,-5.000000000000000000e-01,0.000000000000000000e+00,1.100000000000000089e+00,2.000000000000000111e-01,5.000000000000000000e-01,-1.026936918497085571e-01,1.257323026657104492e-01,-8.829408884048461914e-02,1.369671463966369629e+00,8.470559492707252502e-03,-1.206443458795547485e-01,-4.899720549583435059e-01,1.710417121648788452e-02,-2.234461605548858643e-01,5.958537459373474121e-01,-1.741165518760681152e-01,-1.374124176800251007e-02
1.943068246460623705e+00,-2.081353854201734299e-01,5.071521559771565713e-01,9.985573291778564453e-01,-4.451927915215492249e-02,2.991390787065029144e-02,2.559613436460494995e-03,0.000000000000000000e+00,0.000000000000000000e+00,0.000000000000000000e+00,-1.100000000000000089e+00,2.000000000000000111e-01,-5.000000000000000000e-01,0.000000000000000000e+00,1.100000000000000089e+00,2.000000000000000111e-01,5.000000000000000000e-01,-2.646696865558624268e-01,1.376764327287673950e-01,-5.780415609478950500e-02,1.406629562377929688e+00,-1.115787252783775330e-01,-6.651165336370468140e-02,-3.381021916866302490e-01,6.275473535060882568e-02,-2.105859518051147461e-01,4.681381881237030029e-01,-2.030953615903854370e-01,-8.408274501562118530e-03
1.980425512343645611e+00,-2.115453874630232878e-01,5.165151412371132844e-01,9.989988803863525391e-01,-3.359841182827949524e-02,2.885612659156322479e-02,-6.312130019068717957e-03,0.000000000000000000e+00,0.000000000000000000e+00,0.000000000000000000e+00,-1.100000000000000089e+00,2.000000000000000111e-01,-5.000000000000000000e-01,0.000000000000000000e+00,1.100000000000000089e+00,2.000000000000000111e-01,5.000000000000000000e-01,-3.851931393146514893e-01,1.318187862634658813e-01,1.262623444199562073e-02,1.313138127326965332e+00,-1.878224760293960571e-01,-4.151537083089351654e-03,-1.731208413839340210e-01,7.023397833108901978e-02,-1.766665279865264893e-01,3.161729574203491211e-01,-2.090174704790115356e-01,6.150830537080764771e-03
2.021726176225477012e+00,-2.151397516019642742e-01,5.213917600115141049e-01,9.992120862007141113e-01,-1.956334896385669708e-02,2.840899489820003510e-02,-1.963059231638908386e-02,0.000000000000000000e+00,0.000000000000000000e+00,0.000000000000000000e+00,-1.100000000000000089e+00,2.000000000000000111e-01,-5.000000000000000000e-01,0.000000000000000000e+00,1.100000000000000089e+00,2.000000000000000111e-01,5.000000000000000000e-01,-4.585287570953369141e-01,1.235603541135787964e-01,1.017378121614456177e-01,1.125203967094421387e+00,-2.224274873733520508e-01,4.093583300709724426e-02,-2.819059416651725769e-02,5.910689756274223328e-02,-1.427188068628311157e-01,1.839988529682159424e-01,-2.036138623952865601e-01,2.303603664040565491e-02
2.063649822026491609e+00,-2.183680371215774019e-01,5.207514909903209199e-01,9.986920952796936035e-01,-1.532446686178445816e-02,2.869459055364131927e-02,-3.944479674100875854e-02,0.000000000000000000e+00,0.000000000000000000e+00,0.000000000000000000e+00,-1.100000000000000089e+00,2.000000000000000111e-01,-5.000000000000000000e-01,0.000000000000000000e+00,1.100000000000000089e+00,2.000000000000000111e-01,5.000000000000000000e-01,-5.082431435585021973e-01,1.443932205438613892e-01,1.897276043891906738e-01,8.830167055130004883e-01,-2.220468074083328247e-01,5.726585537195205688e-02,7.688553631305694580e-02,5.868127569556236267e-02,-1.108437255024909973e-01,1.273100078105926514e-01,-2.158817052841186523e-01,3.334622830152511597e-02
2.104836100223991924e+00,-2.215211762549977037e-01,5.156437582025926725e-01,9.973952770233154297e-01,-2.108949236571788788e-02,2.717736363410949707e-02,-6.339762359857559204e-02,0.000000000000000000e+00,0.000000000000000000e+00,0.000000000000000000e+00,-1.100000000000000089e+00,2.000000000000000111e-01,-5.000000000000000000e-01,0.000000000000000000e+00,1.100000000000000089e+00,2.000000000000000111e-01,5.000000000000000000e-01,-5.310477018356323242e-01,1.796970963478088379e-01,2.627790272235870361e-01,5.887379050254821777e-01,-1.807205379009246826e-01,5.226567387580871582e-02,1.659642457962036133e-01,6.997539103031158447e-02,-7.290793210268020630e-02,1.219292730093002319e-01,-2.478207647800445557e-01,2.991248853504657745e-02
2.146770732220676603e+00,-2.246434571035206551e-01,5.074861040131913859e-01,9.951339364051818848e-01,-3.051337786018848419e-02,2.107945457100868225e-02,-9.128523617982864380e-02,0.000000000000000000e+00,0.000000000000000000e+00,0.000000000000000000e+00,-1.100000000000000089e+00,2.000000000000000111e-01,-5.000000000000000000e-01,0.000000000000000000e+00,1.100000000000000089e+00,2.000000000000000111e-01,5.000000000000000000e-01,-5.192230343818664551e-01,2.000927180051803589e-01,2.962902486324310303e-01,2.635702788829803467e-01,-1.455175578594207764e-01,2.249939180910587311e-02,2.583474516868591309e-01,7.832315564155578613e-02,-2.024933882057666779e-02,1.254805475473403931e-01,-2.819917798042297363e-01,2.973746694624423981e-02
2.190127107186450317e+00,-2.270628637717002352e-01,4.977576257950730443e-01,9.911348819732666016e-01,-4.263759404420852661e-02,1.307238824665546417e-02,-1.251510977745056152e-01,0.000000000000000000e+00,0.000000000000000000e+00,0.000000000000000000e+00,-1.100000000000000089e+00,2.000000000000000111e-01,-5.000000000000000000e-01,0.000000000000000000e+00,1.100000000000000089e+00,2.000000000000000111e-01,5.000000000000000000e-01,-5.412112474441528320e-01,2.454379945993423462e-01,2.718887925148010254e-01,1.095371469855308533e-01,-1.650484949350357056e-01,-2.832848951220512390e-02,3.585185408592224121e-01,7.213568687438964844e-02,3.642483800649642944e-02,1.246473938226699829e-01,-2.916613221168518066e-01,3.197424113750457764e-02
2.231616798258490242e+00,-2.282206553117268888e-01,4.900255655166176338e-01,9.873915910720825195e-01,-4.829197004437446594e-02,1.124261040240526199e-02,-1.503304094076156616e-01,0.000000000000000000e+00,0.000000000000000000e+00,0.000000000000000000e+00,-1.100000000000000089e+00,2.000000000000000111e-01,-5.000000000000000000e-01,0.000000000000000000e+00,1.100000000000000089e+00,2.000000000000000111e-01,5.000000000000000000e-01,-5.767356157302856445e-01,2.718423902988433838e-01,2.364186048507690430e-01,1.096026599407196045e-01,-1.985183060169219971e-01,-6.675488501787185669e-02,4.391440153121948242e-01,4.605196043848991394e-02,8.423738926649093628e-02,1.456713378429412842e-01,-2.510834932327270508e-01,3.187619149684906006e-02
2.274329834530751437e+00,-2.289204800149633179e-01,4.862382361210055848e-01,9.875224828720092773e-01,-2.275613509118556976e-02,2.266040444374084473e-02,-1.541688144207000732e-01,0.000000000000000000e+00,0.000000000000000000e+00,0.000000000000000000e+00,-1.100000000000000089e+00,2.000000000000000111e-01,-5.000000000000000000e-01,0.000000000000000000e+00,1.100000000000000089e+00,2.000000000000000111e-01,5.000000000000000000e-01,-5.736367702484130859e-01,1.972914636135101318e-01,2.372903078794479370e-01,1.321964114904403687e-01,-1.371734738349914551e-01,-2.043125778436660767e-02,3.989171981811523438e-01,-1.723195426166057587e-02,9.910555928945541382e-02,3.413097858428955078e-01,-2.009861022233963013e-01,5.060164257884025574e-02
2.317147239661879521e+00,-2.299457101792925229e-01,4.848324473698935044e-01,9.884257316589355469e-01,7.929664105176925659e-03,3.452714905142784119e-02,-1.475112587213516235e-01,0.000000000000000000e+00,0.000000000000000000e+00,0.000000000000000000e+00,-1.100000000000000089e+00,2.000000000000000111e-01,-5.000000000000000000e-01,0.000000000000000000e+00,1.100000000000000089e+00,2.000000000000000111e-01,5.000000000000000000e-01,-6.621326804161071777e-01,1.131239309906959534e-01,1.854460090398788452e-01,3.796411752700805664e-01,-6.228017061948776245e-02,4.597042128443717957e-02,2.892869412899017334e-01,-8.484678715467453003e-02,9.681943058967590332e-02,6.460008621215820312e-01,-4.510430991649627686e-02,4.638795182108879089e-02
2.358025581257211289e+00,-2.315762918421791772e-01,4.844095192270147510e-01,9.905057549476623535e-01,2.370032109320163727e-02,2.267482504248619080e-02,-1.335007846355438232e-01,0.000000000000000000e+00,0.000000000000000000e+00,0.000000000000000000e+00,-1.100000000000000089e+00,2.000000000000000111e-01,-5.000000000000000000e-01,0.000000000000000000e+00,1.100000000000000089e+00,2.000000000000000111e-01,5.000000000000000000e-01,-6.636877655982971191e-01,6.469279527664184570e-02,1.698852330446243286e-01,5.859017372131347656e-01,-5.355229601263999939e-02,5.292785167694091797e-02,1.849974095821380615e-01,-1.076424792408943176e-01,1.080428510904312134e-01,9.709164500236511230e-01,1.623442173004150391e-01,5.528641119599342346e-02
2.398091267496347712e+00,-2.340314844271375316e-01,4.860527632882198357e-01,9.922046661376953125e-01,3.369110822677612305e-02,1.093602087348699570e-02,-1.194788664579391479e-01,0.000000000000000000e+00,0.000000000000000000e+00,0.000000000000000000e+00,-1.100000000000000089e+00,2.000000000000000111e-01,-5.000000000000000000e-01,0.000000000000000000e+00,1.100000000000000089e+00,2.000000000000000111e-01,5.000000000000000000e-01,-6.009620428085327148e-01,2.404129505157470703e-02,1.756923496723175049e-01,6.904233694076538086e-01,-1.510785967111587524e-01,3.814702108502388000e-02,6.384102255105972290e-02,-4.428198933601379395e-02,1.660341322422027588e-01,1.249470710754394531e+00,1.616472601890563965e-01,1.284743100404739380e-01
