0.000000000000000000e+00,0.000000000000000000e+00,4.837589102569554433e-01,9.907133579254150391e-01,-1.192856347188353539e-03,1.279100775718688965e-01,4.609404504299163818e-02,0.000000000000000000e+00,0.000000000000000000e+00,0.000000000000000000e+00,-1.100000000000000089e+00,2.000000000000000111e-01,-5.000000000000000000e-01,0.000000000000000000e+00,1.100000000000000089e+00,2.000000000000000111e-01,5.000000000000000000e-01,-2.432951480150222778e-01,-2.220247872173786163e-03,6.968443840742111206e-02,7.738947272300720215e-01,-6.523689627647399902e-01,2.518282271921634674e-03,-6.923221945762634277e-01,-3.614643588662147522e-02,4.289052449166774750e-03,1.757183074951171875e+00,-3.521680235862731934e-01,1.046191900968551636e-01
4.050646694997944719e-02,2.797420658171179131e-03,4.938914138989317082e-01,9.904761910438537598e-01,-1.644510589540004730e-02,1.308350116014480591e-01,3.960673511028289795e-02,0.000000000000000000e+00,0.000000000000000000e+00,0.000000000000000000e+00,-1.100000000000000089e+00,2.000000000000000111e-01,-5.000000000000000000e-01,0.000000000000000000e+00,1.100000000000000089e+00,2.000000000000000111e-01,5.000000000000000000e-01,-1.067579612135887146e-01,3.712528571486473083e-02,7.097152620553970337e-02,6.440842151641845703e-01,-5.237491726875305176e-01,-1.625098846852779388e-02,-8.080831170082092285e-01,-3.640783205628395081e-02,-5.163658410310745239e-02,1.613264083862304688e+00,-3.425026535987854004e-01,9.110790491104125977e-02
8.568723703424135918e-02,5.344529229009319093e-03,5.054003424528573651e-01,9.898697137832641602e-01,-3.235026076436042786e-02,1.352509558200836182e-01,2.861201949417591095e-02,0.000000000000000000e+00,0.000000000000000000e+00,0.000000000000000000e+00,-1.100000000000000089e+00,2.000000000000000111e-01,-5.000000000000000000e-01,0.000000000000000000e+00,1.100000000000000089e+00,2.000000000000000111e-01,5.000000000000000000e-01,-1.230741851031780243e-03,7.491534948348999023e-02,7.792405039072036743e-02,5.527588129043579102e-01,-3.278300166130065918e-01,-3.567451983690261841e-02,-8.642384409904479980e-01,2.808228833600878716e-03,-9.484934806823730469e-02,1.358400583267211914e+00,-2.906242907047271729e-01,9.905419498682022095e-02
1.330971950789293090e-01,7.830946137093834636e-03,5.162687192526129731e-01,9.898095726966857910e-01,-3.929179161787033081e-02,1.357279717922210693e-01,1.763778738677501678e-02,0.000000000000000000e+00,0.000000000000000000e+00,0.000000000000000000e+00,-1.100000000000000089e+00,2.000000000000000111e-01,-5.000000000000000000e-01,0.000000000000000000e+00,1.100000000000000089e+00,2.000000000000000111e-01,5.000000000000000000e-01,7.275745272636413574e-02,9.182599931955337524e-02,8.024787902832031250e-02,5.271816253662109375e-01,-1.015875712037086487e-01,-4.698670282959938049e-02,-8.437300324440002441e-01,5.242216214537620544e-02,-1.006634756922721863e-01,1.024601459503173828e+00,-2.076505720615386963e-01,1.382754743099212646e-01
1.796355277465449540e-01,9.867247097297679459e-03,5.230530989832349320e-01,9.916253685951232910e-01,-3.077274747192859650e-02,1.250079572200775146e-01,1.025948207825422287e-02,0.000000000000000000e+00,0.000000000000000000e+00,0.000000000000000000e+00,-1.100000000000000089e+00,2.000000000000000111e-01,-5.000000000000000000e-01,0.000000000000000000e+00,1.100000000000000089e+00,2.000000000000000111e-01,5.000000000000000000e-01,1.272273659706115723e-01,6.989254057407379150e-02,6.073944270610809326e-02,5.936944484710693359e-01,4.521081969141960144e-02,-4.630041494965553284e-02,-7.421939373016357422e-01,7.377170026302337646e-02,-7.112256437540054321e-02,6.824845075607299805e-01,-1.106301844120025635e-01,1.959719657897949219e-01
2.252499294363790594e-01,1.171769908888058848e-02,5.238595342139403810e-01,9.941133856773376465e-01,-1.954354159533977509e-02,1.065522357821464539e-01,1.815897529013454914e-03,0.000000000000000000e+00,0.000000000000000000e+00,0.000000000000000000e+00,-1.100000000000000089e+00,2.000000000000000111e-01,-5.000000000000000000e-01,0.000000000000000000e+00,1.100000000000000089e+00,2.000000000000000111e-01,5.000000000000000000e-01,1.496440470218658447e-01,1.534798089414834976e-02,6.114894058555364609e-03,7.667015194892883301e-01,5.178112164139747620e-02,-6.650938838720321655e-02,-6.200929880142211914e-01,7.912275940179824829e-02,-5.192280188202857971e-02,4.628913104534149170e-01,2.108480082824826241e-03,2.159142047166824341e-01
2.708900598271026250e-01,1.379097495900674653e-02,5.181303543431892145e-01,9.957424402236938477e-01,-1.807942613959312439e-02,8.978679031133651733e-02,-1.041312329471111298e-02,0.000000000000000000e+00,0.000000000000000000e+00,0.000000000000000000e+00,-1.100000000000000089e+00,2.000000000000000111e-01,-5.000000000000000000e-01,0.000000000000000000e+00,1.100000000000000089e+00,2.000000000000000111e-01,5.000000000000000000e-01,1.200757846236228943e-01,-2.465686202049255371e-02,-1.622710004448890686e-02,1.028881072998046875e+00,-7.472766446880996227e-04,-1.154379695653915405e-01,-5.828643441200256348e-01,1.033342033624649048e-01,-2.509888075292110443e-02,5.742864608764648438e-01,-2.869371138513088226e-02,4.186287894845008850e-02
3.151967407183515202e-01,1.556140342054682102e-02,5.064476661798027468e-01,9.972718954086303711e-01,-1.289768610149621964e-02,7.113008946180343628e-02,-1.493273023515939713e-02,0.000000000000000000e+00,0.000000000000000000e+00,0.000000000000000000e+00,-1.100000000000000089e+00,2.000000000000000111e-01,-5.000000000000000000e-01,0.000000000000000000e+00,1.100000000000000089e+00,2.000000000000000111e-01,5.000000000000000000e-01,5.375371500849723816e-02,-1.665911450982093811e-02,1.715512387454509735e-02,1.352521896362304688e+00,-7.910223305225372314e-02,-1.113511994481086731e-01,-4.925246536731719971e-01,1.009360253810882568e-01,-1.072895154356956482e-02,7.228848934173583984e-01,-3.077992200851440430e-01,-2.569037303328514099e-02
3.564813292109305087e-01,1.661467968641470311e-02,4.943328408565786924e-01,9.966608285903930664e-01,-2.800562605261802673e-02,7.375835627317428589e-02,-2.103794924914836884e-02,0.000000000000000000e+00,0.000000000000000000e+00,0.000000000000000000e+00,-1.100000000000000089e+00,2.000000000000000111e-01,-5.000000000000000000e-01,0.000000000000000000e+00,1.100000000000000089e+00,2.000000000000000111e-01,5.000000000000000000e-01,-1.111465021967887878e-01,1.093586981296539307e-01,5.001895874738693237e-02,1.692826271057128906e+00,-1.951372623443603516e-01,-4.488398134708404541e-02,-4.386753141880035400e-01,1.395136862993240356e-01,-1.936919614672660828e-02,8.098587393760681152e-01,-4.607457220554351807e-01,-4.859553277492523193e-02
3.985006195389562689e-01,1.804711097178773871e-02,4.886792718619109022e-01,9.959646463394165039e-01,-2.802064642310142517e-02,8.101340383291244507e-02,-2.657298184931278229e-02,0.000000000000000000e+00,0.000000000000000000e+00,0.000000000000000000e+00,-1.100000000000000089e+00,2.000000000000000111e-01,-5.000000000000000000e-01,0.000000000000000000e+00,1.100000000000000089e+00,2.000000000000000111e-01,5.000000000000000000e-01,-3.280871808528900146e-01,1.817479133605957031e-01,6.839855015277862549e-02,1.897355914115905762e+00,-2.831738293170928955e-01,1.885656453669071198e-02,-3.544018566608428955e-01,1.395994871854782104e-01,-4.365630913525819778e-03,8.203326463699340820e-01,-5.474908947944641113e-01,-3.843187168240547180e-02
4.426614102141725460e-01,1.904298234575738796e-02,4.896053435322312297e-01,9.958756566047668457e-01,-1.432834006845951080e-02,8.563813567161560059e-02,-2.631314471364021301e-02,0.000000000000000000e+00,0.000000000000000000e+00,0.000000000000000000e+00,-1.100000000000000089e+00,2.000000000000000111e-01,-5.000000000000000000e-01,0.000000000000000000e+00,1.100000000000000089e+00,2.000000000000000111e-01,5.000000000000000000e-01,-5.348952412605285645e-01,1.975022256374359131e-01,9.164880961179733276e-02,1.914963364601135254e+00,-3.232978284358978271e-01,5.587403103709220886e-02,-2.377642095088958740e-01,1.045137643814086914e-01,2.217018976807594299e-02,7.763141393661499023e-01,-5.757560729980468750e-01,-2.985509857535362244e-02
4.880695380022129215e-01,1.990846332938721319e-02,4.969314396464163397e-01,9.956796169281005859e-01,-1.432418939657509327e-03,8.979467302560806274e-02,-2.359982207417488098e-02,0.000000000000000000e+00,0.000000000000000000e+00,0.000000000000000000e+00,-1.100000000000000089e+00,2.000000000000000111e-01,-5.000000000000000000e-01,0.000000000000000000e+00,1.100000000000000089e+00,2.000000000000000111e-01,5.000000000000000000e-01,-6.940171718597412109e-01,2.007587105035781860e-01,1.282886713743209839e-01,1.768875598907470703e+00,-3.159074485301971436e-01,8.321429044008255005e-02,-1.119416952133178711e-01,6.749392300844192505e-02,4.807320609688758850e-02,6.868898272514343262e-01,-4.993451833724975586e-01,-2.615357376635074615e-02
5.360186274432474640e-01,2.145576498419460992e-02,5.088945989227957600e-01,9.951505064964294434e-01,1.008123718202114105e-02,9.623252600431442261e-02,-1.769508048892021179e-02,0.000000000000000000e+00,0.000000000000000000e+00,0.000000000000000000e+00,-1.100000000000000089e+00,2.000000000000000111e-01,-5.000000000000000000e-01,0.000000000000000000e+00,1.100000000000000089e+00,2.000000000000000111e-01,5.000000000000000000e-01,-7.733755111694335938e-01,1.700673550367355347e-01,1.647080928087234497e-01,1.483208775520324707e+00,-2.673265635967254639e-01,9.018695354461669922e-02,-2.798204077407717705e-03,2.979282662272453308e-02,6.561666727066040039e-02,5.899302363395690918e-01,-3.040666878223419189e-01,-1.666570268571376801e-02
5.872911218553782398e-01,2.381325313045333514e-02,5.198270753274362166e-01,9.946046471595764160e-01,1.482331007719039917e-02,1.020828187465667725e-01,-1.099684741348028183e-02,0.000000000000000000e+00,0.000000000000000000e+00,0.000000000000000000e+00,-1.100000000000000089e+00,2.000000000000000111e-01,-5.000000000000000000e-01,0.000000000000000000e+00,1.100000000000000089e+00,2.000000000000000111e-01,5.000000000000000000e-01,-7.656764984130859375e-01,1.267932653427124023e-01,1.940040588378906250e-01,1.091288805007934570e+00,-1.720277667045593262e-01,5.483905225992202759e-02,9.032262861728668213e-02,1.048283744603395462e-02,7.055673003196716309e-02,5.075938701629638672e-01,-7.034701853990554810e-02,1.282717660069465637e-02
6.420138471739160746e-01,2.558038472353171139e-02,5.258822867108716714e-01,9.946349263191223145e-01,7.412744220346212387e-03,1.030789613723754883e-01,-4.602479748427867889e-03,0.000000000000000000e+00,0.000000000000000000e+00,0.000000000000000000e+00,-1.100000000000000089e+00,2.000000000000000111e-01,-5.000000000000000000e-01,0.000000000000000000e+00,1.100000000000000089e+00,2.000000000000000111e-01,5.000000000000000000e-01,-7.044996023178100586e-01,8.723036944866180420e-02,1.932290941476821899e-01,6.643730401992797852e-01,-2.628560923039913177e-02,-1.844591833651065826e-02,1.707295328378677368e-01,2.130692638456821442e-02,5.629329010844230652e-02,4.642657935619354248e-01,1.042413040995597839e-01,6.348431110382080078e-02
6.954692017287018579e-01,2.730146113420940657e-02,5.251897524793943672e-01,9.956873655319213867e-01,-5.805232562124729156e-03,9.258121997117996216e-02,-1.276219380088150501e-03,0.000000000000000000e+00,0.000000000000000000e+00,0.000000000000000000e+00,-1.100000000000000089e+00,2.000000000000000111e-01,-5.000000000000000000e-01,0.000000000000000000e+00,1.100000000000000089e+00,2.000000000000000111e-01,5.000000000000000000e-01,-5.999612212181091309e-01,5.815445631742477417e-02,1.577126085758209229e-01,3.217864036560058594e-01,1.252533793449401855e-01,-1.279560178518295288e-01,2.124635428190231323e-01,4.339526966214179993e-02,2.954158559441566467e-02,5.691775679588317871e-01,1.328669339418411255e-01,8.362693339586257935e-02
7.465899089227121532e-01,3.018235365497984324e-02,5.190298087232643187e-01,9.969827532768249512e-01,-2.295868936926126480e-03,7.725508511066436768e-02,7.198819424957036972e-03,0.000000000000000000e+00,0.000000000000000000e+00,0.000000000000000000e+00,-1.100000000000000089e+00,2.000000000000000111e-01,-5.000000000000000000e-01,0.000000000000000000e+00,1.100000000000000089e+00,2.000000000000000111e-01,5.000000000000000000e-01,-5.400187969207763672e-01,1.705148443579673767e-02,1.323527246713638306e-01,3.000507354736328125e-01,1.396559625864028931e-01,-1.038117930293083191e-01,1.935065090656280518e-01,3.328956291079521179e-02,8.540132082998752594e-03,8.378322124481201172e-01,5.484260618686676025e-02,8.705248683691024780e-02
7.938482413109808622e-01,3.287216917145997785e-02,5.072776894188590902e-01,9.981684684753417969e-01,5.491220392286777496e-03,5.755281448364257812e-02,1.781180873513221741e-02,0.000000000000000000e+00,0.000000000000000000e+00,0.000000000000000000e+00,-1.100000000000000089e+00,2.000000000000000111e-01,-5.000000000000000000e-01,0.000000000000000000e+00,1.100000000000000089e+00,2.000000000000000111e-01,5.000000000000000000e-01,-5.542421340942382812e-01,-5.264536011964082718e-04,1.302913278341293335e-01,6.470221281051635742e-01,-1.728363037109375000e-01,5.547520890831947327e-02,1.478669345378875732e-01,-1.968074031174182892e-02,-4.186740517616271973e-02,1.165062427520751953e+00,-5.297622829675674438e-02,8.890523761510848999e-02
8.407168060955076960e-01,3.496828582706965061e-02,4.930123162931867031e-01,9.985285997390747070e-01,1.468667015433311462e-02,4.720351099967956543e-02,2.228819206357002258e-02,0.000000000000000000e+00,0.000000000000000000e+00,0.000000000000000000e+00,-1.100000000000000089e+00,2.000000000000000111e-01,-5.000000000000000000e-01,0.000000000000000000e+00,1.100000000000000089e+00,2.000000000000000111e-01,5.000000000000000000e-01,-5.184369087219238281e-01,-1.779671944677829742e-02,1.360171288251876831e-01,8.623147606849670410e-01,-4.042020440101623535e-01,7.757241278886795044e-02,2.622329443693161011e-02,-7.990832626819610596e-02,-4.567622765898704529e-02,1.502945899963378906e+00,-1.660727113485336304e-01,6.367599219083786011e-02
8.876549231923291927e-01,3.737100115201126560e-02,4.855979670998123998e-01,9.983458518981933594e-01,2.009571343660354614e-02,5.053737014532089233e-02,1.864980161190032959e-02,0.000000000000000000e+00,0.000000000000000000e+00,0.000000000000000000e+00,-1.100000000000000089e+00,2.000000000000000111e-01,-5.000000000000000000e-01,0.000000000000000000e+00,1.100000000000000089e+00,2.000000000000000111e-01,5.000000000000000000e-01,-4.355715513229370117e-01,-3.310434892773628235e-02,1.392473280429840088e-01,9.214698076248168945e-01,-5.486301779747009277e-01,6.936179101467132568e-02,-1.649462729692459106e-01,-8.798795938491821289e-02,-6.761963944882154465e-03,1.745106220245361328e+00,-2.516135573387145996e-01,5.052635446190834045e-02
9.355355104721256865e-01,3.931141776705368573e-02,4.859853920588891873e-01,9.982373714447021484e-01,1.464503724128007889e-02,5.588880181312561035e-02,1.356900390237569809e-02,0.000000000000000000e+00,0.000000000000000000e+00,0.000000000000000000e+00,-1.100000000000000089e+00,2.000000000000000111e-01,-5.000000000000000000e-01,0.000000000000000000e+00,1.100000000000000089e+00,2.000000000000000111e-01,5.000000000000000000e-01,-3.001126945018768311e-01,-2.937425114214420319e-02,1.335957199335098267e-01,8.681706190109252930e-01,-6.218914985656738281e-01,5.656607076525688171e-02,-3.674773275852203369e-01,-8.888473361730575562e-02,-2.830769168213009834e-03,1.833819389343261719e+00,-2.990489900112152100e-01,2.800703048706054688e-02
9.844878980765743304e-01,4.041102689949589710e-02,4.942152643286520375e-01,9.979855418205261230e-01,6.292479578405618668e-03,6.161316484212875366e-02,1.374821458011865616e-02,0.000000000000000000e+00,0.000000000000000000e+00,0.000000000000000000e+00,-1.100000000000000089e+00,2.000000000000000111e-01,-5.000000000000000000e-01,0.000000000000000000e+00,1.100000000000000089e+00,2.000000000000000111e-01,5.000000000000000000e-01,-1.426422297954559326e-01,-2.071736566722393036e-02,1.222930327057838440e-01,7.461389303207397461e-01,-5.776066184043884277e-01,4.187394306063652039e-02,-5.431804060935974121e-01,-1.064252033829689026e-01,-3.917295113205909729e-02,1.768023848533630371e+00,-3.077190518379211426e-01,5.803484003990888596e-03
1.036178756513529642e+00,4.109714915096346344e-02,5.076160804016723871e-01,9.975534081459045410e-01,-4.688475746661424637e-03,6.862676888704299927e-02,1.247106026858091354e-02,0.000000000000000000e+00,0.000000000000000000e+00,0.000000000000000000e+00,-1.100000000000000089e+00,2.000000000000000111e-01,-5.000000000000000000e-01,0.000000000000000000e+00,1.100000000000000089e+00,2.000000000000000111e-01,5.000000000000000000e-01,-1.728085684590041637e-03,2.880610525608062744e-03,1.158917769789695740e-01,6.236739158630371094e-01,-4.105834960937500000e-01,2.696203999221324921e-02,-6.524763107299804688e-01,-9.629040956497192383e-02,-9.030300378799438477e-02,1.549427390098571777e+00,-2.847049534320831299e-01,6.064442452043294907e-03
1.090604369863868106e+00,4.216338569453607910e-02,5.219999590350522523e-01,9.968815445899963379e-01,-1.584953628480434418e-02,7.694517076015472412e-02,7.442195434123277664e-03,0.000000000000000000e+00,0.000000000000000000e+00,0.000000000000000000e+00,-1.100000000000000089e+00,2.000000000000000111e-01,-5.000000000000000000e-01,0.000000000000000000e+00,1.100000000000000089e+00,2.000000000000000111e-01,5.000000000000000000e-01,9.722027182579040527e-02,3.192672133445739746e-02,1.132663786411285400e-01,5.483211874961853027e-01,-1.825497448444366455e-01,6.367222405970096588e-03,-6.862327456474304199e-01,-5.032914876937866211e-02,-1.277524381875991821e-01,1.210054874420166016e+00,-2.154556065797805786e-01,2.761371619999408722e-02
1.147376828483409605e+00,4.306083569975777126e-02,5.328221695787377366e-01,9.967878460884094238e-01,-1.806515827775001526e-02,7.795120030641555786e-02,3.349682083353400230e-03,0.000000000000000000e+00,0.000000000000000000e+00,0.000000000000000000e+00,-1.100000000000000089e+00,2.000000000000000111e-01,-5.000000000000000000e-01,0.000000000000000000e+00,1.100000000000000089e+00,2.000000000000000111e-01,5.000000000000000000e-01,1.704547703266143799e-01,4.252093657851219177e-02,1.106103882193565369e-01,5.371801853179931641e-01,2.315373159945011139e-02,-6.625969428569078445e-03,-6.359047293663024902e-01,4.387658555060625076e-04,-1.216723844408988953e-01,7.911669611930847168e-01,-9.915127605199813843e-02,8.614952862262725830e-02
1.203558294400573159e+00,4.413085379689518639e-02,5.363610978590118705e-01,9.976929426193237305e-01,-2.541050314903259277e-03,6.775467097759246826e-02,3.399606095626950264e-03,0.000000000000000000e+00,0.000000000000000000e+00,0.000000000000000000e+00,-1.100000000000000089e+00,2.000000000000000111e-01,-5.000000000000000000e-01,0.000000000000000000e+00,1.100000000000000089e+00,2.000000000000000111e-01,5.000000000000000000e-01,2.420526444911956787e-01,1.340902782976627350e-02,1.085653826594352722e-01,5.903705358505249023e-01,1.116772890090942383e-01,-1.923060789704322815e-02,-5.265609025955200195e-01,8.578240871429443359e-03,-7.913110405206680298e-02,3.840301632881164551e-01,3.956475108861923218e-02,1.690311431884765625e-01
1.257665954323278878e+00,4.508821290038113327e-02,5.341706039259832561e-01,9.984967112541198730e-01,1.482665352523326874e-02,5.250416323542594910e-02,5.269068293273448944e-03,0.000000000000000000e+00,0.000000000000000000e+00,0.000000000000000000e+00,-1.100000000000000089e+00,2.000000000000000111e-01,-5.000000000000000000e-01,0.000000000000000000e+00,1.100000000000000089e+00,2.000000000000000111e-01,5.000000000000000000e-01,2.593033313751220703e-01,-2.151314541697502136e-02,9.579052776098251343e-02,7.638245820999145508e-01,9.568151831626892090e-02,-2.684021927416324615e-02,-4.364802837371826172e-01,-6.356188561767339706e-03,-5.727566033601760864e-02,1.509886980056762695e-01,1.899789273738861084e-01,2.265204936265945435e-01
1.309480407461524276e+00,4.583240648576369924e-02,5.261442993995216755e-01,9.992615580558776855e-01,-2.510369289666414261e-03,3.814872354269027710e-02,-3.837087657302618027e-03,0.000000000000000000e+00,0.000000000000000000e+00,0.000000000000000000e+00,-1.100000000000000089e+00,2.000000000000000111e-01,-5.000000000000000000e-01,0.000000000000000000e+00,1.100000000000000089e+00,2.000000000000000111e-01,5.000000000000000000e-01,2.257997095584869385e-01,2.420389279723167419e-02,9.228450059890747070e-02,1.059123277664184570e+00,-1.866003684699535370e-02,-4.799994453787803650e-02,-4.821470677852630615e-01,4.387824237346649170e-02,-4.808528721332550049e-02,4.059245586395263672e-01,1.329931318759918213e-01,1.248982851393520832e-03
1.362839713585045853e+00,4.543692868565106513e-02,5.120154459112221668e-01,9.998304247856140137e-01,-5.939841736108064651e-03,1.740409433841705322e-02,-9.517241851426661015e-04,0.000000000000000000e+00,0.000000000000000000e+00,0.000000000000000000e+00,-1.100000000000000089e+00,2.000000000000000111e-01,-5.000000000000000000e-01,0.000000000000000000e+00,1.100000000000000089e+00,2.000000000000000111e-01,5.000000000000000000e-01,1.744310557842254639e-01,1.189333051443099976e-01,1.331960409879684448e-01,1.382210731506347656e+00,-1.221771985292434692e-01,3.259879304096102715e-03,-4.123682379722595215e-01,4.800122976303100586e-02,-6.144883111119270325e-02,6.380591392517089844e-01,-2.311678379774093628e-01,-4.224961251020431519e-02
1.412336887245377204e+00,4.467504409400539778e-02,5.006695735040639361e-01,9.992269277572631836e-01,-3.192285448312759399e-02,2.288066595792770386e-02,1.704522292129695415e-03,0.000000000000000000e+00,0.000000000000000000e+00,0.000000000000000000e+00,-1.100000000000000089e+00,2.000000000000000111e-01,-5.000000000000000000e-01,0.000000000000000000e+00,1.100000000000000089e+00,2.000000000000000111e-01,5.000000000000000000e-01,1.046842150390148163e-02,2.881257832050323486e-01,1.376743465662002563e-01,1.680750131607055664e+00,-2.418511211872100830e-01,7.887124270200729370e-02,-3.577871024608612061e-01,9.894163161516189575e-02,-1.013547778129577637e-01,7.481079697608947754e-01,-3.981692194938659668e-01,-6.577195972204208374e-02
1.461284751122196912e+00,4.528787791884195113e-02,4.968209718333351232e-01,9.989341497421264648e-01,-3.419318422675132751e-02,3.064186312258243561e-02,4.732955247163772583e-03,0.000000000000000000e+00,0.000000000000000000e+00,0.000000000000000000e+00,-1.100000000000000089e+00,2.000000000000000111e-01,-5.000000000000000000e-01,0.000000000000000000e+00,1.100000000000000089e+00,2.000000000000000111e-01,5.000000000000000000e-01,-2.060938775539398193e-01,3.399196267127990723e-01,1.336776018142700195e-01,1.831989645957946777e+00,-3.269631266593933105e-01,1.430945098400115967e-01,-2.499461621046066284e-01,1.022466570138931274e-01,-1.049513965845108032e-01,7.494121789932250977e-01,-4.906008243560791016e-01,-4.663373529911041260e-02
1.511884260268675284e+00,4.607259824716797292e-02,4.997981500791179865e-01,9.991357326507568359e-01,-2.025805041193962097e-02,3.544108942151069641e-02,7.829342968761920929e-03,0.000000000000000000e+00,0.000000000000000000e+00,0.000000000000000000e+00,-1.100000000000000089e+00,2.000000000000000111e-01,-5.000000000000000000e-01,0.000000000000000000e+00,1.100000000000000089e+00,2.000000000000000111e-01,5.000000000000000000e-01,-4.037791192531585693e-01,2.781687378883361816e-01,1.367419362068176270e-01,1.795797467231750488e+00,-3.382445275783538818e-01,1.581923216581344604e-01,-1.100231856107711792e-01,7.354710996150970459e-02,-8.811651915311813354e-02,6.838420033454895020e-01,-5.088719129562377930e-01,-2.907668240368366241e-02
1.562376007760564622e+00,4.786841713978599866e-02,5.083815193507407182e-01,9.991517066955566406e-01,-5.121126305311918259e-03,4.012368246912956238e-02,7.728039287030696869e-03,0.000000000000000000e+00,0.000000000000000000e+00,0.000000000000000000e+00,-1.100000000000000089e+00,2.000000000000000111e-01,-5.000000000000000000e-01,0.000000000000000000e+00,1.100000000000000089e+00,2.000000000000000111e-01,5.000000000000000000e-01,-5.398228764533996582e-01,1.881677359342575073e-01,1.552451550960540771e-01,1.593096375465393066e+00,-2.928546369075775146e-01,1.375360637903213501e-01,2.796971425414085388e-02,4.248140752315521240e-02,-5.732858553528785706e-02,5.832270979881286621e-01,-4.125095307826995850e-01,-1.474635023623704910e-02
1.614374964361390052e+00,5.095267040292836280e-02,5.198039720041884859e-01,9.987438321113586426e-01,5.309438332915306091e-03,4.918224364519119263e-02,7.976891472935676575e-03,0.000000000000000000e+00,0.000000000000000000e+00,0.000000000000000000e+00,-1.100000000000000089e+00,2.000000000000000111e-01,-5.000000000000000000e-01,0.000000000000000000e+00,1.100000000000000089e+00,2.000000000000000111e-01,5.000000000000000000e-01,-6.055786609649658203e-01,1.067709922790527344e-01,1.698787659406661987e-01,1.267304301261901855e+00,-2.155768275260925293e-01,1.046214476227760315e-01,1.345018744468688965e-01,1.626523025333881378e-02,-2.891013957560062408e-02,4.970381557941436768e-01,-2.027614414691925049e-01,8.482234552502632141e-03
1.670279675084684001e+00,5.417867891231760435e-02,5.287918513847722490e-01,9.982750415802001953e-01,3.077238798141479492e-03,5.792982131242752075e-02,9.039701893925666809e-03,0.000000000000000000e+00,0.000000000000000000e+00,0.000000000000000000e+00,-1.100000000000000089e+00,2.000000000000000111e-01,-5.000000000000000000e-01,0.000000000000000000e+00,1.100000000000000089e+00,2.000000000000000111e-01,5.000000000000000000e-01,-6.063407659530639648e-01,5.795313790440559387e-02,1.610529422760009766e-01,8.599054217338562012e-01,-1.007763370871543884e-01,4.219121485948562622e-02,2.184598743915557861e-01,2.038844302296638489e-02,-5.263183265924453735e-03,4.378228783607482910e-01,2.551226504147052765e-02,4.846717044711112976e-02
1.729677996031112386e+00,5.648370999377222423e-02,5.320460271669760211e-01,9.980790019035339355e-01,-1.086416188627481461e-02,6.007388979196548462e-02,1.055683661252260208e-02,0.000000000000000000e+00,0.000000000000000000e+00,0.000000000000000000e+00,-1.100000000000000089e+00,2.000000000000000111e-01,-5.000000000000000000e-01,0.000000000000000000e+00,1.100000000000000089e+00,2.000000000000000111e-01,5.000000000000000000e-01,-5.604977607727050781e-01,2.865752018988132477e-02,1.119080111384391785e-01,4.397898912429809570e-01,4.707279428839683533e-02,-4.902283847332000732e-02,2.796794176101684570e-01,4.967134445905685425e-02,2.621089806780219078e-04,4.538812935352325439e-01,1.580159515142440796e-01,8.915261924266815186e-02
1.788233772706654623e+00,5.826506911414780499e-02,5.291013228231007393e-01,9.982409477233886719e-01,-2.542985975742340088e-02,5.209207907319068909e-02,1.244073174893856049e-02,0.000000000000000000e+00,0.000000000000000000e+00,0.000000000000000000e+00,-1.100000000000000089e+00,2.000000000000000111e-01,-5.000000000000000000e-01,0.000000000000000000e+00,1.100000000000000089e+00,2.000000000000000111e-01,5.000000000000000000e-01,-4.724670946598052979e-01,2.156995609402656555e-02,4.743396490812301636e-02,1.298529207706451416e-01,1.946243196725845337e-01,-1.702311486005783081e-01,3.004555702209472656e-01,7.489889860153198242e-02,-1.598806120455265045e-02,6.143243908882141113e-01,1.529898792505264282e-01,9.265781193971633911e-02
1.842202004881368982e+00,6.011426395374454279e-02,5.210877412805955400e-01,9.987458586692810059e-01,-1.451703254133462906e-02,4.099887982010841370e-02,2.480021491646766663e-02,0.000000000000000000e+00,0.000000000000000000e+00,0.000000000000000000e+00,-1.100000000000000089e+00,2.000000000000000111e-01,-5.000000000000000000e-01,0.000000000000000000e+00,1.100000000000000089e+00,2.000000000000000111e-01,5.000000000000000000e-01,-4.659498333930969238e-01,-1.563142053782939911e-02,5.564838647842407227e-02,2.251292765140533447e-01,1.858745664358139038e-01,-1.051355376839637756e-01,2.739594280719757080e-01,4.000252112746238708e-02,-5.557122081518173218e-02,8.890734910964965820e-01,5.284158885478973389e-02,8.709733188152313232e-02
1.893181184025274799e+00,6.178804317644488731e-02,5.078303516076672075e-01,9.990181326866149902e-01,9.660089854151010513e-04,2.517294883728027344e-02,3.644394874572753906e-02,0.000000000000000000e+00,0.000000000000000000e+00,0.000000000000000000e+00,-1.100000000000000089e+00,2.000000000000000111e-01,-5.000000000000000000e-01,0.000000000000000000e+00,1.100000000000000089e+00,2.000000000000000111e-01,5.000000000000000000e-01,-4.968673586845397949e-01,-4.615986719727516174e-02,8.771310746669769287e-02,6.012630462646484375e-01,-1.452056318521499634e-01,6.657876074314117432e-02,2.283425629138946533e-01,-4.368040338158607483e-02,-1.045447513461112976e-01,1.201131701469421387e+00,-7.600872963666915894e-02,7.555377483367919922e-02
1.942650084387925524e+00,6.222677407320589826e-02,4.943873275402520528e-01,9.986547231674194336e-01,1.913636736571788788e-02,2.146646752953529358e-02,4.314755275845527649e-02,0.000000000000000000e+00,0.000000000000000000e+00,0.000000000000000000e+00,-1.100000000000000089e+00,2.000000000000000111e-01,-5.000000000000000000e-01,0.000000000000000000e+00,1.100000000000000089e+00,2.000000000000000111e-01,5.000000000000000000e-01,-4.723084270954132080e-01,-8.279610425233840942e-02,1.077919080853462219e-01,8.106208443641662598e-01,-3.724241852760314941e-01,9.959641844034194946e-02,8.848262578248977661e-02,-1.380887776613235474e-01,-1.033001765608787537e-01,1.516480088233947754e+00,-2.054020166397094727e-01,3.886699303984642029e-02
1.990613552820351906e+00,6.369965132067188784e-02,4.894529908481572433e-01,9.985154867172241211e-01,2.294236794114112854e-02,2.862438745796680450e-02,4.026293382048606873e-02,0.000000000000000000e+00,0.000000000000000000e+00,0.000000000000000000e+00,-1.100000000000000089e+00,2.000000000000000111e-01,-5.000000000000000000e-01,0.000000000000000000e+00,1.100000000000000089e+00,2.000000000000000111e-01,5.000000000000000000e-01,-3.898138999938964844e-01,-9.143666923046112061e-02,1.069118082523345947e-01,8.567950129508972168e-01,-5.108300447463989258e-01,9.361022710800170898e-02,-1.099603027105331421e-01,-1.908424496650695801e-01,-8.594013005495071411e-02,1.721382975578308105e+00,-2.893670797348022461e-01,-1.091880258172750473e-02
2.038787536149224255e+00,6.503708937464076911e-02,4.923489035583205609e-01,9.985871315002441406e-01,1.786065474152565002e-02,3.455030918121337891e-02,3.620719909667968750e-02,0.000000000000000000e+00,0.000000000000000000e+00,0.000000000000000000e+00,-1.100000000000000089e+00,2.000000000000000111e-01,-5.000000000000000000e-01,0.000000000000000000e+00,1.100000000000000089e+00,2.000000000000000111e-01,5.000000000000000000e-01,-2.507746815681457520e-01,-8.305693417787551880e-02,9.633736312389373779e-02,7.928574681282043457e-01,-5.726770162582397461e-01,7.580527663230895996e-02,-3.121005594730377197e-01,-2.093987464904785156e-01,-8.492140471935272217e-02,1.780259251594543457e+00,-3.287529349327087402e-01,-4.766663908958435059e-02
2.088929340996676487e+00,6.627343019418834025e-02,5.024905354364052057e-01,9.984782338142395020e-01,9.909697808325290680e-03,4.105357080698013306e-02,3.546303138136863708e-02,0.000000000000000000e+00,0.000000000000000000e+00,0.000000000000000000e+00,-1.100000000000000089e+00,2.000000000000000111e-01,-5.000000000000000000e-01,0.000000000000000000e+00,1.100000000000000089e+00,2.000000000000000111e-01,5.000000000000000000e-01,-9.049013257026672363e-02,-6.701539456844329834e-02,8.174734562635421753e-02,6.633071303367614746e-01,-5.153959393501281738e-01,6.227080523967742920e-02,-4.811524748802185059e-01,-1.857304126024246216e-01,-1.006469726562500000e-01,1.681877017021179199e+00,-3.181677162647247314e-01,-4.038212075829505920e-02
2.143298569313354385e+00,6.802273951212152447e-02,5.165337208327320795e-01,9.981944561004638672e-01,1.205879088956862688e-04,5.022609233856201172e-02,3.294338285923004150e-02,0.000000000000000000e+00,0.000000000000000000e+00,0.000000000000000000e+00,-1.100000000000000089e+00,2.000000000000000111e-01,-5.000000000000000000e-01,0.000000000000000000e+00,1.100000000000000089e+00,2.000000000000000111e-01,5.000000000000000000e-01,4.072848334908485413e-02,-4.085392132401466370e-02,6.893467903137207031e-02,5.500199198722839355e-01,-3.417233228683471680e-01,4.701303318142890930e-02,-5.862970352172851562e-01,-1.464613080024719238e-01,-1.323292255401611328e-01,1.445527076721191406e+00,-2.756339609622955322e-01,-1.960886456072330475e-02
2.199400385311908845e+00,7.024656564359450794e-02,5.307624194522699845e-01,9.977201223373413086e-01,-1.174344681203365326e-02,6.072787567973136902e-02,2.699405141174793243e-02,0.000000000000000000e+00,0.000000000000000000e+00,0.000000000000000000e+00,-1.100000000000000089e+00,2.000000000000000111e-01,-5.000000000000000000e-01,0.000000000000000000e+00,1.100000000000000089e+00,2.000000000000000111e-01,5.000000000000000000e-01,1.236755922436714172e-01,-7.632847875356674194e-03,5.897633731365203857e-02,4.984927773475646973e-01,-1.286825686693191528e-01,2.012705989181995392e-02,-6.152040362358093262e-01,-8.227273076772689819e-02,-1.584725379943847656e-01,1.085382223129272461e+00,-1.823192983865737915e-01,9.741686284542083740e-03
2.257061110163729012e+00,7.324174792143621493e-02,5.405148491925664267e-01,9.976668357849121094e-01,-1.213470101356506348e-02,6.299716234207153320e-02,2.334357798099517822e-02,0.000000000000000000e+00,0.000000000000000000e+00,0.000000000000000000e+00,-1.100000000000000089e+00,2.000000000000000111e-01,-5.000000000000000000e-01,0.000000000000000000e+00,1.100000000000000089e+00,2.000000000000000111e-01,5.000000000000000000e-01,1.942043006420135498e-01,5.656203138642013073e-04,5.280643701553344727e-02,4.924971163272857666e-01,5.694274976849555969e-02,-6.117607001215219498e-03,-5.563814043998718262e-01,-1.599974185228347778e-02,-1.259486973285675049e-01,6.352428793907165527e-01,-4.069116339087486267e-02,9.041753411293029785e-02
2.312140402156446228e+00,7.679333860002873768e-02,5.424901025493941153e-01,9.980792403221130371e-01,1.100165117532014847e-02,5.495359003543853760e-02,2.639844641089439392e-02,0.000000000000000000e+00,0.000000000000000000e+00,0.000000000000000000e+00,-1.100000000000000089e+00,2.000000000000000111e-01,-5.000000000000000000e-01,0.000000000000000000e+00,1.100000000000000089e+00,2.000000000000000111e-01,5.000000000000000000e-01,2.658198475837707520e-01,-3.515789657831192017e-02,6.105814501643180847e-02,5.417793393135070801e-01,1.302375644445419312e-01,-1.181776914745569229e-02,-4.468689262866973877e-01,-1.660075969994068146e-02,-5.831904336810112000e-02,2.095116078853607178e-01,1.223317161202430725e-01,2.004395276308059692e-01
2.364277655573355119e+00,7.890242563094945760e-02,5.392933619519075794e-01,9.982694387435913086e-01,2.456815354526042938e-02,4.431114345788955688e-02,2.985182590782642365e-02,0.000000000000000000e+00,0.000000000000000000e+00,0.000000000000000000e+00,-1.100000000000000089e+00,2.000000000000000111e-01,-5.000000000000000000e-01,0.000000000000000000e+00,1.100000000000000089e+00,2.000000000000000111e-01,5.000000000000000000e-01,2.691992819309234619e-01,-3.509667888283729553e-02,8.027888834476470947e-02,7.418292760848999023e-01,8.344993740320205688e-02,9.610870853066444397e-03,-4.036370515823364258e-01,-2.993466891348361969e-02,-6.164653599262237549e-02,8.596653491258621216e-02,2.210960686206817627e-01,2.374521046876907349e-01
2.414448056841890455e+00,7.953065830541569681e-02,5.311626885665788889e-01,9.992296695709228516e-01,-3.407624026294797659e-04,3.422842174768447876e-02,1.919489726424217224e-02,0.000000000000000000e+00,0.000000000000000000e+00,0.000000000000000000e+00,-1.100000000000000089e+00,2.000000000000000111e-01,-5.000000000000000000e-01,0.000000000000000000e+00,1.100000000000000089e+00,2.000000000000000111e-01,5.000000000000000000e-01,2.249147742986679077e-01,4.560732096433639526e-02,8.767228573560714722e-02,1.047112107276916504e+00,-3.993343561887741089e-02,-5.226366687566041946e-03,-4.271332323551177979e-01,3.882868215441703796e-02,-7.192356884479522705e-02,2.764872908592224121e-01,2.067050188779830933e-01,4.096801206469535828e-02
2.466611806377768890e+00,7.886664981177698985e-02,5.156071240868834726e-01,9.996549487113952637e-01,-9.069444611668586731e-03,1.566573791205883026e-02,1.903628930449485779e-02,0.000000000000000000e+00,0.000000000000000000e+00,0.000000000000000000e+00,-1.100000000000000089e+00,2.000000000000000111e-01,-5.000000000000000000e-01,0.000000000000000000e+00,1.100000000000000089e+00,2.000000000000000111e-01,5.000000000000000000e-01,1.699768602848052979e-01,1.448010355234146118e-01,1.160043478012084961e-01,1.364654302597045898e+00,-1.462193280458450317e-01,2.957542613148689270e-02,-3.716071546077728271e-01,6.166663020849227905e-02,-8.949390053749084473e-02,5.259539484977722168e-01,-1.779484450817108154e-01,-3.577464446425437927e-02
2.515147849478656106e+00,7.783854182964813906e-02,5.028525952084197392e-01,9.988650679588317871e-01,-3.959331661462783813e-02,1.876643486320972443e-02,1.867761835455894470e-02,0.000000000000000000e+00,0.000000000000000000e+00,0.000000000000000000e+00,-1.100000000000000089e+00,2.000000000000000111e-01,-5.000000000000000000e-01,0.000000000000000000e+00,1.100000000000000089e+00,2.000000000000000111e-01,5.000000000000000000e-01,7.111924234777688980e-03,3.176833093166351318e-01,1.117023676633834839e-01,1.668892741203308105e+00,-2.606202363967895508e-01,8.624726533889770508e-02,-3.333938419818878174e-01,1.293009221553802490e-01,-1.294092684984207153e-01,6.682031750679016113e-01,-3.573876619338989258e-01,-7.731349766254425049e-02
2.562811459393965485e+00,7.854427363257857064e-02,4.986567974421713956e-01,9.984883069992065430e-01,-4.530141875147819519e-02,2.486559562385082245e-02,1.872315816581249237e-02,0.000000000000000000e+00,0.000000000000000000e+00,0.000000000000000000e+00,-1.100000000000000089e+00,2.000000000000000111e-01,-5.000000000000000000e-01,0.000000000000000000e+00,1.100000000000000089e+00,2.000000000000000111e-01,5.000000000000000000e-01,-2.082670927047729492e-01,3.826407194137573242e-01,1.032220572233200073e-01,1.837323904037475586e+00,-3.445909917354583740e-01,1.459942758083343506e-01,-2.330507636070251465e-01,1.462273150682449341e-01,-1.318309009075164795e-01,6.836094260215759277e-01,-4.531689584255218506e-01,-6.349269300699234009e-02
2.612495236818989763e+00,7.932271829858010548e-02,5.018376242121062036e-01,9.987998008728027344e-01,-3.620063886046409607e-02,2.714920416474342346e-02,1.874575205147266388e-02,0.000000000000000000e+00,0.000000000000000000e+00,0.000000000000000000e+00,-1.100000000000000089e+00,2.000000000000000111e-01,-5.000000000000000000e-01,0.000000000000000000e+00,1.100000000000000089e+00,2.000000000000000111e-01,5.000000000000000000e-01,-4.003037810325622559e-01,3.464287817478179932e-01,1.084014028310775757e-01,1.828741669654846191e+00,-3.651490509510040283e-01,1.636050641536712646e-01,-8.576572686433792114e-02,1.337963789701461792e-01,-1.151440069079399109e-01,6.146313548088073730e-01,-4.726653397083282471e-01,-4.939774051308631897e-02
2.664972416054872006e+00,8.069021692654740341e-02,5.112435041036871297e-01,9.991215467453002930e-01,-1.907500252127647400e-02,3.339783847332000732e-02,1.664009317755699158e-02,0.000000000000000000e+00,0.000000000000000000e+00,0.000000000000000000e+00,-1.100000000000000089e+00,2.000000000000000111e-01,-5.000000000000000000e-01,0.000000000000000000e+00,1.100000000000000089e+00,2.000000000000000111e-01,5.000000000000000000e-01,-5.404255986213684082e-01,2.690781652927398682e-01,1.461802124977111816e-01,1.647621035575866699e+00,-3.199975788593292236e-01,1.504160314798355103e-01,4.710791632533073425e-02,1.015980541706085205e-01,-8.051231503486633301e-02,5.216402411460876465e-01,-3.799410760402679443e-01,-3.072568960487842560e-02
2.716818535286519953e+00,8.329825697828913134e-02,5.237458755572638180e-01,9.989265799522399902e-01,-4.425897728651762009e-03,4.409711435437202454e-02,1.347129326313734055e-02,0.000000000000000000e+00,0.000000000000000000e+00,0.000000000000000000e+00,-1.100000000000000089e+00,2.000000000000000111e-01,-5.000000000000000000e-01,0.000000000000000000e+00,1.100000000000000089e+00,2.000000000000000111e-01,5.000000000000000000e-01,-6.040812134742736816e-01,1.750176995992660522e-01,1.786311119794845581e-01,1.316594243049621582e+00,-2.255709618330001831e-01,9.380586445331573486e-02,1.402951329946517944e-01,6.600318849086761475e-02,-5.075358599424362183e-02,4.543533325195312500e-01,-1.753114461898803711e-01,-2.046703360974788666e-03
2.768679518194662847e+00,8.644721570269517374e-02,5.338277296059662502e-01,9.985117316246032715e-01,3.117893938906490803e-04,5.368504300713539124e-02,9.596324525773525238e-03,0.000000000000000000e+00,0.000000000000000000e+00,0.000000000000000000e+00,-1.100000000000000089e+00,2.000000000000000111e-01,-5.000000000000000000e-01,0.000000000000000000e+00,1.100000000000000089e+00,2.000000000000000111e-01,5.000000000000000000e-01,-5.882176160812377930e-01,9.822277724742889404e-02,1.871468126773834229e-01,8.766184449195861816e-01,-8.906747400760650635e-02,1.170804607681930065e-03,2.111501544713973999e-01,4.909990355372428894e-02,-2.376258373260498047e-02,4.169514179229736328e-01,4.676711186766624451e-02,4.911956191062927246e-02
2.822557437378499845e+00,8.893846683980277668e-02,5.375268059223891060e-01,9.983173012733459473e-01,-1.348663214594125748e-02,5.618730187416076660e-02,4.863505717366933823e-03,0.000000000000000000e+00,0.000000000000000000e+00,0.000000000000000000e+00,-1.100000000000000089e+00,2.000000000000000111e-01,-5.000000000000000000e-01,0.000000000000000000e+00,1.100000000000000089e+00,2.000000000000000111e-01,5.000000000000000000e-01,-5.236518383026123047e-01,6.526391953229904175e-02,1.641787290573120117e-01,4.145598411560058594e-01,8.056941628456115723e-02,-1.198867708444595337e-01,2.783961594104766846e-01,6.637930870056152344e-02,-1.841789111495018005e-02,4.160584807395935059e-01,1.808401048183441162e-01,8.647185564041137695e-02
2.876496750008729286e+00,9.064588118913688430e-02,5.343218256781500086e-01,9.981389641761779785e-01,-3.805094212293624878e-02,4.764701798558235168e-02,-7.313771056942641735e-04,0.000000000000000000e+00,0.000000000000000000e+00,0.000000000000000000e+00,-1.100000000000000089e+00,2.000000000000000111e-01,-5.000000000000000000e-01,0.000000000000000000e+00,1.100000000000000089e+00,2.000000000000000111e-01,5.000000000000000000e-01,-4.343034923076629639e-01,8.363890647888183594e-02,1.246894001960754395e-01,9.745126217603683472e-02,2.068634778261184692e-01,-2.600838541984558105e-01,3.249282538890838623e-01,9.668400883674621582e-02,-4.170257225632667542e-02,5.202099680900573730e-01,1.842731088399887085e-01,7.618991285562515259e-02
2.928183569403159048e+00,9.195939801374658495e-02,5.269371634473404287e-01,9.987743496894836426e-01,-3.095611184835433960e-02,3.799920529127120972e-02,6.901170127093791962e-03,0.000000000000000000e+00,0.000000000000000000e+00,0.000000000000000000e+00,-1.100000000000000089e+00,2.000000000000000111e-01,-5.000000000000000000e-01,0.000000000000000000e+00,1.100000000000000089e+00,2.000000000000000111e-01,5.000000000000000000e-01,-3.975788652896881104e-01,5.744089931249618530e-02,1.443412750959396362e-01,9.666706621646881104e-02,2.002646774053573608e-01,-2.316343635320663452e-01,3.028877675533294678e-01,7.020282745361328125e-02,-6.007126346230506897e-02,7.774212956428527832e-01,1.073783561587333679e-01,7.055272907018661499e-02
2.979309769695004384e+00,9.356620991136879728e-02,5.151838728206026286e-01,9.993166327476501465e-01,2.250762423500418663e-03,2.689043618738651276e-02,2.526263520121574402e-02,0.000000000000000000e+00,0.000000000000000000e+00,0.000000000000000000e+00,-1.100000000000000089e+00,2.000000000000000111e-01,-5.000000000000000000e-01,0.000000000000000000e+00,1.100000000000000089e+00,2.000000000000000111e-01,5.000000000000000000e-01,-4.268544912338256836e-01,-9.772668592631816864e-03,1.670193374156951904e-01,4.083634912967681885e-01,-2.813208103179931641e-02,7.608533371239900589e-03,2.510968148708343506e-01,-2.968988567590713501e-02,-9.629053622484207153e-02,1.100904226303100586e+00,-8.335734717547893524e-03,6.063709035515785217e-02
3.029699248630140396e+00,9.447592345945951542e-02,5.004223841014836527e-01,9.988629221916198730e-01,2.432561665773391724e-02,1.633209921419620514e-02,3.760857135057449341e-02,0.000000000000000000e+00,0.000000000000000000e+00,0.000000000000000000e+00,-1.100000000000000089e+00,2.000000000000000111e-01,-5.000000000000000000e-01,0.000000000000000000e+00,1.100000000000000089e+00,2.000000000000000111e-01,5.000000000000000000e-01,-4.303251802921295166e-01,-4.881856963038444519e-02,1.692663729190826416e-01,6.994102001190185547e-01,-2.914453446865081787e-01,7.084810733795166016e-02,1.569219380617141724e-01,-1.285222023725509644e-01,-1.132056191563606262e-01,1.410568833351135254e+00,-1.188794597983360291e-01,3.206149116158485413e-02
3.078134800352984701e+00,9.486022825818510307e-02,4.918345718830824942e-01,9.984270334243774414e-01,3.651137277483940125e-02,1.882930658757686615e-02,3.815487772226333618e-02,0.000000000000000000e+00,0.000000000000000000e+00,0.000000000000000000e+00,-1.100000000000000089e+00,2.000000000000000111e-01,-5.000000000000000000e-01,0.000000000000000000e+00,1.100000000000000089e+00,2.000000000000000111e-01,5.000000000000000000e-01,-3.677013218402862549e-01,-7.218497246503829956e-02,1.725516468286514282e-01,8.045166730880737305e-01,-4.533544182777404785e-01,7.339385896921157837e-02,-1.140931621193885803e-02,-1.910986900329589844e-01,-8.565434068441390991e-02,1.650068283081054688e+00,-2.148854881525039673e-01,-4.169494379311800003e-03
3.126700247683459555e+00,9.443633074510016101e-02,4.903808800876141571e-01,9.986361265182495117e-01,3.108386322855949402e-02,2.577549964189529419e-02,3.309399634599685669e-02,0.000000000000000000e+00,0.000000000000000000e+00,0.000000000000000000e+00,-1.100000000000000089e+00,2.000000000000000111e-01,-5.000000000000000000e-01,0.000000000000000000e+00,1.100000000000000089e+00,2.000000000000000111e-01,5.000000000000000000e-01,-2.604278028011322021e-01,-5.855913460254669189e-02,1.635273396968841553e-01,8.019636869430541992e-01,-5.530535578727722168e-01,4.972835257649421692e-02,-2.081984728574752808e-01,-2.071521431207656860e-01,-7.583065330982208252e-02,1.762044310569763184e+00,-2.794854938983917236e-01,-5.202312394976615906e-02
3.176905869402820048e+00,9.285125899387317028e-02,4.963383870323500036e-01,9.986873269081115723e-01,2.203861251473426819e-02,3.293887525796890259e-02,3.244928643107414246e-02,0.000000000000000000e+00,0.000000000000000000e+00,0.000000000000000000e+00,-1.100000000000000089e+00,2.000000000000000111e-01,-5.000000000000000000e-01,0.000000000000000000e+00,1.100000000000000089e+00,2.000000000000000111e-01,5.000000000000000000e-01,-1.175577491521835327e-01,-3.997643291950225830e-02,1.482134610414505005e-01,7.058647274971008301e-01,-5.492751002311706543e-01,2.637086808681488037e-02,-3.917055130004882812e-01,-1.788306087255477905e-01,-8.049041777849197388e-02,1.721858263015747070e+00,-2.947742044925689697e-01,-5.750763416290283203e-02
3.230017016753555126e+00,9.141649011263833224e-02,5.073297930674421918e-01,9.985677599906921387e-01,1.036541070789098740e-02,4.075037688016891479e-02,3.308008611202239990e-02,0.000000000000000000e+00,0.000000000000000000e+00,0.000000000000000000e+00,-1.100000000000000089e+00,2.000000000000000111e-01,-5.000000000000000000e-01,0.000000000000000000e+00,1.100000000000000089e+00,2.000000000000000111e-01,5.000000000000000000e-01,2.321799099445343018e-02,-9.634242393076419830e-03,1.336413174867630005e-01,5.892641544342041016e-01,-4.295217096805572510e-01,1.754201832227408886e-03,-5.233508348464965820e-01,-1.293686628341674805e-01,-1.009051203727722168e-01,1.531234979629516602e+00,-2.761766314506530762e-01,-3.178620338439941406e-02
3.283891381579969515e+00,9.062481758236472229e-02,5.200901381671430013e-01,9.982604384422302246e-01,-2.166889607906341553e-03,5.063451826572418213e-02,3.012666665017604828e-02,0.000000000000000000e+00,0.000000000000000000e+00,0.000000000000000000e+00,-1.100000000000000089e+00,2.000000000000000111e-01,-5.000000000000000000e-01,0.000000000000000000e+00,1.100000000000000089e+00,2.000000000000000111e-01,5.000000000000000000e-01,1.265337467193603516e-01,2.788908407092094421e-02,1.214754879474639893e-01,5.130897164344787598e-01,-2.296571731567382812e-01,-2.031993120908737183e-02,-5.861806273460388184e-01,-8.236943930387496948e-02,-1.299554705619812012e-01,1.221426486968994141e+00,-2.215431928634643555e-01,-3.175972960889339447e-03
3.339988189165791432e+00,9.067344765437561349e-02,5.303512449231413406e-01,9.980065226554870605e-01,-1.039797533303499222e-02,5.671444162726402283e-02,2.565903030335903168e-02,0.000000000000000000e+00,0.000000000000000000e+00,0.000000000000000000e+00,-1.100000000000000089e+00,2.000000000000000111e-01,-5.000000000000000000e-01,0.000000000000000000e+00,1.100000000000000089e+00,2.000000000000000111e-01,5.000000000000000000e-01,1.938665360212326050e-01,5.769365280866622925e-02,1.118012815713882446e-01,5.080225467681884766e-01,-2.932457625865936279e-02,-3.153934702277183533e-02,-5.697067975997924805e-01,-4.437777027487754822e-02,-1.553390324115753174e-01,8.145846128463745117e-01,-1.209957078099250793e-01,4.034189879894256592e-02
3.396199382435944880e+00,9.172254856003243806e-02,5.339437309073078453e-01,9.983034729957580566e-01,1.377278589643537998e-03,5.287931114435195923e-02,2.432998456060886383e-02,0.000000000000000000e+00,0.000000000000000000e+00,0.000000000000000000e+00,-1.100000000000000089e+00,2.000000000000000111e-01,-5.000000000000000000e-01,0.000000000000000000e+00,1.100000000000000089e+00,2.000000000000000111e-01,5.000000000000000000e-01,2.563468515872955322e-01,4.717342928051948547e-02,1.170574799180030823e-01,5.654192566871643066e-01,9.860162436962127686e-02,-3.503730520606040955e-02,-4.913399815559387207e-01,-3.410205990076065063e-02,-1.351149380207061768e-01,3.795742392539978027e-01,1.974973455071449280e-02,1.275756657123565674e-01
3.446555256537266132e+00,9.196765785571189844e-02,5.310814634213846253e-01,9.984797239303588867e-01,2.393056266009807587e-02,4.043908044695854187e-02,2.881382405757904053e-02,0.000000000000000000e+00,0.000000000000000000e+00,0.000000000000000000e+00,-1.100000000000000089e+00,2.000000000000000111e-01,-5.000000000000000000e-01,0.000000000000000000e+00,1.100000000000000089e+00,2.000000000000000111e-01,5.000000000000000000e-01,2.782352566719055176e-01,2.670021727681159973e-02,1.252002120018005371e-01,7.341680526733398438e-01,1.046384721994400024e-01,-2.259777486324310303e-02,-4.166722595691680908e-01,-6.489400565624237061e-02,-1.124772652983665466e-01,9.930069744586944580e-02,1.894671022891998291e-01,2.255125641822814941e-01
3.495804109863109854e+00,9.087212815622076889e-02,5.240225499702825251e-01,9.992105364799499512e-01,1.375322788953781128e-02,2.765682712197303772e-02,2.498644031584262848e-02,0.000000000000000000e+00,0.000000000000000000e+00,0.000000000000000000e+00,-1.100000000000000089e+00,2.000000000000000111e-01,-5.000000000000000000e-01,0.000000000000000000e+00,1.100000000000000089e+00,2.000000000000000111e-01,5.000000000000000000e-01,2.417270690202713013e-01,7.238839566707611084e-02,1.161537617444992065e-01,1.027448892593383789e+00,5.268971435725688934e-04,-2.315020747482776642e-02,-4.317042529582977295e-01,-3.921762108802795410e-02,-1.160105690360069275e-01,1.972197443246841431e-01,2.496489435434341431e-01,1.585833281278610229e-01
3.549740514382720757e+00,8.938274132243048675e-02,5.106387382662959107e-01,9.997327923774719238e-01,1.176429330371320248e-03,4.349857568740844727e-03,2.267318218946456909e-02,0.000000000000000000e+00,0.000000000000000000e+00,0.000000000000000000e+00,-1.100000000000000089e+00,2.000000000000000111e-01,-5.000000000000000000e-01,0.000000000000000000e+00,1.100000000000000089e+00,2.000000000000000111e-01,5.000000000000000000e-01,2.031338661909103394e-01,1.645840108394622803e-01,1.322040408849716187e-01,1.331246018409729004e+00,-1.130114719271659851e-01,2.691998088266700506e-04,-4.323043227195739746e-01,-1.059912703931331635e-02,-1.282758712768554688e-01,5.503665208816528320e-01,-1.224127113819122314e-01,-7.827479392290115356e-03
3.601196300544672990e+00,8.756131490019876396e-02,4.986408432241943856e-01,9.994995594024658203e-01,-2.509511075913906097e-02,-1.507046865299344063e-03,1.919956877827644348e-02,0.000000000000000000e+00,0.000000000000000000e+00,0.000000000000000000e+00,-1.100000000000000089e+00,2.000000000000000111e-01,-5.000000000000000000e-01,0.000000000000000000e+00,1.100000000000000089e+00,2.000000000000000111e-01,5.000000000000000000e-01,6.821796298027038574e-02,2.928841114044189453e-01,1.235569268465042114e-01,1.623010277748107910e+00,-2.383707016706466675e-01,4.938507080078125000e-02,-3.971126675605773926e-01,4.394245892763137817e-02,-1.650616228580474854e-01,7.440488338470458984e-01,-3.367550671100616455e-01,-5.010828003287315369e-02
3.649626682293084290e+00,8.640770376918632811e-02,4.948085592852699555e-01,9.993082880973815918e-01,-3.053990565240383148e-02,2.080968115478754044e-03,2.111816406250000000e-02,0.000000000000000000e+00,0.000000000000000000e+00,0.000000000000000000e+00,-1.100000000000000089e+00,2.000000000000000111e-01,-5.000000000000000000e-01,0.000000000000000000e+00,1.100000000000000089e+00,2.000000000000000111e-01,5.000000000000000000e-01,-1.346267312765121460e-01,3.455153107643127441e-01,1.146450340747833252e-01,1.794785976409912109e+00,-3.323746323585510254e-01,1.157955750823020935e-01,-3.027104139328002930e-01,5.889996141195297241e-02,-1.757897287607192993e-01,7.859645485877990723e-01,-4.620967805385589600e-01,-3.620833158493041992e-02
3.695826543197036518e+00,8.496806784170785054e-02,4.974689554257526458e-01,9.993215203285217285e-01,-2.646226622164249420e-02,4.009044263511896133e-03,2.530164271593093872e-02,0.000000000000000000e+00,0.000000000000000000e+00,0.000000000000000000e+00,-1.100000000000000089e+00,2.000000000000000111e-01,-5.000000000000000000e-01,0.000000000000000000e+00,1.100000000000000089e+00,2.000000000000000111e-01,5.000000000000000000e-01,-3.246098756790161133e-01,3.339861631393432617e-01,1.246785596013069153e-01,1.804372549057006836e+00,-3.660101592540740967e-01,1.504792422056198120e-01,-1.539527773857116699e-01,6.206906959414482117e-02,-1.755844354629516602e-01,7.268620729446411133e-01,-5.160844922065734863e-01,-2.339895255863666534e-02
3.742433216464189361e+00,8.405348724737350674e-02,5.058313890712129446e-01,9.995094537734985352e-01,-1.550731621682643890e-02,7.366376928985118866e-03,2.619533054530620575e-02,0.000000000000000000e+00,0.000000000000000000e+00,0.000000000000000000e+00,-1.100000000000000089e+00,2.000000000000000111e-01,-5.000000000000000000e-01,0.000000000000000000e+00,1.100000000000000089e+00,2.000000000000000111e-01,5.000000000000000000e-01,-4.622907638549804688e-01,2.704888880252838135e-01,1.625832170248031616e-01,1.645278215408325195e+00,-3.289096057415008545e-01,1.449435949325561523e-01,-4.430687404237687588e-04,5.373225361108779907e-02,-1.580687165260314941e-01,6.188337206840515137e-01,-4.733701646327972412e-01,-3.653396852314472198e-03
3.790355325101150807e+00,8.453709190659640382e-02,5.178127644293839538e-01,9.995564818382263184e-01,-2.282401546835899353e-03,1.554189529269933701e-02,2.529942616820335388e-02,0.000000000000000000e+00,0.000000000000000000e+00,0.000000000000000000e+00,-1.100000000000000089e+00,2.000000000000000111e-01,-5.000000000000000000e-01,0.000000000000000000e+00,1.100000000000000089e+00,2.000000000000000111e-01,5.000000000000000000e-01,-5.335385799407958984e-01,1.715544909238815308e-01,2.006102055311203003e-01,1.344212532043457031e+00,-2.389336675405502319e-01,9.128445386886596680e-02,1.206766888499259949e-01,3.427262604236602783e-02,-1.273513138294219971e-01,5.147689580917358398e-01,-3.119031190872192383e-01,2.842001430690288544e-02
3.842566573777133510e+00,8.529871396047788989e-02,5.290055571248134525e-01,9.994683861732482910e-01,1.810764661058783531e-03,2.339100465178489685e-02,2.263779379427433014e-02,0.000000000000000000e+00,0.000000000000000000e+00,0.000000000000000000e+00,-1.100000000000000089e+00,2.000000000000000111e-01,-5.000000000000000000e-01,0.000000000000000000e+00,1.100000000000000089e+00,2.000000000000000111e-01,5.000000000000000000e-01,-5.276132822036743164e-01,9.058681875467300415e-02,2.241988480091094971e-01,9.325476884841918945e-01,-1.079430729150772095e-01,3.323574317619204521e-03,2.199513316154479980e-01,2.886883541941642761e-02,-9.231151640415191650e-02,4.338957965373992920e-01,-8.931502699851989746e-02,8.335189521312713623e-02
3.900754959144526968e+00,8.593601428541459974e-02,5.358176850775878686e-01,9.993882775306701660e-01,-1.446197554469108582e-02,2.631522342562675476e-02,1.792665757238864899e-02,0.000000000000000000e+00,0.000000000000000000e+00,0.000000000000000000e+00,-1.100000000000000089e+00,2.000000000000000111e-01,-5.000000000000000000e-01,0.000000000000000000e+00,1.100000000000000089e+00,2.000000000000000111e-01,5.000000000000000000e-01,-4.748451709747314453e-01,5.136276409029960632e-02,2.080344408750534058e-01,4.746872186660766602e-01,7.097444683313369751e-02,-1.120655238628387451e-01,3.117550611495971680e-01,6.556819379329681396e-02,-5.342919379472732544e-02,3.688374757766723633e-01,1.175074353814125061e-01,1.462952941656112671e-01
3.957864758595824650e+00,8.693865610441815772e-02,5.359757328116232511e-01,9.988116621971130371e-01,-4.154609888792037964e-02,2.318573556840419769e-02,1.055995747447013855e-02,0.000000000000000000e+00,0.000000000000000000e+00,0.000000000000000000e+00,-1.100000000000000089e+00,2.000000000000000111e-01,-5.000000000000000000e-01,0.000000000000000000e+00,1.100000000000000089e+00,2.000000000000000111e-01,5.000000000000000000e-01,-4.056045711040496826e-01,6.057581678032875061e-02,1.731237769126892090e-01,1.228767335414886475e-01,2.369526773691177368e-01,-2.288873493671417236e-01,3.693861365318298340e-01,1.158581525087356567e-01,-2.578040771186351776e-02,4.031699299812316895e-01,2.093687802553176880e-01,1.854154020547866821e-01
4.010935838644703821e+00,8.849220312873110061e-02,5.307567647927338150e-01,9.986901283264160156e-01,-4.792060703039169312e-02,1.625796221196651459e-02,7.571672555059194565e-03,0.000000000000000000e+00,0.000000000000000000e+00,0.000000000000000000e+00,-1.100000000000000089e+00,2.000000000000000111e-01,-5.000000000000000000e-01,0.000000000000000000e+00,1.100000000000000089e+00,2.000000000000000111e-01,5.000000000000000000e-01,-3.861667513847351074e-01,6.061115860939025879e-02,1.832503080368041992e-01,8.697677403688430786e-02,2.808530330657958984e-01,-2.196146994829177856e-01,3.523088097572326660e-01,1.131625175476074219e-01,-2.287518233060836792e-02,6.359817385673522949e-01,1.408791393041610718e-01,1.698017865419387817e-01
4.061957346954280013e+00,9.059035445201316095e-02,5.215691547592481436e-01,9.996178150177001953e-01,-2.193739078938961029e-02,7.639067247509956360e-03,1.498837862163782120e-02,0.000000000000000000e+00,0.000000000000000000e+00,0.000000000000000000e+00,-1.100000000000000089e+00,2.000000000000000111e-01,-5.000000000000000000e-01,0.000000000000000000e+00,1.100000000000000089e+00,2.000000000000000111e-01,5.000000000000000000e-01,-4.100165665149688721e-01,7.665696553885936737e-03,2.259905040264129639e-01,3.114094436168670654e-01,1.626955121755599976e-01,6.034667789936065674e-02,2.872246503829956055e-01,2.321836724877357483e-02,-4.807452857494354248e-02,9.633182883262634277e-01,-5.451817996799945831e-03,1.337328255176544189e-01
4.110276897375782390e+00,9.187201332870044423e-02,5.091203006191387104e-01,9.997365474700927734e-01,-5.460574757307767868e-03,-6.138258147984743118e-03,2.143266052007675171e-02,0.000000000000000000e+00,0.000000000000000000e+00,0.000000000000000000e+00,-1.100000000000000089e+00,2.000000000000000111e-01,-5.000000000000000000e-01,0.000000000000000000e+00,1.100000000000000089e+00,2.000000000000000111e-01,5.000000000000000000e-01,-3.897587656974792480e-01,-1.734679378569126129e-02,2.369048297405242920e-01,5.720956325531005859e-01,-1.680390834808349609e-01,1.533745378255844116e-01,2.130715250968933105e-01,-7.414405792951583862e-02,-7.409297674894332886e-02,1.263465881347656250e+00,-1.197189465165138245e-01,8.982659876346588135e-02
4.153344723143511885e+00,9.267855963307539136e-02,4.993377396215996078e-01,9.994931817054748535e-01,1.248030457645654678e-02,-6.963456515222787857e-03,2.844548597931861877e-02,0.000000000000000000e+00,0.000000000000000000e+00,0.000000000000000000e+00,-1.100000000000000089e+00,2.000000000000000111e-01,-5.000000000000000000e-01,0.000000000000000000e+00,1.100000000000000089e+00,2.000000000000000111e-01,5.000000000000000000e-01,-3.612301051616668701e-01,-5.510867387056350708e-02,2.358481436967849731e-01,7.266614437103271484e-01,-3.461150527000427246e-01,1.714827269315719604e-01,6.714963167905807495e-02,-1.708135306835174561e-01,-7.069289684295654297e-02,1.521701812744140625e+00,-2.274742424488067627e-01,3.546166792511940002e-02
4.196491714144746865e+00,9.287505905195658773e-02,4.956797807580896054e-01,9.993445277214050293e-01,1.554885040968656540e-02,-3.535819239914417267e-03,3.249951452016830444e-02,0.000000000000000000e+00,0.000000000000000000e+00,0.000000000000000000e+00,-1.100000000000000089e+00,2.000000000000000111e-01,-5.000000000000000000e-01,0.000000000000000000e+00,1.100000000000000089e+00,2.000000000000000111e-01,5.000000000000000000e-01,-2.866500020027160645e-01,-6.479301303625106812e-02,2.228805571794509888e-01,7.796643972396850586e-01,-4.630006253719329834e-01,1.520525962114334106e-01,-1.096985936164855957e-01,-2.192203402519226074e-01,-6.860016286373138428e-02,1.668661952018737793e+00,-3.024684488773345947e-01,-2.232786640524864197e-02
4.242009138423536108e+00,9.275868413918136879e-02,4.985547712279691512e-01,9.993013739585876465e-01,1.052451226860284805e-02,-1.383959432132542133e-03,3.583434224128723145e-02,0.000000000000000000e+00,0.000000000000000000e+00,0.000000000000000000e+00,-1.100000000000000089e+00,2.000000000000000111e-01,-5.000000000000000000e-01,0.000000000000000000e+00,1.100000000000000089e+00,2.000000000000000111e-01,5.000000000000000000e-01,-1.691949069499969482e-01,-5.773488432168960571e-02,2.048036158084869385e-01,7.484059333801269531e-01,-5.089995265007019043e-01,1.287569105625152588e-01,-2.771269083023071289e-01,-2.158866971731185913e-01,-7.509838044643402100e-02,1.670820951461791992e+00,-3.288129866123199463e-01,-4.588711261749267578e-02
4.291692269601756315e+00,9.297768102493139675e-02,5.076370430323813299e-01,9.992639422416687012e-01,1.040629693306982517e-03,1.441987347789108753e-03,3.831867128610610962e-02,0.000000000000000000e+00,0.000000000000000000e+00,0.000000000000000000e+00,-1.100000000000000089e+00,2.000000000000000111e-01,-5.000000000000000000e-01,0.000000000000000000e+00,1.100000000000000089e+00,2.000000000000000111e-01,5.000000000000000000e-01,-3.403491154313087463e-02,-3.903724625706672668e-02,1.817387789487838745e-01,6.630859375000000000e-01,-4.565566182136535645e-01,1.006896048784255981e-01,-4.001218080520629883e-01,-1.693591177463531494e-01,-9.299237281084060669e-02,1.521144747734069824e+00,-3.114787042140960693e-01,-2.863275632262229919e-02
4.342346063479781471e+00,9.431248360365215855e-02,5.197149111164941493e-01,9.992627501487731934e-01,-1.219293102622032166e-02,7.235444616526365280e-03,3.567872941493988037e-02,0.000000000000000000e+00,0.000000000000000000e+00,0.000000000000000000e+00,-1.100000000000000089e+00,2.000000000000000111e-01,-5.000000000000000000e-01,0.000000000000000000e+00,1.100000000000000089e+00,2.000000000000000111e-01,5.000000000000000000e-01,8.004117757081985474e-02,-4.080392420291900635e-03,1.694740355014801025e-01,5.845940113067626953e-01,-3.208717107772827148e-01,6.865430623292922974e-02,-4.637328088283538818e-01,-1.169347316026687622e-01,-1.334520578384399414e-01,1.241187214851379395e+00,-2.523078620433807373e-01,-7.798604667186737061e-03
4.391244651037785829e+00,9.571506131595622358e-02,5.311278720200063308e-01,9.992758631706237793e-01,-2.042476087808609009e-02,1.201910059899091721e-02,2.976720780134201050e-02,0.000000000000000000e+00,0.000000000000000000e+00,0.000000000000000000e+00,-1.100000000000000089e+00,2.000000000000000111e-01,-5.000000000000000000e-01,0.000000000000000000e+00,1.100000000000000089e+00,2.000000000000000111e-01,5.000000000000000000e-01,1.644892692565917969e-01,2.254169061779975891e-02,1.679665297269821167e-01,5.494077205657958984e-01,-1.466292887926101685e-01,3.193781152367591858e-02,-4.574957191944122314e-01,-6.243299320340156555e-02,-1.629490852355957031e-01,8.604538440704345703e-01,-1.368683278560638428e-01,4.303121939301490784e-02
4.440742309383220565e+00,9.772080944385380663e-02,5.384357924428252451e-01,9.995254278182983398e-01,-1.237152144312858582e-02,1.015089917927980423e-02,2.632080763578414917e-02,0.000000000000000000e+00,0.000000000000000000e+00,0.000000000000000000e+00,-1.100000000000000089e+00,2.000000000000000111e-01,-5.000000000000000000e-01,0.000000000000000000e+00,1.100000000000000089e+00,2.000000000000000111e-01,5.000000000000000000e-01,2.249065637588500977e-01,1.869515515863895416e-02,1.749729663133621216e-01,5.791596174240112305e-01,1.513317041099071503e-02,3.022066317498683929e-03,-3.913652300834655762e-01,-1.817433163523674011e-02,-1.311820894479751587e-01,4.423177242279052734e-01,2.429127506911754608e-02,1.417698264122009277e-01
4.488359389528632448e+00,9.988021284703996194e-02,5.392056743386719475e-01,9.995999932289123535e-01,6.632037460803985596e-03,1.755864359438419342e-03,2.743653953075408936e-02,0.000000000000000000e+00,0.000000000000000000e+00,0.000000000000000000e+00,-1.100000000000000089e+00,2.000000000000000111e-01,-5.000000000000000000e-01,0.000000000000000000e+00,1.100000000000000089e+00,2.000000000000000111e-01,5.000000000000000000e-01,2.495301365852355957e-01,-3.329812781885266304e-03,1.780369430780410767e-01,7.023311257362365723e-01,9.291541576385498047e-02,-2.371642366051673889e-02,-3.146625161170959473e-01,-1.454576291143894196e-02,-8.525069057941436768e-02,1.246935799717903137e-01,1.902966499328613281e-01,2.373671084642410278e-01
4.533292283573084447e+00,1.007739418843347223e-01,5.340273794780175942e-01,9.994472265243530273e-01,1.228651404380798340e-02,-1.073023583739995956e-02,2.896552346646785736e-02,0.000000000000000000e+00,0.000000000000000000e+00,0.000000000000000000e+00,-1.100000000000000089e+00,2.000000000000000111e-01,-5.000000000000000000e-01,0.000000000000000000e+00,1.100000000000000089e+00,2.000000000000000111e-01,5.000000000000000000e-01,2.254054695367813110e-01,7.267219945788383484e-03,1.721129864454269409e-01,9.330751299858093262e-01,4.088434949517250061e-02,-4.143960773944854736e-02,-2.971810400485992432e-01,-8.026791736483573914e-03,-8.078183233737945557e-02,9.683780372142791748e-02,2.617580890655517578e-01,2.583066225051879883e-01
4.577904962326090121e+00,1.015650489486547292e-01,5.231312544561095290e-01,9.992247819900512695e-01,-3.291617613285779953e-04,-2.754629217088222504e-02,2.812444232404232025e-02,0.000000000000000000e+00,0.000000000000000000e+00,0.000000000000000000e+00,-1.100000000000000089e+00,2.000000000000000111e-01,-5.000000000000000000e-01,0.000000000000000000e+00,1.100000000000000089e+00,2.000000000000000111e-01,5.000000000000000000e-01,1.769861876964569092e-01,8.484636992216110229e-02,1.809177696704864502e-01,1.201859354972839355e+00,-7.385285198688507080e-02,-4.108880087733268738e-02,-3.316251039505004883e-01,2.117278054356575012e-02,-8.318262547254562378e-02,3.779729902744293213e-01,1.144382879137992859e-01,9.929230064153671265e-02
4.619804050748547830e+00,1.014595289626676333e-01,5.083844274613593672e-01,9.985030889511108398e-01,-1.142454613000154495e-02,-4.282972961664199829e-02,3.204185888171195984e-02,0.000000000000000000e+00,0.000000000000000000e+00,0.000000000000000000e+00,-1.100000000000000089e+00,2.000000000000000111e-01,-5.000000000000000000e-01,0.000000000000000000e+00,1.100000000000000089e+00,2.000000000000000111e-01,5.000000000000000000e-01,8.668942749500274658e-02,2.063947618007659912e-01,2.047832310199737549e-01,1.462066054344177246e+00,-1.956638842821121216e-01,1.428700331598520279e-02,-3.061690628528594971e-01,3.929080814123153687e-02,-1.159424409270286560e-01,6.268956661224365234e-01,-2.136976122856140137e-01,-8.497916162014007568e-03
4.663527817022469435e+00,1.024164185274599459e-01,4.993872178925409244e-01,9.981051683425903320e-01,-2.916334010660648346e-02,-4.255034402012825012e-02,3.354238346219062805e-02,0.000000000000000000e+00,0.000000000000000000e+00,0.000000000000000000e+00,-1.100000000000000089e+00,2.000000000000000111e-01,-5.000000000000000000e-01,0.000000000000000000e+00,1.100000000000000089e+00,2.000000000000000111e-01,5.000000000000000000e-01,-9.242124110460281372e-02,3.236400783061981201e-01,1.952695846557617188e-01,1.644424319267272949e+00,-3.038842678070068359e-01,8.897501975297927856e-02,-2.670238614082336426e-01,7.473719865083694458e-02,-1.437386721372604370e-01,7.487606406211853027e-01,-3.687512874603271484e-01,-4.237704724073410034e-02
4.707243505211340384e+00,1.039151658423038138e-01,4.975671041591300803e-01,9.982624053955078125e-01,-2.302630618214607239e-02,-4.169522225856781006e-02,3.469034656882286072e-02,0.000000000000000000e+00,0.000000000000000000e+00,0.000000000000000000e+00,-1.100000000000000089e+00,2.000000000000000111e-01,-5.000000000000000000e-01,0.000000000000000000e+00,1.100000000000000089e+00,2.000000000000000111e-01,5.000000000000000000e-01,-2.664653360843658447e-01,3.311319649219512939e-01,1.954425573348999023e-01,1.658575892448425293e+00,-3.513604104518890381e-01,1.500267237424850464e-01,-1.792100071907043457e-01,6.451679021120071411e-02,-1.347990334033966064e-01,7.762337327003479004e-01,-4.697309136390686035e-01,-3.447564691305160522e-02
4.749644727400608168e+00,1.052962053603389292e-01,5.010476682749059885e-01,9.986380934715270996e-01,-1.627731882035732269e-02,-3.824893757700920105e-02,3.152895346283912659e-02,0.000000000000000000e+00,0.000000000000000000e+00,0.000000000000000000e+00,-1.100000000000000089e+00,2.000000000000000111e-01,-5.000000000000000000e-01,0.000000000000000000e+00,1.100000000000000089e+00,2.000000000000000111e-01,5.000000000000000000e-01,-4.071214497089385986e-01,2.990778088569641113e-01,2.076129466295242310e-01,1.522491455078125000e+00,-3.399910628795623779e-01,1.661848276853561401e-01,-6.068765744566917419e-02,5.792684480547904968e-02,-1.180170699954032898e-01,7.125658988952636719e-01,-5.013162493705749512e-01,-2.102631330490112305e-02
4.789818013732632274e+00,1.082037202201577009e-01,5.088407584859265809e-01,9.991447925567626953e-01,-1.123316772282123566e-02,-3.237439319491386414e-02,2.313876897096633911e-02,0.000000000000000000e+00,0.000000000000000000e+00,0.000000000000000000e+00,-1.100000000000000089e+00,2.000000000000000111e-01,-5.000000000000000000e-01,0.000000000000000000e+00,1.100000000000000089e+00,2.000000000000000111e-01,5.000000000000000000e-01,-4.764484763145446777e-01,2.397733926773071289e-01,2.242301255464553833e-01,1.247925519943237305e+00,-2.791740000247955322e-01,1.293509453535079956e-01,5.990158766508102417e-02,5.334252491593360901e-02,-8.728795498609542847e-02,6.111090183258056641e-01,-4.457730948925018311e-01,-3.796624718233942986e-03
4.831464742778076804e+00,1.123025405753610984e-01,5.185174561788639114e-01,9.995699524879455566e-01,-1.114620734006166458e-02,-2.424446493387222290e-02,1.216251123696565628e-02,0.000000000000000000e+00,0.000000000000000000e+00,0.000000000000000000e+00,-1.100000000000000089e+00,2.000000000000000111e-01,-5.000000000000000000e-01,0.000000000000000000e+00,1.100000000000000089e+00,2.000000000000000111e-01,5.000000000000000000e-01,-4.760413169860839844e-01,1.832721233367919922e-01,2.416244000196456909e-01,8.542702198028564453e-01,-1.511303484439849854e-01,5.234358832240104675e-02,1.654811203479766846e-01,5.257449671626091003e-02,-4.409084469079971313e-02,5.143565535545349121e-01,-3.092061281204223633e-01,3.624236956238746643e-02
4.879033031289776723e+00,1.162896410143003101e-01,5.256525459720029492e-01,9.996140599250793457e-01,-2.221061289310455322e-02,-1.668169535696506500e-02,4.885760718025267124e-04,0.000000000000000000e+00,0.000000000000000000e+00,0.000000000000000000e+00,-1.100000000000000089e+00,2.000000000000000111e-01,-5.000000000000000000e-01,0.000000000000000000e+00,1.100000000000000089e+00,2.000000000000000111e-01,5.000000000000000000e-01,-4.391761422157287598e-01,1.473103612661361694e-01,2.526670098304748535e-01,4.270484447479248047e-01,4.705408588051795959e-02,-3.465500101447105408e-02,2.533778846263885498e-01,7.056945562362670898e-02,-3.404161427170038223e-03,4.384439289569854736e-01,-1.378477662801742554e-01,1.064305454492568970e-01
4.924854191566507389e+00,1.207660310648175084e-01,5.278089099956884134e-01,9.988178610801696777e-01,-4.461190477013587952e-02,-1.369444094598293304e-02,-1.360251661390066147e-02,0.000000000000000000e+00,0.000000000000000000e+00,0.000000000000000000e+00,-1.100000000000000089e+00,2.000000000000000111e-01,-5.000000000000000000e-01,0.000000000000000000e+00,1.100000000000000089e+00,2.000000000000000111e-01,5.000000000000000000e-01,-3.996137082576751709e-01,1.608004420995712280e-01,2.734942138195037842e-01,1.244132891297340393e-01,2.172565311193466187e-01,-1.431682556867599487e-01,3.209697306156158447e-01,9.976537525653839111e-02,1.530406624078750610e-02,4.203078448772430420e-01,5.718684289604425430e-03,1.841959804296493530e-01
4.965973906343182698e+00,1.251723740203306290e-01,5.255662720236514707e-01,9.980663061141967773e-01,-5.466204881668090820e-02,-1.758117228746414185e-02,-2.380287833511829376e-02,0.000000000000000000e+00,0.000000000000000000e+00,0.000000000000000000e+00,-1.100000000000000089e+00,2.000000000000000111e-01,-5.000000000000000000e-01,0.000000000000000000e+00,1.100000000000000089e+00,2.000000000000000111e-01,5.000000000000000000e-01,-3.920746147632598877e-01,1.850207597017288208e-01,3.234648704528808594e-01,1.043645441532135010e-01,3.182072639465332031e-01,-1.639408320188522339e-01,3.270374238491058350e-01,9.474219381809234619e-02,9.139293804764747620e-03,5.830228924751281738e-01,3.576729446649551392e-02,2.130867838859558105e-01
5.007669750145740117e+00,1.314271141045416647e-01,5.182975707037582591e-01,9.984182119369506836e-01,-4.135149717330932617e-02,-2.769220061600208282e-02,-2.615865692496299744e-02,0.000000000000000000e+00,0.000000000000000000e+00,0.000000000000000000e+00,-1.100000000000000089e+00,2.000000000000000111e-01,-5.000000000000000000e-01,0.000000000000000000e+00,1.100000000000000089e+00,2.000000000000000111e-01,5.000000000000000000e-01,-4.436170756816864014e-01,1.785665452480316162e-01,3.239372372627258301e-01,3.523777425289154053e-01,2.985641062259674072e-01,8.742011338472366333e-02,2.856764495372772217e-01,1.716594025492668152e-02,-3.392806276679039001e-02,8.707890510559082031e-01,-4.344440624117851257e-02,1.889774650335311890e-01
