0.000000000000000000e+00,0.000000000000000000e+00,4.798887400991387886e-01,9.910534024238586426e-01,3.026421181857585907e-03,1.161615550518035889e-01,-6.565504521131515503e-02,0.000000000000000000e+00,0.000000000000000000e+00,0.000000000000000000e+00,-1.100000000000000089e+00,2.000000000000000111e-01,-5.000000000000000000e-01,0.000000000000000000e+00,1.100000000000000089e+00,2.000000000000000111e-01,5.000000000000000000e-01,-6.156865954399108887e-01,8.754534274339675903e-02,-1.603619195520877838e-02,1.717764854431152344e+00,-2.155600190162658691e-01,1.828964683227241039e-03,-2.794626951217651367e-01,5.218515917658805847e-02,-1.293395310640335083e-01,8.556829094886779785e-01,-6.751391291618347168e-01,-4.599648341536521912e-02
3.974393611152970962e-02,-5.894624101411970185e-03,4.821317415850031041e-01,9.906508922576904297e-01,2.151089720427989960e-02,1.159141734242439270e-01,-6.864466518163681030e-02,0.000000000000000000e+00,0.000000000000000000e+00,0.000000000000000000e+00,-1.100000000000000089e+00,2.000000000000000111e-01,-5.000000000000000000e-01,0.000000000000000000e+00,1.100000000000000089e+00,2.000000000000000111e-01,5.000000000000000000e-01,-7.612191438674926758e-01,2.703720331192016602e-02,7.684295414946973324e-04,1.654589653015136719e+00,-2.471918314695358276e-01,-1.836828887462615967e-02,-1.382931172847747803e-01,1.638595573604106903e-02,-1.059480980038642883e-01,7.380743622779846191e-01,-6.481304764747619629e-01,-1.637469604611396790e-02
8.459730140864851755e-02,-1.185249455997514079e-02,4.892969222449595201e-01,9.899249076843261719e-01,4.151555523276329041e-02,1.188204735517501831e-01,-6.486025452613830566e-02,0.000000000000000000e+00,0.000000000000000000e+00,0.000000000000000000e+00,-1.100000000000000089e+00,2.000000000000000111e-01,-5.000000000000000000e-01,0.000000000000000000e+00,1.100000000000000089e+00,2.000000000000000111e-01,5.000000000000000000e-01,-8.513067364692687988e-01,-3.472438827157020569e-02,2.518722042441368103e-02,1.444518804550170898e+00,-2.413157224655151367e-01,-3.315758332610130310e-02,6.719202734529972076e-03,-2.374986000359058380e-02,-9.194451570510864258e-02,5.808200836181640625e-01,-5.157630443572998047e-01,1.984207192435860634e-03
1.335601905236641906e-01,-1.787707485465540175e-02,4.981660133848588856e-01,9.890980720520019531e-01,5.801396071910858154e-02,1.241024807095527649e-01,-5.401854962110519409e-02,0.000000000000000000e+00,0.000000000000000000e+00,0.000000000000000000e+00,-1.100000000000000089e+00,2.000000000000000111e-01,-5.000000000000000000e-01,0.000000000000000000e+00,1.100000000000000089e+00,2.000000000000000111e-01,5.000000000000000000e-01,-8.675630688667297363e-01,-8.971545845270156860e-02,4.324975237250328064e-02,1.120365619659423828e+00,-2.145106643438339233e-01,-5.144522711634635925e-02,1.143687665462493896e-01,-5.545337870717048645e-02,-9.658496081829071045e-02,4.703319370746612549e-01,-2.796573042869567871e-01,1.606655307114124298e-02
1.839624732236068150e-01,-2.445103056728840929e-02,5.055859768473440763e-01,9.898510575294494629e-01,5.880809947848320007e-02,1.220420747995376587e-01,-4.292082414031028748e-02,0.000000000000000000e+00,0.000000000000000000e+00,0.000000000000000000e+00,-1.100000000000000089e+00,2.000000000000000111e-01,-5.000000000000000000e-01,0.000000000000000000e+00,1.100000000000000089e+00,2.000000000000000111e-01,5.000000000000000000e-01,-7.966147065162658691e-01,-1.284468621015548706e-01,1.573372632265090942e-02,7.432566881179809570e-01,-1.667732745409011841e-01,-9.121936559677124023e-02,1.772918999195098877e-01,-5.466936901211738586e-02,-1.004769876599311829e-01,4.611680805683135986e-01,-6.834751926362514496e-03,2.505097910761833191e-02
2.332660555756754794e-01,-3.113799868979388874e-02,5.084122968547875043e-01,9.920039772987365723e-01,4.802780598402023315e-02,1.102019697427749634e-01,-3.843103721737861633e-02,0.000000000000000000e+00,0.000000000000000000e+00,0.000000000000000000e+00,-1.100000000000000089e+00,2.000000000000000111e-01,-5.000000000000000000e-01,0.000000000000000000e+00,1.100000000000000089e+00,2.000000000000000111e-01,5.000000000000000000e-01,-6.835071444511413574e-01,-1.250050067901611328e-01,-1.289056055247783661e-02,4.871859550476074219e-01,-1.370583325624465942e-01,-9.817934036254882812e-02,1.745948493480682373e-01,-3.694824501872062683e-02,-9.647776186466217041e-02,6.156371831893920898e-01,1.500615030527114868e-01,3.589927405118942261e-02
2.801624089727799971e-01,-3.672683193037908078e-02,5.055984978791741025e-01,9.937060475349426270e-01,4.675349220633506775e-02,9.489335864782333374e-02,-3.684778884053230286e-02,0.000000000000000000e+00,0.000000000000000000e+00,0.000000000000000000e+00,-1.100000000000000089e+00,2.000000000000000111e-01,-5.000000000000000000e-01,0.000000000000000000e+00,1.100000000000000089e+00,2.000000000000000111e-01,5.000000000000000000e-01,-6.192218661308288574e-01,-1.255625933408737183e-01,4.129517474211752415e-04,5.205470323562622070e-01,-1.566056162118911743e-01,-4.111007601022720337e-02,9.327723085880279541e-02,-8.701563626527786255e-02,-1.520285755395889282e-01,9.494206309318542480e-01,9.884549677371978760e-02,5.535564385354518890e-03
3.240985481027101045e-01,-4.056076682793598176e-02,4.956679463634889315e-01,9.947018027305603027e-01,5.419557914137840271e-02,7.928391546010971069e-02,-3.667792677879333496e-02,0.000000000000000000e+00,0.000000000000000000e+00,0.000000000000000000e+00,-1.100000000000000089e+00,2.000000000000000111e-01,-5.000000000000000000e-01,0.000000000000000000e+00,1.100000000000000089e+00,2.000000000000000111e-01,5.000000000000000000e-01,-5.884680747985839844e-01,-1.543705463409423828e-01,1.299008261412382126e-02,7.334166765213012695e-01,-2.973848879337310791e-01,3.078738413751125336e-02,-4.141215234994888306e-02,-1.898787915706634521e-01,-1.793137490749359131e-01,1.348399043083190918e+00,-3.670899942517280579e-02,-4.466421529650688171e-02
3.671183092643818258e-01,-4.535829105207490886e-02,4.844846858084202457e-01,9.941978454589843750e-01,6.819965690374374390e-02,7.418671995401382446e-02,-3.762769326567649841e-02,0.000000000000000000e+00,0.000000000000000000e+00,0.000000000000000000e+00,-1.100000000000000089e+00,2.000000000000000111e-01,-5.000000000000000000e-01,0.000000000000000000e+00,1.100000000000000089e+00,2.000000000000000111e-01,5.000000000000000000e-01,-5.353787541389465332e-01,-1.876313984394073486e-01,3.202773630619049072e-02,8.636752367019653320e-01,-4.528983831405639648e-01,3.840398415923118591e-02,-2.471753954887390137e-01,-2.395724356174468994e-01,-1.167002469301223755e-01,1.683422684669494629e+00,-1.681512296199798584e-01,-5.786745995283126831e-02
4.135735184368161121e-01,-5.084264940892657680e-02,4.794936409592629456e-01,9.936875700950622559e-01,6.943769007921218872e-02,7.532754540443420410e-02,-4.570828378200531006e-02,0.000000000000000000e+00,0.000000000000000000e+00,0.000000000000000000e+00,-1.100000000000000089e+00,2.000000000000000111e-01,-5.000000000000000000e-01,0.000000000000000000e+00,1.100000000000000089e+00,2.000000000000000111e-01,5.000000000000000000e-01,-4.275934994220733643e-01,-1.831919848918914795e-01,3.513634577393531799e-02,8.818233013153076172e-01,-5.638762116432189941e-01,2.927102334797382355e-02,-4.735369980335235596e-01,-2.221602201461791992e-01,-5.724957585334777832e-02,1.872374057769775391e+00,-2.619330286979675293e-01,-7.999853044748306274e-02
4.615398141990106895e-01,-5.701659854501486824e-02,4.806448488599724955e-01,9.940142631530761719e-01,5.675415694713592529e-02,7.358673959970474243e-02,-5.744123831391334534e-02,0.000000000000000000e+00,0.000000000000000000e+00,0.000000000000000000e+00,-1.100000000000000089e+00,2.000000000000000111e-01,-5.000000000000000000e-01,0.000000000000000000e+00,1.100000000000000089e+00,2.000000000000000111e-01,5.000000000000000000e-01,-2.642838358879089355e-01,-1.442537307739257812e-01,3.541281819343566895e-02,8.070144653320312500e-01,-6.221915483474731445e-01,1.338257361203432083e-02,-6.696267127990722656e-01,-1.600571572780609131e-01,-2.552675642073154449e-02,1.880487799644470215e+00,-3.048481047153472900e-01,-8.102477341890335083e-02
5.110382803529501805e-01,-6.389386615612442644e-02,4.880712747904990545e-01,9.937222599983215332e-01,3.638585284352302551e-02,7.794254273176193237e-02,-7.153418660163879395e-02,0.000000000000000000e+00,0.000000000000000000e+00,0.000000000000000000e+00,-1.100000000000000089e+00,2.000000000000000111e-01,-5.000000000000000000e-01,0.000000000000000000e+00,1.100000000000000089e+00,2.000000000000000111e-01,5.000000000000000000e-01,-9.543808549642562866e-02,-9.171979874372482300e-02,3.736978769302368164e-02,6.782352328300476074e-01,-5.629363656044006348e-01,2.621158026158809662e-03,-8.002564311027526855e-01,-9.748855978250503540e-02,-3.874986991286277771e-02,1.723358988761901855e+00,-3.080782592296600342e-01,-7.659416645765304565e-02
5.647298381146458324e-01,-7.220900261360739536e-02,4.992478305349748458e-01,9.921655058860778809e-01,2.054757438600063324e-02,8.715344965457916260e-02,-8.711889386177062988e-02,0.000000000000000000e+00,0.000000000000000000e+00,0.000000000000000000e+00,-1.100000000000000089e+00,2.000000000000000111e-01,-5.000000000000000000e-01,0.000000000000000000e+00,1.100000000000000089e+00,2.000000000000000111e-01,5.000000000000000000e-01,4.541349783539772034e-02,-5.249704420566558838e-02,4.342847689986228943e-02,5.597845315933227539e-01,-3.697070181369781494e-01,-9.606762789189815521e-03,-8.549220561981201172e-01,-6.722261011600494385e-02,-7.948183268308639526e-02,1.436508536338806152e+00,-2.901341021060943604e-01,-9.505090117454528809e-02
6.225862141864169086e-01,-8.110674066262114901e-02,5.107083309690158002e-01,9.906405210494995117e-01,1.283091679215431213e-02,9.456253051757812500e-02,-9.759418666362762451e-02,0.000000000000000000e+00,0.000000000000000000e+00,0.000000000000000000e+00,-1.100000000000000089e+00,2.000000000000000111e-01,-5.000000000000000000e-01,0.000000000000000000e+00,1.100000000000000089e+00,2.000000000000000111e-01,5.000000000000000000e-01,1.531470566987991333e-01,-3.573855757713317871e-02,3.298511356115341187e-02,4.652674794197082520e-01,-9.550847113132476807e-02,-3.327099606394767761e-02,-8.216131925582885742e-01,-3.446450084447860718e-02,-1.094201877713203430e-01,1.048336863517761230e+00,-2.619715631008148193e-01,-7.873924076557159424e-02
6.805786252104575329e-01,-9.064726203680041616e-02,5.185232320096758718e-01,9.906341433525085449e-01,1.844697073101997375e-02,9.368529170751571655e-02,-9.760541468858718872e-02,0.000000000000000000e+00,0.000000000000000000e+00,0.000000000000000000e+00,-1.100000000000000089e+00,2.000000000000000111e-01,-5.000000000000000000e-01,0.000000000000000000e+00,1.100000000000000089e+00,2.000000000000000111e-01,5.000000000000000000e-01,2.152911573648452759e-01,-4.561680555343627930e-02,1.505908649414777756e-02,4.480552375316619873e-01,1.593528985977172852e-01,-5.892076343297958374e-02,-7.282701730728149414e-01,-1.572364754974842072e-02,-1.110233813524246216e-01,6.394767761230468750e-01,-2.299072444438934326e-01,-2.498973719775676727e-02
7.352266282422676991e-01,-1.006331787279082929e-01,5.210561559680436661e-01,9.919644594192504883e-01,3.197266533970832825e-02,8.383208513259887695e-02,-8.919900655746459961e-02,0.000000000000000000e+00,0.000000000000000000e+00,0.000000000000000000e+00,-1.100000000000000089e+00,2.000000000000000111e-01,-5.000000000000000000e-01,0.000000000000000000e+00,1.100000000000000089e+00,2.000000000000000111e-01,5.000000000000000000e-01,2.127237468957901001e-01,-5.562653020024299622e-02,2.301376871764659882e-02,5.864341259002685547e-01,2.865628898143768311e-01,-4.724946245551109314e-02,-6.278271079063415527e-01,-2.900574170053005219e-02,-1.006807163357734680e-01,3.723459243774414062e-01,-2.111760526895523071e-01,1.179784769192337990e-03
7.884031273010705387e-01,-1.107887150098880308e-01,5.180582978245286130e-01,9.930359721183776855e-01,3.367743641138076782e-02,7.454803586006164551e-02,-8.478169888257980347e-02,0.000000000000000000e+00,0.000000000000000000e+00,0.000000000000000000e+00,-1.100000000000000089e+00,2.000000000000000111e-01,-5.000000000000000000e-01,0.000000000000000000e+00,1.100000000000000089e+00,2.000000000000000111e-01,5.000000000000000000e-01,1.427599936723709106e-01,-3.946837037801742554e-02,4.033297672867774963e-02,8.531680107116699219e-01,2.688801586627960205e-01,-3.554253280162811279e-02,-5.789034366607666016e-01,-2.548686228692531586e-02,-9.643200784921646118e-02,3.628927469253540039e-01,-1.766584366559982300e-01,-1.147721335291862488e-02
8.376475376801360007e-01,-1.215327296902736359e-01,5.091636395454407493e-01,9.938798546791076660e-01,1.711920835077762604e-02,6.781134009361267090e-02,-8.550689369440078735e-02,0.000000000000000000e+00,0.000000000000000000e+00,0.000000000000000000e+00,-1.100000000000000089e+00,2.000000000000000111e-01,-5.000000000000000000e-01,0.000000000000000000e+00,1.100000000000000089e+00,2.000000000000000111e-01,5.000000000000000000e-01,2.222262509167194366e-02,2.171548269689083099e-02,5.426175892353057861e-02,1.166958689689636230e+00,1.679532080888748169e-01,-3.039536811411380768e-02,-6.179416179656982422e-01,9.386541321873664856e-03,-8.473002165555953979e-02,6.486966609954833984e-01,-1.795307695865631104e-01,-1.013229638338088989e-01
8.841109864993230705e-01,-1.321475354002581981e-01,4.997408360656765414e-01,9.934959411621093750e-01,-1.286290958523750305e-02,6.101339682936668396e-02,-9.527712315320968628e-02,0.000000000000000000e+00,0.000000000000000000e+00,0.000000000000000000e+00,-1.100000000000000089e+00,2.000000000000000111e-01,-5.000000000000000000e-01,0.000000000000000000e+00,1.100000000000000089e+00,2.000000000000000111e-01,5.000000000000000000e-01,-1.285777688026428223e-01,1.226009055972099304e-01,5.327294766902923584e-02,1.459513783454895020e+00,4.200380668044090271e-02,-2.923129824921488762e-03,-5.515012145042419434e-01,7.460141927003860474e-02,-1.176684126257896423e-01,8.017795681953430176e-01,-3.611111938953399658e-01,-1.111245527863502502e-01
9.315588307629030229e-01,-1.423535698114170023e-01,4.956062701841196239e-01,9.939997792243957520e-01,-1.492448709905147552e-02,5.519135668873786926e-02,-9.324973821640014648e-02,0.000000000000000000e+00,0.000000000000000000e+00,0.000000000000000000e+00,-1.100000000000000089e+00,2.000000000000000111e-01,-5.000000000000000000e-01,0.000000000000000000e+00,1.100000000000000089e+00,2.000000000000000111e-01,5.000000000000000000e-01,-3.065510392189025879e-01,1.488805860280990601e-01,5.164957791566848755e-02,1.630902647972106934e+00,-5.762371048331260681e-02,3.633249923586845398e-02,-4.256402552127838135e-01,7.915823161602020264e-02,-1.223626285791397095e-01,8.493511080741882324e-01,-4.993571639060974121e-01,-8.913690596818923950e-02
9.847169117877883071e-01,-1.531919567204184096e-01,4.964808440622356933e-01,9.950758218765258789e-01,-3.460443811491131783e-03,5.082100629806518555e-02,-8.502603322267532349e-02,0.000000000000000000e+00,0.000000000000000000e+00,0.000000000000000000e+00,-1.100000000000000089e+00,2.000000000000000111e-01,-5.000000000000000000e-01,0.000000000000000000e+00,1.100000000000000089e+00,2.000000000000000111e-01,5.000000000000000000e-01,-4.720927178859710693e-01,8.786004781723022461e-02,3.531364724040031433e-02,1.651031970977783203e+00,-1.196333765983581543e-01,2.532335184514522552e-02,-2.614246606826782227e-01,5.363098904490470886e-02,-1.246461048722267151e-01,8.033155202865600586e-01,-5.660707950592041016e-01,-6.293895840644836426e-02
1.038818432365854694e+00,-1.637757425838046732e-01,5.038798045035866036e-01,9.958357810974121094e-01,1.202662568539381027e-02,4.801829531788825989e-02,-7.655583322048187256e-02,0.000000000000000000e+00,0.000000000000000000e+00,0.000000000000000000e+00,-1.100000000000000089e+00,2.000000000000000111e-01,-5.000000000000000000e-01,0.000000000000000000e+00,1.100000000000000089e+00,2.000000000000000111e-01,5.000000000000000000e-01,-5.859782099723815918e-01,3.398823086172342300e-03,2.564018964767456055e-02,1.508174180984497070e+00,-1.454472541809082031e-01,1.044707093387842178e-02,-8.454780280590057373e-02,2.011661604046821594e-02,-1.240039914846420288e-01,6.956044435501098633e-01,-5.146447420120239258e-01,-4.312387108802795410e-02
1.093906125567025933e+00,-1.733587748805682227e-01,5.155848285721409408e-01,9.964200258255004883e-01,2.731567434966564178e-02,4.754431545734405518e-02,-6.434721499681472778e-02,0.000000000000000000e+00,0.000000000000000000e+00,0.000000000000000000e+00,-1.100000000000000089e+00,2.000000000000000111e-01,-5.000000000000000000e-01,0.000000000000000000e+00,1.100000000000000089e+00,2.000000000000000111e-01,5.000000000000000000e-01,-6.293796300888061523e-01,-5.663350597023963928e-02,2.923750691115856171e-02,1.225399732589721680e+00,-1.450386792421340942e-01,2.218809351325035095e-02,6.682099401950836182e-02,-1.092866063117980957e-02,-1.285339891910552979e-01,5.959824323654174805e-01,-3.233191668987274170e-01,-3.083695843815803528e-02
1.151217230897811028e+00,-1.830069771284858482e-01,5.261852552907335667e-01,9.968600869178771973e-01,3.340361639857292175e-02,5.047314986586570740e-02,-5.105421319603919983e-02,0.000000000000000000e+00,0.000000000000000000e+00,0.000000000000000000e+00,-1.100000000000000089e+00,2.000000000000000111e-01,-5.000000000000000000e-01,0.000000000000000000e+00,1.100000000000000089e+00,2.000000000000000111e-01,5.000000000000000000e-01,-6.109785437583923340e-01,-7.240854948759078979e-02,3.789227455854415894e-02,8.488526344299316406e-01,-1.193710714578628540e-01,2.934795245528221130e-02,1.730015277862548828e-01,-1.583443954586982727e-02,-1.348359584808349609e-01,5.242359042167663574e-01,-5.606156215071678162e-02,-1.158638950437307358e-02
1.211450341153476273e+00,-1.948623747502764569e-01,5.317038394841884230e-01,9.976933002471923828e-01,1.946010999381542206e-02,4.971178621053695679e-02,-4.193050041794776917e-02,0.000000000000000000e+00,0.000000000000000000e+00,0.000000000000000000e+00,-1.100000000000000089e+00,2.000000000000000111e-01,-5.000000000000000000e-01,0.000000000000000000e+00,1.100000000000000089e+00,2.000000000000000111e-01,5.000000000000000000e-01,-5.381143093109130859e-01,-5.611393600702285767e-02,1.542837638407945633e-02,4.362953305244445801e-01,-6.677506119012832642e-02,-1.020890381187200546e-02,2.515634596347808838e-01,1.920946873724460602e-02,-1.596847027540206909e-01,4.970348179340362549e-01,1.526252925395965576e-01,1.815098896622657776e-02
1.268633328055342346e+00,-2.063053053493301703e-01,5.307518371608522800e-01,9.982758760452270508e-01,-7.131341379135847092e-03,4.052823409438133240e-02,-4.185609519481658936e-02,0.000000000000000000e+00,0.000000000000000000e+00,0.000000000000000000e+00,-1.100000000000000089e+00,2.000000000000000111e-01,-5.000000000000000000e-01,0.000000000000000000e+00,1.100000000000000089e+00,2.000000000000000111e-01,5.000000000000000000e-01,-4.451563656330108643e-01,-8.564813062548637390e-03,-3.038328327238559723e-02,1.327189058065414429e-01,-3.723200410604476929e-02,-8.209549635648727417e-02,2.772696912288665771e-01,3.776454553008079529e-02,-2.315769344568252563e-01,6.288796663284301758e-01,1.849594116210937500e-01,-1.186089776456356049e-02
1.322718046216501353e+00,-2.155651536583900740e-01,5.243658281945521304e-01,9.986510276794433594e-01,-4.309106618165969849e-03,3.408799320459365845e-02,-3.893024846911430359e-02,0.000000000000000000e+00,0.000000000000000000e+00,0.000000000000000000e+00,-1.100000000000000089e+00,2.000000000000000111e-01,-5.000000000000000000e-01,0.000000000000000000e+00,1.100000000000000089e+00,2.000000000000000111e-01,5.000000000000000000e-01,-4.485317468643188477e-01,-2.739950828254222870e-02,-4.409402608871459961e-02,1.741029024124145508e-01,-5.094891041517257690e-02,-4.690857604146003723e-02,2.085900455713272095e-01,-5.745737254619598389e-02,-3.077239990234375000e-01,9.411144852638244629e-01,7.915708422660827637e-02,-6.541206687688827515e-02
1.374020187200771792e+00,-2.231179208391242952e-01,5.114217066599263672e-01,9.989714026451110840e-01,1.962860487401485443e-02,2.608600072562694550e-02,-3.146950528025627136e-02,0.000000000000000000e+00,0.000000000000000000e+00,0.000000000000000000e+00,-1.100000000000000089e+00,2.000000000000000111e-01,-5.000000000000000000e-01,0.000000000000000000e+00,1.100000000000000089e+00,2.000000000000000111e-01,5.000000000000000000e-01,-4.740071892738342285e-01,-1.031027510762214661e-01,-3.704547882080078125e-02,4.094553887844085693e-01,-1.632830686867237091e-02,-2.342637255787849426e-02,1.008463054895401001e-01,-1.942841112613677979e-01,-3.036748766899108887e-01,1.307872772216796875e+00,-4.860287904739379883e-02,-9.962102025747299194e-02
1.426466992836859848e+00,-2.317548276194267842e-01,4.973133311172327486e-01,9.982313513755798340e-01,5.237256735563278198e-02,1.508449763059616089e-02,-2.374290302395820618e-02,0.000000000000000000e+00,0.000000000000000000e+00,0.000000000000000000e+00,-1.100000000000000089e+00,2.000000000000000111e-01,-5.000000000000000000e-01,0.000000000000000000e+00,1.100000000000000089e+00,2.000000000000000111e-01,5.000000000000000000e-01,-4.960284829139709473e-01,-1.793019473552703857e-01,8.270958438515663147e-03,7.249723672866821289e-01,-2.428678572177886963e-01,5.575176328420639038e-02,-6.613627076148986816e-02,-2.907035052776336670e-01,-2.023507803678512573e-01,1.632639169692993164e+00,-1.407193392515182495e-01,-8.632638305425643921e-02
1.476440288830134895e+00,-2.405237505046858293e-01,4.897959863394499846e-01,9.974189996719360352e-01,6.197591498494148254e-02,1.011087279766798019e-02,-3.481516987085342407e-02,0.000000000000000000e+00,0.000000000000000000e+00,0.000000000000000000e+00,-1.100000000000000089e+00,2.000000000000000111e-01,-5.000000000000000000e-01,0.000000000000000000e+00,1.100000000000000089e+00,2.000000000000000111e-01,5.000000000000000000e-01,-4.108390212059020996e-01,-1.833649277687072754e-01,2.631902508437633514e-02,8.434389829635620117e-01,-4.160498380661010742e-01,4.688413068652153015e-02,-2.715580165386199951e-01,-2.751236259937286377e-01,-8.483085781335830688e-02,1.831127405166625977e+00,-2.051917016506195068e-01,-8.490401506423950195e-02
1.525909673877888562e+00,-2.496619226576553552e-01,4.889591371185250668e-01,9.970576763153076172e-01,5.205706506967544556e-02,9.685222059488296509e-03,-5.542815476655960083e-02,0.000000000000000000e+00,0.000000000000000000e+00,0.000000000000000000e+00,-1.100000000000000089e+00,2.000000000000000111e-01,-5.000000000000000000e-01,0.000000000000000000e+00,1.100000000000000089e+00,2.000000000000000111e-01,5.000000000000000000e-01,-2.687627375125885010e-01,-1.369404345750808716e-01,3.738025948405265808e-02,8.437911868095397949e-01,-5.373776555061340332e-01,2.559658698737621307e-02,-4.665438234806060791e-01,-1.967602521181106567e-01,-1.817743480205535889e-02,1.867966175079345703e+00,-2.410696595907211304e-01,-8.140755444765090942e-02
1.576886914281381724e+00,-2.598561832598514365e-01,4.952939310255978778e-01,9.969578981399536133e-01,3.699513152241706848e-02,1.079365145415067673e-02,-6.774811446666717529e-02,0.000000000000000000e+00,0.000000000000000000e+00,0.000000000000000000e+00,-1.100000000000000089e+00,2.000000000000000111e-01,-5.000000000000000000e-01,0.000000000000000000e+00,1.100000000000000089e+00,2.000000000000000111e-01,5.000000000000000000e-01,-9.991361200809478760e-02,-9.089543670415878296e-02,3.949264064431190491e-02,7.515384554862976074e-01,-5.394259691238403320e-01,1.504505891352891922e-02,-5.987879633903503418e-01,-1.246023103594779968e-01,-1.357819791883230209e-02,1.741784811019897461e+00,-2.586627602577209473e-01,-6.272067874670028687e-02
1.632906495374110367e+00,-2.714190734219220080e-01,5.066300289498436582e-01,9.966360330581665039e-01,2.345817163586616516e-02,1.674786210060119629e-02,-7.671953737735748291e-02,0.000000000000000000e+00,0.000000000000000000e+00,0.000000000000000000e+00,-1.100000000000000089e+00,2.000000000000000111e-01,-5.000000000000000000e-01,0.000000000000000000e+00,1.100000000000000089e+00,2.000000000000000111e-01,5.000000000000000000e-01,4.370022192597389221e-02,-5.010995641350746155e-02,4.294181615114212036e-02,6.564853787422180176e-01,-3.981888294219970703e-01,1.238248031586408615e-02,-6.653487682342529297e-01,-8.760450780391693115e-02,-4.544500634074211121e-02,1.484283804893493652e+00,-2.685774564743041992e-01,-6.656043231487274170e-02
1.693164809255136571e+00,-2.835220239601201619e-01,5.195565806494819583e-01,9.959119558334350586e-01,1.354572828859090805e-02,2.391577325761318207e-02,-8.604586869478225708e-02,0.000000000000000000e+00,0.000000000000000000e+00,0.000000000000000000e+00,-1.100000000000000089e+00,2.000000000000000111e-01,-5.000000000000000000e-01,0.000000000000000000e+00,1.100000000000000089e+00,2.000000000000000111e-01,5.000000000000000000e-01,1.557752937078475952e-01,-1.787975989282131195e-02,5.172853916883468628e-02,5.918527841567993164e-01,-1.674923300743103027e-01,1.181189063936471939e-02,-6.527488231658935547e-01,-5.901416763663291931e-02,-8.061815798282623291e-02,1.111649870872497559e+00,-2.616734206676483154e-01,-6.300956755876541138e-02
1.755719076469540951e+00,-2.961387003171775389e-01,5.292800504548682561e-01,9.952436685562133789e-01,1.395068224519491196e-02,2.592030912637710571e-02,-9.286309778690338135e-02,0.000000000000000000e+00,0.000000000000000000e+00,0.000000000000000000e+00,-1.100000000000000089e+00,2.000000000000000111e-01,-5.000000000000000000e-01,0.000000000000000000e+00,1.100000000000000089e+00,2.000000000000000111e-01,5.000000000000000000e-01,2.316858172416687012e-01,-7.734114304184913635e-03,7.171868532896041870e-02,5.730293989181518555e-01,7.022611796855926514e-02,2.562799490988254547e-02,-5.726875066757202148e-01,-3.229181095957756042e-02,-8.340705931186676025e-02,6.638909578323364258e-01,-2.220757305622100830e-01,-2.054705284535884857e-02
1.815466047566798302e+00,-3.087968980314003686e-01,5.323777133391963678e-01,9.951489567756652832e-01,3.242115676403045654e-02,2.173341065645217896e-02,-9.030570834875106812e-02,0.000000000000000000e+00,0.000000000000000000e+00,0.000000000000000000e+00,-1.100000000000000089e+00,2.000000000000000111e-01,-5.000000000000000000e-01,0.000000000000000000e+00,1.100000000000000089e+00,2.000000000000000111e-01,5.000000000000000000e-01,2.733165025711059570e-01,-1.502092834562063217e-02,1.235722526907920837e-01,6.205235719680786133e-01,2.044174969196319580e-01,6.456691026687622070e-02,-4.746254980564117432e-01,-5.922385305166244507e-02,-7.739155739545822144e-02,2.735989093780517578e-01,-1.657882630825042725e-01,2.722358144819736481e-02
1.872233659335309053e+00,-3.220683839627438427e-01,5.302577814790938593e-01,9.954471588134765625e-01,3.932714834809303284e-02,1.735222898423671722e-02,-8.507166057825088501e-02,0.000000000000000000e+00,0.000000000000000000e+00,0.000000000000000000e+00,-1.100000000000000089e+00,2.000000000000000111e-01,-5.000000000000000000e-01,0.000000000000000000e+00,1.100000000000000089e+00,2.000000000000000111e-01,5.000000000000000000e-01,2.481056302785873413e-01,2.491753734648227692e-02,1.740126609802246094e-01,8.053224086761474609e-01,2.170560210943222046e-01,1.018611788749694824e-01,-4.402433633804321289e-01,-7.203709334135055542e-02,-7.634498178958892822e-02,1.484618932008743286e-01,-1.571536511182785034e-01,1.685602217912673950e-02
1.924721340081758214e+00,-3.358659551830756040e-01,5.223386731412676953e-01,9.955843091011047363e-01,2.595166862010955811e-02,1.383757591247558594e-02,-8.914501219987869263e-02,0.000000000000000000e+00,0.000000000000000000e+00,0.000000000000000000e+00,-1.100000000000000089e+00,2.000000000000000111e-01,-5.000000000000000000e-01,0.000000000000000000e+00,1.100000000000000089e+00,2.000000000000000111e-01,5.000000000000000000e-01,1.706271767616271973e-01,8.209561556577682495e-02,1.752636134624481201e-01,1.067204833030700684e+00,1.510017216205596924e-01,9.643763303756713867e-02,-4.420617818832397461e-01,-3.015291504561901093e-02,-6.754371523857116699e-02,2.564221024513244629e-01,-1.538302153348922729e-01,-3.745227295439690351e-04
1.975029230357872478e+00,-3.499938393011689519e-01,5.091003881394864372e-01,9.952055811882019043e-01,-9.081426542252302170e-04,1.070034131407737732e-02,-9.721431881189346313e-02,0.000000000000000000e+00,0.000000000000000000e+00,0.000000000000000000e+00,-1.100000000000000089e+00,2.000000000000000111e-01,-5.000000000000000000e-01,0.000000000000000000e+00,1.100000000000000089e+00,2.000000000000000111e-01,5.000000000000000000e-01,5.883699655532836914e-02,1.711822897195816040e-01,1.625573188066482544e-01,1.337002992630004883e+00,5.030481144785881042e-02,8.506232500076293945e-02,-5.026752352714538574e-01,3.835644200444221497e-02,-6.664054840803146362e-02,5.775976777076721191e-01,-1.139828786253929138e-01,-3.789282962679862976e-02
2.024089702740312191e+00,-3.636153890482253792e-01,4.976354447586670005e-01,9.933450222015380859e-01,-3.256515786051750183e-02,6.720823701471090317e-03,-1.102725043892860413e-01,0.000000000000000000e+00,0.000000000000000000e+00,0.000000000000000000e+00,-1.100000000000000089e+00,2.000000000000000111e-01,-5.000000000000000000e-01,0.000000000000000000e+00,1.100000000000000089e+00,2.000000000000000111e-01,5.000000000000000000e-01,-9.459827840328216553e-02,2.307551950216293335e-01,1.042018458247184753e-01,1.565893650054931641e+00,-4.394917190074920654e-02,6.805752962827682495e-02,-4.824804365634918213e-01,1.131693199276924133e-01,-9.870272129774093628e-02,7.998297810554504395e-01,-3.094143867492675781e-01,-9.033516794443130493e-02
2.073527421694663087e+00,-3.753240886454781711e-01,4.936222117145857013e-01,9.944213628768920898e-01,-2.301891334354877472e-02,2.263083355501294136e-03,-1.029130071401596069e-01,0.000000000000000000e+00,0.000000000000000000e+00,0.000000000000000000e+00,-1.100000000000000089e+00,2.000000000000000111e-01,-5.000000000000000000e-01,0.000000000000000000e+00,1.100000000000000089e+00,2.000000000000000111e-01,5.000000000000000000e-01,-2.693410515785217285e-01,1.686840355396270752e-01,5.813787877559661865e-02,1.661477565765380859e+00,-1.119585484266281128e-01,6.752885133028030396e-02,-3.810375332832336426e-01,8.819458633661270142e-02,-1.011088415980339050e-01,8.910364508628845215e-01,-4.745978713035583496e-01,-7.326850295066833496e-02
2.125435257496105734e+00,-3.868398835716976847e-01,4.951249374863175290e-01,9.961558580398559570e-01,-7.340853568166494370e-03,1.951800310052931309e-03,-8.726865053176879883e-02,0.000000000000000000e+00,0.000000000000000000e+00,0.000000000000000000e+00,-1.100000000000000089e+00,2.000000000000000111e-01,-5.000000000000000000e-01,0.000000000000000000e+00,1.100000000000000089e+00,2.000000000000000111e-01,5.000000000000000000e-01,-4.320269823074340820e-01,1.004657819867134094e-01,4.056346416473388672e-02,1.623159050941467285e+00,-1.583711355924606323e-01,6.676650047302246094e-02,-2.362982481718063354e-01,5.054829269647598267e-02,-1.114211753010749817e-01,8.727509379386901855e-01,-5.634900927543640137e-01,-5.926995351910591125e-02
2.178332658716374493e+00,-3.984319356208047003e-01,5.029491687152122248e-01,9.972383379936218262e-01,5.251845810562372208e-03,2.236312022432684898e-03,-7.404837012290954590e-02,0.000000000000000000e+00,0.000000000000000000e+00,0.000000000000000000e+00,-1.100000000000000089e+00,2.000000000000000111e-01,-5.000000000000000000e-01,0.000000000000000000e+00,1.100000000000000089e+00,2.000000000000000111e-01,5.000000000000000000e-01,-5.305742025375366211e-01,3.809930011630058289e-02,4.162222519516944885e-02,1.443262457847595215e+00,-1.887204796075820923e-01,7.709361612796783447e-02,-7.453843951225280762e-02,2.780390717089176178e-02,-1.195897758007049561e-01,7.874418497085571289e-01,-5.264146327972412109e-01,-6.031373888254165649e-02
2.233332139228781710e+00,-4.098683229709665365e-01,5.151018398669031662e-01,9.978528618812561035e-01,1.531867031008005142e-02,3.602557815611362457e-03,-6.357643008232116699e-02,0.000000000000000000e+00,0.000000000000000000e+00,0.000000000000000000e+00,-1.100000000000000089e+00,2.000000000000000111e-01,-5.000000000000000000e-01,0.000000000000000000e+00,1.100000000000000089e+00,2.000000000000000111e-01,5.000000000000000000e-01,-5.508869886398315430e-01,-1.335642114281654358e-02,5.429021641612052917e-02,1.130211830139160156e+00,-1.920348256826400757e-01,8.815045654773712158e-02,6.224995106458663940e-02,1.253524515777826309e-02,-1.250801980495452881e-01,7.136944532394409180e-01,-3.494195938110351562e-01,-6.193126738071441650e-02
2.291201117113232932e+00,-4.222500886147221855e-01,5.262582811796003845e-01,9.981952905654907227e-01,2.114433981478214264e-02,4.419220145791769028e-03,-5.603234097361564636e-02,0.000000000000000000e+00,0.000000000000000000e+00,0.000000000000000000e+00,-1.100000000000000089e+00,2.000000000000000111e-01,-5.000000000000000000e-01,0.000000000000000000e+00,1.100000000000000089e+00,2.000000000000000111e-01,5.000000000000000000e-01,-4.918337166309356689e-01,-5.814144760370254517e-02,6.014497950673103333e-02,6.867556571960449219e-01,-1.591895073652267456e-01,5.774825438857078552e-02,1.565188914537429810e-01,1.369262952357530594e-02,-1.022688895463943481e-01,6.756297945976257324e-01,-9.051834046840667725e-02,-4.301301389932632446e-02
2.349829596554239952e+00,-4.358819783106446799e-01,5.319115270508660842e-01,9.984099268913269043e-01,-1.491214614361524582e-03,6.229116934264311567e-06,-5.635022372007369995e-02,0.000000000000000000e+00,0.000000000000000000e+00,0.000000000000000000e+00,-1.100000000000000089e+00,2.000000000000000111e-01,-5.000000000000000000e-01,0.000000000000000000e+00,1.100000000000000089e+00,2.000000000000000111e-01,5.000000000000000000e-01,-3.715608716011047363e-01,-4.684311524033546448e-02,2.758395671844482422e-02,2.103575170040130615e-01,-1.179068014025688171e-01,-2.824887260794639587e-02,2.478962838649749756e-01,8.716667443513870239e-02,-6.380122154951095581e-02,6.331965327262878418e-01,1.706234812736511230e-01,2.720815315842628479e-02
2.406159052989549352e+00,-4.488153156017264389e-01,5.310479797588455453e-01,9.974697828292846680e-01,-3.369136527180671692e-02,-5.503765773028135300e-03,-6.235843151807785034e-02,0.000000000000000000e+00,0.000000000000000000e+00,0.000000000000000000e+00,-1.100000000000000089e+00,2.000000000000000111e-01,-5.000000000000000000e-01,0.000000000000000000e+00,1.100000000000000089e+00,2.000000000000000111e-01,5.000000000000000000e-01,-3.635849654674530029e-01,2.746717538684606552e-03,-2.056940272450447083e-02,1.083495989441871643e-01,-1.616866588592529297e-01,-7.785095274448394775e-02,2.891476154327392578e-01,1.292030364274978638e-01,-1.088901832699775696e-01,6.971036195755004883e-01,2.747776210308074951e-01,4.643205180764198303e-02
2.458974542427394550e+00,-4.594699462710156168e-01,5.254938923815887231e-01,9.975579380989074707e-01,-3.203135728836059570e-02,-7.251562550663948059e-03,-6.164025887846946716e-02,0.000000000000000000e+00,0.000000000000000000e+00,0.000000000000000000e+00,-1.100000000000000089e+00,2.000000000000000111e-01,-5.000000000000000000e-01,0.000000000000000000e+00,1.100000000000000089e+00,2.000000000000000111e-01,5.000000000000000000e-01,-3.426472246646881104e-01,-1.503465510904788971e-02,-2.278278581798076630e-02,1.156450361013412476e-01,-1.203597709536552429e-01,-6.749045848846435547e-02,2.328254282474517822e-01,3.476366028189659119e-02,-2.172207534313201904e-01,9.385138750076293945e-01,1.709946542978286743e-01,-3.138820175081491470e-03
2.507438205886218796e+00,-4.679476541901628761e-01,5.132987708929512838e-01,9.984304308891296387e-01,-2.111751120537519455e-03,-6.802828982472419739e-03,-5.555107817053794861e-02,0.000000000000000000e+00,0.000000000000000000e+00,0.000000000000000000e+00,-1.100000000000000089e+00,2.000000000000000111e-01,-5.000000000000000000e-01,0.000000000000000000e+00,1.100000000000000089e+00,2.000000000000000111e-01,5.000000000000000000e-01,-4.093038141727447510e-01,-1.026110649108886719e-01,-1.041111908853054047e-02,3.785617947578430176e-01,-1.967280544340610504e-02,1.108130067586898804e-02,1.219660490751266479e-01,-1.495726555585861206e-01,-2.801500260829925537e-01,1.251874208450317383e+00,6.318055558949708939e-03,-6.437367945909500122e-02
2.556005591957105860e+00,-4.770893807005552323e-01,4.988322534494930571e-01,9.984408617019653320e-01,2.939892001450061798e-02,-1.635041274130344391e-02,-4.454487934708595276e-02,0.000000000000000000e+00,0.000000000000000000e+00,0.000000000000000000e+00,-1.100000000000000089e+00,2.000000000000000111e-01,-5.000000000000000000e-01,0.000000000000000000e+00,1.100000000000000089e+00,2.000000000000000111e-01,5.000000000000000000e-01,-4.597339630126953125e-01,-1.858014464378356934e-01,2.531187981367111206e-02,7.221308946609497070e-01,-2.091069966554641724e-01,1.146410480141639709e-01,-2.023279666900634766e-02,-2.611937522888183594e-01,-2.180528640747070312e-01,1.527443170547485352e+00,-1.257572770118713379e-01,-6.394084542989730835e-02
2.602087835942705762e+00,-4.871556440451079717e-01,4.908451276355320636e-01,9.980569481849670410e-01,3.734798729419708252e-02,-2.233091555535793304e-02,-4.459560662508010864e-02,0.000000000000000000e+00,0.000000000000000000e+00,0.000000000000000000e+00,-1.100000000000000089e+00,2.000000000000000111e-01,-5.000000000000000000e-01,0.000000000000000000e+00,1.100000000000000089e+00,2.000000000000000111e-01,5.000000000000000000e-01,-3.933260142803192139e-01,-2.002643644809722900e-01,3.210328146815299988e-02,8.715016245841979980e-01,-3.911264240741729736e-01,1.194134056568145752e-01,-1.902073025703430176e-01,-2.712166011333465576e-01,-1.375840008258819580e-01,1.686645627021789551e+00,-2.200476974248886108e-01,-7.023422420024871826e-02
2.648963347880377128e+00,-4.970771077151101003e-01,4.885354415575663967e-01,9.975574612617492676e-01,2.802559919655323029e-02,-2.157083153724670410e-02,-6.023573130369186401e-02,0.000000000000000000e+00,0.000000000000000000e+00,0.000000000000000000e+00,-1.100000000000000089e+00,2.000000000000000111e-01,-5.000000000000000000e-01,0.000000000000000000e+00,1.100000000000000089e+00,2.000000000000000111e-01,5.000000000000000000e-01,-2.728652954101562500e-01,-1.575065255165100098e-01,4.266916960477828979e-02,9.104921221733093262e-01,-5.290803909301757812e-01,1.085119023919105530e-01,-3.676140904426574707e-01,-2.288423627614974976e-01,-8.472717553377151489e-02,1.715742588043212891e+00,-2.754537761211395264e-01,-8.976136147975921631e-02
2.700128646103872487e+00,-5.075858077779413779e-01,4.928173921008905944e-01,9.968657493591308594e-01,1.879309490323066711e-02,-1.696152426302433014e-02,-7.495208084583282471e-02,0.000000000000000000e+00,0.000000000000000000e+00,0.000000000000000000e+00,-1.100000000000000089e+00,2.000000000000000111e-01,-5.000000000000000000e-01,0.000000000000000000e+00,1.100000000000000089e+00,2.000000000000000111e-01,5.000000000000000000e-01,-1.284304857254028320e-01,-1.198127865791320801e-01,5.462471395730972290e-02,8.502709269523620605e-01,-5.575515627861022949e-01,1.095698475837707520e-01,-5.019617676734924316e-01,-1.736291050910949707e-01,-6.753911077976226807e-02,1.602855443954467773e+00,-3.045206069946289062e-01,-8.103518187999725342e-02
2.754534225803283221e+00,-5.181086444896130239e-01,5.029280445228021534e-01,9.959349036216735840e-01,1.018817536532878876e-02,-7.390992715954780579e-03,-8.919228613376617432e-02,0.000000000000000000e+00,0.000000000000000000e+00,0.000000000000000000e+00,-1.100000000000000089e+00,2.000000000000000111e-01,-5.000000000000000000e-01,0.000000000000000000e+00,1.100000000000000089e+00,2.000000000000000111e-01,5.000000000000000000e-01,6.514928303658962250e-03,-9.048184752464294434e-02,6.516634672880172729e-02,7.575002312660217285e-01,-4.544836580753326416e-01,1.106494888663291931e-01,-5.692230463027954102e-01,-1.307740211486816406e-01,-9.554324299097061157e-02,1.354430556297302246e+00,-3.153238594532012939e-01,-7.755370438098907471e-02
2.809922423768375310e+00,-5.289481421353089408e-01,5.144985280848212161e-01,9.946574568748474121e-01,4.428974352777004242e-03,1.996791223064064980e-03,-1.031161248683929443e-01,0.000000000000000000e+00,0.000000000000000000e+00,0.000000000000000000e+00,-1.100000000000000089e+00,2.000000000000000111e-01,-5.000000000000000000e-01,0.000000000000000000e+00,1.100000000000000089e+00,2.000000000000000111e-01,5.000000000000000000e-01,1.200398132205009460e-01,-6.701362133026123047e-02,8.389703929424285889e-02,6.792340874671936035e-01,-2.626143097877502441e-01,1.042458042502403259e-01,-5.632145404815673828e-01,-8.751804381608963013e-02,-1.337560415267944336e-01,9.918088912963867188e-01,-2.988632917404174805e-01,-5.973926931619644165e-02
2.867405753872461549e+00,-5.396424362022017585e-01,5.234771580580208639e-01,9.937246441841125488e-01,5.840739235281944275e-03,6.963304709643125534e-03,-1.114839091897010803e-01,0.000000000000000000e+00,0.000000000000000000e+00,0.000000000000000000e+00,-1.100000000000000089e+00,2.000000000000000111e-01,-5.000000000000000000e-01,0.000000000000000000e+00,1.100000000000000089e+00,2.000000000000000111e-01,5.000000000000000000e-01,2.037731111049652100e-01,-6.180759891867637634e-02,9.388086199760437012e-02,6.380744576454162598e-01,-3.924443200230598450e-02,8.728773891925811768e-02,-4.930009245872497559e-01,-3.337436169385910034e-02,-1.279407590627670288e-01,5.607739090919494629e-01,-2.373998910188674927e-01,-4.939449485391378403e-03
2.922567442332705490e+00,-5.493978548339673029e-01,5.275105055338807913e-01,9.941163063049316406e-01,2.468416653573513031e-02,6.212027743458747864e-03,-1.052848920226097107e-01,0.000000000000000000e+00,0.000000000000000000e+00,0.000000000000000000e+00,-1.100000000000000089e+00,2.000000000000000111e-01,-5.000000000000000000e-01,0.000000000000000000e+00,1.100000000000000089e+00,2.000000000000000111e-01,5.000000000000000000e-01,2.447136938571929932e-01,-8.163237571716308594e-02,9.949756413698196411e-02,6.553308963775634766e-01,1.518188416957855225e-01,7.887343317270278931e-02,-4.102811515331268311e-01,-3.832386806607246399e-02,-9.538548439741134644e-02,1.997937113046646118e-01,-1.660374104976654053e-01,5.526095256209373474e-02
2.973581518804034207e+00,-5.593004965657990546e-01,5.264271131571797158e-01,9.950782656669616699e-01,3.392936289310455322e-02,6.165426690131425858e-03,-9.289789944887161255e-02,0.000000000000000000e+00,0.000000000000000000e+00,0.000000000000000000e+00,-1.100000000000000089e+00,2.000000000000000111e-01,-5.000000000000000000e-01,0.000000000000000000e+00,1.100000000000000089e+00,2.000000000000000111e-01,5.000000000000000000e-01,2.223472893238067627e-01,-6.207526847720146179e-02,1.083292290568351746e-01,7.911006212234497070e-01,2.274284660816192627e-01,8.079950511455535889e-02,-4.066454768180847168e-01,-5.424170941114425659e-02,-7.991717010736465454e-02,1.406898200511932373e-01,-1.742603480815887451e-01,4.633839428424835205e-02
3.021059332763155858e+00,-5.698890888897910623e-01,5.193833865059747090e-01,9.958959817886352539e-01,2.444471046328544617e-02,6.165875121951103210e-03,-8.692295849323272705e-02,0.000000000000000000e+00,0.000000000000000000e+00,0.000000000000000000e+00,-1.100000000000000089e+00,2.000000000000000111e-01,-5.000000000000000000e-01,0.000000000000000000e+00,1.100000000000000089e+00,2.000000000000000111e-01,5.000000000000000000e-01,1.484553515911102295e-01,-1.638695597648620605e-02,9.762283414602279663e-02,1.009196043014526367e+00,1.833228617906570435e-01,5.563018098473548889e-02,-4.217349290847778320e-01,-2.483952790498733521e-02,-6.671511381864547729e-02,2.526298165321350098e-01,-1.516933590173721313e-01,2.758205868303775787e-02
3.069479374562701146e+00,-5.815750890680486673e-01,5.068442193749879143e-01,9.962805509567260742e-01,-4.968277062289416790e-04,5.678801331669092178e-03,-8.597993105649948120e-02,0.000000000000000000e+00,0.000000000000000000e+00,0.000000000000000000e+00,-1.100000000000000089e+00,2.000000000000000111e-01,-5.000000000000000000e-01,0.000000000000000000e+00,1.100000000000000089e+00,2.000000000000000111e-01,5.000000000000000000e-01,3.900319710373878479e-02,6.126873195171356201e-02,7.664832472801208496e-02,1.258373498916625977e+00,6.357888132333755493e-02,3.386706858873367310e-02,-5.110434293746948242e-01,3.261623531579971313e-02,-6.102600693702697754e-02,5.933397412300109863e-01,-1.042940393090248108e-01,-4.491063952445983887e-02
3.118685252476070424e+00,-5.936164038173028512e-01,4.965789120147626745e-01,9.953354001045227051e-01,-2.931565791368484497e-02,-1.723268302157521248e-03,-9.189655631780624390e-02,0.000000000000000000e+00,0.000000000000000000e+00,0.000000000000000000e+00,-1.100000000000000089e+00,2.000000000000000111e-01,-5.000000000000000000e-01,0.000000000000000000e+00,1.100000000000000089e+00,2.000000000000000111e-01,5.000000000000000000e-01,-9.126517176628112793e-02,1.301151514053344727e-01,3.335719928145408630e-02,1.477204084396362305e+00,-5.725927650928497314e-02,2.507153712213039398e-02,-4.889582395553588867e-01,9.341941028833389282e-02,-9.837664663791656494e-02,8.087249994277954102e-01,-2.972223758697509766e-01,-8.791980892419815063e-02
3.167398367201289311e+00,-6.046672645583750505e-01,4.934615386029085338e-01,9.964450597763061523e-01,-2.170344814658164978e-02,-8.394496515393257141e-03,-8.096787333488464355e-02,0.000000000000000000e+00,0.000000000000000000e+00,0.000000000000000000e+00,-1.100000000000000089e+00,2.000000000000000111e-01,-5.000000000000000000e-01,0.000000000000000000e+00,1.100000000000000089e+00,2.000000000000000111e-01,5.000000000000000000e-01,-2.405453324317932129e-01,1.147267892956733704e-01,1.622017286717891693e-02,1.576426386833190918e+00,-1.341065615415573120e-01,5.119245499372482300e-02,-3.924715220928192139e-01,6.758963316679000854e-02,-1.094456017017364502e-01,9.008256793022155762e-01,-4.562357962131500244e-01,-7.207639515399932861e-02
3.215715009512173594e+00,-6.150139182350703448e-01,4.954307737863726802e-01,9.978025555610656738e-01,-1.042710524052381516e-02,-1.016200054436922073e-02,-6.463757902383804321e-02,0.000000000000000000e+00,0.000000000000000000e+00,0.000000000000000000e+00,-1.100000000000000089e+00,2.000000000000000111e-01,-5.000000000000000000e-01,0.000000000000000000e+00,1.100000000000000089e+00,2.000000000000000111e-01,5.000000000000000000e-01,-3.904573321342468262e-01,9.197052568197250366e-02,1.806270703673362732e-02,1.552604556083679199e+00,-1.890811324119567871e-01,7.392788678407669067e-02,-2.556239664554595947e-01,3.722237050533294678e-02,-1.282451748847961426e-01,8.911805748939514160e-01,-5.448524951934814453e-01,-6.054877117276191711e-02
3.262942725958096091e+00,-6.240799530885287050e-01,5.031128307183584392e-01,9.986918568611145020e-01,-1.813792390748858452e-03,-8.044518530368804932e-03,-5.046343803405761719e-02,0.000000000000000000e+00,0.000000000000000000e+00,0.000000000000000000e+00,-1.100000000000000089e+00,2.000000000000000111e-01,-5.000000000000000000e-01,0.000000000000000000e+00,1.100000000000000089e+00,2.000000000000000111e-01,5.000000000000000000e-01,-4.935492873191833496e-01,5.370219424366950989e-02,2.852895110845565796e-02,1.383883237838745117e+00,-2.140854895114898682e-01,8.689469844102859497e-02,-1.092712581157684326e-01,2.298171631991863251e-02,-1.427972316741943359e-01,8.167229294776916504e-01,-5.198038816452026367e-01,-6.231783702969551086e-02
3.311244504592485427e+00,-6.315647027931281521e-01,5.151255086561045138e-01,9.993329048156738281e-01,7.226925343275070190e-03,-4.761846736073493958e-03,-3.548110276460647583e-02,0.000000000000000000e+00,0.000000000000000000e+00,0.000000000000000000e+00,-1.100000000000000089e+00,2.000000000000000111e-01,-5.000000000000000000e-01,0.000000000000000000e+00,1.100000000000000089e+00,2.000000000000000111e-01,5.000000000000000000e-01,-5.194352865219116211e-01,4.014782607555389404e-03,4.654484614729881287e-02,1.069059133529663086e+00,-2.095235586166381836e-01,8.520342409610748291e-02,2.029747143387794495e-02,8.988434448838233948e-03,-1.551101803779602051e-01,7.382241487503051758e-01,-3.703367710113525391e-01,-6.358997523784637451e-02
3.363543642833829672e+00,-6.397492973961765861e-01,5.267252752764358670e-01,9.997416138648986816e-01,9.695247747004032135e-03,-2.713443478569388390e-03,-2.038044668734073639e-02,0.000000000000000000e+00,0.000000000000000000e+00,0.000000000000000000e+00,-1.100000000000000089e+00,2.000000000000000111e-01,-5.000000000000000000e-01,0.000000000000000000e+00,1.100000000000000089e+00,2.000000000000000111e-01,5.000000000000000000e-01,-4.639371037483215332e-01,-4.030089452862739563e-02,5.225104466080665588e-02,6.214786767959594727e-01,-1.796028017997741699e-01,4.289499670267105103e-02,1.243151351809501648e-01,1.825028657913208008e-02,-1.540496051311492920e-01,6.806756854057312012e-01,-1.375257223844528198e-01,-5.356592312455177307e-02
3.419277582839132190e+00,-6.495881626465256353e-01,5.326223985354107127e-01,9.997137784957885742e-01,-1.679794304072856903e-02,-6.614856421947479248e-03,-1.569623500108718872e-02,0.000000000000000000e+00,0.000000000000000000e+00,0.000000000000000000e+00,-1.100000000000000089e+00,2.000000000000000111e-01,-5.000000000000000000e-01,0.000000000000000000e+00,1.100000000000000089e+00,2.000000000000000111e-01,5.000000000000000000e-01,-3.452789783477783203e-01,-2.604154311120510101e-02,6.743910256773233414e-03,1.441238522529602051e-01,-1.241202205419540405e-01,-5.412650853395462036e-02,2.278439700603485107e-01,9.918740391731262207e-02,-1.373491436243057251e-01,6.095572113990783691e-01,9.611891210079193115e-02,-9.886493906378746033e-03
3.472221998514401164e+00,-6.585762439792356426e-01,5.322205945849419750e-01,9.987605810165405273e-01,-4.402920603752136230e-02,-1.142861414700746536e-02,-2.020393684506416321e-02,0.000000000000000000e+00,0.000000000000000000e+00,0.000000000000000000e+00,-1.100000000000000089e+00,2.000000000000000111e-01,-5.000000000000000000e-01,0.000000000000000000e+00,1.100000000000000089e+00,2.000000000000000111e-01,5.000000000000000000e-01,-3.712049424648284912e-01,6.546905264258384705e-03,-6.047159433364868164e-02,1.117832213640213013e-01,-1.764176785945892334e-01,-9.011705964803695679e-02,2.755027711391448975e-01,1.467657983303070068e-01,-1.529653072357177734e-01,6.537258028984069824e-01,1.855344176292419434e-01,1.976452022790908813e-02
3.519758944056100791e+00,-6.654224210605026446e-01,5.272984961917004387e-01,9.987949728965759277e-01,-4.080929234623908997e-02,-1.306742243468761444e-02,-2.392547577619552612e-02,0.000000000000000000e+00,0.000000000000000000e+00,0.000000000000000000e+00,-1.100000000000000089e+00,2.000000000000000111e-01,-5.000000000000000000e-01,0.000000000000000000e+00,1.100000000000000089e+00,2.000000000000000111e-01,5.000000000000000000e-01,-3.432382345199584961e-01,-9.189386852085590363e-03,-6.288500130176544189e-02,1.100832372903823853e-01,-1.310380399227142334e-01,-7.663883268833160400e-02,2.310156375169754028e-01,7.603941112756729126e-02,-2.145129144191741943e-01,8.668948411941528320e-01,9.702254086732864380e-02,9.274881449528038502e-04
3.566547212675214684e+00,-6.711820149214733355e-01,5.162655687994428533e-01,9.993939399719238281e-01,-1.351938396692276001e-02,-1.372927427291870117e-02,-2.899105288088321686e-02,0.000000000000000000e+00,0.000000000000000000e+00,0.000000000000000000e+00,-1.100000000000000089e+00,2.000000000000000111e-01,-5.000000000000000000e-01,0.000000000000000000e+00,1.100000000000000089e+00,2.000000000000000111e-01,5.000000000000000000e-01,-3.755443990230560303e-01,-7.358692586421966553e-02,-3.727379441261291504e-02,3.147935271263122559e-01,1.954785175621509552e-02,-2.397318929433822632e-02,1.393745094537734985e-01,-8.492283523082733154e-02,-2.636274397373199463e-01,1.149857044219970703e+00,-5.205558240413665771e-02,-3.933672234416007996e-02
3.615387314897445581e+00,-6.786054519605306812e-01,5.026445037374894786e-01,9.989882111549377441e-01,1.290664449334144592e-02,-2.451688796281814575e-02,-3.542354330420494080e-02,0.000000000000000000e+00,0.000000000000000000e+00,0.000000000000000000e+00,-1.100000000000000089e+00,2.000000000000000111e-01,-5.000000000000000000e-01,0.000000000000000000e+00,1.100000000000000089e+00,2.000000000000000111e-01,5.000000000000000000e-01,-4.387296140193939209e-01,-1.314545571804046631e-01,6.067173555493354797e-03,6.885462999343872070e-01,-1.812603920698165894e-01,8.919073641300201416e-02,2.187517844140529633e-02,-2.187582850456237793e-01,-2.319063097238540649e-01,1.423127174377441406e+00,-1.736983805894851685e-01,-7.408629357814788818e-02
3.662501615029242874e+00,-6.864076704076595981e-01,4.953962803632022127e-01,9.981427788734436035e-01,2.708910778164863586e-02,-3.114753030240535736e-02,-4.479964450001716614e-02,0.000000000000000000e+00,0.000000000000000000e+00,0.000000000000000000e+00,-1.100000000000000089e+00,2.000000000000000111e-01,-5.000000000000000000e-01,0.000000000000000000e+00,1.100000000000000089e+00,2.000000000000000111e-01,5.000000000000000000e-01,-3.844444453716278076e-01,-1.497482508420944214e-01,3.140066191554069519e-02,8.360268473625183105e-01,-3.413560390472412109e-01,9.970121830701828003e-02,-1.314502805471420288e-01,-2.601673305034637451e-01,-1.596148908138275146e-01,1.592104077339172363e+00,-2.527994215488433838e-01,-9.395106136798858643e-02
3.706863226898843511e+00,-6.935059645233884185e-01,4.933147597975202081e-01,9.973385930061340332e-01,2.094499208033084869e-02,-3.377390280365943909e-02,-6.112661957740783691e-02,0.000000000000000000e+00,0.000000000000000000e+00,0.000000000000000000e+00,-1.100000000000000089e+00,2.000000000000000111e-01,-5.000000000000000000e-01,0.000000000000000000e+00,1.100000000000000089e+00,2.000000000000000111e-01,5.000000000000000000e-01,-2.780366539955139160e-01,-1.181662157177925110e-01,4.538506269454956055e-02,8.881910443305969238e-01,-4.649607241153717041e-01,8.996807038784027100e-02,-2.924470901489257812e-01,-2.100691944360733032e-01,-1.027482524514198303e-01,1.632905840873718262e+00,-2.907568812370300293e-01,-9.655870497226715088e-02
3.749894862845540633e+00,-7.011775603352323749e-01,4.970727253539695689e-01,9.969421029090881348e-01,1.412514597177505493e-02,-3.127029538154602051e-02,-7.020783424377441406e-02,0.000000000000000000e+00,0.000000000000000000e+00,0.000000000000000000e+00,-1.100000000000000089e+00,2.000000000000000111e-01,-5.000000000000000000e-01,0.000000000000000000e+00,1.100000000000000089e+00,2.000000000000000111e-01,5.000000000000000000e-01,-1.632360965013504028e-01,-9.360057115554809570e-02,4.930586367845535278e-02,8.703504204750061035e-01,-4.927278459072113037e-01,9.242697060108184814e-02,-4.222122132778167725e-01,-1.497529745101928711e-01,-8.033828437328338623e-02,1.540635228157043457e+00,-3.077199757099151611e-01,-7.826243340969085693e-02
3.795039402718346278e+00,-7.091691290959717398e-01,5.062252764983310449e-01,9.968317747116088867e-01,9.341883473098278046e-03,-2.502660453319549561e-02,-7.491897046566009521e-02,0.000000000000000000e+00,0.000000000000000000e+00,0.000000000000000000e+00,-1.100000000000000089e+00,2.000000000000000111e-01,-5.000000000000000000e-01,0.000000000000000000e+00,1.100000000000000089e+00,2.000000000000000111e-01,5.000000000000000000e-01,-5.414385721087455750e-02,-7.951889932155609131e-02,4.117743298411369324e-02,8.182109594345092773e-01,-4.112866520881652832e-01,9.406623244285583496e-02,-4.923946559429168701e-01,-1.233228221535682678e-01,-1.044076234102249146e-01,1.321871638298034668e+00,-3.216007053852081299e-01,-8.044688403606414795e-02
3.845023038660487114e+00,-7.178646221881113121e-01,5.171288333584865837e-01,9.964493513107299805e-01,5.770135670900344849e-03,-1.886613294482231140e-02,-8.185058832168579102e-02,0.000000000000000000e+00,0.000000000000000000e+00,0.000000000000000000e+00,-1.100000000000000089e+00,2.000000000000000111e-01,-5.000000000000000000e-01,0.000000000000000000e+00,1.100000000000000089e+00,2.000000000000000111e-01,5.000000000000000000e-01,5.141898617148399353e-02,-6.488268077373504639e-02,4.327961057424545288e-02,7.533363699913024902e-01,-2.598181664943695068e-01,8.846726268529891968e-02,-4.935874640941619873e-01,-1.025214269757270813e-01,-1.507386714220046997e-01,9.837089180946350098e-01,-3.156052529811859131e-01,-7.602680474519729614e-02
3.899469331908557823e+00,-7.268694251568782461e-01,5.252472280545368299e-01,9.958278536796569824e-01,1.076834276318550110e-02,-1.629720255732536316e-02,-8.913600444793701172e-02,0.000000000000000000e+00,0.000000000000000000e+00,0.000000000000000000e+00,-1.100000000000000089e+00,2.000000000000000111e-01,-5.000000000000000000e-01,0.000000000000000000e+00,1.100000000000000089e+00,2.000000000000000111e-01,5.000000000000000000e-01,1.469088494777679443e-01,-7.520304620265960693e-02,4.676343128085136414e-02,6.974839568138122559e-01,-6.205506995320320129e-02,6.926674395799636841e-02,-4.267783164978027344e-01,-6.471125781536102295e-02,-1.568717360496520996e-01,5.449092388153076172e-01,-2.644119560718536377e-01,-1.470327004790306091e-02
3.952842855461770721e+00,-7.351813707707658407e-01,5.277686811321312677e-01,9.954290390014648438e-01,3.515269979834556580e-02,-1.876126602292060852e-02,-8.679487556219100952e-02,0.000000000000000000e+00,0.000000000000000000e+00,0.000000000000000000e+00,-1.100000000000000089e+00,2.000000000000000111e-01,-5.000000000000000000e-01,0.000000000000000000e+00,1.100000000000000089e+00,2.000000000000000111e-01,5.000000000000000000e-01,2.158399820327758789e-01,-1.223775371909141541e-01,5.442407354712486267e-02,6.710897684097290039e-01,1.386094987392425537e-01,5.106600001454353333e-02,-3.448950946331024170e-01,-7.823965698480606079e-02,-1.313086152076721191e-01,1.479543745517730713e-01,-1.820281445980072021e-01,6.409792602062225342e-02
4.000430531377594079e+00,-7.425166759019098395e-01,5.251958918240335894e-01,9.953316450119018555e-01,5.039167776703834534e-02,-2.141827158629894257e-02,-7.947824150323867798e-02,0.000000000000000000e+00,0.000000000000000000e+00,0.000000000000000000e+00,-1.100000000000000089e+00,2.000000000000000111e-01,-5.000000000000000000e-01,0.000000000000000000e+00,1.100000000000000089e+00,2.000000000000000111e-01,5.000000000000000000e-01,2.388182431459426880e-01,-1.201355382800102234e-01,9.284764528274536133e-02,7.458890676498413086e-01,2.445518523454666138e-01,4.659734666347503662e-02,-3.738920092582702637e-01,-9.967959672212600708e-02,-9.538929164409637451e-02,1.164096966385841370e-01,-2.056189328432083130e-01,6.671389192342758179e-02
4.044270298952858056e+00,-7.508145656478075747e-01,5.179623705645403087e-01,9.956543445587158203e-01,4.836143180727958679e-02,-2.440384030342102051e-02,-7.575037330389022827e-02,0.000000000000000000e+00,0.000000000000000000e+00,0.000000000000000000e+00,-1.100000000000000089e+00,2.000000000000000111e-01,-5.000000000000000000e-01,0.000000000000000000e+00,1.100000000000000089e+00,2.000000000000000111e-01,5.000000000000000000e-01,2.080634683370590210e-01,-6.238099187612533569e-02,1.423695832490921021e-01,9.149219989776611328e-01,1.995989680290222168e-01,5.334272980690002441e-02,-3.679405152797698975e-01,-8.084998279809951782e-02,-9.121873229742050171e-02,1.405947804450988770e-01,-1.598465442657470703e-01,7.394515722990036011e-02
4.087013385701512291e+00,-7.593980157002808706e-01,5.062279018759728855e-01,9.965265393257141113e-01,1.541075110435485840e-02,-2.032490819692611694e-02,-7.927332073450088501e-02,0.000000000000000000e+00,0.000000000000000000e+00,0.000000000000000000e+00,-1.100000000000000089e+00,2.000000000000000111e-01,-5.000000000000000000e-01,0.000000000000000000e+00,1.100000000000000089e+00,2.000000000000000111e-01,5.000000000000000000e-01,1.234572678804397583e-01,7.650326192378997803e-02,1.712396591901779175e-01,1.158423066139221191e+00,2.868767641484737396e-02,6.337220966815948486e-02,-4.831357896327972412e-01,-2.375736366957426071e-03,-8.740135282278060913e-02,4.597200751304626465e-01,1.869664900004863739e-02,-4.159773513674736023e-02
4.127300734594465226e+00,-7.687556694241035604e-01,4.922617006301880926e-01,9.956352114677429199e-01,-1.411981601268053055e-02,-3.636835888028144836e-02,-8.478486537933349609e-02,0.000000000000000000e+00,0.000000000000000000e+00,0.000000000000000000e+00,-1.100000000000000089e+00,2.000000000000000111e-01,-5.000000000000000000e-01,0.000000000000000000e+00,1.100000000000000089e+00,2.000000000000000111e-01,5.000000000000000000e-01,3.722152486443519592e-02,1.841218918561935425e-01,1.540421098470687866e-01,1.385903000831604004e+00,-1.225221306085586548e-01,7.663241028785705566e-02,-5.143663287162780762e-01,5.592874810099601746e-02,-1.098812595009803772e-01,7.791969180107116699e-01,-1.816142201423645020e-01,-1.150906980037689209e-01
4.170194073725077999e+00,-7.773854069039227710e-01,4.850126290569703458e-01,9.953483343124389648e-01,-2.012525498867034912e-02,-5.412291362881660461e-02,-7.711829245090484619e-02,0.000000000000000000e+00,0.000000000000000000e+00,0.000000000000000000e+00,-1.100000000000000089e+00,2.000000000000000111e-01,-5.000000000000000000e-01,0.000000000000000000e+00,1.100000000000000089e+00,2.000000000000000111e-01,5.000000000000000000e-01,-9.002744406461715698e-02,1.896841078996658325e-01,9.439224004745483398e-02,1.535379052162170410e+00,-2.191640585660934448e-01,1.020499020814895630e-01,-4.453372657299041748e-01,5.155992135405540466e-02,-1.305047720670700073e-01,9.382228255271911621e-01,-3.684432804584503174e-01,-1.069614961743354797e-01
4.212559429216716111e+00,-7.850351111052766839e-01,4.828684225512876460e-01,9.959195256233215332e-01,-1.186237297952175140e-02,-6.471160799264907837e-02,-6.177403777837753296e-02,0.000000000000000000e+00,0.000000000000000000e+00,0.000000000000000000e+00,-1.100000000000000089e+00,2.000000000000000111e-01,-5.000000000000000000e-01,0.000000000000000000e+00,1.100000000000000089e+00,2.000000000000000111e-01,5.000000000000000000e-01,-2.405314594507217407e-01,1.550598144531250000e-01,5.947145447134971619e-02,1.585548281669616699e+00,-2.799273729324340820e-01,1.373245865106582642e-01,-3.443017899990081787e-01,1.570711471140384674e-02,-1.480090767145156860e-01,1.009143590927124023e+00,-5.021800994873046875e-01,-9.240083396434783936e-02
4.253256498583489531e+00,-7.924465117976071671e-01,4.853977113713821567e-01,9.963080286979675293e-01,-4.207859747111797333e-03,-6.907832622528076172e-02,-5.080169811844825745e-02,0.000000000000000000e+00,0.000000000000000000e+00,0.000000000000000000e+00,-1.100000000000000089e+00,2.000000000000000111e-01,-5.000000000000000000e-01,0.000000000000000000e+00,1.100000000000000089e+00,2.000000000000000111e-01,5.000000000000000000e-01,-3.741214275360107422e-01,1.257794052362442017e-01,5.926025658845901489e-02,1.515017032623291016e+00,-3.084148168563842773e-01,1.722058504819869995e-01,-2.359590679407119751e-01,-7.601414341479539871e-03,-1.664160937070846558e-01,1.017459869384765625e+00,-5.606477260589599609e-01,-9.002413600683212280e-02
4.294342285402947823e+00,-7.990076940382522253e-01,4.922816131098403658e-01,9.963737726211547852e-01,3.490024246275424957e-04,-7.217137515544891357e-02,-4.506089165806770325e-02,0.000000000000000000e+00,0.000000000000000000e+00,0.000000000000000000e+00,-1.100000000000000089e+00,2.000000000000000111e-01,-5.000000000000000000e-01,0.000000000000000000e+00,1.100000000000000089e+00,2.000000000000000111e-01,5.000000000000000000e-01,-4.512858092784881592e-01,7.349409162998199463e-02,5.263023078441619873e-02,1.310522198677062988e+00,-2.989677190780639648e-01,1.752198338508605957e-01,-1.256781965494155884e-01,-1.852161437273025513e-02,-1.806006878614425659e-01,9.986948370933532715e-01,-5.358622074127197266e-01,-9.308373928070068359e-02
4.335788354815708345e+00,-8.050484052590199946e-01,5.019576645559735706e-01,9.964019060134887695e-01,2.993204630911350250e-03,-7.435675710439682007e-02,-4.056343436241149902e-02,0.000000000000000000e+00,0.000000000000000000e+00,0.000000000000000000e+00,-1.100000000000000089e+00,2.000000000000000111e-01,-5.000000000000000000e-01,0.000000000000000000e+00,1.100000000000000089e+00,2.000000000000000111e-01,5.000000000000000000e-01,-4.596258401870727539e-01,1.712230779230594635e-02,3.984406217932701111e-02,9.841129183769226074e-01,-2.411021441221237183e-01,1.401449292898178101e-01,-3.118098154664039612e-02,-2.992260456085205078e-02,-1.936308741569519043e-01,9.867075085639953613e-01,-4.252257347106933594e-01,-9.000615030527114868e-02
4.379618751812312638e+00,-8.126605463648837180e-01,5.095011419388983942e-01,9.962968826293945312e-01,-3.214956726878881454e-03,-7.758206129074096680e-02,-3.692079707980155945e-02,0.000000000000000000e+00,0.000000000000000000e+00,0.000000000000000000e+00,-1.100000000000000089e+00,2.000000000000000111e-01,-5.000000000000000000e-01,0.000000000000000000e+00,1.100000000000000089e+00,2.000000000000000111e-01,5.000000000000000000e-01,-4.016578793525695801e-01,-6.776999682188034058e-03,3.248438239097595215e-02,5.605837702751159668e-01,-1.517106592655181885e-01,7.575779408216476440e-02,4.774589091539382935e-02,-1.709218136966228485e-02,-2.035787850618362427e-01,9.860929846763610840e-01,-2.604569792747497559e-01,-6.388372927904129028e-02
4.423982625545727743e+00,-8.197225698787307113e-01,5.107972706854344569e-01,9.950901865959167480e-01,-3.002562746405601501e-02,-8.405435085296630859e-02,-4.276478663086891174e-02,0.000000000000000000e+00,0.000000000000000000e+00,0.000000000000000000e+00,-1.100000000000000089e+00,2.000000000000000111e-01,-5.000000000000000000e-01,0.000000000000000000e+00,1.100000000000000089e+00,2.000000000000000111e-01,5.000000000000000000e-01,-2.929753065109252930e-01,2.368355542421340942e-02,8.434944786131381989e-03,1.518949419260025024e-01,-9.326269477605819702e-02,-3.843374550342559814e-02,1.111367642879486084e-01,3.989374637603759766e-02,-2.105852216482162476e-01,1.006875395774841309e+00,-1.099279522895812988e-01,-2.654415182769298553e-02
