0.000000000000000000e+00,0.000000000000000000e+00,4.969362941188643634e-01,9.957731962203979492e-01,-1.984474249184131622e-02,8.951439708471298218e-02,-5.397870671004056931e-03,0.000000000000000000e+00,0.000000000000000000e+00,0.000000000000000000e+00,-1.100000000000000089e+00,2.000000000000000111e-01,-5.000000000000000000e-01,0.000000000000000000e+00,1.100000000000000089e+00,2.000000000000000111e-01,5.000000000000000000e-01,-6.254773139953613281e-01,2.759752273559570312e-01,1.429640948772430420e-01,1.651983499526977539e+00,-2.274991124868392944e-01,1.614883989095687866e-01,-3.628698289394378662e-01,-5.752053856849670410e-02,-1.368117183446884155e-01,8.999530076980590820e-01,-7.240142822265625000e-01,5.350071191787719727e-02
6.132346798298936308e-02,-3.510171463336757280e-03,5.007379674053553664e-01,9.958437085151672363e-01,4.463738296180963516e-03,9.001994132995605469e-02,-1.310912240296602249e-02,0.000000000000000000e+00,0.000000000000000000e+00,0.000000000000000000e+00,-1.100000000000000089e+00,2.000000000000000111e-01,-5.000000000000000000e-01,0.000000000000000000e+00,1.100000000000000089e+00,2.000000000000000111e-01,5.000000000000000000e-01,-8.306571245193481445e-01,2.241290360689163208e-01,2.239280939102172852e-01,1.499112844467163086e+00,-2.430051118135452271e-01,1.832842975854873657e-01,-1.834378391504287720e-01,-9.706373512744903564e-02,-1.176047697663307190e-01,7.873942852020263672e-01,-7.345986366271972656e-01,7.090013474225997925e-02
1.177446690457637918e-01,-4.794929147030072003e-03,5.031561760596855448e-01,9.942049980163574219e-01,3.394861891865730286e-02,9.882076084613800049e-02,-2.526455745100975037e-02,0.000000000000000000e+00,0.000000000000000000e+00,0.000000000000000000e+00,-1.100000000000000089e+00,2.000000000000000111e-01,-5.000000000000000000e-01,0.000000000000000000e+00,1.100000000000000089e+00,2.000000000000000111e-01,5.000000000000000000e-01,-9.459890723228454590e-01,1.941853314638137817e-01,3.389809131622314453e-01,1.185791015625000000e+00,-2.167735695838928223e-01,1.766815930604934692e-01,-1.440805289894342422e-02,-1.537941992282867432e-01,-8.426606655120849609e-02,6.473427414894104004e-01,-6.728655695915222168e-01,1.063967496156692505e-01
1.793723489479585320e-01,-5.857070718017040600e-03,5.038795668428593943e-01,9.919061660766601562e-01,4.597701504826545715e-02,1.087734475731849670e-01,-4.665318131446838379e-02,0.000000000000000000e+00,0.000000000000000000e+00,0.000000000000000000e+00,-1.100000000000000089e+00,2.000000000000000111e-01,-5.000000000000000000e-01,0.000000000000000000e+00,1.100000000000000089e+00,2.000000000000000111e-01,5.000000000000000000e-01,-9.764902591705322266e-01,1.632547229528427124e-01,4.062643945217132568e-01,7.522433996200561523e-01,-1.535955518484115601e-01,1.339471936225891113e-01,1.387958973646163940e-01,-1.697464138269424438e-01,-2.988512627780437469e-02,5.040873885154724121e-01,-4.981732964515686035e-01,1.345832496881484985e-01
2.516076497722303795e-01,-7.602806822067563475e-03,5.003439907571582967e-01,9.905089139938354492e-01,3.629119321703910828e-02,1.060579568147659302e-01,-7.954109460115432739e-02,0.000000000000000000e+00,0.000000000000000000e+00,0.000000000000000000e+00,-1.100000000000000089e+00,2.000000000000000111e-01,-5.000000000000000000e-01,0.000000000000000000e+00,1.100000000000000089e+00,2.000000000000000111e-01,5.000000000000000000e-01,-9.269014000892639160e-01,1.529481858015060425e-01,4.261577725410461426e-01,3.283715546131134033e-01,-1.243862882256507874e-01,6.535203009843826294e-02,3.037834763526916504e-01,-1.651516705751419067e-01,2.789746038615703583e-02,3.841935396194458008e-01,-2.346649765968322754e-01,1.502334326505661011e-01
3.302947801129534899e-01,-1.014625325827210600e-02,4.956016146655034538e-01,9.887727499008178711e-01,1.001569535583257675e-02,1.010564714670181274e-01,-1.096164137125015259e-01,0.000000000000000000e+00,0.000000000000000000e+00,0.000000000000000000e+00,-1.100000000000000089e+00,2.000000000000000111e-01,-5.000000000000000000e-01,0.000000000000000000e+00,1.100000000000000089e+00,2.000000000000000111e-01,5.000000000000000000e-01,-9.035491347312927246e-01,2.059755474328994751e-01,3.636939227581024170e-01,2.168530225753784180e-01,-1.470736265182495117e-01,1.770218461751937866e-02,4.350367784500122070e-01,-1.492472141981124878e-01,6.302773952484130859e-02,3.012769818305969238e-01,7.697080820798873901e-02,1.337843239307403564e-01
4.031100848140288795e-01,-1.149844347687457163e-02,4.896993553781449071e-01,9.884159564971923828e-01,1.011303998529911041e-02,1.059195697307586670e-01,-1.082248687744140625e-01,0.000000000000000000e+00,0.000000000000000000e+00,0.000000000000000000e+00,-1.100000000000000089e+00,2.000000000000000111e-01,-5.000000000000000000e-01,0.000000000000000000e+00,1.100000000000000089e+00,2.000000000000000111e-01,5.000000000000000000e-01,-8.614355921745300293e-01,1.866284012794494629e-01,3.224664330482482910e-01,2.903531491756439209e-01,-1.033742502331733704e-01,4.073485732078552246e-02,4.450048506259918213e-01,-1.457767933607101440e-01,9.228263795375823975e-02,4.137814640998840332e-01,2.493714243173599243e-01,1.531545668840408325e-01
4.674356473828054082e-01,-1.328227353969006069e-02,4.879412205728015373e-01,9.900095462799072266e-01,3.114511631429195404e-02,1.054173260927200317e-01,-8.830797672271728516e-02,0.000000000000000000e+00,0.000000000000000000e+00,0.000000000000000000e+00,-1.100000000000000089e+00,2.000000000000000111e-01,-5.000000000000000000e-01,0.000000000000000000e+00,1.100000000000000089e+00,2.000000000000000111e-01,5.000000000000000000e-01,-9.148380160331726074e-01,1.375572681427001953e-01,2.801733613014221191e-01,5.929735898971557617e-01,2.312476187944412231e-02,1.277167499065399170e-01,3.485272824764251709e-01,-1.453095078468322754e-01,1.193537786602973938e-01,7.124352455139160156e-01,2.597449719905853271e-01,1.776205748319625854e-01
5.244115878276601750e-01,-1.552235401244928675e-02,4.912639272017310099e-01,9.927924275398254395e-01,4.926399141550064087e-02,8.692998439073562622e-02,-6.617728620767593384e-02,0.000000000000000000e+00,0.000000000000000000e+00,0.000000000000000000e+00,-1.100000000000000089e+00,2.000000000000000111e-01,-5.000000000000000000e-01,0.000000000000000000e+00,1.100000000000000089e+00,2.000000000000000111e-01,5.000000000000000000e-01,-8.303859829902648926e-01,8.129633963108062744e-02,2.911614477634429932e-01,7.767515778541564941e-01,-1.094047576189041138e-01,1.171292811632156372e-01,2.082172930240631104e-01,-1.371795088052749634e-01,1.330777555704116821e-01,1.024829149246215820e+00,1.526985317468643188e-01,1.893905699253082275e-01
5.816508021608295387e-01,-1.816415448306184927e-02,4.971667677593050727e-01,9.930250644683837891e-01,7.160319387912750244e-02,7.448329776525497437e-02,-5.680098384618759155e-02,0.000000000000000000e+00,0.000000000000000000e+00,0.000000000000000000e+00,-1.100000000000000089e+00,2.000000000000000111e-01,-5.000000000000000000e-01,0.000000000000000000e+00,1.100000000000000089e+00,2.000000000000000111e-01,5.000000000000000000e-01,-6.835212707519531250e-01,4.307640716433525085e-03,3.130994141101837158e-01,8.204419016838073730e-01,-2.769157588481903076e-01,1.027872115373611450e-01,-1.610376499593257904e-02,-1.929162740707397461e-01,1.332213431596755981e-01,1.308291435241699219e+00,-5.975082144141197205e-02,1.572387665510177612e-01
6.440172349876074342e-01,-2.100343631947356599e-02,5.051258517041652407e-01,9.930135607719421387e-01,7.257158309221267700e-02,6.777832657098770142e-02,-6.374625116586685181e-02,0.000000000000000000e+00,0.000000000000000000e+00,0.000000000000000000e+00,-1.100000000000000089e+00,2.000000000000000111e-01,-5.000000000000000000e-01,0.000000000000000000e+00,1.100000000000000089e+00,2.000000000000000111e-01,5.000000000000000000e-01,-5.057878494262695312e-01,-2.685438655316829681e-02,3.201935291290283203e-01,7.951883673667907715e-01,-4.158579707145690918e-01,8.321793377399444580e-02,-2.779015600681304932e-01,-2.645093202590942383e-01,9.348891675472259521e-02,1.479311943054199219e+00,-2.336101830005645752e-01,4.850423708558082581e-02
7.084333926713978213e-01,-2.443353262071432108e-02,5.126216217679808729e-01,9.934361577033996582e-01,5.828543379902839661e-02,6.306253373622894287e-02,-7.556828856468200684e-02,0.000000000000000000e+00,0.000000000000000000e+00,0.000000000000000000e+00,-1.100000000000000089e+00,2.000000000000000111e-01,-5.000000000000000000e-01,0.000000000000000000e+00,1.100000000000000089e+00,2.000000000000000111e-01,5.000000000000000000e-01,-3.057807087898254395e-01,-2.478042989969253540e-02,3.197971880435943604e-01,7.119372487068176270e-01,-5.048380494117736816e-01,5.735715478658676147e-02,-5.113679766654968262e-01,-2.644442319869995117e-01,3.768178448081016541e-02,1.487253069877624512e+00,-3.188717365264892578e-01,-5.003314092755317688e-02
7.721778926211926297e-01,-2.891068860681520608e-02,5.176337072396217653e-01,9.937978982925415039e-01,3.797128424048423767e-02,6.271462887525558472e-02,-8.361118286848068237e-02,0.000000000000000000e+00,0.000000000000000000e+00,0.000000000000000000e+00,-1.100000000000000089e+00,2.000000000000000111e-01,-5.000000000000000000e-01,0.000000000000000000e+00,1.100000000000000089e+00,2.000000000000000111e-01,5.000000000000000000e-01,-1.131867319345474243e-01,-7.770652417093515396e-03,3.156983256340026855e-01,5.918964147567749023e-01,-5.216670036315917969e-01,4.312174767255783081e-02,-6.803829669952392578e-01,-2.075877487659454346e-01,-4.606323689222335815e-02,1.330749511718750000e+00,-3.255731761455535889e-01,-7.805908471345901489e-02
8.370528801015079123e-01,-3.482743294034718051e-02,5.197166890568203357e-01,9.942331314086914062e-01,1.915325969457626343e-02,6.747649610042572021e-02,-8.112096041440963745e-02,0.000000000000000000e+00,0.000000000000000000e+00,0.000000000000000000e+00,-1.100000000000000089e+00,2.000000000000000111e-01,-5.000000000000000000e-01,0.000000000000000000e+00,1.100000000000000089e+00,2.000000000000000111e-01,5.000000000000000000e-01,6.449545919895172119e-02,7.353588007390499115e-03,2.991104722023010254e-01,4.627380669116973877e-01,-4.522986412048339844e-01,2.520275861024856567e-02,-7.727316617965698242e-01,-1.487693488597869873e-01,-1.413589417934417725e-01,1.029999971389770508e+00,-2.807185351848602295e-01,-7.207342982292175293e-02
9.045290517961286358e-01,-4.162351455200802297e-02,5.177532413075066620e-01,9.952542781829833984e-01,7.142242975533008575e-03,7.248768210411071777e-02,-6.452479213476181030e-02,0.000000000000000000e+00,0.000000000000000000e+00,0.000000000000000000e+00,-1.100000000000000089e+00,2.000000000000000111e-01,-5.000000000000000000e-01,0.000000000000000000e+00,1.100000000000000089e+00,2.000000000000000111e-01,5.000000000000000000e-01,2.477810531854629517e-01,1.815270632505416870e-02,2.696063518524169922e-01,3.345355391502380371e-01,-3.155153095722198486e-01,-1.187593303620815277e-02,-7.873308658599853516e-01,-7.431589066982269287e-02,-1.451161056756973267e-01,6.130507588386535645e-01,-1.985856592655181885e-01,-3.676246479153633118e-02
9.781806382600858329e-01,-4.898796944624998762e-02,5.104433946740446482e-01,9.972261786460876465e-01,1.335341110825538635e-02,6.662257760763168335e-02,-3.038137219846248627e-02,0.000000000000000000e+00,0.000000000000000000e+00,0.000000000000000000e+00,-1.100000000000000089e+00,2.000000000000000111e-01,-5.000000000000000000e-01,0.000000000000000000e+00,1.100000000000000089e+00,2.000000000000000111e-01,5.000000000000000000e-01,4.359912574291229248e-01,1.639939285814762115e-02,2.288902848958969116e-01,1.955303102731704712e-01,-1.159704029560089111e-01,-5.186809971928596497e-02,-7.564504146575927734e-01,-5.809122323989868164e-02,-6.382436305284500122e-02,2.410349398851394653e-01,-1.117984279990196228e-01,3.125663101673126221e-02
1.055904105622133216e+00,-5.692464334833802209e-02,5.024097835836988102e-01,9.978666901588439941e-01,2.426750957965850830e-02,6.060513108968734741e-02,-5.047761369496583939e-04,0.000000000000000000e+00,0.000000000000000000e+00,0.000000000000000000e+00,-1.100000000000000089e+00,2.000000000000000111e-01,-5.000000000000000000e-01,0.000000000000000000e+00,1.100000000000000089e+00,2.000000000000000111e-01,5.000000000000000000e-01,5.690445899963378906e-01,3.175371512770652771e-02,1.796324104070663452e-01,1.322912424802780151e-01,1.118710115551948547e-01,-8.390134572982788086e-02,-7.392091155052185059e-01,-1.043873727321624756e-01,-7.108463346958160400e-02,1.483687907457351685e-01,-1.091141328215599060e-01,9.470979124307632446e-02
1.129988406242219634e+00,-6.505155868809482655e-02,4.981795065518882515e-01,9.967533946037292480e-01,9.358976036310195923e-03,7.975719869136810303e-02,-5.818587262183427811e-03,0.000000000000000000e+00,0.000000000000000000e+00,0.000000000000000000e+00,-1.100000000000000089e+00,2.000000000000000111e-01,-5.000000000000000000e-01,0.000000000000000000e+00,1.100000000000000089e+00,2.000000000000000111e-01,5.000000000000000000e-01,5.450939536094665527e-01,8.437882363796234131e-02,1.703524440526962280e-01,2.765030562877655029e-01,3.023546338081359863e-01,-1.285947710275650024e-01,-7.996215820312500000e-01,-5.706557258963584900e-02,-9.114849567413330078e-02,3.424163758754730225e-01,-7.556279748678207397e-02,2.483203634619712830e-02
1.199306872365526022e+00,-7.232250173642026936e-02,4.922548683612334441e-01,9.974349141120910645e-01,-2.350775059312582016e-03,6.948953866958618164e-02,-1.700799167156219482e-02,0.000000000000000000e+00,0.000000000000000000e+00,0.000000000000000000e+00,-1.100000000000000089e+00,2.000000000000000111e-01,-5.000000000000000000e-01,0.000000000000000000e+00,1.100000000000000089e+00,2.000000000000000111e-01,5.000000000000000000e-01,4.503604471683502197e-01,1.327221691608428955e-01,1.737074851989746094e-01,6.542041897773742676e-01,3.189895749092102051e-01,-1.194235906004905701e-01,-8.786745667457580566e-01,-1.776933670043945312e-02,-6.410381197929382324e-02,7.785980105400085449e-01,-1.327899992465972900e-01,-8.312951028347015381e-02
1.260579728320466941e+00,-7.904843129894950637e-02,4.917323064375104247e-01,9.988811016082763672e-01,-6.322010885924100876e-03,4.359081387519836426e-02,-1.721602492034435272e-02,0.000000000000000000e+00,0.000000000000000000e+00,0.000000000000000000e+00,-1.100000000000000089e+00,2.000000000000000111e-01,-5.000000000000000000e-01,0.000000000000000000e+00,1.100000000000000089e+00,2.000000000000000111e-01,5.000000000000000000e-01,3.248043060302734375e-01,1.927201449871063232e-01,1.998991817235946655e-01,1.007369041442871094e+00,2.060402482748031616e-01,-5.649618804454803467e-02,-7.603620886802673340e-01,-1.398005150258541107e-02,-6.768322736024856567e-02,9.917747378349304199e-01,-3.571198880672454834e-01,-5.769046023488044739e-02
1.315260647877373623e+00,-8.575861466653419973e-02,4.932500029701475941e-01,9.991857409477233887e-01,-1.689028739929199219e-02,3.535253182053565979e-02,-9.629703126847743988e-03,0.000000000000000000e+00,0.000000000000000000e+00,0.000000000000000000e+00,-1.100000000000000089e+00,2.000000000000000111e-01,-5.000000000000000000e-01,0.000000000000000000e+00,1.100000000000000089e+00,2.000000000000000111e-01,5.000000000000000000e-01,9.972775727510452271e-02,2.879305183887481689e-01,1.939903199672698975e-01,1.315590381622314453e+00,2.719772607088088989e-02,4.369001463055610657e-02,-6.086024641990661621e-01,-1.202202052809298038e-03,-1.103227734565734863e-01,1.049065589904785156e+00,-5.356207489967346191e-01,-4.381216317415237427e-02
1.374503791278435250e+00,-9.276960537063354273e-02,4.959810180390121781e-01,9.992914795875549316e-01,-2.064541168510913849e-02,3.130570799112319946e-02,-3.205860964953899384e-03,0.000000000000000000e+00,0.000000000000000000e+00,0.000000000000000000e+00,-1.100000000000000089e+00,2.000000000000000111e-01,-5.000000000000000000e-01,0.000000000000000000e+00,1.100000000000000089e+00,2.000000000000000111e-01,5.000000000000000000e-01,-1.691000610589981079e-01,3.282506167888641357e-01,1.791151016950607300e-01,1.503185153007507324e+00,-1.553269475698471069e-01,1.302878707647323608e-01,-4.271891415119171143e-01,1.501362584531307220e-02,-1.348563432693481445e-01,1.019101619720458984e+00,-6.477810144424438477e-01,-2.182560414075851440e-02
1.431967666549890383e+00,-9.765403975102336653e-02,5.013248012071908066e-01,9.995189905166625977e-01,-1.018888503313064575e-02,2.928730659186840057e-02,5.517321405932307243e-04,0.000000000000000000e+00,0.000000000000000000e+00,0.000000000000000000e+00,-1.100000000000000089e+00,2.000000000000000111e-01,-5.000000000000000000e-01,0.000000000000000000e+00,1.100000000000000089e+00,2.000000000000000111e-01,5.000000000000000000e-01,-4.269968867301940918e-01,2.999124228954315186e-01,1.874393969774246216e-01,1.518271923065185547e+00,-2.386132180690765381e-01,1.888347417116165161e-01,-2.255432903766632080e-01,7.612435147166252136e-03,-1.369078010320663452e-01,9.229263663291931152e-01,-6.927620768547058105e-01,-6.453983485698699951e-03
1.495066541367483293e+00,-1.013915657173051904e-01,5.078027671236883256e-01,9.993194937705993652e-01,1.335335429757833481e-02,3.434884548187255859e-02,1.554374117404222488e-03,0.000000000000000000e+00,0.000000000000000000e+00,0.000000000000000000e+00,-1.100000000000000089e+00,2.000000000000000111e-01,-5.000000000000000000e-01,0.000000000000000000e+00,1.100000000000000089e+00,2.000000000000000111e-01,5.000000000000000000e-01,-6.245056390762329102e-01,2.380521893501281738e-01,2.457958012819290161e-01,1.360727071762084961e+00,-2.521349489688873291e-01,2.062712758779525757e-01,-3.227693587541580200e-02,-3.447866812348365784e-02,-1.296677142381668091e-01,7.892314195632934570e-01,-6.662281155586242676e-01,1.317037828266620636e-02
1.561491112203685416e+00,-1.050480356280023980e-01,5.140215695626807468e-01,9.981003403663635254e-01,3.937225788831710815e-02,4.737804830074310303e-02,-9.658057242631912231e-04,0.000000000000000000e+00,0.000000000000000000e+00,0.000000000000000000e+00,-1.100000000000000089e+00,2.000000000000000111e-01,-5.000000000000000000e-01,0.000000000000000000e+00,1.100000000000000089e+00,2.000000000000000111e-01,5.000000000000000000e-01,-7.348479032516479492e-01,1.779864132404327393e-01,3.411299586296081543e-01,1.038914322853088379e+00,-2.092517018318176270e-01,1.750683039426803589e-01,1.266533285379409790e-01,-8.038530498743057251e-02,-1.031369864940643311e-01,6.599758267402648926e-01,-5.252570509910583496e-01,3.699895367026329041e-02
1.633149440060134516e+00,-1.088784506506841748e-01,5.168217973064894721e-01,9.973374009132385254e-01,4.275437444448471069e-02,5.746208503842353821e-02,-1.372161041945219040e-02,0.000000000000000000e+00,0.000000000000000000e+00,0.000000000000000000e+00,-1.100000000000000089e+00,2.000000000000000111e-01,-5.000000000000000000e-01,0.000000000000000000e+00,1.100000000000000089e+00,2.000000000000000111e-01,5.000000000000000000e-01,-7.418385148048400879e-01,1.141094043850898743e-01,3.940494656562805176e-01,5.590749382972717285e-01,-1.259706914424896240e-01,7.400244474411010742e-02,2.641829848289489746e-01,-7.245492190122604370e-02,-4.999392852187156677e-02,5.494422912597656250e-01,-2.607922852039337158e-01,3.449684754014015198e-02
1.704760435913322603e+00,-1.124854399342880146e-01,5.140427444062449780e-01,9.971507787704467773e-01,1.590467989444732666e-02,5.704754218459129333e-02,-4.672231152653694153e-02,0.000000000000000000e+00,0.000000000000000000e+00,0.000000000000000000e+00,-1.100000000000000089e+00,2.000000000000000111e-01,-5.000000000000000000e-01,0.000000000000000000e+00,1.100000000000000089e+00,2.000000000000000111e-01,5.000000000000000000e-01,-6.916286945343017578e-01,1.151629239320755005e-01,3.881882727146148682e-01,1.297779530286788940e-01,-6.796301156282424927e-02,-6.653518974781036377e-02,4.126619994640350342e-01,-2.526418492197990417e-02,3.320877254009246826e-02,4.340207576751708984e-01,5.298188701272010803e-02,2.190098166465759277e-02
1.781374673627015959e+00,-1.162164369904708922e-01,5.099755551891796967e-01,9.950022101402282715e-01,-5.310539156198501587e-03,6.193916127085685730e-02,-7.814078032970428467e-02,0.000000000000000000e+00,0.000000000000000000e+00,0.000000000000000000e+00,-1.100000000000000089e+00,2.000000000000000111e-01,-5.000000000000000000e-01,0.000000000000000000e+00,1.100000000000000089e+00,2.000000000000000111e-01,5.000000000000000000e-01,-8.028120994567871094e-01,1.868450939655303955e-01,2.670143246650695801e-01,2.702333629131317139e-01,-1.638498306274414062e-01,-5.854749307036399841e-02,5.118302106857299805e-01,-1.226645521819591522e-02,1.023724973201751709e-01,3.615971505641937256e-01,3.124037683010101318e-01,5.812621489167213440e-02
1.854268948038795495e+00,-1.184842212168932679e-01,4.998907660662826880e-01,9.943439364433288574e-01,3.403601236641407013e-03,6.556337326765060425e-02,-8.348717540502548218e-02,0.000000000000000000e+00,0.000000000000000000e+00,0.000000000000000000e+00,-1.100000000000000089e+00,2.000000000000000111e-01,-5.000000000000000000e-01,0.000000000000000000e+00,1.100000000000000089e+00,2.000000000000000111e-01,5.000000000000000000e-01,-7.540630698204040527e-01,1.521518379449844360e-01,2.376335561275482178e-01,3.317105472087860107e-01,-1.228339001536369324e-01,-2.965216897428035736e-02,5.139271020889282227e-01,-1.561165973544120789e-02,1.322764903306961060e-01,5.050398707389831543e-01,2.944102883338928223e-01,1.366061270236968994e-01
1.922243351346690998e+00,-1.202446914829238406e-01,4.946442626205959647e-01,9.947050809860229492e-01,3.591360896825790405e-02,6.082611158490180969e-02,-7.464706897735595703e-02,0.000000000000000000e+00,0.000000000000000000e+00,0.000000000000000000e+00,-1.100000000000000089e+00,2.000000000000000111e-01,-5.000000000000000000e-01,0.000000000000000000e+00,1.100000000000000089e+00,2.000000000000000111e-01,5.000000000000000000e-01,-8.015358448028564453e-01,8.680737763643264771e-02,2.099602520465850830e-01,6.591626405715942383e-01,1.773427589796483517e-03,8.220967650413513184e-02,3.741425871849060059e-01,-6.532595306634902954e-02,1.000330522656440735e-01,8.636472225189208984e-01,1.136525794863700867e-01,1.511704474687576294e-01
1.991175023660891608e+00,-1.228847066235888436e-01,4.971902676837312018e-01,9.944699406623840332e-01,7.156238704919815063e-02,4.034096002578735352e-02,-6.542868912220001221e-02,0.000000000000000000e+00,0.000000000000000000e+00,0.000000000000000000e+00,-1.100000000000000089e+00,2.000000000000000111e-01,-5.000000000000000000e-01,0.000000000000000000e+00,1.100000000000000089e+00,2.000000000000000111e-01,5.000000000000000000e-01,-6.720565557479858398e-01,8.628549985587596893e-04,2.463398724794387817e-01,7.664798498153686523e-01,-1.639577150344848633e-01,7.588798552751541138e-02,1.855339407920837402e-01,-1.353169083595275879e-01,9.322952479124069214e-02,1.166917085647583008e+00,-9.376152604818344116e-02,1.315629631280899048e-01
2.053241894730188033e+00,-1.259021633507853011e-01,5.042441893451743429e-01,9.937621355056762695e-01,7.495866715908050537e-02,3.068322315812110901e-02,-7.665895670652389526e-02,0.000000000000000000e+00,0.000000000000000000e+00,0.000000000000000000e+00,-1.100000000000000089e+00,2.000000000000000111e-01,-5.000000000000000000e-01,0.000000000000000000e+00,1.100000000000000089e+00,2.000000000000000111e-01,5.000000000000000000e-01,-5.119093060493469238e-01,-2.187778800725936890e-02,2.675550580024719238e-01,7.863110899925231934e-01,-3.316126465797424316e-01,6.091902032494544983e-02,-7.597684860229492188e-02,-1.759181320667266846e-01,7.445875555276870728e-02,1.382744193077087402e+00,-2.588307261466979980e-01,4.364061355590820312e-02
2.110723540262516629e+00,-1.292953282336921084e-01,5.133155338473692764e-01,9.925963282585144043e-01,7.247919589281082153e-02,2.685699611902236938e-02,-9.369074553251266479e-02,0.000000000000000000e+00,0.000000000000000000e+00,0.000000000000000000e+00,-1.100000000000000089e+00,2.000000000000000111e-01,-5.000000000000000000e-01,0.000000000000000000e+00,1.100000000000000089e+00,2.000000000000000111e-01,5.000000000000000000e-01,-3.118761479854583740e-01,-4.330834746360778809e-02,2.890532016754150391e-01,6.907529830932617188e-01,-4.238922894001007080e-01,5.062296241521835327e-02,-3.388912379741668701e-01,-1.506330221891403198e-01,7.313552498817443848e-02,1.434351563453674316e+00,-3.396804630756378174e-01,-1.335543114691972733e-03
2.168825318076168074e+00,-1.345361642947777714e-01,5.209194201712656902e-01,9.925745725631713867e-01,5.116206035017967224e-02,2.410001307725906372e-02,-1.076908335089683533e-01,0.000000000000000000e+00,0.000000000000000000e+00,0.000000000000000000e+00,-1.100000000000000089e+00,2.000000000000000111e-01,-5.000000000000000000e-01,0.000000000000000000e+00,1.100000000000000089e+00,2.000000000000000111e-01,5.000000000000000000e-01,-9.722501039505004883e-02,-2.906674891710281372e-02,2.911994457244873047e-01,5.509788393974304199e-01,-4.610166549682617188e-01,1.964871212840080261e-02,-5.212672352790832520e-01,-6.483034044504165649e-02,2.389928884804248810e-02,1.277145385742187500e+00,-3.261024355888366699e-01,-1.325443293899297714e-02
2.232136439561016150e+00,-1.413667224960947211e-01,5.251145718743404078e-01,9.932391047477722168e-01,2.839187346398830414e-02,2.582446858286857605e-02,-1.095587089657783508e-01,0.000000000000000000e+00,0.000000000000000000e+00,0.000000000000000000e+00,-1.100000000000000089e+00,2.000000000000000111e-01,-5.000000000000000000e-01,0.000000000000000000e+00,1.100000000000000089e+00,2.000000000000000111e-01,5.000000000000000000e-01,1.045243367552757263e-01,-1.607699319720268250e-02,2.743894457817077637e-01,3.873999416828155518e-01,-4.184123873710632324e-01,-1.178717147558927536e-02,-6.144927740097045898e-01,-1.489955559372901917e-02,-6.836419552564620972e-02,9.580724835395812988e-01,-2.788697481155395508e-01,-2.566830720752477646e-03
2.300519891023410146e+00,-1.480962123386938001e-01,5.226688774426777595e-01,9.953337311744689941e-01,1.998454146087169647e-02,3.265722841024398804e-02,-8.857133984565734863e-02,0.000000000000000000e+00,0.000000000000000000e+00,0.000000000000000000e+00,-1.100000000000000089e+00,2.000000000000000111e-01,-5.000000000000000000e-01,0.000000000000000000e+00,1.100000000000000089e+00,2.000000000000000111e-01,5.000000000000000000e-01,2.978743314743041992e-01,-2.483470924198627472e-02,2.305509299039840698e-01,2.277321219444274902e-01,-3.099488019943237305e-01,-4.272930324077606201e-02,-6.463887691497802734e-01,5.479427054524421692e-03,-1.046822667121887207e-01,5.338360071182250977e-01,-2.016685605049133301e-01,2.265662513673305511e-02
2.372744708224152621e+00,-1.557286431821006678e-01,5.139611589795711755e-01,9.979626536369323730e-01,3.850604221224784851e-02,3.280257806181907654e-02,-3.888161107897758484e-02,0.000000000000000000e+00,0.000000000000000000e+00,0.000000000000000000e+00,-1.100000000000000089e+00,2.000000000000000111e-01,-5.000000000000000000e-01,0.000000000000000000e+00,1.100000000000000089e+00,2.000000000000000111e-01,5.000000000000000000e-01,4.575764834880828857e-01,-4.170168936252593994e-02,1.612889766693115234e-01,1.315832734107971191e-01,-1.704452037811279297e-01,-7.212160527706146240e-02,-6.481920480728149414e-01,-6.317821890115737915e-02,-9.308298677206039429e-02,1.519852131605148315e-01,-9.281780570745468140e-02,9.846952557563781738e-02
2.446969925352193709e+00,-1.632612201063470270e-01,5.035538479256810307e-01,9.978654980659484863e-01,5.700590834021568298e-02,2.988601848483085632e-02,1.102934684604406357e-02,0.000000000000000000e+00,0.000000000000000000e+00,0.000000000000000000e+00,-1.100000000000000089e+00,2.000000000000000111e-01,-5.000000000000000000e-01,0.000000000000000000e+00,1.100000000000000089e+00,2.000000000000000111e-01,5.000000000000000000e-01,5.758395791053771973e-01,-1.837085932493209839e-02,8.990065753459930420e-02,1.019257679581642151e-01,-6.749318446964025497e-03,-9.421519935131072998e-02,-7.055117487907409668e-01,-1.629707515239715576e-01,-8.735872060060501099e-02,1.278049796819686890e-01,-1.304508000612258911e-01,1.343743801116943359e-01
2.518195788168320348e+00,-1.705511582349286126e-01,4.952619452631533692e-01,9.963743686676025391e-01,6.689381599426269531e-02,3.636877238750457764e-02,3.795575723052024841e-02,0.000000000000000000e+00,0.000000000000000000e+00,0.000000000000000000e+00,-1.100000000000000089e+00,2.000000000000000111e-01,-5.000000000000000000e-01,0.000000000000000000e+00,1.100000000000000089e+00,2.000000000000000111e-01,5.000000000000000000e-01,5.975418686866760254e-01,1.609808206558227539e-02,6.548769026994705200e-02,1.990075260400772095e-01,1.587826162576675415e-01,-1.155453026294708252e-01,-6.947719454765319824e-01,-2.100904434919357300e-01,-1.100855842232704163e-01,1.365360021591186523e-01,-8.353026956319808960e-02,1.802733838558197021e-01
2.578725116479050783e+00,-1.791180224690323008e-01,4.915218035809018615e-01,9.972448348999023438e-01,3.290170431137084961e-02,5.566834658384323120e-02,3.634801506996154785e-02,0.000000000000000000e+00,0.000000000000000000e+00,0.000000000000000000e+00,-1.100000000000000089e+00,2.000000000000000111e-01,-5.000000000000000000e-01,0.000000000000000000e+00,1.100000000000000089e+00,2.000000000000000111e-01,5.000000000000000000e-01,4.675508737564086914e-01,1.443854719400405884e-01,1.233008950948715210e-01,5.605723261833190918e-01,2.127249240875244141e-01,-1.084059253334999084e-01,-8.619748353958129883e-01,-1.430507898330688477e-01,-9.112944453954696655e-02,5.761651396751403809e-01,-3.699170192703604698e-03,-1.682435534894466400e-02
2.633666611169700023e+00,-1.872594591843509959e-01,4.881425061445645586e-01,9.989759922027587891e-01,1.761463657021522522e-02,2.575157769024372101e-02,3.276496753096580505e-02,0.000000000000000000e+00,0.000000000000000000e+00,0.000000000000000000e+00,-1.100000000000000089e+00,2.000000000000000111e-01,-5.000000000000000000e-01,0.000000000000000000e+00,1.100000000000000089e+00,2.000000000000000111e-01,5.000000000000000000e-01,3.975117504596710205e-01,2.666961252689361572e-01,2.036392539739608765e-01,9.003295302391052246e-01,1.360148638486862183e-01,-3.623392805457115173e-02,-8.139407634735107422e-01,-1.074727252125740051e-01,-9.316973388195037842e-02,8.857672214508056641e-01,-1.579862385988235474e-01,-4.712205007672309875e-02
2.687188643994129933e+00,-1.964089845305289628e-01,4.898740270778988437e-01,9.989884495735168457e-01,1.269514393061399460e-02,-1.671347883529961109e-03,4.310632124543190002e-02,0.000000000000000000e+00,0.000000000000000000e+00,0.000000000000000000e+00,-1.100000000000000089e+00,2.000000000000000111e-01,-5.000000000000000000e-01,0.000000000000000000e+00,1.100000000000000089e+00,2.000000000000000111e-01,5.000000000000000000e-01,2.388721853494644165e-01,3.595229387283325195e-01,2.118868082761764526e-01,1.189700126647949219e+00,3.485773457214236259e-03,7.622237503528594971e-02,-6.770089268684387207e-01,-9.877429157495498657e-02,-1.285253763198852539e-01,1.051942825317382812e+00,-3.842724263668060303e-01,-7.366517186164855957e-02
2.740443956828253036e+00,-2.050717375905375395e-01,4.931649714414820251e-01,9.981468915939331055e-01,6.002682261168956757e-03,-1.708026789128780365e-02,5.809507519006729126e-02,0.000000000000000000e+00,0.000000000000000000e+00,0.000000000000000000e+00,-1.100000000000000089e+00,2.000000000000000111e-01,-5.000000000000000000e-01,0.000000000000000000e+00,1.100000000000000089e+00,2.000000000000000111e-01,5.000000000000000000e-01,9.838484693318605423e-04,3.668549954891204834e-01,1.453342288732528687e-01,1.399137496948242188e+00,-1.534895002841949463e-01,1.494752615690231323e-01,-5.020432472229003906e-01,-7.681517302989959717e-02,-1.875679045915603638e-01,1.076627969741821289e+00,-5.487391948699951172e-01,-7.914482057094573975e-02
2.795386614059333308e+00,-2.122988362568947740e-01,4.972236076825194973e-01,9.974334836006164551e-01,7.578721735626459122e-03,-2.611968107521533966e-02,6.623245030641555786e-02,0.000000000000000000e+00,0.000000000000000000e+00,0.000000000000000000e+00,-1.100000000000000089e+00,2.000000000000000111e-01,-5.000000000000000000e-01,0.000000000000000000e+00,1.100000000000000089e+00,2.000000000000000111e-01,5.000000000000000000e-01,-2.407859265804290771e-01,2.800886929035186768e-01,1.022651493549346924e-01,1.483483195304870605e+00,-2.554148137569427490e-01,1.860603839159011841e-01,-3.106205761432647705e-01,-4.765653237700462341e-02,-2.252963483333587646e-01,1.031173944473266602e+00,-6.553963422775268555e-01,-7.589533925056457520e-02
2.851941880945379815e+00,-2.183234736842639134e-01,5.021414028213481151e-01,9.971987009048461914e-01,2.511869557201862335e-02,-2.882607653737068176e-02,6.428796797990798950e-02,0.000000000000000000e+00,0.000000000000000000e+00,0.000000000000000000e+00,-1.100000000000000089e+00,2.000000000000000111e-01,-5.000000000000000000e-01,0.000000000000000000e+00,1.100000000000000089e+00,2.000000000000000111e-01,5.000000000000000000e-01,-4.223848283290863037e-01,1.750531643629074097e-01,1.519655734300613403e-01,1.410802006721496582e+00,-2.692195177078247070e-01,2.093752622604370117e-01,-1.258642077445983887e-01,-4.579268023371696472e-02,-2.293853908777236938e-01,9.479296207427978516e-01,-7.062413096427917480e-01,-6.957722455263137817e-02
2.908150046474178296e+00,-2.233110420086016346e-01,5.070959010223548002e-01,9.970263838768005371e-01,5.132303014397621155e-02,-2.342271618545055389e-02,5.249542370438575745e-02,0.000000000000000000e+00,0.000000000000000000e+00,0.000000000000000000e+00,-1.100000000000000089e+00,2.000000000000000111e-01,-5.000000000000000000e-01,0.000000000000000000e+00,1.100000000000000089e+00,2.000000000000000111e-01,5.000000000000000000e-01,-5.332599282264709473e-01,8.904465287923812866e-02,2.608935534954071045e-01,1.189870357513427734e+00,-2.346131801605224609e-01,2.017890065908432007e-01,4.332802444696426392e-02,-6.678672134876251221e-02,-2.063857913017272949e-01,8.357068896293640137e-01,-7.021389603614807129e-01,-5.218838900327682495e-02
2.965571572058504746e+00,-2.286360584526802575e-01,5.110324289988387170e-01,9.970223903656005859e-01,6.905879080295562744e-02,-8.489673957228660583e-03,3.324369341135025024e-02,0.000000000000000000e+00,0.000000000000000000e+00,0.000000000000000000e+00,-1.100000000000000089e+00,2.000000000000000111e-01,-5.000000000000000000e-01,0.000000000000000000e+00,1.100000000000000089e+00,2.000000000000000111e-01,5.000000000000000000e-01,-5.768590569496154785e-01,2.981380000710487366e-02,3.822497725486755371e-01,8.226512670516967773e-01,-1.765468120574951172e-01,1.450495570898056030e-01,1.906074583530426025e-01,-6.462030112743377686e-02,-1.565864235162734985e-01,6.865967512130737305e-01,-6.081746816635131836e-01,-3.203552216291427612e-02
3.030742592155707626e+00,-2.357393673227892728e-01,5.119266301867636537e-01,9.985513687133789062e-01,5.366064980626106262e-02,2.991490764543414116e-03,2.586731687188148499e-03,0.000000000000000000e+00,0.000000000000000000e+00,0.000000000000000000e+00,-1.100000000000000089e+00,2.000000000000000111e-01,-5.000000000000000000e-01,0.000000000000000000e+00,1.100000000000000089e+00,2.000000000000000111e-01,5.000000000000000000e-01,-5.498866438865661621e-01,3.601144533604383469e-03,4.619090259075164795e-01,3.495658338069915771e-01,-1.083178445696830750e-01,4.043222218751907349e-02,3.445217907428741455e-01,-1.548435539007186890e-03,-9.305350482463836670e-02,5.124552845954895020e-01,-4.009920656681060791e-01,-2.376275509595870972e-02
3.097680009399173873e+00,-2.433507686401858439e-01,5.090854228927631508e-01,9.991790056228637695e-01,1.302010379731655121e-02,5.437488202005624771e-03,-3.797593340277671814e-02,0.000000000000000000e+00,0.000000000000000000e+00,0.000000000000000000e+00,-1.100000000000000089e+00,2.000000000000000111e-01,-5.000000000000000000e-01,0.000000000000000000e+00,1.100000000000000089e+00,2.000000000000000111e-01,5.000000000000000000e-01,-5.586274862289428711e-01,5.157988518476486206e-02,4.099438190460205078e-01,1.035461872816085815e-01,-9.566564112901687622e-02,-7.160406559705734253e-02,4.941961467266082764e-01,6.966236978769302368e-02,-6.662901490926742554e-03,3.793545663356781006e-01,-1.203570589423179626e-01,7.439519977197051048e-04
3.165840751330434077e+00,-2.498007713073883140e-01,5.053021426566622898e-01,9.981321692466735840e-01,-5.497598554939031601e-03,9.202645160257816315e-03,-6.014355644583702087e-02,0.000000000000000000e+00,0.000000000000000000e+00,0.000000000000000000e+00,-1.100000000000000089e+00,2.000000000000000111e-01,-5.000000000000000000e-01,0.000000000000000000e+00,1.100000000000000089e+00,2.000000000000000111e-01,5.000000000000000000e-01,-5.746194720268249512e-01,7.690668851137161255e-02,3.298771679401397705e-01,1.071920692920684814e-01,-8.304256200790405273e-02,-5.979293584823608398e-02,5.460730791091918945e-01,9.830161929130554199e-02,9.682419151067733765e-02,4.129785001277923584e-01,1.191942542791366577e-01,8.866632729768753052e-02
3.227794191669108415e+00,-2.554564889847780740e-01,5.009663650807406610e-01,9.981137514114379883e-01,1.347959414124488831e-02,1.243023015558719635e-02,-5.858988314867019653e-02,0.000000000000000000e+00,0.000000000000000000e+00,0.000000000000000000e+00,-1.100000000000000089e+00,2.000000000000000111e-01,-5.000000000000000000e-01,0.000000000000000000e+00,1.100000000000000089e+00,2.000000000000000111e-01,5.000000000000000000e-01,-6.012183427810668945e-01,3.363051638007164001e-02,2.811335325241088867e-01,3.167099654674530029e-01,5.441963672637939453e-02,5.802109465003013611e-02,4.551401138305664062e-01,7.132883369922637939e-02,1.204119995236396790e-01,7.136418223381042480e-01,1.094583421945571899e-01,1.796517670154571533e-01
3.282353874866784871e+00,-2.604144125281259159e-01,4.969106767100818223e-01,9.976837038993835449e-01,3.616673871874809265e-02,-9.429995901882648468e-03,-5.683530494570732117e-02,0.000000000000000000e+00,0.000000000000000000e+00,0.000000000000000000e+00,-1.100000000000000089e+00,2.000000000000000111e-01,-5.000000000000000000e-01,0.000000000000000000e+00,1.100000000000000089e+00,2.000000000000000111e-01,5.000000000000000000e-01,-6.271907687187194824e-01,2.462055720388889313e-02,2.729735374450683594e-01,6.928858160972595215e-01,-4.504375159740447998e-02,1.436701118946075439e-01,3.326723873615264893e-01,-2.806493267416954041e-02,6.160414591431617737e-02,1.055306434631347656e+00,-4.888782650232315063e-02,1.797816306352615356e-01
3.333155895237143174e+00,-2.648204200018686172e-01,4.989242797751318181e-01,9.954439401626586914e-01,6.069664284586906433e-02,-3.376529738306999207e-02,-6.532350182533264160e-02,0.000000000000000000e+00,0.000000000000000000e+00,0.000000000000000000e+00,-1.100000000000000089e+00,2.000000000000000111e-01,-5.000000000000000000e-01,0.000000000000000000e+00,1.100000000000000089e+00,2.000000000000000111e-01,5.000000000000000000e-01,-4.992313385009765625e-01,-1.733032613992691040e-02,3.020808100700378418e-01,7.942911982536315918e-01,-2.134623974561691284e-01,1.243988499045372009e-01,1.369602084159851074e-01,-1.374857425689697266e-01,7.874805480241775513e-02,1.328876972198486328e+00,-2.384656965732574463e-01,1.427562087774276733e-01
3.382509058076098363e+00,-2.697155248426427732e-01,5.048879461088264797e-01,9.924287796020507812e-01,6.576409190893173218e-02,-5.132244527339935303e-02,-9.014523774385452271e-02,0.000000000000000000e+00,0.000000000000000000e+00,0.000000000000000000e+00,-1.100000000000000089e+00,2.000000000000000111e-01,-5.000000000000000000e-01,0.000000000000000000e+00,1.100000000000000089e+00,2.000000000000000111e-01,5.000000000000000000e-01,-3.299279808998107910e-01,-2.629744447767734528e-02,3.340260088443756104e-01,7.948917746543884277e-01,-3.472524881362915039e-01,9.207209199666976929e-02,-1.062224581837654114e-01,-1.809254884719848633e-01,1.089979782700538635e-01,1.468969583511352539e+00,-3.568629622459411621e-01,8.649384230375289917e-02
3.432580670901395514e+00,-2.753041265697942497e-01,5.120087138450506448e-01,9.894639849662780762e-01,5.752087011933326721e-02,-6.601713597774505615e-02,-1.153001040220260620e-01,0.000000000000000000e+00,0.000000000000000000e+00,0.000000000000000000e+00,-1.100000000000000089e+00,2.000000000000000111e-01,-5.000000000000000000e-01,0.000000000000000000e+00,1.100000000000000089e+00,2.000000000000000111e-01,5.000000000000000000e-01,-1.324849426746368408e-01,-2.175094187259674072e-02,3.614542484283447266e-01,7.222125530242919922e-01,-4.328668117523193359e-01,5.907232314348220825e-02,-3.086585700511932373e-01,-1.393817514181137085e-01,1.156222522258758545e-01,1.422671079635620117e+00,-3.732888400554656982e-01,5.412954464554786682e-02
3.482592495933099830e+00,-2.819091415476768780e-01,5.177740839966620268e-01,9.876693487167358398e-01,4.385411739349365234e-02,-7.396280765533447266e-02,-1.308266222476959229e-01,0.000000000000000000e+00,0.000000000000000000e+00,0.000000000000000000e+00,-1.100000000000000089e+00,2.000000000000000111e-01,-5.000000000000000000e-01,0.000000000000000000e+00,1.100000000000000089e+00,2.000000000000000111e-01,5.000000000000000000e-01,5.742626637220382690e-02,-1.823716424405574799e-02,3.795599341392517090e-01,6.054040789604187012e-01,-4.631856977939605713e-01,2.688539214432239532e-02,-4.435965120792388916e-01,-1.051341295242309570e-01,4.669909551739692688e-02,1.214797019958496094e+00,-3.446939587593078613e-01,3.520668298006057739e-02
3.534355439008260547e+00,-2.890302206786594108e-01,5.213760494448319571e-01,9.879802465438842773e-01,3.102768212556838989e-02,-7.243050634860992432e-02,-1.329892277717590332e-01,0.000000000000000000e+00,0.000000000000000000e+00,0.000000000000000000e+00,-1.100000000000000089e+00,2.000000000000000111e-01,-5.000000000000000000e-01,0.000000000000000000e+00,1.100000000000000089e+00,2.000000000000000111e-01,5.000000000000000000e-01,2.312632501125335693e-01,-2.223168313503265381e-02,3.831713497638702393e-01,4.632610976696014404e-01,-4.467615485191345215e-01,-2.221418777480721474e-03,-5.014522671699523926e-01,-9.432400017976760864e-02,-5.694381520152091980e-02,8.726074099540710449e-01,-2.925675213336944580e-01,2.843431383371353149e-02
3.587644299437677819e+00,-2.969006816753082534e-01,5.201667998001130444e-01,9.912194609642028809e-01,2.980962954461574554e-02,-6.325002014636993408e-02,-1.122266352176666260e-01,0.000000000000000000e+00,0.000000000000000000e+00,0.000000000000000000e+00,-1.100000000000000089e+00,2.000000000000000111e-01,-5.000000000000000000e-01,0.000000000000000000e+00,1.100000000000000089e+00,2.000000000000000111e-01,5.000000000000000000e-01,4.018655717372894287e-01,-4.645748808979988098e-02,3.610534369945526123e-01,2.976743280887603760e-01,-3.873744308948516846e-01,-2.815566025674343109e-02,-5.122870802879333496e-01,-8.834259957075119019e-02,-8.056154847145080566e-02,4.726629257202148438e-01,-2.113494426012039185e-01,5.109344050288200378e-02
3.642932729408370651e+00,-3.051815194440911649e-01,5.129534440224219338e-01,9.950712919235229492e-01,3.978553786873817444e-02,-5.549807846546173096e-02,-7.190392911434173584e-02,0.000000000000000000e+00,0.000000000000000000e+00,0.000000000000000000e+00,-1.100000000000000089e+00,2.000000000000000111e-01,-5.000000000000000000e-01,0.000000000000000000e+00,1.100000000000000089e+00,2.000000000000000111e-01,5.000000000000000000e-01,5.576511621475219727e-01,-6.332989782094955444e-02,3.151763081550598145e-01,1.440966427326202393e-01,-2.895094454288482666e-01,-5.753293260931968689e-02,-5.083074569702148438e-01,-1.329515278339385986e-01,-6.887876987457275391e-02,1.661982983350753784e-01,-1.183543875813484192e-01,1.100866571068763733e-01
3.701904419618800013e+00,-3.143633468065297754e-01,5.041637249396304643e-01,9.969741106033325195e-01,5.128999799489974976e-02,-4.687651246786117554e-02,-3.485159203410148621e-02,0.000000000000000000e+00,0.000000000000000000e+00,0.000000000000000000e+00,-1.100000000000000089e+00,2.000000000000000111e-01,-5.000000000000000000e-01,0.000000000000000000e+00,1.100000000000000089e+00,2.000000000000000111e-01,5.000000000000000000e-01,6.567646861076354980e-01,-4.210475832223892212e-02,2.768146097660064697e-01,1.010446324944496155e-01,-1.778193712234497070e-01,-7.592194527387619019e-02,-5.221074223518371582e-01,-2.019415646791458130e-01,-5.861921235918998718e-02,1.211635470390319824e-01,-1.279753297567367554e-01,1.931804120540618896e-01
3.756086443253614071e+00,-3.246862698809215297e-01,5.009029651079515144e-01,9.990278482437133789e-01,2.586678043007850647e-02,-1.649057678878307343e-02,-3.165964782238006592e-02,0.000000000000000000e+00,0.000000000000000000e+00,0.000000000000000000e+00,-1.100000000000000089e+00,2.000000000000000111e-01,-5.000000000000000000e-01,0.000000000000000000e+00,1.100000000000000089e+00,2.000000000000000111e-01,5.000000000000000000e-01,5.884294509887695312e-01,6.706402450799942017e-02,3.045265376567840576e-01,3.237136304378509521e-01,-7.956309616565704346e-02,-7.050804793834686279e-02,-5.772181153297424316e-01,-1.460332870483398438e-01,-6.660962104797363281e-02,2.474812716245651245e-01,7.489875890314579010e-03,1.434931904077529907e-01
3.808731588438680316e+00,-3.357648234757961703e-01,4.996080611450503528e-01,9.991208314895629883e-01,-2.184431068599224091e-03,-1.770503260195255280e-02,-3.793797641992568970e-02,0.000000000000000000e+00,0.000000000000000000e+00,0.000000000000000000e+00,-1.100000000000000089e+00,2.000000000000000111e-01,-5.000000000000000000e-01,0.000000000000000000e+00,1.100000000000000089e+00,2.000000000000000111e-01,5.000000000000000000e-01,4.871162772178649902e-01,2.299235612154006958e-01,3.504786193370819092e-01,7.414022684097290039e-01,1.826723851263523102e-02,-2.268404932692646980e-03,-6.534621119499206543e-01,-8.754070848226547241e-02,-5.687778815627098083e-02,5.772969126701354980e-01,9.856017678976058960e-02,7.518814504146575928e-02
3.857297877483070181e+00,-3.448403199081017112e-01,5.026739708966377895e-01,9.974802136421203613e-01,-2.737827785313129425e-02,-4.717573896050453186e-02,-4.536599293351173401e-02,0.000000000000000000e+00,0.000000000000000000e+00,0.000000000000000000e+00,-1.100000000000000089e+00,2.000000000000000111e-01,-5.000000000000000000e-01,0.000000000000000000e+00,1.100000000000000089e+00,2.000000000000000111e-01,5.000000000000000000e-01,3.728607892990112305e-01,3.715578913688659668e-01,3.501141369342803955e-01,1.121712565422058105e+00,-1.078782882541418076e-02,1.090425327420234680e-01,-5.439358949661254883e-01,-2.813940681517124176e-02,-7.680637389421463013e-02,7.326608896255493164e-01,-7.732938975095748901e-02,5.574166029691696167e-02
3.899115785402857526e+00,-3.511157546738030710e-01,5.104008789097118637e-01,9.966681599617004395e-01,-3.438765555620193481e-02,-6.338930130004882812e-02,-3.810347989201545715e-02,0.000000000000000000e+00,0.000000000000000000e+00,0.000000000000000000e+00,-1.100000000000000089e+00,2.000000000000000111e-01,-5.000000000000000000e-01,0.000000000000000000e+00,1.100000000000000089e+00,2.000000000000000111e-01,5.000000000000000000e-01,1.825326830148696899e-01,3.627880215644836426e-01,2.616306245326995850e-01,1.318557024002075195e+00,-1.450015306472778320e-01,1.381442248821258545e-01,-4.176303744316101074e-01,-1.760592125356197357e-02,-9.596589207649230957e-02,7.767221927642822266e-01,-2.134509533643722534e-01,4.674730822443962097e-02
3.938464789601663796e+00,-3.554025394744192434e-01,5.190992140107684172e-01,9.961105585098266602e-01,-3.399056196212768555e-02,-7.459802180528640747e-02,-3.230518102645874023e-02,0.000000000000000000e+00,0.000000000000000000e+00,0.000000000000000000e+00,-1.100000000000000089e+00,2.000000000000000111e-01,-5.000000000000000000e-01,0.000000000000000000e+00,1.100000000000000089e+00,2.000000000000000111e-01,5.000000000000000000e-01,-1.593984849750995636e-02,3.248827457427978516e-01,2.206616252660751343e-01,1.387298345565795898e+00,-2.560302913188934326e-01,1.631978452205657959e-01,-2.798878550529479980e-01,-1.511251740157604218e-02,-1.055598333477973938e-01,7.568098306655883789e-01,-3.047854900360107422e-01,5.060113593935966492e-02
3.977098001049398590e+00,-3.590229394922804240e-01,5.265035585735482471e-01,9.956614375114440918e-01,-2.920686081051826477e-02,-8.167783915996551514e-02,-3.367390856146812439e-02,0.000000000000000000e+00,0.000000000000000000e+00,0.000000000000000000e+00,-1.100000000000000089e+00,2.000000000000000111e-01,-5.000000000000000000e-01,0.000000000000000000e+00,1.100000000000000089e+00,2.000000000000000111e-01,5.000000000000000000e-01,-1.859469711780548096e-01,2.963387668132781982e-01,2.478721737861633301e-01,1.328044295310974121e+00,-3.047485053539276123e-01,1.883615553379058838e-01,-1.428982764482498169e-01,-1.517526246607303619e-02,-1.006555706262588501e-01,7.095776200294494629e-01,-3.646352887153625488e-01,5.804020538926124573e-02
4.016423754439585991e+00,-3.631730012343537539e-01,5.303303510372084917e-01,9.953049421310424805e-01,-2.624681405723094940e-02,-8.252206444740295410e-02,-4.323576763272285461e-02,0.000000000000000000e+00,0.000000000000000000e+00,0.000000000000000000e+00,-1.100000000000000089e+00,2.000000000000000111e-01,-5.000000000000000000e-01,0.000000000000000000e+00,1.100000000000000089e+00,2.000000000000000111e-01,5.000000000000000000e-01,-3.151400089263916016e-01,2.586889266967773438e-01,2.794216573238372803e-01,1.139531016349792480e+00,-2.781499624252319336e-01,1.667108237743377686e-01,-2.081490494310855865e-02,-1.129878591746091843e-02,-9.285302460193634033e-02,6.569083929061889648e-01,-4.051742851734161377e-01,6.459660828113555908e-02
4.057800561304421016e+00,-3.672692954814945621e-01,5.301126238222073628e-01,9.947775006294250488e-01,-2.780747227370738983e-02,-7.644299417734146118e-02,-6.165187805891036987e-02,0.000000000000000000e+00,0.000000000000000000e+00,0.000000000000000000e+00,-1.100000000000000089e+00,2.000000000000000111e-01,-5.000000000000000000e-01,0.000000000000000000e+00,1.100000000000000089e+00,2.000000000000000111e-01,5.000000000000000000e-01,-3.938646614551544189e-01,2.073002159595489502e-01,2.724448740482330322e-01,8.199231028556823730e-01,-1.724823117256164551e-01,7.870766520500183105e-02,8.349529653787612915e-02,8.312813588418066502e-04,-7.551191002130508423e-02,5.981504917144775391e-01,-4.395527243614196777e-01,7.250545918941497803e-02
4.103479099918270201e+00,-3.724560526528893911e-01,5.251842827808976821e-01,9.927909970283508301e-01,-3.711890429258346558e-02,-6.888955831527709961e-02,-9.078752994537353516e-02,0.000000000000000000e+00,0.000000000000000000e+00,0.000000000000000000e+00,-1.100000000000000089e+00,2.000000000000000111e-01,-5.000000000000000000e-01,0.000000000000000000e+00,1.100000000000000089e+00,2.000000000000000111e-01,5.000000000000000000e-01,-4.095406532287597656e-01,1.780503541231155396e-01,2.501758635044097900e-01,4.001947343349456787e-01,-4.405578970909118652e-02,-2.315663918852806091e-02,1.899289488792419434e-01,2.761200070381164551e-02,-3.673691302537918091e-02,5.174429416656494141e-01,-4.724494814872741699e-01,8.161377906799316406e-02
4.150742015062332868e+00,-3.785059545749817067e-01,5.156694706235871450e-01,9.875122904777526855e-01,-6.484892964363098145e-02,-6.531691551208496094e-02,-1.278587579727172852e-01,0.000000000000000000e+00,0.000000000000000000e+00,0.000000000000000000e+00,-1.100000000000000089e+00,2.000000000000000111e-01,-5.000000000000000000e-01,0.000000000000000000e+00,1.100000000000000089e+00,2.000000000000000111e-01,5.000000000000000000e-01,-4.149040579795837402e-01,2.440863996744155884e-01,2.199447453022003174e-01,1.162293851375579834e-01,-7.541740778833627701e-03,-1.220861673355102539e-01,3.195802867412567139e-01,7.688634097576141357e-02,1.538063399493694305e-02,4.221454262733459473e-01,-4.825643002986907959e-01,9.061727672815322876e-02
4.200099828063011742e+00,-3.839220643656873766e-01,5.051901651015787698e-01,9.826131463050842285e-01,-8.114407211542129517e-02,-5.791515856981277466e-02,-1.566299200057983398e-01,0.000000000000000000e+00,0.000000000000000000e+00,0.000000000000000000e+00,-1.100000000000000089e+00,2.000000000000000111e-01,-5.000000000000000000e-01,0.000000000000000000e+00,1.100000000000000089e+00,2.000000000000000111e-01,5.000000000000000000e-01,-4.640848040580749512e-01,3.193291723728179932e-01,2.201581299304962158e-01,9.046076238155364990e-02,2.848630584776401520e-02,-1.679216623306274414e-01,4.008042812347412109e-01,8.305161446332931519e-02,7.355669140815734863e-02,4.309351444244384766e-01,-4.745049476623535156e-01,1.324924081563949585e-01
4.243907673046218854e+00,-3.870951769527311015e-01,4.940956265757782129e-01,9.856519103050231934e-01,-4.759662970900535583e-02,-4.988142102956771851e-02,-1.540673524141311646e-01,0.000000000000000000e+00,0.000000000000000000e+00,0.000000000000000000e+00,-1.100000000000000089e+00,2.000000000000000111e-01,-5.000000000000000000e-01,0.000000000000000000e+00,1.100000000000000089e+00,2.000000000000000111e-01,5.000000000000000000e-01,-4.939877688884735107e-01,2.518188059329986572e-01,2.374686598777770996e-01,1.657223850488662720e-01,3.279787600040435791e-01,-7.944419980049133301e-02,3.461085259914398193e-01,9.477141313254833221e-03,1.066010966897010803e-01,6.763378977775573730e-01,-4.968346059322357178e-01,1.872193068265914917e-01
