3.497634119250708599e-03,-3.196039571168108467e-02,5.205358465098673948e-01,9.926358461380004883e-01,7.110725343227386475e-02,-9.778155386447906494e-02,-7.517165504395961761e-03,0.000000000000000000e+00,0.000000000000000000e+00,0.000000000000000000e+00,-1.100000000000000089e+00,2.000000000000000111e-01,-5.000000000000000000e-01,0.000000000000000000e+00,1.100000000000000089e+00,2.000000000000000111e-01,5.000000000000000000e-01,2.649576663970947266e-01,-1.131564378738403320e-01,1.997704356908798218e-01,1.143070012331008911e-01,-1.927360147237777710e-01,-3.023223578929901123e-02,2.591451862826943398e-03,-3.758921325206756592e-01,-1.135586127638816833e-01,6.419149637222290039e-01,-4.186618626117706299e-01,1.801042705774307251e-01
4.032645061120598666e-03,-3.133465209717138655e-02,5.205302322407564519e-01,9.926333427429199219e-01,7.119025290012359619e-02,-9.769999980926513672e-02,-8.107858709990978241e-03,0.000000000000000000e+00,0.000000000000000000e+00,0.000000000000000000e+00,-1.100000000000000089e+00,2.000000000000000111e-01,-5.000000000000000000e-01,0.000000000000000000e+00,1.100000000000000089e+00,2.000000000000000111e-01,5.000000000000000000e-01,2.649003267288208008e-01,-1.139330416917800903e-01,1.999297887086868286e-01,1.152821108698844910e-01,-1.956690698862075806e-01,-2.998011559247970581e-02,3.306907834485173225e-03,-3.763700127601623535e-01,-1.124603524804115295e-01,6.415216326713562012e-01,-4.191259145736694336e-01,1.821879446506500244e-01
4.528730361748280545e-03,-3.090645805259960299e-02,5.204274789988995176e-01,9.926261305809020996e-01,7.143656164407730103e-02,-9.759599715471267700e-02,-8.071562275290489197e-03,0.000000000000000000e+00,0.000000000000000000e+00,0.000000000000000000e+00,-1.100000000000000089e+00,2.000000000000000111e-01,-5.000000000000000000e-01,0.000000000000000000e+00,1.100000000000000089e+00,2.000000000000000111e-01,5.000000000000000000e-01,2.643264532089233398e-01,-1.155009940266609192e-01,1.983946561813354492e-01,1.159652918577194214e-01,-1.965254247188568115e-01,-2.892984077334403992e-02,3.778619691729545593e-03,-3.780831992626190186e-01,-1.133299693465232849e-01,6.414469480514526367e-01,-4.192391932010650635e-01,1.840447187423706055e-01
5.130676758126356644e-03,-3.044615361994753786e-02,5.203308247112566898e-01,9.926366209983825684e-01,7.159361243247985840e-02,-9.738887101411819458e-02,-7.891558110713958740e-03,0.000000000000000000e+00,0.000000000000000000e+00,0.000000000000000000e+00,-1.100000000000000089e+00,2.000000000000000111e-01,-5.000000000000000000e-01,0.000000000000000000e+00,1.100000000000000089e+00,2.000000000000000111e-01,5.000000000000000000e-01,2.636656761169433594e-01,-1.168525964021682739e-01,1.969241499900817871e-01,1.163873896002769470e-01,-1.969938576221466064e-01,-2.770156227052211761e-02,4.028033465147018433e-03,-3.797248005867004395e-01,-1.145299822092056274e-01,6.405450701713562012e-01,-4.187567234039306641e-01,1.858808249235153198e-01
5.343857738189399832e-03,-2.982127335077773209e-02,5.202562639862300387e-01,9.926736354827880859e-01,7.162190973758697510e-02,-9.701348096132278442e-02,-7.598672993481159210e-03,0.000000000000000000e+00,0.000000000000000000e+00,0.000000000000000000e+00,-1.100000000000000089e+00,2.000000000000000111e-01,-5.000000000000000000e-01,0.000000000000000000e+00,1.100000000000000089e+00,2.000000000000000111e-01,5.000000000000000000e-01,2.627093791961669922e-01,-1.177270710468292236e-01,1.959392279386520386e-01,1.165875196456909180e-01,-1.972708851099014282e-01,-2.654976770281791687e-02,3.799121594056487083e-03,-3.810448944568634033e-01,-1.154249534010887146e-01,6.394854187965393066e-01,-4.181752204895019531e-01,1.871940940618515015e-01
5.612926129251719423e-03,-2.918649237861650411e-02,5.202221744673121151e-01,9.927314519882202148e-01,7.157941907644271851e-02,-9.648460894823074341e-02,-7.164194248616695404e-03,0.000000000000000000e+00,0.000000000000000000e+00,0.000000000000000000e+00,-1.100000000000000089e+00,2.000000000000000111e-01,-5.000000000000000000e-01,0.000000000000000000e+00,1.100000000000000089e+00,2.000000000000000111e-01,5.000000000000000000e-01,2.612345516681671143e-01,-1.184680983424186707e-01,1.949318498373031616e-01,1.167598068714141846e-01,-1.973863840103149414e-01,-2.546567656099796295e-02,3.427381161600351334e-03,-3.822903931140899658e-01,-1.163291931152343750e-01,6.380777359008789062e-01,-4.177214801311492920e-01,1.884315758943557739e-01
5.876391611010250982e-03,-2.854212120485803000e-02,5.202641805095805649e-01,9.928047657012939453e-01,7.147730886936187744e-02,-9.583524614572525024e-02,-6.728616077452898026e-03,0.000000000000000000e+00,0.000000000000000000e+00,0.000000000000000000e+00,-1.100000000000000089e+00,2.000000000000000111e-01,-5.000000000000000000e-01,0.000000000000000000e+00,1.100000000000000089e+00,2.000000000000000111e-01,5.000000000000000000e-01,2.593114376068115234e-01,-1.192615330219268799e-01,1.938655674457550049e-01,1.169121041893959045e-01,-1.970064043998718262e-01,-2.415029518306255341e-02,2.988442080095410347e-03,-3.834069371223449707e-01,-1.176117509603500366e-01,6.362907886505126953e-01,-4.170343577861785889e-01,1.895103007555007935e-01
6.144683748587139067e-03,-2.796773401606414411e-02,5.203323999378417497e-01,9.928944706916809082e-01,7.128819823265075684e-02,-9.507933259010314941e-02,-6.202279590070247650e-03,0.000000000000000000e+00,0.000000000000000000e+00,0.000000000000000000e+00,-1.100000000000000089e+00,2.000000000000000111e-01,-5.000000000000000000e-01,0.000000000000000000e+00,1.100000000000000089e+00,2.000000000000000111e-01,5.000000000000000000e-01,2.570487856864929199e-01,-1.198968663811683655e-01,1.929734051227569580e-01,1.169887334108352661e-01,-1.963395923376083374e-01,-2.299484796822071075e-02,2.588532632216811180e-03,-3.842207491397857666e-01,-1.188748553395271301e-01,6.342049837112426758e-01,-4.159553349018096924e-01,1.903085708618164062e-01
5.801912929034896103e-03,-2.710482792204453248e-02,5.204025581065152561e-01,9.929864406585693359e-01,7.108952105045318604e-02,-9.430526196956634521e-02,-5.547380074858665466e-03,0.000000000000000000e+00,0.000000000000000000e+00,0.000000000000000000e+00,-1.100000000000000089e+00,2.000000000000000111e-01,-5.000000000000000000e-01,0.000000000000000000e+00,1.100000000000000089e+00,2.000000000000000111e-01,5.000000000000000000e-01,2.545459866523742676e-01,-1.205218806862831116e-01,1.919408738613128662e-01,1.170420348644256592e-01,-1.957428753376007080e-01,-2.192468568682670593e-02,2.263574860990047455e-03,-3.851799368858337402e-01,-1.205987781286239624e-01,6.318746209144592285e-01,-4.147382974624633789e-01,1.910451948642730713e-01
5.829091898631305439e-03,-2.651556191034615609e-02,5.204593470444283110e-01,9.930637478828430176e-01,7.094557583332061768e-02,-9.363190829753875732e-02,-4.910953342914581299e-03,0.000000000000000000e+00,0.000000000000000000e+00,0.000000000000000000e+00,-1.100000000000000089e+00,2.000000000000000111e-01,-5.000000000000000000e-01,0.000000000000000000e+00,1.100000000000000089e+00,2.000000000000000111e-01,5.000000000000000000e-01,2.522626221179962158e-01,-1.212766766548156738e-01,1.908861547708511353e-01,1.169998198747634888e-01,-1.951141357421875000e-01,-2.088544890284538269e-02,1.878303475677967072e-03,-3.863596916198730469e-01,-1.220546662807464600e-01,6.296849250793457031e-01,-4.133189916610717773e-01,1.916136145591735840e-01
5.719289265366064856e-03,-2.579711974546727848e-02,5.205126220153438732e-01,9.931210279464721680e-01,7.085045427083969116e-02,-9.311873465776443481e-02,-4.438398405909538269e-03,0.000000000000000000e+00,0.000000000000000000e+00,0.000000000000000000e+00,-1.100000000000000089e+00,2.000000000000000111e-01,-5.000000000000000000e-01,0.000000000000000000e+00,1.100000000000000089e+00,2.000000000000000111e-01,5.000000000000000000e-01,2.504872977733612061e-01,-1.220819354057312012e-01,1.903749406337738037e-01,1.169997379183769226e-01,-1.949206441640853882e-01,-2.006269432604312897e-02,1.413202146068215370e-03,-3.874952197074890137e-01,-1.228801533579826355e-01,6.278557777404785156e-01,-4.120572209358215332e-01,1.923288851976394653e-01
5.631299986141838528e-03,-2.498675402150386457e-02,5.205635947320197410e-01,9.931604266166687012e-01,7.081883400678634644e-02,-9.273914247751235962e-02,-4.072093404829502106e-03,0.000000000000000000e+00,0.000000000000000000e+00,0.000000000000000000e+00,-1.100000000000000089e+00,2.000000000000000111e-01,-5.000000000000000000e-01,0.000000000000000000e+00,1.100000000000000089e+00,2.000000000000000111e-01,5.000000000000000000e-01,2.492602318525314331e-01,-1.231404840946197510e-01,1.901546269655227661e-01,1.169957220554351807e-01,-1.948430538177490234e-01,-1.898116804659366608e-02,1.084714196622371674e-03,-3.887661397457122803e-01,-1.229622066020965576e-01,6.260245442390441895e-01,-4.107766151428222656e-01,1.932293921709060669e-01
5.538611533378976111e-03,-2.414998558142947283e-02,5.206140019827419918e-01,9.931945204734802246e-01,7.079669088125228882e-02,-9.240268170833587646e-02,-3.767807735130190849e-03,0.000000000000000000e+00,0.000000000000000000e+00,0.000000000000000000e+00,-1.100000000000000089e+00,2.000000000000000111e-01,-5.000000000000000000e-01,0.000000000000000000e+00,1.100000000000000089e+00,2.000000000000000111e-01,5.000000000000000000e-01,2.482356280088424683e-01,-1.243796721100807190e-01,1.902780830860137939e-01,1.169795691967010498e-01,-1.945121586322784424e-01,-1.768242940306663513e-02,9.589265682734549046e-04,-3.900318145751953125e-01,-1.226539984345436096e-01,6.236631870269775391e-01,-4.090070426464080811e-01,1.944145411252975464e-01
5.410418634613355961e-03,-2.335500103628470117e-02,5.206825041439798740e-01,9.932420253753662109e-01,7.066763937473297119e-02,-9.200049936771392822e-02,-3.493856638669967651e-03,0.000000000000000000e+00,0.000000000000000000e+00,0.000000000000000000e+00,-1.100000000000000089e+00,2.000000000000000111e-01,-5.000000000000000000e-01,0.000000000000000000e+00,1.100000000000000089e+00,2.000000000000000111e-01,5.000000000000000000e-01,2.471076399087905884e-01,-1.254374235868453979e-01,1.906325221061706543e-01,1.169346719980239868e-01,-1.939655691385269165e-01,-1.627794280648231506e-02,7.562835235148668289e-04,-3.911213576793670654e-01,-1.220849379897117615e-01,6.210846900939941406e-01,-4.069233834743499756e-01,1.954222470521926880e-01
5.323773599229753885e-03,-2.263734648469836047e-02,5.207602557126019827e-01,9.932938218116760254e-01,7.052443176507949829e-02,-9.156102687120437622e-02,-3.195602446794509888e-03,0.000000000000000000e+00,0.000000000000000000e+00,0.000000000000000000e+00,-1.100000000000000089e+00,2.000000000000000111e-01,-5.000000000000000000e-01,0.000000000000000000e+00,1.100000000000000089e+00,2.000000000000000111e-01,5.000000000000000000e-01,2.459125071763992310e-01,-1.266617029905319214e-01,1.910135000944137573e-01,1.168055161833763123e-01,-1.932797133922576904e-01,-1.464010402560234070e-02,4.710716311819851398e-04,-3.923085331916809082e-01,-1.215445399284362793e-01,6.185438632965087891e-01,-4.047633707523345947e-01,1.966317743062973022e-01
5.317722608645758346e-03,-2.180832543306880991e-02,5.208207605696387743e-01,9.933358430862426758e-01,7.045662403106689453e-02,-9.116782248020172119e-02,-2.867517294362187386e-03,0.000000000000000000e+00,0.000000000000000000e+00,0.000000000000000000e+00,-1.100000000000000089e+00,2.000000000000000111e-01,-5.000000000000000000e-01,0.000000000000000000e+00,1.100000000000000089e+00,2.000000000000000111e-01,5.000000000000000000e-01,2.447311431169509888e-01,-1.284374296665191650e-01,1.911633908748626709e-01,1.166661605238914490e-01,-1.926492601633071899e-01,-1.274742186069488525e-02,-4.699574128608219326e-05,-3.939104676246643066e-01,-1.207218319177627563e-01,6.165079474449157715e-01,-4.028522074222564697e-01,1.982382535934448242e-01
5.405882284976543106e-03,-2.072003193070284452e-02,5.208515784641107871e-01,9.933695197105407715e-01,7.042813301086425781e-02,-9.083367139101028442e-02,-2.488170284777879715e-03,0.000000000000000000e+00,0.000000000000000000e+00,0.000000000000000000e+00,-1.100000000000000089e+00,2.000000000000000111e-01,-5.000000000000000000e-01,0.000000000000000000e+00,1.100000000000000089e+00,2.000000000000000111e-01,5.000000000000000000e-01,2.434980124235153198e-01,-1.306716948747634888e-01,1.911423206329345703e-01,1.166288778185844421e-01,-1.922623515129089355e-01,-1.069320831447839737e-02,-8.279459434561431408e-04,-3.959281742572784424e-01,-1.197465956211090088e-01,6.148673295974731445e-01,-4.008565247058868408e-01,2.000618129968643188e-01
5.540955440244741889e-03,-1.943655422267814847e-02,5.208870412574875264e-01,9.934016466140747070e-01,7.036522030830383301e-02,-9.054245054721832275e-02,-1.995431026443839073e-03,0.000000000000000000e+00,0.000000000000000000e+00,0.000000000000000000e+00,-1.100000000000000089e+00,2.000000000000000111e-01,-5.000000000000000000e-01,0.000000000000000000e+00,1.100000000000000089e+00,2.000000000000000111e-01,5.000000000000000000e-01,2.422594279050827026e-01,-1.331539154052734375e-01,1.911516189575195312e-01,1.166827082633972168e-01,-1.919542998075485229e-01,-8.431977592408657074e-03,-1.476363744586706161e-03,-3.981589376926422119e-01,-1.186491996049880981e-01,6.129382252693176270e-01,-3.983514904975891113e-01,2.024467885494232178e-01
5.564063812295596406e-03,-1.803249721104900269e-02,5.209196363306708433e-01,9.934327602386474609e-01,7.028784602880477905e-02,-9.027181565761566162e-02,-1.383341033942997456e-03,0.000000000000000000e+00,0.000000000000000000e+00,0.000000000000000000e+00,-1.100000000000000089e+00,2.000000000000000111e-01,-5.000000000000000000e-01,0.000000000000000000e+00,1.100000000000000089e+00,2.000000000000000111e-01,5.000000000000000000e-01,2.410362809896469116e-01,-1.359391212463378906e-01,1.911043524742126465e-01,1.167941913008689880e-01,-1.915450990200042725e-01,-5.779331084340810776e-03,-1.851503038778901100e-03,-4.007886648178100586e-01,-1.179296597838401794e-01,6.107326745986938477e-01,-3.951766788959503174e-01,2.051326036453247070e-01
5.442690584394668102e-03,-1.650017661741003810e-02,5.209784447898467841e-01,9.934611916542053223e-01,7.022468745708465576e-02,-9.001541137695312500e-02,-7.500134524889290333e-04,0.000000000000000000e+00,0.000000000000000000e+00,0.000000000000000000e+00,-1.100000000000000089e+00,2.000000000000000111e-01,-5.000000000000000000e-01,0.000000000000000000e+00,1.100000000000000089e+00,2.000000000000000111e-01,5.000000000000000000e-01,2.398145496845245361e-01,-1.390677392482757568e-01,1.910014003515243530e-01,1.168448030948638916e-01,-1.909444332122802734e-01,-2.623278414830565453e-03,-1.777319703251123428e-03,-4.038417637348175049e-01,-1.174995303153991699e-01,6.084096431732177734e-01,-3.916642963886260986e-01,2.077132165431976318e-01
5.406223079189659102e-03,-1.479688587805463515e-02,5.210463007042805961e-01,9.934832453727722168e-01,7.021961361169815063e-02,-8.977861702442169189e-02,1.648103207116946578e-04,0.000000000000000000e+00,0.000000000000000000e+00,0.000000000000000000e+00,-1.100000000000000089e+00,2.000000000000000111e-01,-5.000000000000000000e-01,0.000000000000000000e+00,1.100000000000000089e+00,2.000000000000000111e-01,5.000000000000000000e-01,2.383161336183547974e-01,-1.428129225969314575e-01,1.902512907981872559e-01,1.168504729866981506e-01,-1.901736259460449219e-01,9.780585533007979393e-04,-1.408966723829507828e-03,-4.076806902885437012e-01,-1.175943911075592041e-01,6.060164570808410645e-01,-3.878126740455627441e-01,2.103446424007415771e-01
5.278458066491618396e-03,-1.298380638964267454e-02,5.211232848548227325e-01,9.934913516044616699e-01,7.035391777753829956e-02,-8.957592397928237915e-02,1.202346757054328918e-03,0.000000000000000000e+00,0.000000000000000000e+00,0.000000000000000000e+00,-1.100000000000000089e+00,2.000000000000000111e-01,-5.000000000000000000e-01,0.000000000000000000e+00,1.100000000000000089e+00,2.000000000000000111e-01,5.000000000000000000e-01,2.366035878658294678e-01,-1.471534520387649536e-01,1.896645873785018921e-01,1.166921705007553101e-01,-1.890475749969482422e-01,4.927428439259529114e-03,-1.515555894002318382e-03,-4.122894704341888428e-01,-1.173791214823722839e-01,6.042893528938293457e-01,-3.838111162185668945e-01,2.129395455121994019e-01
5.775744982270731957e-03,-1.167701078423609602e-02,5.211688048640887860e-01,9.934730529785156250e-01,7.065238058567047119e-02,-8.952093869447708130e-02,2.354286378249526024e-03,0.000000000000000000e+00,0.000000000000000000e+00,0.000000000000000000e+00,-1.100000000000000089e+00,2.000000000000000111e-01,-5.000000000000000000e-01,0.000000000000000000e+00,1.100000000000000089e+00,2.000000000000000111e-01,5.000000000000000000e-01,2.350677847862243652e-01,-1.522107571363449097e-01,1.892450153827667236e-01,1.166071370244026184e-01,-1.876833438873291016e-01,9.246178902685642242e-03,-2.209403552114963531e-03,-4.177737832069396973e-01,-1.167656183242797852e-01,6.039353013038635254e-01,-3.799635469913482666e-01,2.155989110469818115e-01
5.582204162039691893e-03,-9.464299592913854101e-03,5.211320091866785686e-01,9.934243559837341309e-01,7.112991064786911011e-02,-8.964619040489196777e-02,3.479785518720746040e-03,0.000000000000000000e+00,0.000000000000000000e+00,0.000000000000000000e+00,-1.100000000000000089e+00,2.000000000000000111e-01,-5.000000000000000000e-01,0.000000000000000000e+00,1.100000000000000089e+00,2.000000000000000111e-01,5.000000000000000000e-01,2.338560372591018677e-01,-1.580685973167419434e-01,1.891734153032302856e-01,1.166452690958976746e-01,-1.861679404973983765e-01,1.396479178220033646e-02,-4.067817237228155136e-03,-4.242151081562042236e-01,-1.153831556439399719e-01,6.057383418083190918e-01,-3.761814534664154053e-01,2.183701545000076294e-01
5.202491249785655761e-03,-6.970313266695788400e-03,5.210358395841387935e-01,9.933637976646423340e-01,7.161188125610351562e-02,-8.989275246858596802e-02,4.397872835397720337e-03,0.000000000000000000e+00,0.000000000000000000e+00,0.000000000000000000e+00,-1.100000000000000089e+00,2.000000000000000111e-01,-5.000000000000000000e-01,0.000000000000000000e+00,1.100000000000000089e+00,2.000000000000000111e-01,5.000000000000000000e-01,2.326922118663787842e-01,-1.642215847969055176e-01,1.893853694200515747e-01,1.169270277023315430e-01,-1.850300580263137817e-01,1.886667869985103607e-02,-6.937961094081401825e-03,-4.309623241424560547e-01,-1.130607277154922485e-01,6.094284057617187500e-01,-3.720938265323638916e-01,2.205557227134704590e-01
4.771136654437417059e-03,-4.199381154289263084e-03,5.209159608019723331e-01,9.933015108108520508e-01,7.203330099582672119e-02,-9.021021425724029541e-02,5.045489408075809479e-03,0.000000000000000000e+00,0.000000000000000000e+00,0.000000000000000000e+00,-1.100000000000000089e+00,2.000000000000000111e-01,-5.000000000000000000e-01,0.000000000000000000e+00,1.100000000000000089e+00,2.000000000000000111e-01,5.000000000000000000e-01,2.314915657043457031e-01,-1.705046743154525757e-01,1.900406032800674438e-01,1.172011196613311768e-01,-1.839646100997924805e-01,2.396936342120170593e-02,-1.134994719177484512e-02,-4.377302825450897217e-01,-1.094120517373085022e-01,6.149852275848388672e-01,-3.667397797107696533e-01,2.227080613374710083e-01
4.495779979042709845e-03,-1.101054352345980048e-03,5.208079568048319397e-01,9.932740926742553711e-01,7.214500010013580322e-02,-9.042673557996749878e-02,4.972990602254867554e-03,0.000000000000000000e+00,0.000000000000000000e+00,0.000000000000000000e+00,-1.100000000000000089e+00,2.000000000000000111e-01,-5.000000000000000000e-01,0.000000000000000000e+00,1.100000000000000089e+00,2.000000000000000111e-01,5.000000000000000000e-01,2.297432124614715576e-01,-1.761207133531570435e-01,1.921968609094619751e-01,1.173145845532417297e-01,-1.829398870468139648e-01,2.899770252406597137e-02,-1.847374066710472107e-02,-4.433878362178802490e-01,-1.034079045057296753e-01,6.225439310073852539e-01,-3.594815433025360107e-01,2.243036180734634399e-01
4.275311367172334592e-03,2.069036137674832264e-03,5.207655064678855528e-01,9.933156967163085938e-01,7.170767337083816528e-02,-9.037170559167861938e-02,3.858471754938364029e-03,0.000000000000000000e+00,0.000000000000000000e+00,0.000000000000000000e+00,-1.100000000000000089e+00,2.000000000000000111e-01,-5.000000000000000000e-01,0.000000000000000000e+00,1.100000000000000089e+00,2.000000000000000111e-01,5.000000000000000000e-01,2.269657850265502930e-01,-1.801858395338058472e-01,1.968967914581298828e-01,1.172772720456123352e-01,-1.816882491111755371e-01,3.328970819711685181e-02,-2.965632267296314240e-02,-4.466649293899536133e-01,-9.421385824680328369e-02,6.324542760848999023e-01,-3.496918976306915283e-01,2.253041118383407593e-01
3.665855191648006908e-03,4.857107043499128175e-03,5.208989160425133713e-01,9.934564828872680664e-01,7.035775482654571533e-02,-8.995276689529418945e-02,1.563706318847835064e-03,0.000000000000000000e+00,0.000000000000000000e+00,0.000000000000000000e+00,-1.100000000000000089e+00,2.000000000000000111e-01,-5.000000000000000000e-01,0.000000000000000000e+00,1.100000000000000089e+00,2.000000000000000111e-01,5.000000000000000000e-01,2.229723483324050903e-01,-1.818723380565643311e-01,2.043322920799255371e-01,1.173961907625198364e-01,-1.804575473070144653e-01,3.619942441582679749e-02,-4.532220587134361267e-02,-4.471897184848785400e-01,-8.448086678981781006e-02,6.445810794830322266e-01,-3.353035449981689453e-01,2.258418947458267212e-01
2.438132679089904074e-03,7.339905221920668341e-03,5.213828741179573623e-01,9.937328100204467773e-01,6.755136698484420776e-02,-8.902040868997573853e-02,-2.700709970667958260e-03,0.000000000000000000e+00,0.000000000000000000e+00,0.000000000000000000e+00,-1.100000000000000089e+00,2.000000000000000111e-01,-5.000000000000000000e-01,0.000000000000000000e+00,1.100000000000000089e+00,2.000000000000000111e-01,5.000000000000000000e-01,2.176586836576461792e-01,-1.797895431518554688e-01,2.145349383354187012e-01,1.168428584933280945e-01,-1.773836910724639893e-01,3.533160686492919922e-02,-6.483982503414154053e-02,-4.446019828319549561e-01,-7.871984690427780151e-02,6.578921675682067871e-01,-3.157642185688018799e-01,2.243345230817794800e-01
5.016061668801640198e-04,9.359209386295537503e-03,5.223151659137673652e-01,9.941231608390808105e-01,6.310851871967315674e-02,-8.752028644084930420e-02,-8.755383081734180450e-03,0.000000000000000000e+00,0.000000000000000000e+00,0.000000000000000000e+00,-1.100000000000000089e+00,2.000000000000000111e-01,-5.000000000000000000e-01,0.000000000000000000e+00,1.100000000000000089e+00,2.000000000000000111e-01,5.000000000000000000e-01,2.104677855968475342e-01,-1.723042428493499756e-01,2.283600270748138428e-01,1.167637631297111511e-01,-1.740756332874298096e-01,3.493449836969375610e-02,-8.748450875282287598e-02,-4.431227147579193115e-01,-9.326542168855667114e-02,6.768016815185546875e-01,-2.908200323581695557e-01,2.205969244241714478e-01
-2.062496675385369627e-03,1.103780958491067284e-02,5.231244688646662366e-01,9.944167733192443848e-01,5.878490582108497620e-02,-8.586724102497100830e-02,-1.750676333904266357e-02,0.000000000000000000e+00,0.000000000000000000e+00,0.000000000000000000e+00,-1.100000000000000089e+00,2.000000000000000111e-01,-5.000000000000000000e-01,0.000000000000000000e+00,1.100000000000000089e+00,2.000000000000000111e-01,5.000000000000000000e-01,2.033855617046356201e-01,-1.640213280916213989e-01,2.449886202812194824e-01,1.162222474813461304e-01,-1.708211302757263184e-01,3.563443198800086975e-02,-1.127337068319320679e-01,-4.545719325542449951e-01,-1.426921039819717407e-01,7.041857838630676270e-01,-2.691889703273773193e-01,2.116776555776596069e-01
-4.512776774871681169e-03,1.247034689515001508e-02,5.238105406281021725e-01,9.945344328880310059e-01,5.525772273540496826e-02,-8.410123735666275024e-02,-2.783445827662944794e-02,0.000000000000000000e+00,0.000000000000000000e+00,0.000000000000000000e+00,-1.100000000000000089e+00,2.000000000000000111e-01,-5.000000000000000000e-01,0.000000000000000000e+00,1.100000000000000089e+00,2.000000000000000111e-01,5.000000000000000000e-01,1.963540315628051758e-01,-1.567886322736740112e-01,2.674217224121093750e-01,1.162114590406417847e-01,-1.679789721965789795e-01,3.772483021020889282e-02,-1.331178247928619385e-01,-4.879198968410491943e-01,-2.352544814348220825e-01,7.486414909362792969e-01,-2.591598927974700928e-01,1.982159465551376343e-01
-6.440101843327284900e-03,1.408186553951560130e-02,5.242990224311749881e-01,9.943901300430297852e-01,5.258505418896675110e-02,-8.276994526386260986e-02,-3.965094685554504395e-02,0.000000000000000000e+00,0.000000000000000000e+00,0.000000000000000000e+00,-1.100000000000000089e+00,2.000000000000000111e-01,-5.000000000000000000e-01,0.000000000000000000e+00,1.100000000000000089e+00,2.000000000000000111e-01,5.000000000000000000e-01,1.896477341651916504e-01,-1.510042548179626465e-01,2.929618358612060547e-01,1.163383051753044128e-01,-1.658454537391662598e-01,4.155122488737106323e-02,-1.446426957845687866e-01,-5.368371605873107910e-01,-3.480210602283477783e-01,8.175316452980041504e-01,-2.619701325893402100e-01,1.703575551509857178e-01
-7.995345265501076909e-03,1.570573860520704107e-02,5.246877802742853092e-01,9.940066933631896973e-01,4.979411885142326355e-02,-8.127436041831970215e-02,-5.353194102644920349e-02,0.000000000000000000e+00,0.000000000000000000e+00,0.000000000000000000e+00,-1.100000000000000089e+00,2.000000000000000111e-01,-5.000000000000000000e-01,0.000000000000000000e+00,1.100000000000000089e+00,2.000000000000000111e-01,5.000000000000000000e-01,1.830326914787292480e-01,-1.447158902883529663e-01,3.201369047164916992e-01,1.163820475339889526e-01,-1.649182587862014771e-01,4.458609223365783691e-02,-1.513622999191284180e-01,-5.720663666725158691e-01,-4.292176663875579834e-01,8.928309679031372070e-01,-2.674248814582824707e-01,1.469620764255523682e-01
-9.400571075061130849e-03,1.718545193214797775e-02,5.251696380476157389e-01,9.933569431304931641e-01,4.626914486289024353e-02,-7.912796735763549805e-02,-6.957001984119415283e-02,0.000000000000000000e+00,0.000000000000000000e+00,0.000000000000000000e+00,-1.100000000000000089e+00,2.000000000000000111e-01,-5.000000000000000000e-01,0.000000000000000000e+00,1.100000000000000089e+00,2.000000000000000111e-01,5.000000000000000000e-01,1.758746653795242310e-01,-1.358952820301055908e-01,3.495009839534759521e-01,1.162003427743911743e-01,-1.653065830469131470e-01,4.564069956541061401e-02,-1.556338965892791748e-01,-5.901886820793151855e-01,-4.825880229473114014e-01,9.625983834266662598e-01,-2.709847986698150635e-01,1.346809715032577515e-01
-1.080823293214457081e-02,1.841605731130888449e-02,5.258090184794532718e-01,9.923438429832458496e-01,4.250892251729965210e-02,-7.638847827911376953e-02,-8.724324405193328857e-02,0.000000000000000000e+00,0.000000000000000000e+00,0.000000000000000000e+00,-1.100000000000000089e+00,2.000000000000000111e-01,-5.000000000000000000e-01,0.000000000000000000e+00,1.100000000000000089e+00,2.000000000000000111e-01,5.000000000000000000e-01,1.687783747911453247e-01,-1.256504505872726440e-01,3.817578256130218506e-01,1.149277389049530029e-01,-1.656623929738998413e-01,4.599938169121742249e-02,-1.574397683143615723e-01,-5.977031588554382324e-01,-5.186238884925842285e-01,1.025525331497192383e+00,-2.714000642299652100e-01,1.327271759510040283e-01
-1.219931956846267290e-02,1.944256229843530775e-02,5.265450531989337435e-01,9.908740520477294922e-01,3.858312219381332397e-02,-7.321779429912567139e-02,-1.063910052180290222e-01,0.000000000000000000e+00,0.000000000000000000e+00,0.000000000000000000e+00,-1.100000000000000089e+00,2.000000000000000111e-01,-5.000000000000000000e-01,0.000000000000000000e+00,1.100000000000000089e+00,2.000000000000000111e-01,5.000000000000000000e-01,1.619943827390670776e-01,-1.143909767270088196e-01,4.152967929840087891e-01,1.130722016096115112e-01,-1.657964885234832764e-01,4.545685648918151855e-02,-1.544009894132614136e-01,-6.018533110618591309e-01,-5.511276125907897949e-01,1.081244230270385742e+00,-2.674726545810699463e-01,1.346669495105743408e-01
-1.352658933287279736e-02,2.037917334534642202e-02,5.273088765309917880e-01,9.888644814491271973e-01,3.518190234899520874e-02,-7.013701647520065308e-02,-1.264519542455673218e-01,0.000000000000000000e+00,0.000000000000000000e+00,0.000000000000000000e+00,-1.100000000000000089e+00,2.000000000000000111e-01,-5.000000000000000000e-01,0.000000000000000000e+00,1.100000000000000089e+00,2.000000000000000111e-01,5.000000000000000000e-01,1.567855924367904663e-01,-1.038811802864074707e-01,4.508898258209228516e-01,1.106315553188323975e-01,-1.658210754394531250e-01,4.491827264428138733e-02,-1.463252753019332886e-01,-6.045765876770019531e-01,-5.787425041198730469e-01,1.129287481307983398e+00,-2.624704539775848389e-01,1.401469558477401733e-01
-1.448828283386926173e-02,2.136320527591225454e-02,5.280189402070311067e-01,9.862240552902221680e-01,3.223001584410667419e-02,-6.717032939195632935e-02,-1.476871520280838013e-01,0.000000000000000000e+00,0.000000000000000000e+00,0.000000000000000000e+00,-1.100000000000000089e+00,2.000000000000000111e-01,-5.000000000000000000e-01,0.000000000000000000e+00,1.100000000000000089e+00,2.000000000000000111e-01,5.000000000000000000e-01,1.526929438114166260e-01,-9.364716708660125732e-02,4.894353747367858887e-01,1.084377318620681763e-01,-1.657983958721160889e-01,4.445528239011764526e-02,-1.296172887086868286e-01,-6.106641292572021484e-01,-6.103731393814086914e-01,1.172192692756652832e+00,-2.585751712322235107e-01,1.420750468969345093e-01
-1.513810671503759350e-02,2.255911275537477931e-02,5.286187784125409017e-01,9.829483032226562500e-01,2.993834018707275391e-02,-6.453060358762741089e-02,-1.695645451545715332e-01,0.000000000000000000e+00,0.000000000000000000e+00,0.000000000000000000e+00,-1.100000000000000089e+00,2.000000000000000111e-01,-5.000000000000000000e-01,0.000000000000000000e+00,1.100000000000000089e+00,2.000000000000000111e-01,5.000000000000000000e-01,1.503831893205642700e-01,-8.465444296598434448e-02,5.297362208366394043e-01,1.060194224119186401e-01,-1.653933823108673096e-01,4.453485459089279175e-02,-1.082688421010971069e-01,-6.160631775856018066e-01,-6.366764903068542480e-01,1.205756664276123047e+00,-2.547083199024200439e-01,1.460877954959869385e-01
-1.589781779692404917e-02,2.376198758319434529e-02,5.290799562881390861e-01,9.789569973945617676e-01,2.829889766871929169e-02,-6.216277182102203369e-02,-1.922971755266189575e-01,0.000000000000000000e+00,0.000000000000000000e+00,0.000000000000000000e+00,-1.100000000000000089e+00,2.000000000000000111e-01,-5.000000000000000000e-01,0.000000000000000000e+00,1.100000000000000089e+00,2.000000000000000111e-01,5.000000000000000000e-01,1.500404477119445801e-01,-7.693425565958023071e-02,5.724511742591857910e-01,1.028392463922500610e-01,-1.646289080381393433e-01,4.491822421550750732e-02,-8.447226136922836304e-02,-6.211555004119873047e-01,-6.587691307067871094e-01,1.228847265243530273e+00,-2.488099783658981323e-01,1.508792936801910400e-01
-1.726102494220766934e-02,2.461298102616436487e-02,5.294248097389937513e-01,9.741913676261901855e-01,2.729521133005619049e-02,-6.012636050581932068e-02,-2.158493101596832275e-01,0.000000000000000000e+00,0.000000000000000000e+00,0.000000000000000000e+00,-1.100000000000000089e+00,2.000000000000000111e-01,-5.000000000000000000e-01,0.000000000000000000e+00,1.100000000000000089e+00,2.000000000000000111e-01,5.000000000000000000e-01,1.515014618635177612e-01,-7.041280716657638550e-02,6.172487735748291016e-01,9.894933551549911499e-02,-1.637880951166152954e-01,4.559605196118354797e-02,-5.681528896093368530e-02,-6.267965435981750488e-01,-6.815996170043945312e-01,1.239546537399291992e+00,-2.448205500841140747e-01,1.525275558233261108e-01
-1.940203050668869167e-02,2.525723102864706193e-02,5.296562872661485510e-01,9.684352874755859375e-01,2.673891186714172363e-02,-5.850305780768394470e-02,-2.408227026462554932e-01,0.000000000000000000e+00,0.000000000000000000e+00,0.000000000000000000e+00,-1.100000000000000089e+00,2.000000000000000111e-01,-5.000000000000000000e-01,0.000000000000000000e+00,1.100000000000000089e+00,2.000000000000000111e-01,5.000000000000000000e-01,1.549324542284011841e-01,-6.451508402824401855e-02,6.647549867630004883e-01,9.460119158029556274e-02,-1.629205048084259033e-01,4.560482129454612732e-02,-2.811391837894916534e-02,-6.307847499847412109e-01,-7.035084366798400879e-01,1.236242532730102539e+00,-2.445073723793029785e-01,1.479834318161010742e-01
-2.224450668423540514e-02,2.568879514932632946e-02,5.297696227994230789e-01,9.615800380706787109e-01,2.659442275762557983e-02,-5.745940282940864563e-02,-2.671234309673309326e-01,0.000000000000000000e+00,0.000000000000000000e+00,0.000000000000000000e+00,-1.100000000000000089e+00,2.000000000000000111e-01,-5.000000000000000000e-01,0.000000000000000000e+00,1.100000000000000089e+00,2.000000000000000111e-01,5.000000000000000000e-01,1.603514105081558228e-01,-5.954938009381294250e-02,7.146969437599182129e-01,8.956228196620941162e-02,-1.627077162265777588e-01,4.407607391476631165e-02,4.635910503566265106e-03,-6.313948035240173340e-01,-7.300446629524230957e-01,1.213527798652648926e+00,-2.490079700946807861e-01,1.373635679483413696e-01
-2.609630677176432920e-02,2.569660059900747903e-02,5.297586366037528860e-01,9.541519284248352051e-01,2.681552618741989136e-02,-5.663343146443367004e-02,-2.926904261112213135e-01,0.000000000000000000e+00,0.000000000000000000e+00,0.000000000000000000e+00,-1.100000000000000089e+00,2.000000000000000111e-01,-5.000000000000000000e-01,0.000000000000000000e+00,1.100000000000000089e+00,2.000000000000000111e-01,5.000000000000000000e-01,1.654937118291854858e-01,-5.558341369032859802e-02,7.639650702476501465e-01,8.451176434755325317e-02,-1.631837785243988037e-01,4.186861589550971985e-02,3.904869407415390015e-02,-6.241315603256225586e-01,-7.619824409484863281e-01,1.168076395988464355e+00,-2.602140903472900391e-01,1.226012781262397766e-01
-3.032922586322659222e-02,2.464562406297773553e-02,5.288241637249788685e-01,9.474272727966308594e-01,2.834650874137878418e-02,-5.564792081713676453e-02,-3.138173520565032959e-01,0.000000000000000000e+00,0.000000000000000000e+00,0.000000000000000000e+00,-1.100000000000000089e+00,2.000000000000000111e-01,-5.000000000000000000e-01,0.000000000000000000e+00,1.100000000000000089e+00,2.000000000000000111e-01,5.000000000000000000e-01,1.601322740316390991e-01,-4.833585396409034729e-02,8.182480335235595703e-01,8.655149489641189575e-02,-1.645586043596267700e-01,4.140832275152206421e-02,7.237039506435394287e-02,-6.100468635559082031e-01,-8.087317347526550293e-01,1.101053714752197266e+00,-2.931942343711853027e-01,8.494038134813308716e-02
-3.464229975361377695e-02,2.574984527710411780e-02,5.295197676287758393e-01,9.401574730873107910e-01,2.988257445394992828e-02,-5.403620749711990356e-02,-3.350985944271087646e-01,0.000000000000000000e+00,0.000000000000000000e+00,0.000000000000000000e+00,-1.100000000000000089e+00,2.000000000000000111e-01,-5.000000000000000000e-01,0.000000000000000000e+00,1.100000000000000089e+00,2.000000000000000111e-01,5.000000000000000000e-01,1.646129190921783447e-01,-4.612140730023384094e-02,8.498446345329284668e-01,8.201303333044052124e-02,-1.550786644220352173e-01,3.482437878847122192e-02,9.732482582330703735e-02,-5.677905678749084473e-01,-8.217883110046386719e-01,1.002135515213012695e+00,-3.098971545696258545e-01,1.352078020572662354e-01
-3.921401878094508270e-02,2.568209033873346606e-02,5.294151968177822631e-01,9.320904016494750977e-01,3.224792331457138062e-02,-5.276730284094810486e-02,-3.569077849388122559e-01,0.000000000000000000e+00,0.000000000000000000e+00,0.000000000000000000e+00,-1.100000000000000089e+00,2.000000000000000111e-01,-5.000000000000000000e-01,0.000000000000000000e+00,1.100000000000000089e+00,2.000000000000000111e-01,5.000000000000000000e-01,1.649559885263442993e-01,-3.999058529734611511e-02,8.977747559547424316e-01,7.987966388463973999e-02,-1.485789865255355835e-01,2.783867903053760529e-02,1.230964884161949158e-01,-5.239662528038024902e-01,-8.492016792297363281e-01,8.868485689163208008e-01,-3.322446644306182861e-01,1.598424762487411499e-01
-4.376989213956727909e-02,2.523681114427745939e-02,5.292956815494432865e-01,9.244218468666076660e-01,3.440074250102043152e-02,-5.172019079327583313e-02,-3.762790262699127197e-01,0.000000000000000000e+00,0.000000000000000000e+00,0.000000000000000000e+00,-1.100000000000000089e+00,2.000000000000000111e-01,-5.000000000000000000e-01,0.000000000000000000e+00,1.100000000000000089e+00,2.000000000000000111e-01,5.000000000000000000e-01,1.640513092279434204e-01,-3.047920204699039459e-02,9.402929544448852539e-01,8.116322010755538940e-02,-1.428559124469757080e-01,1.959272846579551697e-02,1.480059027671813965e-01,-4.820450246334075928e-01,-8.793025016784667969e-01,7.772529721260070801e-01,-3.546449840068817139e-01,1.702787727117538452e-01
-4.866465631251534751e-02,2.412484254170623593e-02,5.291192157814901265e-01,9.174705743789672852e-01,3.600525856018066406e-02,-5.047588422894477844e-02,-3.929421305656433105e-01,0.000000000000000000e+00,0.000000000000000000e+00,0.000000000000000000e+00,-1.100000000000000089e+00,2.000000000000000111e-01,-5.000000000000000000e-01,0.000000000000000000e+00,1.100000000000000089e+00,2.000000000000000111e-01,5.000000000000000000e-01,1.625840216875076294e-01,-1.436445675790309906e-02,9.812521338462829590e-01,9.080357849597930908e-02,-1.378873437643051147e-01,9.669228456914424896e-03,1.689124405384063721e-01,-4.381770789623260498e-01,-9.039371013641357422e-01,6.776611804962158203e-01,-3.760562837123870850e-01,1.636291295289993286e-01
-5.428434278919466033e-02,2.252260485974451332e-02,5.286795660025545018e-01,9.113803505897521973e-01,3.754811361432075500e-02,-4.906903207302093506e-02,-4.069007933139801025e-01,0.000000000000000000e+00,0.000000000000000000e+00,0.000000000000000000e+00,-1.100000000000000089e+00,2.000000000000000111e-01,-5.000000000000000000e-01,0.000000000000000000e+00,1.100000000000000089e+00,2.000000000000000111e-01,5.000000000000000000e-01,1.553375422954559326e-01,1.738452911376953125e-02,1.000000000000000000e+00,1.310385465621948242e-01,-1.471416652202606201e-01,6.737068179063498974e-04,1.793998926877975464e-01,-3.941115438938140869e-01,-9.048852324485778809e-01,5.957114696502685547e-01,-3.988588452339172363e-01,1.483962386846542358e-01
-6.058526932468846077e-02,2.053438112760583995e-02,5.280804952151246789e-01,9.065629243850708008e-01,3.668686002492904663e-02,-4.646192491054534912e-02,-4.178982973098754883e-01,0.000000000000000000e+00,0.000000000000000000e+00,0.000000000000000000e+00,-1.100000000000000089e+00,2.000000000000000111e-01,-5.000000000000000000e-01,0.000000000000000000e+00,1.100000000000000089e+00,2.000000000000000111e-01,5.000000000000000000e-01,1.370238214731216431e-01,7.453835755586624146e-02,1.000000000000000000e+00,2.183210104703903198e-01,-1.762172877788543701e-01,-6.744736805558204651e-03,1.837858259677886963e-01,-3.474715948104858398e-01,-8.919371962547302246e-01,5.290058255195617676e-01,-4.108430743217468262e-01,1.302679181098937988e-01
-6.734430911226406413e-02,1.840392125071958068e-02,5.272923164566358789e-01,9.024044275283813477e-01,2.957780472934246063e-02,-4.118648171424865723e-02,-4.278960525989532471e-01,0.000000000000000000e+00,0.000000000000000000e+00,0.000000000000000000e+00,-1.100000000000000089e+00,2.000000000000000111e-01,-5.000000000000000000e-01,0.000000000000000000e+00,1.100000000000000089e+00,2.000000000000000111e-01,5.000000000000000000e-01,1.130514964461326599e-01,1.590023785829544067e-01,1.000000000000000000e+00,3.322974443435668945e-01,-2.154000699520111084e-01,-1.662698946893215179e-02,1.804431676864624023e-01,-2.914121747016906738e-01,-8.750045299530029297e-01,4.797811806201934814e-01,-4.098091423511505127e-01,1.106776967644691467e-01
-7.496276627087759825e-02,1.620049607060436089e-02,5.263573588927588087e-01,8.983583450317382812e-01,1.667406596243381500e-02,-3.274409472942352295e-02,-4.377237856388092041e-01,0.000000000000000000e+00,0.000000000000000000e+00,0.000000000000000000e+00,-1.100000000000000089e+00,2.000000000000000111e-01,-5.000000000000000000e-01,0.000000000000000000e+00,1.100000000000000089e+00,2.000000000000000111e-01,5.000000000000000000e-01,8.474572002887725830e-02,2.650058567523956299e-01,1.000000000000000000e+00,4.578848779201507568e-01,-2.549061775207519531e-01,-3.380526602268218994e-02,1.773280501365661621e-01,-2.190067470073699951e-01,-8.572968244552612305e-01,4.261829257011413574e-01,-3.962992727756500244e-01,8.873967081308364868e-02
-8.278971880467403399e-02,1.408406681769217364e-02,5.257208865715398138e-01,8.930459022521972656e-01,2.414913149550557137e-03,-2.294935286045074463e-02,-4.493734836578369141e-01,0.000000000000000000e+00,0.000000000000000000e+00,0.000000000000000000e+00,-1.100000000000000089e+00,2.000000000000000111e-01,-5.000000000000000000e-01,0.000000000000000000e+00,1.100000000000000089e+00,2.000000000000000111e-01,5.000000000000000000e-01,6.127569451928138733e-02,3.734778463840484619e-01,1.000000000000000000e+00,5.773230791091918945e-01,-2.802893221378326416e-01,-5.870286375284194946e-02,1.759216338396072388e-01,-1.401139646768569946e-01,-8.379791378974914551e-01,3.627068400382995605e-01,-3.715540170669555664e-01,6.569895893335342407e-02
-9.005428010597826827e-02,1.244040623022657499e-02,5.249398973087470166e-01,8.843338489532470703e-01,-5.928375292569398880e-03,-1.655298098921775818e-02,-4.665238559246063232e-01,0.000000000000000000e+00,0.000000000000000000e+00,0.000000000000000000e+00,-1.100000000000000089e+00,2.000000000000000111e-01,-5.000000000000000000e-01,0.000000000000000000e+00,1.100000000000000089e+00,2.000000000000000111e-01,5.000000000000000000e-01,4.875214770436286926e-02,4.641026854515075684e-01,1.000000000000000000e+00,6.875050067901611328e-01,-2.784645557403564453e-01,-7.792208343744277954e-02,1.692016869783401489e-01,-8.779571205377578735e-02,-8.021454215049743652e-01,3.201369941234588623e-01,-3.580256998538970947e-01,4.847449064254760742e-02
-9.638960918618574847e-02,1.054411994138111826e-02,5.236810893151495616e-01,8.707905411720275879e-01,-1.250889617949724197e-02,-1.260323543101549149e-02,-4.913334548473358154e-01,0.000000000000000000e+00,0.000000000000000000e+00,0.000000000000000000e+00,-1.100000000000000089e+00,2.000000000000000111e-01,-5.000000000000000000e-01,0.000000000000000000e+00,1.100000000000000089e+00,2.000000000000000111e-01,5.000000000000000000e-01,3.963728994131088257e-02,5.528739094734191895e-01,1.000000000000000000e+00,8.114887475967407227e-01,-2.564911544322967529e-01,-9.816320240497589111e-02,1.622354239225387573e-01,-4.868330433964729309e-02,-7.511588931083679199e-01,2.953495979309082031e-01,-3.530813753604888916e-01,3.351525962352752686e-02
-1.019513606466353195e-01,8.376783606234112015e-03,5.226067040032811306e-01,8.527554869651794434e-01,-1.864653453230857849e-02,-1.188863441348075867e-02,-5.218419432640075684e-01,0.000000000000000000e+00,0.000000000000000000e+00,0.000000000000000000e+00,-1.100000000000000089e+00,2.000000000000000111e-01,-5.000000000000000000e-01,0.000000000000000000e+00,1.100000000000000089e+00,2.000000000000000111e-01,5.000000000000000000e-01,2.362555265426635742e-02,6.430857181549072266e-01,9.986218810081481934e-01,9.559373259544372559e-01,-2.273424118757247925e-01,-1.053355783224105835e-01,1.544696837663650513e-01,-2.073503844439983368e-02,-6.805157065391540527e-01,2.932355105876922607e-01,-3.560473024845123291e-01,2.169827744364738464e-02
-1.067775014870696731e-01,6.509093738471469388e-03,5.219955564786991076e-01,8.313409090042114258e-01,-2.321321330964565277e-02,-1.322296354919672012e-02,-5.551202297210693359e-01,0.000000000000000000e+00,0.000000000000000000e+00,0.000000000000000000e+00,-1.100000000000000089e+00,2.000000000000000111e-01,-5.000000000000000000e-01,0.000000000000000000e+00,1.100000000000000089e+00,2.000000000000000111e-01,5.000000000000000000e-01,-3.590396663639694452e-04,7.171216011047363281e-01,8.786404132843017578e-01,1.103734374046325684e+00,-2.030842900276184082e-01,-8.552826941013336182e-02,1.444468200206756592e-01,-3.319237381219863892e-03,-6.023210287094116211e-01,3.061024546623229980e-01,-3.598811328411102295e-01,1.233227923512458801e-02
-1.103853459304405815e-01,4.867195183307760839e-03,5.220674110452334649e-01,8.073336482048034668e-01,-2.581878006458282471e-02,-1.554730441421270370e-02,-5.893250107765197754e-01,0.000000000000000000e+00,0.000000000000000000e+00,0.000000000000000000e+00,-1.100000000000000089e+00,2.000000000000000111e-01,-5.000000000000000000e-01,0.000000000000000000e+00,1.100000000000000089e+00,2.000000000000000111e-01,5.000000000000000000e-01,-2.757757715880870819e-02,7.555919289588928223e-01,7.604026198387145996e-01,1.226805210113525391e+00,-1.954193264245986938e-01,-6.273528933525085449e-02,1.335679143667221069e-01,6.191235501319169998e-03,-5.220695137977600098e-01,3.228971660137176514e-01,-3.587578237056732178e-01,5.020176060497760773e-03
-1.126132010068330719e-01,3.277520185802132707e-03,5.229654517604246378e-01,7.815943956375122070e-01,-2.723291702568531036e-02,-1.863299869000911713e-02,-6.229137182235717773e-01,0.000000000000000000e+00,0.000000000000000000e+00,0.000000000000000000e+00,-1.100000000000000089e+00,2.000000000000000111e-01,-5.000000000000000000e-01,0.000000000000000000e+00,1.100000000000000089e+00,2.000000000000000111e-01,5.000000000000000000e-01,-6.250507384538650513e-02,7.513232827186584473e-01,6.454102396965026855e-01,1.323395371437072754e+00,-2.044080346822738647e-01,-5.640425533056259155e-02,1.245596781373023987e-01,1.133607514202594757e-02,-4.410181045532226562e-01,3.372512161731719971e-01,-3.508322238922119141e-01,-1.451600110158324242e-04
-1.136325038762556333e-01,1.829003413570010322e-03,5.246560737904576444e-01,7.542142868041992188e-01,-2.889546379446983337e-02,-2.195270545780658722e-02,-6.556248068809509277e-01,0.000000000000000000e+00,0.000000000000000000e+00,0.000000000000000000e+00,-1.100000000000000089e+00,2.000000000000000111e-01,-5.000000000000000000e-01,0.000000000000000000e+00,1.100000000000000089e+00,2.000000000000000111e-01,5.000000000000000000e-01,-1.109847649931907654e-01,7.089353799819946289e-01,5.281795263290405273e-01,1.408303737640380859e+00,-2.252253144979476929e-01,-6.167734041810035706e-02,1.223821491003036499e-01,1.711508259177207947e-02,-3.585793077945709229e-01,3.403557240962982178e-01,-3.373708724975585938e-01,-1.037243986502289772e-03
-1.150998577330675648e-01,-7.102264999412002001e-04,5.266484526875947481e-01,7.274841666221618652e-01,-2.951739728450775146e-02,-2.568998746573925018e-02,-6.850076317787170410e-01,0.000000000000000000e+00,0.000000000000000000e+00,0.000000000000000000e+00,-1.100000000000000089e+00,2.000000000000000111e-01,-5.000000000000000000e-01,0.000000000000000000e+00,1.100000000000000089e+00,2.000000000000000111e-01,5.000000000000000000e-01,-1.833571195602416992e-01,6.110436320304870605e-01,3.897151947021484375e-01,1.477917551994323730e+00,-2.364853173494338989e-01,-7.144868373870849609e-02,1.171864122152328491e-01,2.213753387331962585e-02,-2.662217617034912109e-01,3.421559035778045654e-01,-3.175213932991027832e-01,6.027956027537584305e-03
-1.085348081092039896e-01,-3.713460356617967820e-03,5.287441502925422920e-01,-6.963179111480712891e-01,2.818680554628372192e-02,2.710486948490142822e-02,7.166674733161926270e-01,0.000000000000000000e+00,0.000000000000000000e+00,0.000000000000000000e+00,-1.100000000000000089e+00,2.000000000000000111e-01,-5.000000000000000000e-01,0.000000000000000000e+00,1.100000000000000089e+00,2.000000000000000111e-01,5.000000000000000000e-01,-2.507788538932800293e-01,4.261598587036132812e-01,2.425592392683029175e-01,1.513894081115722656e+00,-1.969727724790573120e-01,-1.916366517543792725e-01,1.169307902455329895e-01,2.749140374362468719e-02,-1.742192208766937256e-01,3.264007568359375000e-01,-3.049370944499969482e-01,2.752712555229663849e-02
-1.049579936100377142e-01,-8.221984777030432942e-03,5.301193634917339415e-01,-6.586505174636840820e-01,2.911793254315853119e-02,2.953349426388740540e-02,7.513051629066467285e-01,0.000000000000000000e+00,0.000000000000000000e+00,0.000000000000000000e+00,-1.100000000000000089e+00,2.000000000000000111e-01,-5.000000000000000000e-01,0.000000000000000000e+00,1.100000000000000089e+00,2.000000000000000111e-01,5.000000000000000000e-01,-2.620868384838104248e-01,3.417145907878875732e-01,2.102801054716110229e-01,1.507854938507080078e+00,-1.716281324625015259e-01,-2.272116690874099731e-01,1.036889180541038513e-01,2.903373911976814270e-02,-7.912334799766540527e-02,3.435488343238830566e-01,-2.960461974143981934e-01,4.468628391623497009e-02
-1.016375068471663673e-01,-1.291640360529224332e-02,5.309695415529940288e-01,-6.168472170829772949e-01,3.121226653456687927e-02,3.152406960725784302e-02,7.858317494392395020e-01,0.000000000000000000e+00,0.000000000000000000e+00,0.000000000000000000e+00,-1.100000000000000089e+00,2.000000000000000111e-01,-5.000000000000000000e-01,0.000000000000000000e+00,1.100000000000000089e+00,2.000000000000000111e-01,5.000000000000000000e-01,-2.650077939033508301e-01,3.041669726371765137e-01,2.095599323511123657e-01,1.471970200538635254e+00,-1.569855660200119019e-01,-2.296274900436401367e-01,8.938790857791900635e-02,3.216668963432312012e-02,1.230092439800500870e-02,3.677071034908294678e-01,-2.924809157848358154e-01,5.831446126103401184e-02
-9.835004935454992603e-02,-1.732656976699622348e-02,5.314897702303198468e-01,-5.774078965187072754e-01,3.262953460216522217e-02,3.449182957410812378e-02,8.150740265846252441e-01,0.000000000000000000e+00,0.000000000000000000e+00,0.000000000000000000e+00,-1.100000000000000089e+00,2.000000000000000111e-01,-5.000000000000000000e-01,0.000000000000000000e+00,1.100000000000000089e+00,2.000000000000000111e-01,5.000000000000000000e-01,-2.750466167926788330e-01,2.617366313934326172e-01,1.860204488039016724e-01,1.403614163398742676e+00,-1.325391978025436401e-01,-2.279243767261505127e-01,7.390243560075759888e-02,3.366804495453834534e-02,9.847746789455413818e-02,3.992402553558349609e-01,-2.935984432697296143e-01,7.170081138610839844e-02
-9.497028964261215733e-02,-2.178205398583991925e-02,5.318078044388030445e-01,-5.407207608222961426e-01,3.369284421205520630e-02,3.759122267365455627e-02,8.396860957145690918e-01,0.000000000000000000e+00,0.000000000000000000e+00,0.000000000000000000e+00,-1.100000000000000089e+00,2.000000000000000111e-01,-5.000000000000000000e-01,0.000000000000000000e+00,1.100000000000000089e+00,2.000000000000000111e-01,5.000000000000000000e-01,-2.857363224029541016e-01,2.047886401414871216e-01,1.229482963681221008e-01,1.300621986389160156e+00,-1.064776703715324402e-01,-2.300997525453567505e-01,5.943652987480163574e-02,3.538775816559791565e-02,1.795103549957275391e-01,4.318567216396331787e-01,-2.941935658454895020e-01,8.599385619163513184e-02
-9.161189646563597244e-02,-2.668022105211599604e-02,5.322006013244391376e-01,-5.060869455337524414e-01,3.486964106559753418e-02,3.966636583209037781e-02,8.608639836311340332e-01,0.000000000000000000e+00,0.000000000000000000e+00,0.000000000000000000e+00,-1.100000000000000089e+00,2.000000000000000111e-01,-5.000000000000000000e-01,0.000000000000000000e+00,1.100000000000000089e+00,2.000000000000000111e-01,5.000000000000000000e-01,-2.817366421222686768e-01,1.347945779561996460e-01,1.585351303219795227e-02,1.164955139160156250e+00,-8.582627773284912109e-02,-2.393404692411422729e-01,4.671076685190200806e-02,3.822943195700645447e-02,2.550745904445648193e-01,4.589803218841552734e-01,-2.926988005638122559e-01,1.005568876862525940e-01
-8.811602437868716609e-02,-3.221219719594552167e-02,5.327800019747681581e-01,-4.710048735141754150e-01,3.662709146738052368e-02,3.875301033258438110e-02,8.805176019668579102e-01,0.000000000000000000e+00,0.000000000000000000e+00,0.000000000000000000e+00,-1.100000000000000089e+00,2.000000000000000111e-01,-5.000000000000000000e-01,0.000000000000000000e+00,1.100000000000000089e+00,2.000000000000000111e-01,5.000000000000000000e-01,-2.517376840114593506e-01,8.061850070953369141e-02,-1.104844957590103149e-01,1.021532773971557617e+00,-7.863779366016387939e-02,-2.473091781139373779e-01,3.577918559312820435e-02,4.495594650506973267e-02,3.251490294933319092e-01,4.743306040763854980e-01,-2.865332663059234619e-01,1.152731478214263916e-01
-8.439094672600429281e-02,-3.797639304099398316e-02,5.332864171266556985e-01,-4.353172779083251953e-01,3.745617344975471497e-02,3.511462733149528503e-02,8.988119363784790039e-01,0.000000000000000000e+00,0.000000000000000000e+00,0.000000000000000000e+00,-1.100000000000000089e+00,2.000000000000000111e-01,-5.000000000000000000e-01,0.000000000000000000e+00,1.100000000000000089e+00,2.000000000000000111e-01,5.000000000000000000e-01,-2.058871090412139893e-01,5.591646581888198853e-02,-2.283361405134201050e-01,8.939740657806396484e-01,-6.796178966760635376e-02,-2.489851862192153931e-01,2.208527922630310059e-02,5.546770617365837097e-02,3.925651609897613525e-01,4.855020046234130859e-01,-2.757375836372375488e-01,1.325654238462448120e-01
-8.005518603862989135e-02,-4.424389397518502937e-02,5.334199882629845346e-01,-3.990263342857360840e-01,3.714150562882423401e-02,3.082309477031230927e-02,9.156683087348937988e-01,0.000000000000000000e+00,0.000000000000000000e+00,0.000000000000000000e+00,-1.100000000000000089e+00,2.000000000000000111e-01,-5.000000000000000000e-01,0.000000000000000000e+00,1.100000000000000089e+00,2.000000000000000111e-01,5.000000000000000000e-01,-1.526817530393600464e-01,3.968048840761184692e-02,-3.330302536487579346e-01,7.981560826301574707e-01,-5.702984705567359924e-02,-2.554199993610382080e-01,5.097278393805027008e-03,6.670475006103515625e-02,4.597112834453582764e-01,4.991232752799987793e-01,-2.649318873882293701e-01,1.570220589637756348e-01
-7.544598217225738368e-02,-4.972815135597355440e-02,5.326455018586583323e-01,-3.633250892162322998e-01,3.638421371579170227e-02,2.632873877882957458e-02,9.305793046951293945e-01,0.000000000000000000e+00,0.000000000000000000e+00,0.000000000000000000e+00,-1.100000000000000089e+00,2.000000000000000111e-01,-5.000000000000000000e-01,0.000000000000000000e+00,1.100000000000000089e+00,2.000000000000000111e-01,5.000000000000000000e-01,-1.065357550978660583e-01,3.501855209469795227e-02,-3.843751251697540283e-01,7.432377934455871582e-01,-6.778319925069808960e-02,-2.640070617198944092e-01,-1.269763987511396408e-02,7.712554186582565308e-02,5.261607766151428223e-01,5.136361718177795410e-01,-2.604993283748626709e-01,1.874372214078903198e-01
-6.980398503442607205e-02,-5.637714742993316097e-02,5.309484173605840684e-01,-3.278228342533111572e-01,3.703778982162475586e-02,1.857084035873413086e-02,9.438301920890808105e-01,0.000000000000000000e+00,0.000000000000000000e+00,0.000000000000000000e+00,-1.100000000000000089e+00,2.000000000000000111e-01,-5.000000000000000000e-01,0.000000000000000000e+00,1.100000000000000089e+00,2.000000000000000111e-01,5.000000000000000000e-01,-6.969181448221206665e-02,6.610462069511413574e-02,-3.367907702922821045e-01,7.104225754737854004e-01,-1.185329332947731018e-01,-2.646400332450866699e-01,-2.758430875837802887e-02,9.804549813270568848e-02,5.931277275085449219e-01,5.288948416709899902e-01,-2.615306377410888672e-01,2.153749167919158936e-01
-6.329936958435510019e-02,-6.370569221364956458e-02,5.288710570087036267e-01,-2.929575443267822266e-01,3.761222586035728455e-02,9.789790026843547821e-03,9.553351998329162598e-01,0.000000000000000000e+00,0.000000000000000000e+00,0.000000000000000000e+00,-1.100000000000000089e+00,2.000000000000000111e-01,-5.000000000000000000e-01,0.000000000000000000e+00,1.100000000000000089e+00,2.000000000000000111e-01,5.000000000000000000e-01,-2.815742231905460358e-02,1.108523756265640259e-01,-2.339099645614624023e-01,6.611463427543640137e-01,-1.848663091659545898e-01,-2.597182989120483398e-01,-4.601695388555526733e-02,1.202710941433906555e-01,6.557678580284118652e-01,5.423323512077331543e-01,-2.579191625118255615e-01,2.397497147321701050e-01
-5.597716104860107900e-02,-7.128969129071469069e-02,5.269003677699302113e-01,-2.606735527515411377e-01,3.796905651688575745e-02,7.913091685622930527e-04,9.646797776222229004e-01,0.000000000000000000e+00,0.000000000000000000e+00,0.000000000000000000e+00,-1.100000000000000089e+00,2.000000000000000111e-01,-5.000000000000000000e-01,0.000000000000000000e+00,1.100000000000000089e+00,2.000000000000000111e-01,5.000000000000000000e-01,2.225240319967269897e-02,1.497169733047485352e-01,-1.214341744780540466e-01,5.897233486175537109e-01,-2.599770724773406982e-01,-2.505873739719390869e-01,-6.985688209533691406e-02,1.407038867473602295e-01,7.074363827705383301e-01,5.545824170112609863e-01,-2.419293671846389771e-01,2.576142549514770508e-01
-4.800542903546659024e-02,-7.822901879023348715e-02,5.254373457862272501e-01,-2.339942604303359985e-01,3.873315453529357910e-02,-6.735851988196372986e-03,9.714427590370178223e-01,0.000000000000000000e+00,0.000000000000000000e+00,0.000000000000000000e+00,-1.100000000000000089e+00,2.000000000000000111e-01,-5.000000000000000000e-01,0.000000000000000000e+00,1.100000000000000089e+00,2.000000000000000111e-01,5.000000000000000000e-01,7.005431503057479858e-02,1.688164770603179932e-01,-3.513602912425994873e-02,5.165483355522155762e-01,-3.231693506240844727e-01,-2.350143194198608398e-01,-9.729744493961334229e-02,1.580272465944290161e-01,7.454943060874938965e-01,5.712518095970153809e-01,-2.188269495964050293e-01,2.667802274227142334e-01
-3.905069757201191927e-02,-8.415736889673605670e-02,5.246099075343875207e-01,-2.124832868576049805e-01,3.905662521719932556e-02,-1.187629159539937973e-02,9.763116240501403809e-01,0.000000000000000000e+00,0.000000000000000000e+00,0.000000000000000000e+00,-1.100000000000000089e+00,2.000000000000000111e-01,-5.000000000000000000e-01,0.000000000000000000e+00,1.100000000000000089e+00,2.000000000000000111e-01,5.000000000000000000e-01,9.697768837213516235e-02,1.700476258993148804e-01,1.892731897532939911e-02,4.723023176193237305e-01,-3.586634993553161621e-01,-2.124549001455307007e-01,-1.320452243089675903e-01,1.690253913402557373e-01,7.555586099624633789e-01,5.917891860008239746e-01,-1.810612976551055908e-01,2.738628685474395752e-01
-2.887772272392694073e-02,-8.882484604914984982e-02,5.252023946825001843e-01,-1.953130811452865601e-01,3.693119063973426819e-02,-1.458365004509687424e-02,9.799368381500244141e-01,0.000000000000000000e+00,0.000000000000000000e+00,0.000000000000000000e+00,-1.100000000000000089e+00,2.000000000000000111e-01,-5.000000000000000000e-01,0.000000000000000000e+00,1.100000000000000089e+00,2.000000000000000111e-01,5.000000000000000000e-01,9.481257945299148560e-02,1.613366305828094482e-01,5.632449313998222351e-02,4.534629583358764648e-01,-3.640782237052917480e-01,-1.844090372323989868e-01,-1.753514409065246582e-01,1.668952405452728271e-01,7.209597826004028320e-01,6.077525615692138672e-01,-1.273178607225418091e-01,2.794112265110015869e-01
-1.811993364632751013e-02,-9.339528520488078744e-02,5.265902500847976508e-01,-1.782750785350799561e-01,3.286631032824516296e-02,-1.633181050419807434e-02,9.832960367202758789e-01,0.000000000000000000e+00,0.000000000000000000e+00,0.000000000000000000e+00,-1.100000000000000089e+00,2.000000000000000111e-01,-5.000000000000000000e-01,0.000000000000000000e+00,1.100000000000000089e+00,2.000000000000000111e-01,5.000000000000000000e-01,8.998572826385498047e-02,1.509996801614761353e-01,9.848393499851226807e-02,4.291239380836486816e-01,-3.587479591369628906e-01,-1.571018397808074951e-01,-2.328214049339294434e-01,1.329858601093292236e-01,6.039187312126159668e-01,6.024249792098999023e-01,-6.894727051258087158e-02,2.819275259971618652e-01
-7.743407463551396815e-03,-9.800086403058635987e-02,5.280881693959237344e-01,-1.594986915588378906e-01,2.835958264768123627e-02,-1.547086797654628754e-02,9.866694211959838867e-01,0.000000000000000000e+00,0.000000000000000000e+00,0.000000000000000000e+00,-1.100000000000000089e+00,2.000000000000000111e-01,-5.000000000000000000e-01,0.000000000000000000e+00,1.100000000000000089e+00,2.000000000000000111e-01,5.000000000000000000e-01,9.104958176612854004e-02,1.346183419227600098e-01,1.456017047166824341e-01,3.950245380401611328e-01,-3.442866802215576172e-01,-1.300089508295059204e-01,-2.966761589050292969e-01,5.432617664337158203e-02,4.015157520771026611e-01,6.043441891670227051e-01,-4.625112190842628479e-02,2.742965519428253174e-01
1.381019953922886252e-03,-1.027480617848535588e-01,5.292107808755505127e-01,-1.412127315998077393e-01,2.649285644292831421e-02,-1.169374305754899979e-02,9.895555973052978516e-01,0.000000000000000000e+00,0.000000000000000000e+00,0.000000000000000000e+00,-1.100000000000000089e+00,2.000000000000000111e-01,-5.000000000000000000e-01,0.000000000000000000e+00,1.100000000000000089e+00,2.000000000000000111e-01,5.000000000000000000e-01,9.817980974912643433e-02,1.115279868245124817e-01,1.868861913681030273e-01,3.573506176471710205e-01,-3.282484114170074463e-01,-1.073262467980384827e-01,-3.391254544258117676e-01,-4.078305885195732117e-02,2.067416608333587646e-01,6.577838063240051270e-01,-7.642154395580291748e-02,2.485002726316452026e-01
8.868324984020244106e-03,-1.071340378684302319e-01,5.299801376958689358e-01,-1.249007135629653931e-01,2.822569757699966431e-02,-9.427463635802268982e-03,9.917228221893310547e-01,0.000000000000000000e+00,0.000000000000000000e+00,0.000000000000000000e+00,-1.100000000000000089e+00,2.000000000000000111e-01,-5.000000000000000000e-01,0.000000000000000000e+00,1.100000000000000089e+00,2.000000000000000111e-01,5.000000000000000000e-01,1.087925657629966736e-01,9.440219402313232422e-02,2.178450822830200195e-01,3.304869532585144043e-01,-3.175184726715087891e-01,-9.179534018039703369e-02,-3.454695940017700195e-01,-9.734489768743515015e-02,1.051703095436096191e-01,7.306159734725952148e-01,-9.510400891304016113e-02,2.413418591022491455e-01
1.519688488139460739e-02,-1.110890784073207266e-01,5.303430860572392325e-01,-1.095514148473739624e-01,3.174384683370590210e-02,-8.878707885742187500e-03,9.934344291687011719e-01,0.000000000000000000e+00,0.000000000000000000e+00,0.000000000000000000e+00,-1.100000000000000089e+00,2.000000000000000111e-01,-5.000000000000000000e-01,0.000000000000000000e+00,1.100000000000000089e+00,2.000000000000000111e-01,5.000000000000000000e-01,1.209408938884735107e-01,8.349492400884628296e-02,2.445681989192962646e-01,3.128174543380737305e-01,-3.117425739765167236e-01,-7.960043847560882568e-02,-3.331732749938964844e-01,-1.312481760978698730e-01,5.302555114030838013e-02,8.077012896537780762e-01,-9.874396026134490967e-02,2.503481209278106689e-01
2.077475464592377571e-02,-1.145781951956451189e-01,5.303062095989784508e-01,-9.555334597826004028e-02,3.611614182591438293e-02,-8.792241103947162628e-03,9.947300553321838379e-01,0.000000000000000000e+00,0.000000000000000000e+00,0.000000000000000000e+00,-1.100000000000000089e+00,2.000000000000000111e-01,-5.000000000000000000e-01,0.000000000000000000e+00,1.100000000000000089e+00,2.000000000000000111e-01,5.000000000000000000e-01,1.329311132431030273e-01,7.567971199750900269e-02,2.685585319995880127e-01,3.008101284503936768e-01,-3.101278543472290039e-01,-6.929981708526611328e-02,-3.119188249111175537e-01,-1.655811667442321777e-01,1.503406651318073273e-02,8.861063718795776367e-01,-9.582025557756423950e-02,2.583252489566802979e-01
2.541348391316003777e-02,-1.173976286355820214e-01,5.299411609354947039e-01,-8.353590220212936401e-02,4.044834524393081665e-02,-7.874994538724422455e-03,9.956523776054382324e-01,0.000000000000000000e+00,0.000000000000000000e+00,0.000000000000000000e+00,-1.100000000000000089e+00,2.000000000000000111e-01,-5.000000000000000000e-01,0.000000000000000000e+00,1.100000000000000089e+00,2.000000000000000111e-01,5.000000000000000000e-01,1.442110389471054077e-01,6.716720759868621826e-02,2.895245254039764404e-01,2.896740138530731201e-01,-3.095914125442504883e-01,-5.928105488419532776e-02,-2.845782041549682617e-01,-2.180533111095428467e-01,-2.858056128025054932e-02,9.590203762054443359e-01,-8.966490626335144043e-02,2.584959268569946289e-01
2.939139805475457501e-02,-1.195024241838190532e-01,5.292516963763370663e-01,-7.318530976772308350e-02,4.458419233560562134e-02,-6.248262710869312286e-03,9.963017106056213379e-01,0.000000000000000000e+00,0.000000000000000000e+00,0.000000000000000000e+00,-1.100000000000000089e+00,2.000000000000000111e-01,-5.000000000000000000e-01,0.000000000000000000e+00,1.100000000000000089e+00,2.000000000000000111e-01,5.000000000000000000e-01,1.530409306287765503e-01,5.841067433357238770e-02,3.083698749542236328e-01,2.814269661903381348e-01,-3.101713061332702637e-01,-4.917484894394874573e-02,-2.536574900150299072e-01,-2.891262471675872803e-01,-7.849789410829544067e-02,1.023243904113769531e+00,-8.259113878011703491e-02,2.457179278135299683e-01
3.350154287543976456e-02,-1.208096602973010997e-01,5.284287818521262725e-01,-6.314709782600402832e-02,4.877531901001930237e-02,-4.406839609146118164e-03,9.968018531799316406e-01,0.000000000000000000e+00,0.000000000000000000e+00,0.000000000000000000e+00,-1.100000000000000089e+00,2.000000000000000111e-01,-5.000000000000000000e-01,0.000000000000000000e+00,1.100000000000000089e+00,2.000000000000000111e-01,5.000000000000000000e-01,1.602067351341247559e-01,5.124786868691444397e-02,3.275209963321685791e-01,2.775066196918487549e-01,-3.125349581241607666e-01,-3.942327201366424561e-02,-2.214379757642745972e-01,-3.493582308292388916e-01,-1.068962886929512024e-01,1.069320201873779297e+00,-7.836675643920898438e-02,2.259372919797897339e-01
3.732765717690604557e-02,-1.214038034528494153e-01,5.276050999098355065e-01,-5.213519558310508728e-02,5.284734070301055908e-02,-2.190492348745465279e-03,9.972383379936218262e-01,0.000000000000000000e+00,0.000000000000000000e+00,0.000000000000000000e+00,-1.100000000000000089e+00,2.000000000000000111e-01,-5.000000000000000000e-01,0.000000000000000000e+00,1.100000000000000089e+00,2.000000000000000111e-01,5.000000000000000000e-01,1.679096668958663940e-01,4.463397711515426636e-02,3.483536839485168457e-01,2.736153602600097656e-01,-3.141629993915557861e-01,-3.034779988229274750e-02,-1.924698650836944580e-01,-3.812541961669921875e-01,-1.016738116741180420e-01,1.088664531707763672e+00,-7.235884666442871094e-02,2.163114696741104126e-01
4.072522654198110909e-02,-1.213798721258839142e-01,5.269691930545702396e-01,-4.065117985010147095e-02,5.601827800273895264e-02,9.720971575006842613e-04,9.976013898849487305e-01,0.000000000000000000e+00,0.000000000000000000e+00,0.000000000000000000e+00,-1.100000000000000089e+00,2.000000000000000111e-01,-5.000000000000000000e-01,0.000000000000000000e+00,1.100000000000000089e+00,2.000000000000000111e-01,5.000000000000000000e-01,1.755844354629516602e-01,3.670341521501541138e-02,3.701432049274444580e-01,2.648811638355255127e-01,-3.117994368076324463e-01,-2.194839715957641602e-02,-1.668133884668350220e-01,-3.810059428215026855e-01,-6.614366918802261353e-02,1.075658321380615234e+00,-7.732458412647247314e-02,2.265842854976654053e-01
4.393112061959175002e-02,-1.208353587053716399e-01,5.265311185022195639e-01,-3.028726018965244293e-02,5.739382281899452209e-02,4.023821093142032623e-03,9.978839755058288574e-01,0.000000000000000000e+00,0.000000000000000000e+00,0.000000000000000000e+00,-1.100000000000000089e+00,2.000000000000000111e-01,-5.000000000000000000e-01,0.000000000000000000e+00,1.100000000000000089e+00,2.000000000000000111e-01,5.000000000000000000e-01,1.790882050991058350e-01,3.080561757087707520e-02,3.895668983459472656e-01,2.542590200901031494e-01,-3.052690923213958740e-01,-1.579843647778034210e-02,-1.413446962833404541e-01,-3.611991405487060547e-01,-2.451087348163127899e-02,1.032906532287597656e+00,-9.359036386013031006e-02,2.428853064775466919e-01
4.717949532696771170e-02,-1.189781160735421950e-01,5.262975810633766516e-01,-2.185369096696376801e-02,5.638216435909271240e-02,6.916611455380916595e-03,9.981461167335510254e-01,0.000000000000000000e+00,0.000000000000000000e+00,0.000000000000000000e+00,-1.100000000000000089e+00,2.000000000000000111e-01,-5.000000000000000000e-01,0.000000000000000000e+00,1.100000000000000089e+00,2.000000000000000111e-01,5.000000000000000000e-01,1.758397370576858521e-01,2.713617682456970215e-02,4.017984867095947266e-01,2.423328310251235962e-01,-2.944663465023040771e-01,-1.183716766536235809e-02,-1.128693595528602600e-01,-3.320131599903106689e-01,9.844182059168815613e-03,9.660667181015014648e-01,-1.190413311123847961e-01,2.577669024467468262e-01
5.864465580632290120e-02,-1.137760211548043826e-01,5.258338585909870799e-01,-1.675347797572612762e-02,5.466578155755996704e-02,1.026528701186180115e-02,9.983114004135131836e-01,0.000000000000000000e+00,0.000000000000000000e+00,0.000000000000000000e+00,-1.100000000000000089e+00,2.000000000000000111e-01,-5.000000000000000000e-01,0.000000000000000000e+00,1.100000000000000089e+00,2.000000000000000111e-01,5.000000000000000000e-01,1.703267097473144531e-01,3.046559356153011322e-02,4.181478917598724365e-01,2.370087802410125732e-01,-2.880306541919708252e-01,-1.337382569909095764e-02,-7.272675633430480957e-02,-3.145288228988647461e-01,2.044469676911830902e-02,8.798223733901977539e-01,-1.579010188579559326e-01,2.690613269805908203e-01
5.623811348858807901e-02,-1.119681356226404773e-01,5.266131918463442529e-01,-1.358897332102060318e-02,5.366097390651702881e-02,1.341670099645853043e-02,9.983766078948974609e-01,0.000000000000000000e+00,0.000000000000000000e+00,0.000000000000000000e+00,-1.100000000000000089e+00,2.000000000000000111e-01,-5.000000000000000000e-01,0.000000000000000000e+00,1.100000000000000089e+00,2.000000000000000111e-01,5.000000000000000000e-01,1.657593101263046265e-01,2.504192106425762177e-02,4.131901860237121582e-01,2.249555587768554688e-01,-2.654027044773101807e-01,-1.536508183926343918e-02,-3.723398223519325256e-02,-3.281801044940948486e-01,-3.529759868979454041e-02,7.944626212120056152e-01,-2.013062089681625366e-01,2.620652914047241211e-01
5.955556087195874176e-02,-1.081171105263961929e-01,5.263422528737121686e-01,-6.035867147147655487e-03,5.433804169297218323e-02,1.985725015401840210e-02,9.983068704605102539e-01,0.000000000000000000e+00,0.000000000000000000e+00,0.000000000000000000e+00,-1.100000000000000089e+00,2.000000000000000111e-01,-5.000000000000000000e-01,0.000000000000000000e+00,1.100000000000000089e+00,2.000000000000000111e-01,5.000000000000000000e-01,1.798975765705108643e-01,1.228033099323511124e-02,4.257528781890869141e-01,1.885854601860046387e-01,-2.416482716798782349e-01,-2.200448326766490936e-02,-7.184565998613834381e-03,-3.533621728420257568e-01,-8.616665005683898926e-02,7.213413715362548828e-01,-2.110955119132995605e-01,2.573202252388000488e-01
6.173476063232456040e-02,-1.035085831996467587e-01,5.259095098574957383e-01,3.219435922801494598e-03,5.440686643123626709e-02,2.662461809813976288e-02,9.981586337089538574e-01,0.000000000000000000e+00,0.000000000000000000e+00,0.000000000000000000e+00,-1.100000000000000089e+00,2.000000000000000111e-01,-5.000000000000000000e-01,0.000000000000000000e+00,1.100000000000000089e+00,2.000000000000000111e-01,5.000000000000000000e-01,1.931860595941543579e-01,-2.903805579990148544e-06,4.415728449821472168e-01,1.489275544881820679e-01,-2.187827676534652710e-01,-2.837029285728931427e-02,2.165436558425426483e-02,-3.658936023712158203e-01,-1.188773885369300842e-01,6.487802267074584961e-01,-2.243594527244567871e-01,2.578617930412292480e-01
6.366263097152115302e-02,-9.796860217841137086e-02,5.253610886633397481e-01,1.189974416047334671e-02,5.403992533683776855e-02,3.251671046018600464e-02,9.979382753372192383e-01,0.000000000000000000e+00,0.000000000000000000e+00,0.000000000000000000e+00,-1.100000000000000089e+00,2.000000000000000111e-01,-5.000000000000000000e-01,0.000000000000000000e+00,1.100000000000000089e+00,2.000000000000000111e-01,5.000000000000000000e-01,1.999837756156921387e-01,-5.638858303427696228e-03,4.569776952266693115e-01,1.254935860633850098e-01,-2.041820585727691650e-01,-3.786710649728775024e-02,5.728079378604888916e-02,-3.667724430561065674e-01,-1.377685219049453735e-01,5.726748108863830566e-01,-2.610952854156494141e-01,2.565459907054901123e-01
6.575212864619163489e-02,-9.146791469719676992e-02,5.251834919634793541e-01,1.995915360748767853e-02,5.397256463766098022e-02,3.599847108125686646e-02,9.976937174797058105e-01,0.000000000000000000e+00,0.000000000000000000e+00,0.000000000000000000e+00,-1.100000000000000089e+00,2.000000000000000111e-01,-5.000000000000000000e-01,0.000000000000000000e+00,1.100000000000000089e+00,2.000000000000000111e-01,5.000000000000000000e-01,2.013307362794876099e-01,-1.303239492699503899e-03,4.687927961349487305e-01,1.170282289385795593e-01,-1.935459971427917480e-01,-4.908253625035285950e-02,9.607600420713424683e-02,-3.545166850090026855e-01,-1.510650813579559326e-01,4.888214170932769775e-01,-2.929566800594329834e-01,2.544505000114440918e-01
6.813725898973645168e-02,-8.475379411131145346e-02,5.256020579404302451e-01,2.838723175227642059e-02,5.441838875412940979e-02,3.530895709991455078e-02,9.974898695945739746e-01,0.000000000000000000e+00,0.000000000000000000e+00,0.000000000000000000e+00,-1.100000000000000089e+00,2.000000000000000111e-01,-5.000000000000000000e-01,0.000000000000000000e+00,1.100000000000000089e+00,2.000000000000000111e-01,5.000000000000000000e-01,2.016991823911666870e-01,1.556706242263317108e-02,4.798140227794647217e-01,1.161603853106498718e-01,-1.850592046976089478e-01,-6.100579723715782166e-02,1.255175173282623291e-01,-3.294105827808380127e-01,-1.541349291801452637e-01,4.157964885234832764e-01,-3.087348341941833496e-01,2.420298457145690918e-01
7.075905703008175673e-02,-7.832733413411513412e-02,5.263510175959932313e-01,3.722566738724708557e-02,5.549818649888038635e-02,3.236301243305206299e-02,9.972396492958068848e-01,0.000000000000000000e+00,0.000000000000000000e+00,0.000000000000000000e+00,-1.100000000000000089e+00,2.000000000000000111e-01,-5.000000000000000000e-01,0.000000000000000000e+00,1.100000000000000089e+00,2.000000000000000111e-01,5.000000000000000000e-01,2.006914615631103516e-01,3.892702236771583557e-02,4.922596812248229980e-01,1.199663281440734863e-01,-1.766715794801712036e-01,-7.037156820297241211e-02,1.410142034292221069e-01,-3.005162179470062256e-01,-1.472120881080627441e-01,3.648779690265655518e-01,-3.092404305934906006e-01,2.259746044874191284e-01
7.370557894309362479e-02,-7.193159107532767771e-02,5.270315962615941263e-01,4.495853185653686523e-02,5.667717382311820984e-02,2.847077324986457825e-02,9.969733953475952148e-01,0.000000000000000000e+00,0.000000000000000000e+00,0.000000000000000000e+00,-1.100000000000000089e+00,2.000000000000000111e-01,-5.000000000000000000e-01,0.000000000000000000e+00,1.100000000000000089e+00,2.000000000000000111e-01,5.000000000000000000e-01,1.949365437030792236e-01,6.670983880758285522e-02,5.021520256996154785e-01,1.350433379411697388e-01,-1.742018163204193115e-01,-7.857457548379898071e-02,1.487610489130020142e-01,-2.727836966514587402e-01,-1.425525397062301636e-01,3.331236243247985840e-01,-3.053233623504638672e-01,2.138774693012237549e-01
7.635599864853753749e-02,-6.590779334513678644e-02,5.274886543138160855e-01,5.070376023650169373e-02,5.744232237339019775e-02,2.306505106389522552e-02,9.967936277389526367e-01,0.000000000000000000e+00,0.000000000000000000e+00,0.000000000000000000e+00,-1.100000000000000089e+00,2.000000000000000111e-01,-5.000000000000000000e-01,0.000000000000000000e+00,1.100000000000000089e+00,2.000000000000000111e-01,5.000000000000000000e-01,1.784351021051406860e-01,1.032171249389648438e-01,5.053004026412963867e-01,1.751853972673416138e-01,-1.833766698837280273e-01,-8.646589517593383789e-02,1.556043922901153564e-01,-2.428413033485412598e-01,-1.416619271039962769e-01,3.058566153049468994e-01,-2.991355359554290771e-01,2.000403851270675659e-01
7.871324950104788276e-02,-6.024034519058963505e-02,5.276161264959309261e-01,5.470410361886024475e-02,5.824853852391242981e-02,1.620468683540821075e-02,9.966704249382019043e-01,0.000000000000000000e+00,0.000000000000000000e+00,0.000000000000000000e+00,-1.100000000000000089e+00,2.000000000000000111e-01,-5.000000000000000000e-01,0.000000000000000000e+00,1.100000000000000089e+00,2.000000000000000111e-01,5.000000000000000000e-01,1.569574475288391113e-01,1.457983106374740601e-01,5.048286914825439453e-01,2.285098731517791748e-01,-1.987134069204330444e-01,-9.495458751916885376e-02,1.626446396112442017e-01,-2.106906026601791382e-01,-1.430873274803161621e-01,2.828160524368286133e-01,-2.932469844818115234e-01,1.835993826389312744e-01
8.056766985191241015e-02,-5.478506793992388157e-02,5.274674493405554498e-01,5.751019343733787537e-02,5.949926376342773438e-02,9.774492122232913971e-03,9.965223670005798340e-01,0.000000000000000000e+00,0.000000000000000000e+00,0.000000000000000000e+00,-1.100000000000000089e+00,2.000000000000000111e-01,-5.000000000000000000e-01,0.000000000000000000e+00,1.100000000000000089e+00,2.000000000000000111e-01,5.000000000000000000e-01,1.395491808652877808e-01,1.847089231014251709e-01,5.037376880645751953e-01,2.741444408893585205e-01,-2.100321203470230103e-01,-1.024204269051551819e-01,1.668831110000610352e-01,-1.818968206644058228e-01,-1.442563831806182861e-01,2.705084383487701416e-01,-2.906933128833770752e-01,1.666008830070495605e-01
8.268489050471949930e-02,-4.961769868930181876e-02,5.272934473885431128e-01,5.924939736723899841e-02,6.067732721567153931e-02,5.720464047044515610e-03,9.963809847831726074e-01,0.000000000000000000e+00,0.000000000000000000e+00,0.000000000000000000e+00,-1.100000000000000089e+00,2.000000000000000111e-01,-5.000000000000000000e-01,0.000000000000000000e+00,1.100000000000000089e+00,2.000000000000000111e-01,5.000000000000000000e-01,1.275368779897689819e-01,2.128222882747650146e-01,5.030079483985900879e-01,3.045793473720550537e-01,-2.145880758762359619e-01,-1.079370602965354919e-01,1.650570631027221680e-01,-1.615529209375381470e-01,-1.441053450107574463e-01,2.715758383274078369e-01,-2.928959429264068604e-01,1.522176563739776611e-01
8.516370643965073817e-02,-4.530399117411839510e-02,5.270832960059246286e-01,5.973724275827407837e-02,6.156092137098312378e-02,3.677843138575553894e-03,9.963073134422302246e-01,0.000000000000000000e+00,0.000000000000000000e+00,0.000000000000000000e+00,-1.100000000000000089e+00,2.000000000000000111e-01,-5.000000000000000000e-01,0.000000000000000000e+00,1.100000000000000089e+00,2.000000000000000111e-01,5.000000000000000000e-01,1.179790422320365906e-01,2.322564274072647095e-01,5.019279122352600098e-01,3.243680894374847412e-01,-2.145380675792694092e-01,-1.127455532550811768e-01,1.593745201826095581e-01,-1.481493413448333740e-01,-1.443515568971633911e-01,2.805474102497100830e-01,-2.987515032291412354e-01,1.400948166847229004e-01
8.769040017492242545e-02,-4.228584946391897997e-02,5.268640163871978199e-01,5.916883796453475952e-02,6.212089583277702332e-02,3.131610108539462090e-03,9.963082671165466309e-01,0.000000000000000000e+00,0.000000000000000000e+00,0.000000000000000000e+00,-1.100000000000000089e+00,2.000000000000000111e-01,-5.000000000000000000e-01,0.000000000000000000e+00,1.100000000000000089e+00,2.000000000000000111e-01,5.000000000000000000e-01,1.098864078521728516e-01,2.443023324012756348e-01,5.002245306968688965e-01,3.353817164897918701e-01,-2.113215029239654541e-01,-1.167860031127929688e-01,1.511455327272415161e-01,-1.403396129608154297e-01,-1.456867158412933350e-01,2.937537431716918945e-01,-3.059911727905273438e-01,1.302059590816497803e-01
9.050706687072913870e-02,-4.044838551845816171e-02,5.266725657714739217e-01,5.761925503611564636e-02,6.251569837331771851e-02,3.557044314220547676e-03,9.963729977607727051e-01,0.000000000000000000e+00,0.000000000000000000e+00,0.000000000000000000e+00,-1.100000000000000089e+00,2.000000000000000111e-01,-5.000000000000000000e-01,0.000000000000000000e+00,1.100000000000000089e+00,2.000000000000000111e-01,5.000000000000000000e-01,1.030945926904678345e-01,2.503963410854339600e-01,4.970421195030212402e-01,3.400917649269104004e-01,-2.062654197216033936e-01,-1.201909109950065613e-01,1.424401700496673584e-01,-1.365438699722290039e-01,-1.483732014894485474e-01,3.080043792724609375e-01,-3.131526708602905273e-01,1.219200789928436279e-01
9.297899118935069873e-02,-3.915647757136159895e-02,5.265669851998489026e-01,5.490192398428916931e-02,6.292487680912017822e-02,4.855437204241752625e-03,9.964951872825622559e-01,0.000000000000000000e+00,0.000000000000000000e+00,0.000000000000000000e+00,-1.100000000000000089e+00,2.000000000000000111e-01,-5.000000000000000000e-01,0.000000000000000000e+00,1.100000000000000089e+00,2.000000000000000111e-01,5.000000000000000000e-01,9.790764749050140381e-02,2.511789798736572266e-01,4.920888245105743408e-01,3.391121625900268555e-01,-1.991424709558486938e-01,-1.225657612085342407e-01,1.343625932931900024e-01,-1.360303610563278198e-01,-1.521508246660232544e-01,3.219071030616760254e-01,-3.197654485702514648e-01,1.152251586318016052e-01
9.447496166245807070e-02,-3.821087460602737990e-02,5.265561201754545007e-01,5.115458369255065918e-02,6.349185109138488770e-02,6.592411082237958908e-03,9.966486096382141113e-01,0.000000000000000000e+00,0.000000000000000000e+00,0.000000000000000000e+00,-1.100000000000000089e+00,2.000000000000000111e-01,-5.000000000000000000e-01,0.000000000000000000e+00,1.100000000000000089e+00,2.000000000000000111e-01,5.000000000000000000e-01,9.491224586963653564e-02,2.482100874185562134e-01,4.858344197273254395e-01,3.325832486152648926e-01,-1.902140229940414429e-01,-1.241594329476356506e-01,1.286041140556335449e-01,-1.373706012964248657e-01,-1.573897898197174072e-01,3.332923650741577148e-01,-3.249987363815307617e-01,1.092527359724044800e-01
9.545282395556570210e-02,-3.761745847813371957e-02,5.266178771356742061e-01,4.666454344987869263e-02,6.424880027770996094e-02,8.366828784346580505e-03,9.968071579933166504e-01,0.000000000000000000e+00,0.000000000000000000e+00,0.000000000000000000e+00,-1.100000000000000089e+00,2.000000000000000111e-01,-5.000000000000000000e-01,0.000000000000000000e+00,1.100000000000000089e+00,2.000000000000000111e-01,5.000000000000000000e-01,9.406454116106033325e-02,2.430851757526397705e-01,4.790697991847991943e-01,3.215733170509338379e-01,-1.804021596908569336e-01,-1.256873160600662231e-01,1.255324780941009521e-01,-1.396811008453369141e-01,-1.642652601003646851e-01,3.416043519973754883e-01,-3.289236128330230713e-01,1.039745956659317017e-01
9.639754590474898521e-02,-3.715404398273677161e-02,5.267173183626600030e-01,4.155509173870086670e-02,6.513878703117370605e-02,1.004662085324525833e-02,9.969599843025207520e-01,0.000000000000000000e+00,0.000000000000000000e+00,0.000000000000000000e+00,-1.100000000000000089e+00,2.000000000000000111e-01,-5.000000000000000000e-01,0.000000000000000000e+00,1.100000000000000089e+00,2.000000000000000111e-01,5.000000000000000000e-01,9.416711330413818359e-02,2.370255440473556519e-01,4.720452129840850830e-01,3.082705438137054443e-01,-1.701372116804122925e-01,-1.270827203989028931e-01,1.243740394711494446e-01,-1.425577402114868164e-01,-1.727339327335357666e-01,3.475554883480072021e-01,-3.317778706550598145e-01,9.946714341640472412e-02
9.764603414469297249e-02,-3.665682775020186190e-02,5.267688565452894878e-01,3.616569936275482178e-02,6.618630886077880859e-02,1.132468320429325104e-02,9.970873594284057617e-01,0.000000000000000000e+00,0.000000000000000000e+00,0.000000000000000000e+00,-1.100000000000000089e+00,2.000000000000000111e-01,-5.000000000000000000e-01,0.000000000000000000e+00,1.100000000000000089e+00,2.000000000000000111e-01,5.000000000000000000e-01,9.414511919021606445e-02,2.318592816591262817e-01,4.647747874259948730e-01,2.957331836223602295e-01,-1.606323868036270142e-01,-1.289565116167068481e-01,1.242370530962944031e-01,-1.451465636491775513e-01,-1.825276911258697510e-01,3.523951172828674316e-01,-3.340567350387573242e-01,9.571078419685363770e-02
9.923308502675760867e-02,-3.623139540095710737e-02,5.267374327944385204e-01,3.060681000351905823e-02,6.747356057167053223e-02,1.229993067681789398e-02,9.971756339073181152e-01,0.000000000000000000e+00,0.000000000000000000e+00,0.000000000000000000e+00,-1.100000000000000089e+00,2.000000000000000111e-01,-5.000000000000000000e-01,0.000000000000000000e+00,1.100000000000000089e+00,2.000000000000000111e-01,5.000000000000000000e-01,9.361171722412109375e-02,2.279199510812759399e-01,4.569745957851409912e-01,2.857888936996459961e-01,-1.523972600698471069e-01,-1.309458464384078979e-01,1.246927753090858459e-01,-1.475627869367599487e-01,-1.928741782903671265e-01,3.575941324234008789e-01,-3.365644216537475586e-01,9.245005249977111816e-02
1.011982811676959415e-01,-3.584896118380129920e-02,5.266405361642441108e-01,2.552170678973197937e-02,6.891095638275146484e-02,1.318657491356134415e-02,9.972091317176818848e-01,0.000000000000000000e+00,0.000000000000000000e+00,0.000000000000000000e+00,-1.100000000000000089e+00,2.000000000000000111e-01,-5.000000000000000000e-01,0.000000000000000000e+00,1.100000000000000089e+00,2.000000000000000111e-01,5.000000000000000000e-01,9.301880002021789551e-02,2.246226370334625244e-01,4.498347342014312744e-01,2.784009873867034912e-01,-1.457068771123886108e-01,-1.328289061784744263e-01,1.252539306879043579e-01,-1.501503437757492065e-01,-2.019982337951660156e-01,3.637678921222686768e-01,-3.396671414375305176e-01,9.029269218444824219e-02
1.034782297950652130e-01,-3.543091523357564526e-02,5.265110444608662732e-01,2.103777788579463959e-02,7.044763118028640747e-02,1.403289940208196640e-02,9.971948862075805664e-01,0.000000000000000000e+00,0.000000000000000000e+00,0.000000000000000000e+00,-1.100000000000000089e+00,2.000000000000000111e-01,-5.000000000000000000e-01,0.000000000000000000e+00,1.100000000000000089e+00,2.000000000000000111e-01,5.000000000000000000e-01,9.244328737258911133e-02,2.217483222484588623e-01,4.431578516960144043e-01,2.732281982898712158e-01,-1.403372436761856079e-01,-1.341281533241271973e-01,1.258826553821563721e-01,-1.527284830808639526e-01,-2.093272507190704346e-01,3.703832626342773438e-01,-3.433001935482025146e-01,8.883365243673324585e-02
1.056125406465596855e-01,-3.512370313466009475e-02,5.263736766245631360e-01,1.731305755674839020e-02,7.198878377676010132e-02,1.477792300283908844e-02,9.971456527709960938e-01,0.000000000000000000e+00,0.000000000000000000e+00,0.000000000000000000e+00,-1.100000000000000089e+00,2.000000000000000111e-01,-5.000000000000000000e-01,0.000000000000000000e+00,1.100000000000000089e+00,2.000000000000000111e-01,5.000000000000000000e-01,9.239554405212402344e-02,2.195752114057540894e-01,4.381174147129058838e-01,2.695853710174560547e-01,-1.361789107322692871e-01,-1.351484954357147217e-01,1.268014162778854370e-01,-1.549036055803298950e-01,-2.145486176013946533e-01,3.763770163059234619e-01,-3.467179536819458008e-01,8.788108080625534058e-02
1.069229171156055591e-01,-3.522245015121169137e-02,5.262503646562497472e-01,1.439422648400068283e-02,7.323402166366577148e-02,1.542716380208730698e-02,9.970915913581848145e-01,0.000000000000000000e+00,0.000000000000000000e+00,0.000000000000000000e+00,-1.100000000000000089e+00,2.000000000000000111e-01,-5.000000000000000000e-01,0.000000000000000000e+00,1.100000000000000089e+00,2.000000000000000111e-01,5.000000000000000000e-01,9.220455586910247803e-02,2.180217057466506958e-01,4.344354867935180664e-01,2.676253914833068848e-01,-1.330500841140747070e-01,-1.354748606681823730e-01,1.271240264177322388e-01,-1.565571427345275879e-01,-2.172946184873580933e-01,3.811936974525451660e-01,-3.490979671478271484e-01,8.721839636564254761e-02
1.076691302222510388e-01,-3.552591098938137626e-02,5.260942152722015708e-01,1.186023745685815811e-02,7.416519522666931152e-02,1.581458002328872681e-02,9.970500469207763672e-01,0.000000000000000000e+00,0.000000000000000000e+00,0.000000000000000000e+00,-1.100000000000000089e+00,2.000000000000000111e-01,-5.000000000000000000e-01,0.000000000000000000e+00,1.100000000000000089e+00,2.000000000000000111e-01,5.000000000000000000e-01,9.172517061233520508e-02,2.170396894216537476e-01,4.305661618709564209e-01,2.665280401706695557e-01,-1.301288455724716187e-01,-1.350678801536560059e-01,1.274580359458923340e-01,-1.574512720108032227e-01,-2.193146049976348877e-01,3.837157189846038818e-01,-3.501671552658081055e-01,8.665578812360763550e-02
