3.175567415721639031e-02,-1.371277549555713349e-02,5.463846191959549348e-01,9.977794885635375977e-01,-5.691048689186573029e-03,-6.635686755180358887e-02,-7.321674493141472340e-04,0.000000000000000000e+00,0.000000000000000000e+00,0.000000000000000000e+00,-1.100000000000000089e+00,2.000000000000000111e-01,-5.000000000000000000e-01,0.000000000000000000e+00,1.100000000000000089e+00,2.000000000000000111e-01,5.000000000000000000e-01,1.576565355062484741e-01,6.715050339698791504e-02,9.049601852893829346e-02,1.645958721637725830e-01,-1.772040724754333496e-01,-7.862263917922973633e-02,1.650085300207138062e-01,-7.122959196567535400e-02,-1.907740682363510132e-01,1.627869457006454468e-01,-1.970446109771728516e-01,6.052495911717414856e-02
3.133467882382448555e-02,-1.372082115762462452e-02,5.463998567794609018e-01,9.978135824203491211e-01,-5.622595548629760742e-03,-6.585007905960083008e-02,-5.106991156935691833e-04,0.000000000000000000e+00,0.000000000000000000e+00,0.000000000000000000e+00,-1.100000000000000089e+00,2.000000000000000111e-01,-5.000000000000000000e-01,0.000000000000000000e+00,1.100000000000000089e+00,2.000000000000000111e-01,5.000000000000000000e-01,1.559795290231704712e-01,6.716679036617279053e-02,9.020559489727020264e-02,1.638602614402770996e-01,-1.775695681571960449e-01,-7.820475846529006958e-02,1.642372608184814453e-01,-7.192111760377883911e-02,-1.921355277299880981e-01,1.632538586854934692e-01,-1.964160501956939697e-01,6.137570738792419434e-02
3.092178234910460816e-02,-1.371602827330317513e-02,5.463700874405678087e-01,9.978404045104980469e-01,-5.531792994588613510e-03,-6.545150279998779297e-02,2.344696549698710442e-04,0.000000000000000000e+00,0.000000000000000000e+00,0.000000000000000000e+00,-1.100000000000000089e+00,2.000000000000000111e-01,-5.000000000000000000e-01,0.000000000000000000e+00,1.100000000000000089e+00,2.000000000000000111e-01,5.000000000000000000e-01,1.540229171514511108e-01,6.666478514671325684e-02,8.863030374050140381e-02,1.636333614587783813e-01,-1.769512891769409180e-01,-7.722581177949905396e-02,1.635625660419464111e-01,-7.261976599693298340e-02,-1.940767616033554077e-01,1.636069118976593018e-01,-1.959931552410125732e-01,6.185333430767059326e-02
3.050487926182798154e-02,-1.361769499854570409e-02,5.463394877156524387e-01,9.978660941123962402e-01,-5.418027751147747040e-03,-6.506077945232391357e-02,1.030350802466273308e-03,0.000000000000000000e+00,0.000000000000000000e+00,0.000000000000000000e+00,-1.100000000000000089e+00,2.000000000000000111e-01,-5.000000000000000000e-01,0.000000000000000000e+00,1.100000000000000089e+00,2.000000000000000111e-01,5.000000000000000000e-01,1.518557965755462646e-01,6.607890129089355469e-02,8.701341599225997925e-02,1.638120263814926147e-01,-1.762730628252029419e-01,-7.629733532667160034e-02,1.624556183815002441e-01,-7.328260689973831177e-02,-1.958781629800796509e-01,1.640926152467727661e-01,-1.957129389047622681e-01,6.224047392606735229e-02
3.009544964875047676e-02,-1.347315463409147658e-02,5.463080991240162332e-01,9.978935718536376953e-01,-5.328562110662460327e-03,-6.463044881820678711e-02,1.727260532788932323e-03,0.000000000000000000e+00,0.000000000000000000e+00,0.000000000000000000e+00,-1.100000000000000089e+00,2.000000000000000111e-01,-5.000000000000000000e-01,0.000000000000000000e+00,1.100000000000000089e+00,2.000000000000000111e-01,5.000000000000000000e-01,1.496456712484359741e-01,6.560290604829788208e-02,8.575589954853057861e-02,1.638216972351074219e-01,-1.758020669221878052e-01,-7.547608017921447754e-02,1.608147025108337402e-01,-7.392860949039459229e-02,-1.969548463821411133e-01,1.646948456764221191e-01,-1.955818533897399902e-01,6.244042143225669861e-02
2.976738489105958813e-02,-1.332295985981784420e-02,5.462853465470099978e-01,9.979155063629150391e-01,-5.263680592179298401e-03,-6.427802145481109619e-02,2.319432562217116356e-03,0.000000000000000000e+00,0.000000000000000000e+00,0.000000000000000000e+00,-1.100000000000000089e+00,2.000000000000000111e-01,-5.000000000000000000e-01,0.000000000000000000e+00,1.100000000000000089e+00,2.000000000000000111e-01,5.000000000000000000e-01,1.478091776371002197e-01,6.501605361700057983e-02,8.433765172958374023e-02,1.634700298309326172e-01,-1.752594858407974243e-01,-7.482150197029113770e-02,1.594721674919128418e-01,-7.457695901393890381e-02,-1.978031247854232788e-01,1.650634855031967163e-01,-1.954402625560760498e-01,6.251618266105651855e-02
2.951860902370000844e-02,-1.314524427630157748e-02,5.462951866213721086e-01,9.979360699653625488e-01,-5.185810849070549011e-03,-6.394752860069274902e-02,2.725303405895829201e-03,0.000000000000000000e+00,0.000000000000000000e+00,0.000000000000000000e+00,-1.100000000000000089e+00,2.000000000000000111e-01,-5.000000000000000000e-01,0.000000000000000000e+00,1.100000000000000089e+00,2.000000000000000111e-01,5.000000000000000000e-01,1.460686475038528442e-01,6.423616409301757812e-02,8.321335166692733765e-02,1.629685759544372559e-01,-1.743533611297607422e-01,-7.415920495986938477e-02,1.581919789314270020e-01,-7.530985772609710693e-02,-1.985439658164978027e-01,1.652779579162597656e-01,-1.951485127210617065e-01,6.251823157072067261e-02
2.930391012272336518e-02,-1.301653833530673834e-02,5.463034074429912179e-01,9.979588389396667480e-01,-5.110283847898244858e-03,-6.358327716588973999e-02,3.040594514459371567e-03,0.000000000000000000e+00,0.000000000000000000e+00,0.000000000000000000e+00,-1.100000000000000089e+00,2.000000000000000111e-01,-5.000000000000000000e-01,0.000000000000000000e+00,1.100000000000000089e+00,2.000000000000000111e-01,5.000000000000000000e-01,1.442395895719528198e-01,6.343206018209457397e-02,8.245687186717987061e-02,1.624566465616226196e-01,-1.732911169528961182e-01,-7.352092862129211426e-02,1.569808572530746460e-01,-7.596513628959655762e-02,-1.989295631647109985e-01,1.653137654066085815e-01,-1.947137415409088135e-01,6.256448477506637573e-02
2.894875402106066378e-02,-1.261853820733688410e-02,5.463015390744413446e-01,9.979805350303649902e-01,-5.032001063227653503e-03,-6.323461979627609253e-02,3.301189746707677841e-03,0.000000000000000000e+00,0.000000000000000000e+00,0.000000000000000000e+00,-1.100000000000000089e+00,2.000000000000000111e-01,-5.000000000000000000e-01,0.000000000000000000e+00,1.100000000000000089e+00,2.000000000000000111e-01,5.000000000000000000e-01,1.425794959068298340e-01,6.259723752737045288e-02,8.183738589286804199e-02,1.620915830135345459e-01,-1.724261790513992310e-01,-7.291935384273529053e-02,1.558188796043395996e-01,-7.666840404272079468e-02,-1.990703344345092773e-01,1.654728651046752930e-01,-1.942365020513534546e-01,6.267418712377548218e-02
2.875786124935580598e-02,-1.247697036534623112e-02,5.463002934954082068e-01,9.979991912841796875e-01,-4.947707988321781158e-03,-6.293814629316329956e-02,3.454559715464711189e-03,0.000000000000000000e+00,0.000000000000000000e+00,0.000000000000000000e+00,-1.100000000000000089e+00,2.000000000000000111e-01,-5.000000000000000000e-01,0.000000000000000000e+00,1.100000000000000089e+00,2.000000000000000111e-01,5.000000000000000000e-01,1.412814259529113770e-01,6.175059825181961060e-02,8.142897486686706543e-02,1.617242246866226196e-01,-1.715849339962005615e-01,-7.228497415781021118e-02,1.546105444431304932e-01,-7.747305184602737427e-02,-1.992548406124114990e-01,1.657238453626632690e-01,-1.937470287084579468e-01,6.277060508728027344e-02
2.850283932213605598e-02,-1.221695444469029709e-02,5.463082236819194470e-01,9.980145096778869629e-01,-4.871404264122247696e-03,-6.269986182451248169e-02,3.470626659691333771e-03,0.000000000000000000e+00,0.000000000000000000e+00,0.000000000000000000e+00,-1.100000000000000089e+00,2.000000000000000111e-01,-5.000000000000000000e-01,0.000000000000000000e+00,1.100000000000000089e+00,2.000000000000000111e-01,5.000000000000000000e-01,1.404181271791458130e-01,6.099324673414230347e-02,8.124715834856033325e-02,1.611797511577606201e-01,-1.709901988506317139e-01,-7.167181372642517090e-02,1.533282399177551270e-01,-7.819599658250808716e-02,-1.993451565504074097e-01,1.660964190959930420e-01,-1.932323873043060303e-01,6.281939148902893066e-02
2.824327622135781174e-02,-1.193366565828616124e-02,5.463306441045168160e-01,9.980275034904479980e-01,-4.806934855878353119e-03,-6.250090152025222778e-02,3.420067718252539635e-03,0.000000000000000000e+00,0.000000000000000000e+00,0.000000000000000000e+00,-1.100000000000000089e+00,2.000000000000000111e-01,-5.000000000000000000e-01,0.000000000000000000e+00,1.100000000000000089e+00,2.000000000000000111e-01,5.000000000000000000e-01,1.397832781076431274e-01,6.034352630376815796e-02,8.140884339809417725e-02,1.606440693140029907e-01,-1.704173684120178223e-01,-7.115163654088973999e-02,1.520833671092987061e-01,-7.884944230318069458e-02,-1.992526799440383911e-01,1.664477735757827759e-01,-1.928341537714004517e-01,6.262224912643432617e-02
2.800054919717814492e-02,-1.166694696545788994e-02,5.463455910529151360e-01,9.980372786521911621e-01,-4.732099827378988266e-03,-6.235938891768455505e-02,3.249979577958583832e-03,0.000000000000000000e+00,0.000000000000000000e+00,0.000000000000000000e+00,-1.100000000000000089e+00,2.000000000000000111e-01,-5.000000000000000000e-01,0.000000000000000000e+00,1.100000000000000089e+00,2.000000000000000111e-01,5.000000000000000000e-01,1.394313126802444458e-01,5.975404381752014160e-02,8.204226195812225342e-02,1.602613776922225952e-01,-1.696877181529998779e-01,-7.054729759693145752e-02,1.509755551815032959e-01,-7.937782257795333862e-02,-1.987125426530838013e-01,1.667698770761489868e-01,-1.924093514680862427e-01,6.247062608599662781e-02
2.774659379700556219e-02,-1.143182835320593997e-02,5.463700459212667004e-01,9.980518221855163574e-01,-4.680363927036523819e-03,-6.214316189289093018e-02,2.966250525787472725e-03,0.000000000000000000e+00,0.000000000000000000e+00,0.000000000000000000e+00,-1.100000000000000089e+00,2.000000000000000111e-01,-5.000000000000000000e-01,0.000000000000000000e+00,1.100000000000000089e+00,2.000000000000000111e-01,5.000000000000000000e-01,1.388151943683624268e-01,5.939337983727455139e-02,8.320739120244979858e-02,1.599944382905960083e-01,-1.688519716262817383e-01,-6.984466314315795898e-02,1.497098356485366821e-01,-7.980483770370483398e-02,-1.979347616434097290e-01,1.670841872692108154e-01,-1.919758319854736328e-01,6.236986443400382996e-02
2.749799438667568235e-02,-1.125712032406355617e-02,5.463992755092454967e-01,9.980670809745788574e-01,-4.597345832735300064e-03,-6.191961467266082764e-02,2.651701681315898895e-03,0.000000000000000000e+00,0.000000000000000000e+00,0.000000000000000000e+00,-1.100000000000000089e+00,2.000000000000000111e-01,-5.000000000000000000e-01,0.000000000000000000e+00,1.100000000000000089e+00,2.000000000000000111e-01,5.000000000000000000e-01,1.380596160888671875e-01,5.895023792982101440e-02,8.433798700571060181e-02,1.599411368370056152e-01,-1.679791361093521118e-01,-6.893503665924072266e-02,1.484405845403671265e-01,-8.038603514432907104e-02,-1.972148120403289795e-01,1.673539429903030396e-01,-1.915293782949447632e-01,6.246250122785568237e-02
2.727533415971192254e-02,-1.106300721156664932e-02,5.464297506762574308e-01,9.980812072753906250e-01,-4.485038574784994125e-03,-6.171186268329620361e-02,2.313841832801699638e-03,0.000000000000000000e+00,0.000000000000000000e+00,0.000000000000000000e+00,-1.100000000000000089e+00,2.000000000000000111e-01,-5.000000000000000000e-01,0.000000000000000000e+00,1.100000000000000089e+00,2.000000000000000111e-01,5.000000000000000000e-01,1.371709555387496948e-01,5.825045704841613770e-02,8.504380285739898682e-02,1.599679738283157349e-01,-1.671480238437652588e-01,-6.808197498321533203e-02,1.472229808568954468e-01,-8.115088194608688354e-02,-1.965269148349761963e-01,1.674823760986328125e-01,-1.912170201539993286e-01,6.251171976327896118e-02
2.707013798877596841e-02,-1.085016370435819104e-02,5.464495969021861965e-01,9.980919361114501953e-01,-4.378612153232097626e-03,-6.156244874000549316e-02,1.851149485446512699e-03,0.000000000000000000e+00,0.000000000000000000e+00,0.000000000000000000e+00,-1.100000000000000089e+00,2.000000000000000111e-01,-5.000000000000000000e-01,0.000000000000000000e+00,1.100000000000000089e+00,2.000000000000000111e-01,5.000000000000000000e-01,1.363468170166015625e-01,5.743551254272460938e-02,8.558387309312820435e-02,1.599857062101364136e-01,-1.664172261953353882e-01,-6.724773347377777100e-02,1.459307670593261719e-01,-8.188231289386749268e-02,-1.956817954778671265e-01,1.676338911056518555e-01,-1.908944398164749146e-01,6.270882487297058105e-02
2.685506281913305204e-02,-1.064920120465691518e-02,5.464659555068220875e-01,9.980996251106262207e-01,-4.284528084099292755e-03,-6.145743653178215027e-02,1.343269832432270050e-03,0.000000000000000000e+00,0.000000000000000000e+00,0.000000000000000000e+00,-1.100000000000000089e+00,2.000000000000000111e-01,-5.000000000000000000e-01,0.000000000000000000e+00,1.100000000000000089e+00,2.000000000000000111e-01,5.000000000000000000e-01,1.355715394020080566e-01,5.668643862009048462e-02,8.633103966712951660e-02,1.600320488214492798e-01,-1.658546775579452515e-01,-6.663693487644195557e-02,1.446041911840438843e-01,-8.251016587018966675e-02,-1.946863681077957153e-01,1.676736176013946533e-01,-1.905013620853424072e-01,6.304871290922164917e-02
2.662572836451646344e-02,-1.044957510745999490e-02,5.464768750830130140e-01,9.981057643890380859e-01,-4.191405605524778366e-03,-6.137266382575035095e-02,8.316804305650293827e-04,0.000000000000000000e+00,0.000000000000000000e+00,0.000000000000000000e+00,-1.100000000000000089e+00,2.000000000000000111e-01,-5.000000000000000000e-01,0.000000000000000000e+00,1.100000000000000089e+00,2.000000000000000111e-01,5.000000000000000000e-01,1.350827366113662720e-01,5.607405304908752441e-02,8.746840059757232666e-02,1.598405838012695312e-01,-1.650358289480209351e-01,-6.594468653202056885e-02,1.434424072504043579e-01,-8.322199434041976929e-02,-1.940111219882965088e-01,1.675994098186492920e-01,-1.900443285703659058e-01,6.372552365064620972e-02
2.634780075786766901e-02,-1.019372409169628027e-02,5.464930260911433635e-01,9.981104731559753418e-01,-4.098977427929639816e-03,-6.130734831094741821e-02,2.989830973092466593e-04,0.000000000000000000e+00,0.000000000000000000e+00,0.000000000000000000e+00,-1.100000000000000089e+00,2.000000000000000111e-01,-5.000000000000000000e-01,0.000000000000000000e+00,1.100000000000000089e+00,2.000000000000000111e-01,5.000000000000000000e-01,1.348262578248977661e-01,5.551990494132041931e-02,8.863421529531478882e-02,1.591914594173431396e-01,-1.642190515995025635e-01,-6.516295671463012695e-02,1.425561904907226562e-01,-8.399787545204162598e-02,-1.935876607894897461e-01,1.673652082681655884e-01,-1.894262731075286865e-01,6.456337124109268188e-02
2.600211884172614479e-02,-9.969012551762239382e-03,5.465059801130884853e-01,9.981132745742797852e-01,-3.987513016909360886e-03,-6.127038225531578064e-02,-6.261016824282705784e-05,0.000000000000000000e+00,0.000000000000000000e+00,0.000000000000000000e+00,-1.100000000000000089e+00,2.000000000000000111e-01,-5.000000000000000000e-01,0.000000000000000000e+00,1.100000000000000089e+00,2.000000000000000111e-01,5.000000000000000000e-01,1.346516311168670654e-01,5.491939559578895569e-02,8.952042460441589355e-02,1.580686867237091064e-01,-1.633369922637939453e-01,-6.430771201848983765e-02,1.418045163154602051e-01,-8.477438986301422119e-02,-1.929411143064498901e-01,1.668967902660369873e-01,-1.885919272899627686e-01,6.549437344074249268e-02
2.564912693363360224e-02,-9.790384841099794913e-03,5.465513191898965228e-01,9.981167316436767578e-01,-3.855742048472166061e-03,-6.122089549899101257e-02,-2.445841091684997082e-04,0.000000000000000000e+00,0.000000000000000000e+00,0.000000000000000000e+00,-1.100000000000000089e+00,2.000000000000000111e-01,-5.000000000000000000e-01,0.000000000000000000e+00,1.100000000000000089e+00,2.000000000000000111e-01,5.000000000000000000e-01,1.343914419412612915e-01,5.430665984749794006e-02,9.021541476249694824e-02,1.568200439214706421e-01,-1.623186469078063965e-01,-6.361090391874313354e-02,1.410165131092071533e-01,-8.551479876041412354e-02,-1.923965662717819214e-01,1.664669662714004517e-01,-1.876693069934844971e-01,6.656093895435333252e-02
2.572471022634117976e-02,-1.028847243429885892e-02,5.466140548538680477e-01,9.981173276901245117e-01,-3.715213853865861893e-03,-6.122107058763504028e-02,-1.546269486425444484e-04,0.000000000000000000e+00,0.000000000000000000e+00,0.000000000000000000e+00,-1.100000000000000089e+00,2.000000000000000111e-01,-5.000000000000000000e-01,0.000000000000000000e+00,1.100000000000000089e+00,2.000000000000000111e-01,5.000000000000000000e-01,1.340710371732711792e-01,5.353774502873420715e-02,9.045734256505966187e-02,1.556941568851470947e-01,-1.612004488706588745e-01,-6.277241557836532593e-02,1.403826326131820679e-01,-8.631516247987747192e-02,-1.921833008527755737e-01,1.661004573106765747e-01,-1.867725253105163574e-01,6.778140366077423096e-02
2.544127871733949109e-02,-1.005079260015991939e-02,5.466747975913863744e-01,9.981122612953186035e-01,-3.591674845665693283e-03,-6.131056323647499084e-02,3.284601261839270592e-04,0.000000000000000000e+00,0.000000000000000000e+00,0.000000000000000000e+00,-1.100000000000000089e+00,2.000000000000000111e-01,-5.000000000000000000e-01,0.000000000000000000e+00,1.100000000000000089e+00,2.000000000000000111e-01,5.000000000000000000e-01,1.337340623140335083e-01,5.262034013867378235e-02,8.984512090682983398e-02,1.550033837556838989e-01,-1.601591110229492188e-01,-6.192014738917350769e-02,1.400327980518341064e-01,-8.723814785480499268e-02,-1.924541294574737549e-01,1.658211350440979004e-01,-1.860164403915405273e-01,6.908293813467025757e-02
2.503659268441337307e-02,-9.689169867349920265e-03,5.467251605036282935e-01,9.980998039245605469e-01,-3.491759067401289940e-03,-6.150924041867256165e-02,1.101204426959156990e-03,0.000000000000000000e+00,0.000000000000000000e+00,0.000000000000000000e+00,-1.100000000000000089e+00,2.000000000000000111e-01,-5.000000000000000000e-01,0.000000000000000000e+00,1.100000000000000089e+00,2.000000000000000111e-01,5.000000000000000000e-01,1.333070993423461914e-01,5.143892765045166016e-02,8.824398368597030640e-02,1.547507345676422119e-01,-1.592611670494079590e-01,-6.076328456401824951e-02,1.400354355573654175e-01,-8.839175105094909668e-02,-1.931739300489425659e-01,1.655825525522232056e-01,-1.852050274610519409e-01,7.048998028039932251e-02
2.455076236738776285e-02,-9.208654020865908105e-03,5.467668458819389121e-01,9.980764985084533691e-01,-3.421944100409746170e-03,-6.186196208000183105e-02,2.176098991185426712e-03,0.000000000000000000e+00,0.000000000000000000e+00,0.000000000000000000e+00,-1.100000000000000089e+00,2.000000000000000111e-01,-5.000000000000000000e-01,0.000000000000000000e+00,1.100000000000000089e+00,2.000000000000000111e-01,5.000000000000000000e-01,1.328687071800231934e-01,5.011687055230140686e-02,8.607761561870574951e-02,1.549465358257293701e-01,-1.584060937166213989e-01,-5.936151370406150818e-02,1.403216421604156494e-01,-8.973804116249084473e-02,-1.942503303289413452e-01,1.656520366668701172e-01,-1.843990236520767212e-01,7.217784225940704346e-02
2.408221186449130413e-02,-8.614741178191821086e-03,5.468037980599235182e-01,9.980376958847045898e-01,-3.429117845371365547e-03,-6.242531910538673401e-02,3.478093305602669716e-03,0.000000000000000000e+00,0.000000000000000000e+00,0.000000000000000000e+00,-1.100000000000000089e+00,2.000000000000000111e-01,-5.000000000000000000e-01,0.000000000000000000e+00,1.100000000000000089e+00,2.000000000000000111e-01,5.000000000000000000e-01,1.324460357427597046e-01,4.858382791280746460e-02,8.336507529020309448e-02,1.555087268352508545e-01,-1.575950682163238525e-01,-5.751785635948181152e-02,1.409326642751693726e-01,-9.122400730848312378e-02,-1.955682933330535889e-01,1.661217659711837769e-01,-1.834470927715301514e-01,7.411240041255950928e-02
2.362556183127441714e-02,-7.858848567120730461e-03,5.468229799770345512e-01,9.979825615882873535e-01,-3.499379614368081093e-03,-6.319682300090789795e-02,4.978378303349018097e-03,0.000000000000000000e+00,0.000000000000000000e+00,0.000000000000000000e+00,-1.100000000000000089e+00,2.000000000000000111e-01,-5.000000000000000000e-01,0.000000000000000000e+00,1.100000000000000089e+00,2.000000000000000111e-01,5.000000000000000000e-01,1.319464743137359619e-01,4.664830863475799561e-02,8.016896992921829224e-02,1.566133201122283936e-01,-1.570167690515518188e-01,-5.495573952794075012e-02,1.420806944370269775e-01,-9.295977652072906494e-02,-1.971416026353836060e-01,1.666520982980728149e-01,-1.823960095643997192e-01,7.646368443965911865e-02
2.308769226022478610e-02,-6.942604522742895634e-03,5.468582713829748254e-01,9.979120492935180664e-01,-3.625886049121618271e-03,-6.415443867444992065e-02,6.529420148581266403e-03,0.000000000000000000e+00,0.000000000000000000e+00,0.000000000000000000e+00,-1.100000000000000089e+00,2.000000000000000111e-01,-5.000000000000000000e-01,0.000000000000000000e+00,1.100000000000000089e+00,2.000000000000000111e-01,5.000000000000000000e-01,1.314745247364044189e-01,4.400580376386642456e-02,7.680109888315200806e-02,1.579606384038925171e-01,-1.566761285066604614e-01,-5.148306488990783691e-02,1.434700042009353638e-01,-9.520321339368820190e-02,-1.987384855747222900e-01,1.673152297735214233e-01,-1.807414889335632324e-01,7.954333722591400146e-02
2.239666058235058668e-02,-5.738710867866610339e-03,5.469264460753913148e-01,9.978360533714294434e-01,-3.746723290532827377e-03,-6.517596542835235596e-02,7.833437062799930573e-03,0.000000000000000000e+00,0.000000000000000000e+00,0.000000000000000000e+00,-1.100000000000000089e+00,2.000000000000000111e-01,-5.000000000000000000e-01,0.000000000000000000e+00,1.100000000000000089e+00,2.000000000000000111e-01,5.000000000000000000e-01,1.309501826763153076e-01,4.047063365578651428e-02,7.397527992725372314e-02,1.588483750820159912e-01,-1.562724262475967407e-01,-4.703594744205474854e-02,1.446301788091659546e-01,-9.813522547483444214e-02,-1.998850554227828979e-01,1.681379973888397217e-01,-1.785168200731277466e-01,8.329525589942932129e-02
2.146367128484534190e-02,-4.071533173943559653e-03,5.470107302566369345e-01,9.977756142616271973e-01,-3.812529146671295166e-03,-6.602507084608078003e-02,8.358309976756572723e-03,0.000000000000000000e+00,0.000000000000000000e+00,0.000000000000000000e+00,-1.100000000000000089e+00,2.000000000000000111e-01,-5.000000000000000000e-01,0.000000000000000000e+00,1.100000000000000089e+00,2.000000000000000111e-01,5.000000000000000000e-01,1.301253885030746460e-01,3.592794388532638550e-02,7.269372791051864624e-02,1.587291806936264038e-01,-1.554450839757919312e-01,-4.175272583961486816e-02,1.440840810537338257e-01,-1.021594181656837463e-01,-1.996232122182846069e-01,1.702318936586380005e-01,-1.761699616909027100e-01,8.765222877264022827e-02
2.019391115119850005e-02,-1.858647843408915788e-03,5.470897414866421338e-01,9.977709054946899414e-01,-3.544406965374946594e-03,-6.622053682804107666e-02,7.449903525412082672e-03,0.000000000000000000e+00,0.000000000000000000e+00,0.000000000000000000e+00,-1.100000000000000089e+00,2.000000000000000111e-01,-5.000000000000000000e-01,0.000000000000000000e+00,1.100000000000000089e+00,2.000000000000000111e-01,5.000000000000000000e-01,1.284943222999572754e-01,2.989297918975353241e-02,7.399603724479675293e-02,1.567441970109939575e-01,-1.531721949577331543e-01,-3.535407781600952148e-02,1.381773799657821655e-01,-1.084907427430152893e-01,-1.966777592897415161e-01,1.776063293218612671e-01,-1.752912104129791260e-01,9.168931841850280762e-02
1.840868759683963671e-02,9.020755828753339485e-04,5.471141133163914816e-01,9.978588223457336426e-01,-2.328024012967944145e-03,-6.521700322628021240e-02,4.382168408483266830e-03,0.000000000000000000e+00,0.000000000000000000e+00,0.000000000000000000e+00,-1.100000000000000089e+00,2.000000000000000111e-01,-5.000000000000000000e-01,0.000000000000000000e+00,1.100000000000000089e+00,2.000000000000000111e-01,5.000000000000000000e-01,1.250833272933959961e-01,2.100420370697975159e-02,7.975635677576065063e-02,1.524728089570999146e-01,-1.484051346778869629e-01,-2.701751515269279480e-02,1.207325831055641174e-01,-1.194316893815994263e-01,-1.888177990913391113e-01,1.988821923732757568e-01,-1.790416240692138672e-01,9.499736875295639038e-02
1.604285294589859190e-02,4.023865123839127055e-03,5.469574609933176568e-01,9.980420470237731934e-01,4.428419633768498898e-04,-6.252151727676391602e-02,-1.693792408332228661e-03,0.000000000000000000e+00,0.000000000000000000e+00,0.000000000000000000e+00,-1.100000000000000089e+00,2.000000000000000111e-01,-5.000000000000000000e-01,0.000000000000000000e+00,1.100000000000000089e+00,2.000000000000000111e-01,5.000000000000000000e-01,1.186172291636466980e-01,8.499543182551860809e-03,9.254581481218338013e-02,1.460877507925033569e-01,-1.410337388515472412e-01,-1.718975976109504700e-02,8.601342141628265381e-02,-1.357945650815963745e-01,-1.738105565309524536e-01,2.408723086118698120e-01,-1.891607642173767090e-01,9.749547392129898071e-02
1.306512110751366883e-02,7.523263626016977491e-03,5.465509870354876565e-01,9.982468485832214355e-01,4.769266583025455475e-03,-5.791911482810974121e-02,-1.122038532048463821e-02,0.000000000000000000e+00,0.000000000000000000e+00,0.000000000000000000e+00,-1.100000000000000089e+00,2.000000000000000111e-01,-5.000000000000000000e-01,0.000000000000000000e+00,1.100000000000000089e+00,2.000000000000000111e-01,5.000000000000000000e-01,1.085366979241371155e-01,-6.911932490766048431e-03,1.137051880359649658e-01,1.380660086870193481e-01,-1.326907724142074585e-01,-7.438029162585735321e-03,3.455866873264312744e-02,-1.551189869642257690e-01,-1.507690399885177612e-01,2.988297343254089355e-01,-2.016430944204330444e-01,9.892033040523529053e-02
9.410392412506608795e-03,1.135703781965386253e-02,5.459122125879682930e-01,9.983227849006652832e-01,9.971966966986656189e-03,-5.153301730751991272e-02,-2.442430146038532257e-02,0.000000000000000000e+00,0.000000000000000000e+00,0.000000000000000000e+00,-1.100000000000000089e+00,2.000000000000000111e-01,-5.000000000000000000e-01,0.000000000000000000e+00,1.100000000000000089e+00,2.000000000000000111e-01,5.000000000000000000e-01,9.405913203954696655e-02,-2.300257608294487000e-02,1.435875892639160156e-01,1.293209791183471680e-01,-1.241566464304924011e-01,-9.580331970937550068e-05,-2.820042707026004791e-02,-1.714780926704406738e-01,-1.159589365124702454e-01,3.611387312412261963e-01,-2.107592523097991943e-01,1.014590635895729065e-01
5.319730518056512564e-03,1.508066649736855384e-02,5.453857893692423131e-01,9.981474876403808594e-01,1.396632194519042969e-02,-4.361813887953758240e-02,-4.005004838109016418e-02,0.000000000000000000e+00,0.000000000000000000e+00,0.000000000000000000e+00,-1.100000000000000089e+00,2.000000000000000111e-01,-5.000000000000000000e-01,0.000000000000000000e+00,1.100000000000000089e+00,2.000000000000000111e-01,5.000000000000000000e-01,7.363593578338623047e-02,-3.450772166252136230e-02,1.792510747909545898e-01,1.232018470764160156e-01,-1.163621097803115845e-01,6.254233885556459427e-03,-8.918873220682144165e-02,-1.773916184902191162e-01,-7.307524234056472778e-02,4.055460393428802490e-01,-2.090684175491333008e-01,1.102418527007102966e-01
1.336275351497184707e-03,1.863488474926638591e-02,5.448678360879420923e-01,9.976976513862609863e-01,1.498991530388593674e-02,-3.483407571911811829e-02,-5.622546002268791199e-02,0.000000000000000000e+00,0.000000000000000000e+00,0.000000000000000000e+00,-1.100000000000000089e+00,2.000000000000000111e-01,-5.000000000000000000e-01,0.000000000000000000e+00,1.100000000000000089e+00,2.000000000000000111e-01,5.000000000000000000e-01,4.991614818572998047e-02,-3.600026667118072510e-02,2.137659341096878052e-01,1.214896067976951599e-01,-1.124184802174568176e-01,8.810833096504211426e-03,-1.365725100040435791e-01,-1.757271587848663330e-01,-4.763420671224594116e-02,4.173636734485626221e-01,-2.069448679685592651e-01,1.219899877905845642e-01
-2.101311291158763569e-03,2.186845203367710974e-02,5.450296783236542320e-01,9.969714879989624023e-01,1.268171984702348709e-02,-2.705567702651023865e-02,-7.179924845695495605e-02,0.000000000000000000e+00,0.000000000000000000e+00,0.000000000000000000e+00,-1.100000000000000089e+00,2.000000000000000111e-01,-5.000000000000000000e-01,0.000000000000000000e+00,1.100000000000000089e+00,2.000000000000000111e-01,5.000000000000000000e-01,2.842871285974979401e-02,-2.982347644865512848e-02,2.445022910833358765e-01,1.230947002768516541e-01,-1.137827858328819275e-01,9.844105690717697144e-03,-1.659030914306640625e-01,-1.890380680561065674e-01,-9.455104917287826538e-02,4.238423109054565430e-01,-2.172999680042266846e-01,1.085534542798995972e-01
-4.756240943268016767e-03,2.517970712037023370e-02,5.454374393798184784e-01,9.956907629966735840e-01,8.796301670372486115e-03,-2.175318077206611633e-02,-8.971761912107467651e-02,0.000000000000000000e+00,0.000000000000000000e+00,0.000000000000000000e+00,-1.100000000000000089e+00,2.000000000000000111e-01,-5.000000000000000000e-01,0.000000000000000000e+00,1.100000000000000089e+00,2.000000000000000111e-01,5.000000000000000000e-01,1.526806317269802094e-02,-2.013704180717468262e-02,2.762340009212493896e-01,1.243477314710617065e-01,-1.176403090357780457e-01,1.123615819960832596e-02,-1.779263466596603394e-01,-2.214389443397521973e-01,-2.072699815034866333e-01,4.471513032913208008e-01,-2.444399148225784302e-01,7.520461827516555786e-02
-6.413377453714157878e-03,2.853782971314333325e-02,5.457963737378819236e-01,9.936131834983825684e-01,4.978444892913103104e-03,-1.982546411454677582e-02,-1.109729930758476257e-01,0.000000000000000000e+00,0.000000000000000000e+00,0.000000000000000000e+00,-1.100000000000000089e+00,2.000000000000000111e-01,-5.000000000000000000e-01,0.000000000000000000e+00,1.100000000000000089e+00,2.000000000000000111e-01,5.000000000000000000e-01,1.472750771790742874e-02,-1.129683665931224823e-02,3.136623501777648926e-01,1.226385757327079773e-01,-1.233399286866188049e-01,1.266540400683879852e-02,-1.683978289365768433e-01,-2.604484558105468750e-01,-3.391743302345275879e-01,4.887605011463165283e-01,-2.703273594379425049e-01,4.877670854330062866e-02
-7.034430944530123755e-03,3.199809238159408153e-02,5.459981575412581334e-01,9.904673695564270020e-01,1.877541420981287956e-03,-2.089344710111618042e-02,-1.361410468816757202e-01,0.000000000000000000e+00,0.000000000000000000e+00,0.000000000000000000e+00,-1.100000000000000089e+00,2.000000000000000111e-01,-5.000000000000000000e-01,0.000000000000000000e+00,1.100000000000000089e+00,2.000000000000000111e-01,5.000000000000000000e-01,2.648391388356685638e-02,-4.401796497404575348e-03,3.596791326999664307e-01,1.175772845745086670e-01,-1.306673288345336914e-01,1.541182119399309158e-02,-1.422827541828155518e-01,-2.997877597808837891e-01,-4.598677754402160645e-01,5.532681345939636230e-01,-2.967686653137207031e-01,2.891248464584350586e-02
-6.714686914276557332e-03,3.551585928207696280e-02,5.460644638651248606e-01,9.858571290969848633e-01,-7.320382283069193363e-04,-2.379672415554523468e-02,-1.658881604671478271e-01,0.000000000000000000e+00,0.000000000000000000e+00,0.000000000000000000e+00,-1.100000000000000089e+00,2.000000000000000111e-01,-5.000000000000000000e-01,0.000000000000000000e+00,1.100000000000000089e+00,2.000000000000000111e-01,5.000000000000000000e-01,4.571866616606712341e-02,1.575903035700321198e-03,4.131864309310913086e-01,1.115294843912124634e-01,-1.394085139036178589e-01,1.992473378777503967e-02,-1.001812294125556946e-01,-3.420096635818481445e-01,-5.783981084823608398e-01,6.354603171348571777e-01,-3.286272287368774414e-01,3.160119755193591118e-03
-5.774458337379996010e-03,3.918888241913395104e-02,5.458655033742237928e-01,9.792457818984985352e-01,-2.366960514336824417e-03,-2.747113816440105438e-02,-2.007918655872344971e-01,0.000000000000000000e+00,0.000000000000000000e+00,0.000000000000000000e+00,-1.100000000000000089e+00,2.000000000000000111e-01,-5.000000000000000000e-01,0.000000000000000000e+00,1.100000000000000089e+00,2.000000000000000111e-01,5.000000000000000000e-01,6.872221827507019043e-02,5.549713037908077240e-03,4.774923026561737061e-01,1.059248596429824829e-01,-1.497863829135894775e-01,2.583541348576545715e-02,-4.569759964942932129e-02,-3.840811252593994141e-01,-6.896503567695617676e-01,7.184065580368041992e-01,-3.596145212650299072e-01,-2.558021992444992065e-02
-4.594026331324130644e-03,4.314314951701560263e-02,5.454912899133532722e-01,9.697140455245971680e-01,-3.539569210261106491e-03,-3.109640069305896759e-02,-2.422296255826950073e-01,0.000000000000000000e+00,0.000000000000000000e+00,0.000000000000000000e+00,-1.100000000000000089e+00,2.000000000000000111e-01,-5.000000000000000000e-01,0.000000000000000000e+00,1.100000000000000089e+00,2.000000000000000111e-01,5.000000000000000000e-01,9.438587725162506104e-02,8.184313774108886719e-03,5.556260347366333008e-01,9.971157461404800415e-02,-1.611129790544509888e-01,3.132507950067520142e-02,1.749855652451515198e-02,-4.233731031417846680e-01,-8.009316325187683105e-01,7.845079302787780762e-01,-3.886790275573730469e-01,-5.980747938156127930e-02
-3.354040726483094141e-03,4.731484540992162563e-02,5.450892585207416374e-01,9.564146995544433594e-01,-5.394484382122755051e-03,-3.443142771720886230e-02,-2.899246215820312500e-01,0.000000000000000000e+00,0.000000000000000000e+00,0.000000000000000000e+00,-1.100000000000000089e+00,2.000000000000000111e-01,-5.000000000000000000e-01,0.000000000000000000e+00,1.100000000000000089e+00,2.000000000000000111e-01,5.000000000000000000e-01,1.232119798660278320e-01,1.101702544838190079e-02,6.459940671920776367e-01,9.148001670837402344e-02,-1.717310249805450439e-01,3.404305502772331238e-02,8.870556205511093140e-02,-4.561928510665893555e-01,-9.234974384307861328e-01,8.265713453292846680e-01,-4.145524501800537109e-01,-9.934382885694503784e-02
-2.480084090281955110e-03,5.154438547413758842e-02,5.446494860834244500e-01,9.391117691993713379e-01,-7.828844711184501648e-03,-3.764365240931510925e-02,-3.414538204669952393e-01,0.000000000000000000e+00,0.000000000000000000e+00,0.000000000000000000e+00,-1.100000000000000089e+00,2.000000000000000111e-01,-5.000000000000000000e-01,0.000000000000000000e+00,1.100000000000000089e+00,2.000000000000000111e-01,5.000000000000000000e-01,1.544579267501831055e-01,1.162723451852798462e-02,7.430182099342346191e-01,7.970710098743438721e-02,-1.789250522851943970e-01,3.449125960469245911e-02,1.551595777273178101e-01,-4.764024019241333008e-01,-1.000000000000000000e+00,8.433386683464050293e-01,-4.291572570800781250e-01,-1.312835514545440674e-01
-2.214839981382035229e-03,5.556290369048112743e-02,5.441719726014017100e-01,9.177986383438110352e-01,-1.023978833109140396e-02,-4.051266983151435852e-02,-3.948411643505096436e-01,0.000000000000000000e+00,0.000000000000000000e+00,0.000000000000000000e+00,-1.100000000000000089e+00,2.000000000000000111e-01,-5.000000000000000000e-01,0.000000000000000000e+00,1.100000000000000089e+00,2.000000000000000111e-01,5.000000000000000000e-01,1.844626516103744507e-01,8.150197565555572510e-03,8.426070809364318848e-01,6.578968465328216553e-02,-1.817477345466613770e-01,3.349303081631660461e-02,2.014642357826232910e-01,-4.832703471183776855e-01,-1.000000000000000000e+00,8.381091952323913574e-01,-4.327821433544158936e-01,-1.487761735916137695e-01
-2.573824292354549154e-03,5.919010249389843742e-02,5.435782050762815176e-01,8.924728631973266602e-01,-1.260268129408359528e-02,-4.323389753699302673e-02,-4.488475620746612549e-01,0.000000000000000000e+00,0.000000000000000000e+00,0.000000000000000000e+00,-1.100000000000000089e+00,2.000000000000000111e-01,-5.000000000000000000e-01,0.000000000000000000e+00,1.100000000000000089e+00,2.000000000000000111e-01,5.000000000000000000e-01,2.115101069211959839e-01,2.847158815711736679e-03,9.452628493309020996e-01,5.316390842199325562e-02,-1.823436319828033447e-01,2.956144697964191437e-02,2.271904200315475464e-01,-4.774068593978881836e-01,-1.000000000000000000e+00,8.107613325119018555e-01,-4.343403577804565430e-01,-1.556798368692398071e-01
-3.707332352030495281e-03,6.221232356089684973e-02,5.428818018388266164e-01,8.649800419807434082e-01,-1.450990978628396988e-02,-4.566418007016181946e-02,-4.995135366916656494e-01,0.000000000000000000e+00,0.000000000000000000e+00,0.000000000000000000e+00,-1.100000000000000089e+00,2.000000000000000111e-01,-5.000000000000000000e-01,0.000000000000000000e+00,1.100000000000000089e+00,2.000000000000000111e-01,5.000000000000000000e-01,2.340316325426101685e-01,-4.751052707433700562e-03,1.000000000000000000e+00,4.189718514680862427e-02,-1.809626817703247070e-01,2.278259955346584320e-02,2.322791665792465210e-01,-4.537070691585540771e-01,-1.000000000000000000e+00,7.547086477279663086e-01,-4.266648888587951660e-01,-1.369477808475494385e-01
-5.677594456638237856e-03,6.432568712667985356e-02,5.423174299788896535e-01,8.389248847961425781e-01,-1.597260124981403351e-02,-4.757839068770408630e-02,-5.419282913208007812e-01,0.000000000000000000e+00,0.000000000000000000e+00,0.000000000000000000e+00,-1.100000000000000089e+00,2.000000000000000111e-01,-5.000000000000000000e-01,0.000000000000000000e+00,1.100000000000000089e+00,2.000000000000000111e-01,5.000000000000000000e-01,2.526662647724151611e-01,-1.393842883408069611e-02,1.000000000000000000e+00,3.050487115979194641e-02,-1.760163903236389160e-01,1.549431402236223221e-02,2.230575680732727051e-01,-4.127776920795440674e-01,-1.000000000000000000e+00,6.727690100669860840e-01,-4.025736153125762939e-01,-8.731393516063690186e-02
-8.043355800063264199e-03,6.559481279350666549e-02,5.422194859475800710e-01,8.169810771942138672e-01,-1.846275851130485535e-02,-4.762893542647361755e-02,-5.743975639343261719e-01,0.000000000000000000e+00,0.000000000000000000e+00,0.000000000000000000e+00,-1.100000000000000089e+00,2.000000000000000111e-01,-5.000000000000000000e-01,0.000000000000000000e+00,1.100000000000000089e+00,2.000000000000000111e-01,5.000000000000000000e-01,2.682321369647979736e-01,-2.030383981764316559e-02,1.000000000000000000e+00,1.705504395067691803e-02,-1.651470661163330078e-01,6.506791803985834122e-03,2.072133272886276245e-01,-3.599137067794799805e-01,-9.955567121505737305e-01,5.827928185462951660e-01,-3.704921901226043701e-01,-3.782710060477256775e-02
-1.082567575031355249e-02,6.622017131685609126e-02,5.430116742126869234e-01,7.985435724258422852e-01,-2.195144630968570709e-02,-4.656847566366195679e-02,-5.997313261032104492e-01,0.000000000000000000e+00,0.000000000000000000e+00,0.000000000000000000e+00,-1.100000000000000089e+00,2.000000000000000111e-01,-5.000000000000000000e-01,0.000000000000000000e+00,1.100000000000000089e+00,2.000000000000000111e-01,5.000000000000000000e-01,2.829849720001220703e-01,-1.749184168875217438e-02,1.000000000000000000e+00,8.842624723911285400e-03,-1.527534127235412598e-01,-3.833886235952377319e-03,1.990230679512023926e-01,-3.099695742130279541e-01,-9.190822839736938477e-01,5.050351619720458984e-01,-3.525855839252471924e-01,-2.028218843042850494e-02
-1.362434587159165773e-02,6.616339367259331528e-02,5.440781389809016266e-01,7.839977741241455078e-01,-2.479921840131282806e-02,-4.606225714087486267e-02,-6.185553073883056641e-01,0.000000000000000000e+00,0.000000000000000000e+00,0.000000000000000000e+00,-1.100000000000000089e+00,2.000000000000000111e-01,-5.000000000000000000e-01,0.000000000000000000e+00,1.100000000000000089e+00,2.000000000000000111e-01,5.000000000000000000e-01,2.953149378299713135e-01,-1.401797868311405182e-02,1.000000000000000000e+00,8.497901726514101028e-04,-1.360621154308319092e-01,-1.642013341188430786e-02,2.007762342691421509e-01,-2.665955126285552979e-01,-8.681365251541137695e-01,4.350124001502990723e-01,-3.309135735034942627e-01,-8.831591345369815826e-03
-1.634785113686865188e-02,6.540355413296081166e-02,5.450932028543467034e-01,7.723894119262695312e-01,-2.501022443175315857e-02,-4.606891423463821411e-02,-6.329823732376098633e-01,0.000000000000000000e+00,0.000000000000000000e+00,0.000000000000000000e+00,-1.100000000000000089e+00,2.000000000000000111e-01,-5.000000000000000000e-01,0.000000000000000000e+00,1.100000000000000089e+00,2.000000000000000111e-01,5.000000000000000000e-01,3.024614155292510986e-01,-6.326720118522644043e-03,1.000000000000000000e+00,4.611208103597164154e-03,-1.211810111999511719e-01,-2.513121813535690308e-02,2.069255113601684570e-01,-2.263972163200378418e-01,-8.293699026107788086e-01,3.621103167533874512e-01,-3.094379007816314697e-01,2.487399615347385406e-03
-1.952139967657399999e-02,6.393042338014853776e-02,5.463671395701892308e-01,7.610205411911010742e-01,-2.573407068848609924e-02,-4.610827565193176270e-02,-6.465752124786376953e-01,0.000000000000000000e+00,0.000000000000000000e+00,0.000000000000000000e+00,-1.100000000000000089e+00,2.000000000000000111e-01,-5.000000000000000000e-01,0.000000000000000000e+00,1.100000000000000089e+00,2.000000000000000111e-01,5.000000000000000000e-01,3.020671606063842773e-01,3.864648938179016113e-02,1.000000000000000000e+00,3.935667872428894043e-02,-1.113910451531410217e-01,-3.687456995248794556e-02,2.220544815063476562e-01,-1.856793314218521118e-01,-7.928656339645385742e-01,2.813997864723205566e-01,-2.822656929492950439e-01,1.117732096463441849e-02
-2.282902182442032510e-02,6.219115390724530568e-02,5.470366383005271782e-01,7.480250000953674316e-01,-2.538557164371013641e-02,-4.621592164039611816e-02,-6.615725159645080566e-01,0.000000000000000000e+00,0.000000000000000000e+00,0.000000000000000000e+00,-1.100000000000000089e+00,2.000000000000000111e-01,-5.000000000000000000e-01,0.000000000000000000e+00,1.100000000000000089e+00,2.000000000000000111e-01,5.000000000000000000e-01,2.809698879718780518e-01,1.300159245729446411e-01,1.000000000000000000e+00,1.848636567592620850e-01,-1.475778222084045410e-01,-2.427007444202899933e-02,2.364599108695983887e-01,-1.513286978006362915e-01,-7.528830170631408691e-01,2.091526687145233154e-01,-2.569782733917236328e-01,2.355528250336647034e-02
-2.641321441676053663e-02,6.090149694602146196e-02,5.464517143865426085e-01,7.344168424606323242e-01,-2.706722915172576904e-02,-4.600998759269714355e-02,-6.765961647033691406e-01,0.000000000000000000e+00,0.000000000000000000e+00,0.000000000000000000e+00,-1.100000000000000089e+00,2.000000000000000111e-01,-5.000000000000000000e-01,0.000000000000000000e+00,1.100000000000000089e+00,2.000000000000000111e-01,5.000000000000000000e-01,2.475391179323196411e-01,2.350733131170272827e-01,1.000000000000000000e+00,3.730347752571105957e-01,-2.042426466941833496e-01,7.192106451839208603e-03,2.498479336500167847e-01,-1.199018731713294983e-01,-7.112333774566650391e-01,1.553215980529785156e-01,-2.442970126867294312e-01,3.489275649189949036e-02
-2.996880540055119405e-02,5.997901592413057426e-02,5.455454310819958241e-01,7.213789224624633789e-01,-3.038764558732509613e-02,-4.656584188342094421e-02,-6.903047561645507812e-01,0.000000000000000000e+00,0.000000000000000000e+00,0.000000000000000000e+00,-1.100000000000000089e+00,2.000000000000000111e-01,-5.000000000000000000e-01,0.000000000000000000e+00,1.100000000000000089e+00,2.000000000000000111e-01,5.000000000000000000e-01,2.069240957498550415e-01,3.326976299285888672e-01,1.000000000000000000e+00,5.583588480949401855e-01,-2.476561814546585083e-01,5.759242177009582520e-02,2.562668025493621826e-01,-9.728464484214782715e-02,-6.697275042533874512e-01,1.323246955871582031e-01,-2.462950646877288818e-01,3.854816034436225891e-02
-3.306314808852744980e-02,5.920535045722969542e-02,5.446268995836226479e-01,7.075449228286743164e-01,-3.580515459179878235e-02,-4.638889804482460022e-02,-7.042344808578491211e-01,0.000000000000000000e+00,0.000000000000000000e+00,0.000000000000000000e+00,-1.100000000000000089e+00,2.000000000000000111e-01,-5.000000000000000000e-01,0.000000000000000000e+00,1.100000000000000089e+00,2.000000000000000111e-01,5.000000000000000000e-01,1.295171380043029785e-01,4.061608016490936279e-01,9.255891442298889160e-01,7.165964841842651367e-01,-2.641409039497375488e-01,1.113069355487823486e-01,2.563256919384002686e-01,-7.849732786417007446e-02,-6.224697828292846680e-01,1.307453215122222900e-01,-2.549291849136352539e-01,3.277123719453811646e-02
-3.494074949289135978e-02,5.847932838834821873e-02,5.437650004119584102e-01,-6.897192597389221191e-01,4.345196112990379333e-02,4.355237632989883423e-02,7.214585542678833008e-01,0.000000000000000000e+00,0.000000000000000000e+00,0.000000000000000000e+00,-1.100000000000000089e+00,2.000000000000000111e-01,-5.000000000000000000e-01,0.000000000000000000e+00,1.100000000000000089e+00,2.000000000000000111e-01,5.000000000000000000e-01,1.388168707489967346e-02,4.149900376796722412e-01,6.879260540008544922e-01,8.056306838989257812e-01,-2.535950839519500732e-01,1.123830154538154602e-01,2.535654306411743164e-01,-5.554662644863128662e-02,-5.630346536636352539e-01,1.301039606332778931e-01,-2.562268376350402832e-01,1.568330638110637665e-02
-3.547637442672493119e-02,5.767633991504107077e-02,5.431613097738737794e-01,-6.666952967643737793e-01,4.938965290784835815e-02,4.022026807069778442e-02,7.426037788391113281e-01,0.000000000000000000e+00,0.000000000000000000e+00,0.000000000000000000e+00,-1.100000000000000089e+00,2.000000000000000111e-01,-5.000000000000000000e-01,0.000000000000000000e+00,1.100000000000000089e+00,2.000000000000000111e-01,5.000000000000000000e-01,-8.812842518091201782e-02,3.681170642375946045e-01,4.593597650527954102e-01,8.404847383499145508e-01,-2.355984300374984741e-01,8.786764740943908691e-02,2.435134649276733398e-01,-3.783486783504486084e-02,-4.937944710254669189e-01,1.343696713447570801e-01,-2.531998157501220703e-01,-1.326683326624333858e-03
-3.498033555153982899e-02,5.649942861597119503e-02,5.427017741492300429e-01,-6.376682519912719727e-01,5.388730764389038086e-02,3.561426699161529541e-02,7.675981521606445312e-01,0.000000000000000000e+00,0.000000000000000000e+00,0.000000000000000000e+00,-1.100000000000000089e+00,2.000000000000000111e-01,-5.000000000000000000e-01,0.000000000000000000e+00,1.100000000000000089e+00,2.000000000000000111e-01,5.000000000000000000e-01,-1.609586626291275024e-01,3.007735311985015869e-01,2.675131261348724365e-01,8.450876474380493164e-01,-2.336729466915130615e-01,5.630601197481155396e-02,2.243386507034301758e-01,-2.224433422088623047e-02,-4.134922027587890625e-01,1.448939889669418335e-01,-2.483455687761306763e-01,-1.483225822448730469e-02
-3.375559142263925838e-02,5.438015373969318916e-02,5.422714681125651026e-01,-6.021428108215332031e-01,5.777792260050773621e-02,2.855558134615421295e-02,7.957828640937805176e-01,0.000000000000000000e+00,0.000000000000000000e+00,0.000000000000000000e+00,-1.100000000000000089e+00,2.000000000000000111e-01,-5.000000000000000000e-01,0.000000000000000000e+00,1.100000000000000089e+00,2.000000000000000111e-01,5.000000000000000000e-01,-1.998439878225326538e-01,2.339623123407363892e-01,1.016143113374710083e-01,8.144450187683105469e-01,-2.540042996406555176e-01,2.899899613112211227e-03,1.998001635074615479e-01,-3.221084363758563995e-03,-3.219600617885589600e-01,1.564155220985412598e-01,-2.399455606937408447e-01,-2.596868388354778290e-02
-3.200552693144841782e-02,5.104404675633166660e-02,5.418480957991848035e-01,-5.603709816932678223e-01,6.036279723048210144e-02,2.201458439230918884e-02,8.257457017898559570e-01,0.000000000000000000e+00,0.000000000000000000e+00,0.000000000000000000e+00,-1.100000000000000089e+00,2.000000000000000111e-01,-5.000000000000000000e-01,0.000000000000000000e+00,1.100000000000000089e+00,2.000000000000000111e-01,5.000000000000000000e-01,-2.025003135204315186e-01,1.608823239803314209e-01,-6.318113952875137329e-02,7.494280338287353516e-01,-2.753967642784118652e-01,-7.086180150508880615e-02,1.703321635723114014e-01,1.356406509876251221e-02,-2.197313308715820312e-01,1.795053780078887939e-01,-2.357003390789031982e-01,-3.244559094309806824e-02
-3.025580497449169987e-02,4.663306215636883745e-02,5.414341068478545349e-01,-5.134718418121337891e-01,6.291428953409194946e-02,1.594087481498718262e-02,8.556484580039978027e-01,0.000000000000000000e+00,0.000000000000000000e+00,0.000000000000000000e+00,-1.100000000000000089e+00,2.000000000000000111e-01,-5.000000000000000000e-01,0.000000000000000000e+00,1.100000000000000089e+00,2.000000000000000111e-01,5.000000000000000000e-01,-1.672745794057846069e-01,9.224379807710647583e-02,-2.360403984785079956e-01,6.548799276351928711e-01,-2.873216569423675537e-01,-1.545010209083557129e-01,1.392779201269149780e-01,3.173877671360969543e-02,-1.140853911638259888e-01,2.125501632690429688e-01,-2.361452281475067139e-01,-3.367495909333229065e-02
-2.863795091280469177e-02,4.138380286707119687e-02,5.410714357526916762e-01,-4.639347791671752930e-01,6.632710248231887817e-02,9.179260581731796265e-03,8.833351135253906250e-01,0.000000000000000000e+00,0.000000000000000000e+00,0.000000000000000000e+00,-1.100000000000000089e+00,2.000000000000000111e-01,-5.000000000000000000e-01,0.000000000000000000e+00,1.100000000000000089e+00,2.000000000000000111e-01,5.000000000000000000e-01,-1.124526038765907288e-01,4.903510585427284241e-02,-3.842799365520477295e-01,5.552250742912292480e-01,-2.934459149837493896e-01,-2.167553454637527466e-01,1.131116449832916260e-01,5.521142482757568359e-02,-1.072466466575860977e-02,2.416430860757827759e-01,-2.343036383390426636e-01,-3.016490489244461060e-02
-2.682822059096787171e-02,3.543459044007415265e-02,5.409651878611607678e-01,-4.154306650161743164e-01,6.865622848272323608e-02,3.705229377374053001e-03,9.070225954055786133e-01,0.000000000000000000e+00,0.000000000000000000e+00,0.000000000000000000e+00,-1.100000000000000089e+00,2.000000000000000111e-01,-5.000000000000000000e-01,0.000000000000000000e+00,1.100000000000000089e+00,2.000000000000000111e-01,5.000000000000000000e-01,-6.625840067863464355e-02,2.471818029880523682e-02,-4.893682003021240234e-01,4.767301380634307861e-01,-2.875737845897674561e-01,-2.413682341575622559e-01,9.104152023792266846e-02,7.511520385742187500e-02,8.384707570075988770e-02,2.666288912296295166e-01,-2.309569716453552246e-01,-2.084901370108127594e-02
-2.456277182523274039e-02,2.885051675968700047e-02,5.410310789920164121e-01,-3.687187433242797852e-01,6.949756294488906860e-02,8.789420826360583305e-04,9.269389510154724121e-01,0.000000000000000000e+00,0.000000000000000000e+00,0.000000000000000000e+00,-1.100000000000000089e+00,2.000000000000000111e-01,-5.000000000000000000e-01,0.000000000000000000e+00,1.100000000000000089e+00,2.000000000000000111e-01,5.000000000000000000e-01,-3.894589096307754517e-02,8.912847377359867096e-03,-5.429276823997497559e-01,4.362241029739379883e-01,-2.661097347736358643e-01,-2.250397354364395142e-01,6.891054660081863403e-02,8.757712692022323608e-02,1.720633506774902344e-01,2.920779883861541748e-01,-2.296976894140243530e-01,-3.161844564601778984e-03
-2.241868657158744074e-02,2.187030742744529646e-02,5.407939207440976004e-01,-3.264365196228027344e-01,7.030983269214630127e-02,-3.489859518595039845e-04,9.426004290580749512e-01,0.000000000000000000e+00,0.000000000000000000e+00,0.000000000000000000e+00,-1.100000000000000089e+00,2.000000000000000111e-01,-5.000000000000000000e-01,0.000000000000000000e+00,1.100000000000000089e+00,2.000000000000000111e-01,5.000000000000000000e-01,-2.220994047820568085e-02,7.534504402428865433e-03,-5.273401737213134766e-01,4.252056479454040527e-01,-2.572384476661682129e-01,-1.758762747049331665e-01,5.115937069058418274e-02,9.511765092611312866e-02,2.554894089698791504e-01,3.144647479057312012e-01,-2.285399883985519409e-01,2.125151269137859344e-02
-2.020916689939872279e-02,1.474095687319552754e-02,5.405609144262893961e-01,-2.890797257423400879e-01,7.062913477420806885e-02,-4.325552145019173622e-04,9.546958804130554199e-01,0.000000000000000000e+00,0.000000000000000000e+00,0.000000000000000000e+00,-1.100000000000000089e+00,2.000000000000000111e-01,-5.000000000000000000e-01,0.000000000000000000e+00,1.100000000000000089e+00,2.000000000000000111e-01,5.000000000000000000e-01,6.707471795380115509e-03,1.941088214516639709e-02,-4.505386948585510254e-01,3.999045491218566895e-01,-2.750010490417480469e-01,-1.428180634975433350e-01,3.817057609558105469e-02,9.869819134473800659e-02,3.270914256572723389e-01,3.349232375621795654e-01,-2.333098351955413818e-01,4.289142787456512451e-02
-1.733750519803678100e-02,8.037314741752307409e-03,5.411638577169540776e-01,-2.573488950729370117e-01,6.727480888366699219e-02,3.897231072187423706e-03,9.639660120010375977e-01,0.000000000000000000e+00,0.000000000000000000e+00,0.000000000000000000e+00,-1.100000000000000089e+00,2.000000000000000111e-01,-5.000000000000000000e-01,0.000000000000000000e+00,1.100000000000000089e+00,2.000000000000000111e-01,5.000000000000000000e-01,3.190549463033676147e-02,1.309243589639663696e-02,-3.798973560333251953e-01,3.668536543846130371e-01,-2.724003493785858154e-01,-1.145556941628456116e-01,2.002125792205333710e-02,8.849407732486724854e-02,3.895096480846405029e-01,3.524019718170166016e-01,-2.350591570138931274e-01,6.898210942745208740e-02
-1.381076364112415918e-02,1.404388413701037090e-03,5.422090646030023331e-01,-2.282476276159286499e-01,6.233849003911018372e-02,9.006581269204616547e-03,9.715635776519775391e-01,0.000000000000000000e+00,0.000000000000000000e+00,0.000000000000000000e+00,-1.100000000000000089e+00,2.000000000000000111e-01,-5.000000000000000000e-01,0.000000000000000000e+00,1.100000000000000089e+00,2.000000000000000111e-01,5.000000000000000000e-01,5.038644373416900635e-02,1.913419400807470083e-04,-3.169102966785430908e-01,3.324421644210815430e-01,-2.571840286254882812e-01,-9.122876822948455811e-02,2.162189688533544540e-03,7.395707815885543823e-02,4.490538537502288818e-01,3.592867851257324219e-01,-2.290832847356796265e-01,9.748447686433792114e-02
-9.920741174313607233e-03,-4.969161650426968078e-03,5.430308976490991757e-01,-2.002604454755783081e-01,5.736830458045005798e-02,1.216226443648338318e-02,9.779860377311706543e-01,0.000000000000000000e+00,0.000000000000000000e+00,0.000000000000000000e+00,-1.100000000000000089e+00,2.000000000000000111e-01,-5.000000000000000000e-01,0.000000000000000000e+00,1.100000000000000089e+00,2.000000000000000111e-01,5.000000000000000000e-01,6.884798407554626465e-02,-8.720192126929759979e-03,-2.575818300247192383e-01,2.900223135948181152e-01,-2.404869198799133301e-01,-7.568053156137466431e-02,-1.499946881085634232e-02,6.184200942516326904e-02,5.044025778770446777e-01,3.564946353435516357e-01,-2.174941003322601318e-01,1.243928745388984680e-01
-5.776111324555287599e-03,-1.094363013853911701e-02,5.435135180051580139e-01,-1.732592135667800903e-01,5.228638276457786560e-02,1.424285490065813065e-02,9.833841919898986816e-01,0.000000000000000000e+00,0.000000000000000000e+00,0.000000000000000000e+00,-1.100000000000000089e+00,2.000000000000000111e-01,-5.000000000000000000e-01,0.000000000000000000e+00,1.100000000000000089e+00,2.000000000000000111e-01,5.000000000000000000e-01,8.666215837001800537e-02,-1.567519269883632660e-02,-2.006850391626358032e-01,2.415742725133895874e-01,-2.233351022005081177e-01,-6.380350142717361450e-02,-3.530262038111686707e-02,5.245581641793251038e-02,5.556565523147583008e-01,3.524241149425506592e-01,-2.038706392049789429e-01,1.509425193071365356e-01
-1.500571118409021109e-03,-1.647147615339061497e-02,5.435963074915637350e-01,-1.473917365074157715e-01,4.784149676561355591e-02,1.610490120947360992e-02,9.877891540527343750e-01,0.000000000000000000e+00,0.000000000000000000e+00,0.000000000000000000e+00,-1.100000000000000089e+00,2.000000000000000111e-01,-5.000000000000000000e-01,0.000000000000000000e+00,1.100000000000000089e+00,2.000000000000000111e-01,5.000000000000000000e-01,1.022975966334342957e-01,-2.283605746924877167e-02,-1.463595032691955566e-01,1.962162554264068604e-01,-2.071981430053710938e-01,-5.335566028952598572e-02,-5.929098278284072876e-02,4.626219719648361206e-02,6.009533405303955078e-01,3.552843928337097168e-01,-1.905567795038223267e-01,1.774479597806930542e-01
2.892737287846911063e-03,-2.126793762212713171e-02,5.434533150185538730e-01,-1.242491677403450012e-01,4.463089257478713989e-02,1.831234246492385864e-02,9.910776615142822266e-01,0.000000000000000000e+00,0.000000000000000000e+00,0.000000000000000000e+00,-1.100000000000000089e+00,2.000000000000000111e-01,-5.000000000000000000e-01,0.000000000000000000e+00,1.100000000000000089e+00,2.000000000000000111e-01,5.000000000000000000e-01,1.128536462783813477e-01,-3.117032721638679504e-02,-9.651450812816619873e-02,1.620717644691467285e-01,-1.950671076774597168e-01,-4.302646219730377197e-02,-8.579838275909423828e-02,4.418635368347167969e-02,6.354436278343200684e-01,3.702477812767028809e-01,-1.803680509328842163e-01,2.045158296823501587e-01
7.135133414406968910e-03,-2.517937756091770049e-02,5.430918479831230439e-01,-1.046704724431037903e-01,4.345710948109626770e-02,2.002068050205707550e-02,9.933553338050842285e-01,0.000000000000000000e+00,0.000000000000000000e+00,0.000000000000000000e+00,-1.100000000000000089e+00,2.000000000000000111e-01,-5.000000000000000000e-01,0.000000000000000000e+00,1.100000000000000089e+00,2.000000000000000111e-01,5.000000000000000000e-01,1.183198019862174988e-01,-3.820121288299560547e-02,-5.304055660963058472e-02,1.457321494817733765e-01,-1.889555156230926514e-01,-3.335274010896682739e-02,-1.141462996602058411e-01,4.771534353494644165e-02,6.405568122863769531e-01,4.023791253566741943e-01,-1.733320504426956177e-01,2.256665974855422974e-01
1.112221113998781465e-02,-2.827517082947635443e-02,5.425459522121783840e-01,-8.773144334554672241e-02,4.438010975718498230e-02,2.173522487282752991e-02,9.949176907539367676e-01,0.000000000000000000e+00,0.000000000000000000e+00,0.000000000000000000e+00,-1.100000000000000089e+00,2.000000000000000111e-01,-5.000000000000000000e-01,0.000000000000000000e+00,1.100000000000000089e+00,2.000000000000000111e-01,5.000000000000000000e-01,1.234858781099319458e-01,-4.479692876338958740e-02,-1.735172793269157410e-02,1.381779462099075317e-01,-1.848686784505844116e-01,-2.550921589136123657e-02,-1.442141979932785034e-01,4.870046302676200867e-02,6.030815243721008301e-01,4.490885138511657715e-01,-1.738242059946060181e-01,2.346605062484741211e-01
1.469377537740093435e-02,-3.126068883429686251e-02,5.424154570488014526e-01,-7.353079319000244141e-02,4.622058570384979248e-02,2.173130773007869720e-02,9.959842562675476074e-01,0.000000000000000000e+00,0.000000000000000000e+00,0.000000000000000000e+00,-1.100000000000000089e+00,2.000000000000000111e-01,-5.000000000000000000e-01,0.000000000000000000e+00,1.100000000000000089e+00,2.000000000000000111e-01,5.000000000000000000e-01,1.270087957382202148e-01,-4.741987958550453186e-02,1.372670661658048630e-02,1.353842914104461670e-01,-1.835678368806838989e-01,-1.789457537233829498e-02,-1.773222982883453369e-01,3.645512461662292480e-02,5.051607489585876465e-01,5.096135735511779785e-01,-1.904271841049194336e-01,2.124855220317840576e-01
1.772101638739871990e-02,-3.418753228178530307e-02,5.427025214966499922e-01,-6.188536807894706726e-02,4.858768731355667114e-02,1.985864527523517609e-02,9.967020750045776367e-01,0.000000000000000000e+00,0.000000000000000000e+00,0.000000000000000000e+00,-1.100000000000000089e+00,2.000000000000000111e-01,-5.000000000000000000e-01,0.000000000000000000e+00,1.100000000000000089e+00,2.000000000000000111e-01,5.000000000000000000e-01,1.313509941101074219e-01,-4.592637345194816589e-02,3.871295601129531860e-02,1.339517980813980103e-01,-1.839214414358139038e-01,-1.118014845997095108e-02,-2.020460218191146851e-01,1.283496432006359100e-02,3.846222758293151855e-01,5.680170655250549316e-01,-2.202368080615997314e-01,1.681280583143234253e-01
1.997700653735058965e-02,-3.704262259209321895e-02,5.432430612777520151e-01,-5.120871961116790771e-02,5.113839730620384216e-02,1.651657372713088989e-02,9.972410798072814941e-01,0.000000000000000000e+00,0.000000000000000000e+00,0.000000000000000000e+00,-1.100000000000000089e+00,2.000000000000000111e-01,-5.000000000000000000e-01,0.000000000000000000e+00,1.100000000000000089e+00,2.000000000000000111e-01,5.000000000000000000e-01,1.374920457601547241e-01,-4.082363098859786987e-02,6.080820783972740173e-02,1.323030441999435425e-01,-1.845615804195404053e-01,-6.450941786170005798e-03,-2.028005719184875488e-01,-1.248775608837604523e-02,2.788234949111938477e-01,5.992217659950256348e-01,-2.435079663991928101e-01,1.376672834157943726e-01
2.149637681681361781e-02,-3.963392780769164903e-02,5.437589801132980405e-01,-4.057442769408226013e-02,5.300900340080261230e-02,1.286676712334156036e-02,9.976863861083984375e-01,0.000000000000000000e+00,0.000000000000000000e+00,0.000000000000000000e+00,-1.100000000000000089e+00,2.000000000000000111e-01,-5.000000000000000000e-01,0.000000000000000000e+00,1.100000000000000089e+00,2.000000000000000111e-01,5.000000000000000000e-01,1.430906057357788086e-01,-3.489700704813003540e-02,8.179578185081481934e-02,1.314904689788818359e-01,-1.853156685829162598e-01,-3.463458968326449394e-03,-1.886146068572998047e-01,-3.752901032567024231e-02,1.856170743703842163e-01,6.145902872085571289e-01,-2.616349458694458008e-01,1.141081154346466064e-01
2.250890022802232507e-02,-4.200366527293667579e-02,5.441171671239414254e-01,-2.983189374208450317e-02,5.363070592284202576e-02,1.041478849947452545e-02,9.980608224868774414e-01,0.000000000000000000e+00,0.000000000000000000e+00,0.000000000000000000e+00,-1.100000000000000089e+00,2.000000000000000111e-01,-5.000000000000000000e-01,0.000000000000000000e+00,1.100000000000000089e+00,2.000000000000000111e-01,5.000000000000000000e-01,1.473020762205123901e-01,-3.169541060924530029e-02,1.025197952985763550e-01,1.302588433027267456e-01,-1.857290565967559814e-01,-7.757045095786452293e-04,-1.703795790672302246e-01,-6.151414662599563599e-02,1.109073236584663391e-01,6.251595616340637207e-01,-2.776990234851837158e-01,9.380079805850982666e-02
2.322642640991494020e-02,-4.418873786164278367e-02,5.442319679915001984e-01,-1.850209012627601624e-02,5.318148061633110046e-02,9.130951948463916779e-03,9.983717203140258789e-01,0.000000000000000000e+00,0.000000000000000000e+00,0.000000000000000000e+00,-1.100000000000000089e+00,2.000000000000000111e-01,-5.000000000000000000e-01,0.000000000000000000e+00,1.100000000000000089e+00,2.000000000000000111e-01,5.000000000000000000e-01,1.500412970781326294e-01,-3.101401031017303467e-02,1.243439242243766785e-01,1.284334510564804077e-01,-1.868825256824493408e-01,1.924448530189692974e-03,-1.533806324005126953e-01,-8.362394571304321289e-02,5.343423038721084595e-02,6.329306960105895996e-01,-2.914460003376007080e-01,7.766529172658920288e-02
2.380757466245517900e-02,-4.617679098677454630e-02,5.441747128752747464e-01,-7.338610477745532990e-03,5.211833119392395020e-02,8.236736990511417389e-03,9.985799789428710938e-01,0.000000000000000000e+00,0.000000000000000000e+00,0.000000000000000000e+00,-1.100000000000000089e+00,2.000000000000000111e-01,-5.000000000000000000e-01,0.000000000000000000e+00,1.100000000000000089e+00,2.000000000000000111e-01,5.000000000000000000e-01,1.514054238796234131e-01,-3.094001486897468567e-02,1.458739787340164185e-01,1.265896111726760864e-01,-1.883679181337356567e-01,3.578471951186656952e-03,-1.367239505052566528e-01,-1.029768884181976318e-01,8.008432574570178986e-03,6.313287019729614258e-01,-3.033551871776580811e-01,6.622578948736190796e-02
2.428822025675514765e-02,-4.789693044169307523e-02,5.441116865761954635e-01,2.959321253001689911e-03,5.058343708515167236e-02,6.644180044531822205e-03,9.986933469772338867e-01,0.000000000000000000e+00,0.000000000000000000e+00,0.000000000000000000e+00,-1.100000000000000089e+00,2.000000000000000111e-01,-5.000000000000000000e-01,0.000000000000000000e+00,1.100000000000000089e+00,2.000000000000000111e-01,5.000000000000000000e-01,1.507167816162109375e-01,-2.873081900179386139e-02,1.648407876491546631e-01,1.264983117580413818e-01,-1.900903880596160889e-01,3.833518363535404205e-03,-1.170896887779235840e-01,-1.174651309847831726e-01,-3.203742951154708862e-02,6.120671033859252930e-01,-3.100056052207946777e-01,5.889389291405677795e-02
2.465688051110265233e-02,-4.929358783178031111e-02,5.440034872775125763e-01,1.211166381835937500e-02,4.903820902109146118e-02,4.487311001867055893e-03,9.987134337425231934e-01,0.000000000000000000e+00,0.000000000000000000e+00,0.000000000000000000e+00,-1.100000000000000089e+00,2.000000000000000111e-01,-5.000000000000000000e-01,0.000000000000000000e+00,1.100000000000000089e+00,2.000000000000000111e-01,5.000000000000000000e-01,1.493687331676483154e-01,-2.442771196365356445e-02,1.808944344520568848e-01,1.279827952384948730e-01,-1.926617175340652466e-01,2.301277127116918564e-03,-9.147823601961135864e-02,-1.269478201866149902e-01,-7.114048302173614502e-02,5.718575119972229004e-01,-3.067701458930969238e-01,5.823501944541931152e-02
2.495352813263771938e-02,-5.019619148826659494e-02,5.439004778914680038e-01,1.952640339732170105e-02,4.758571460843086243e-02,2.237793989479541779e-03,9.986737966537475586e-01,0.000000000000000000e+00,0.000000000000000000e+00,0.000000000000000000e+00,-1.100000000000000089e+00,2.000000000000000111e-01,-5.000000000000000000e-01,0.000000000000000000e+00,1.100000000000000089e+00,2.000000000000000111e-01,5.000000000000000000e-01,1.464820653200149536e-01,-1.849700510501861572e-02,1.945803761482238770e-01,1.308358013629913330e-01,-1.977507472038269043e-01,1.321284653386101127e-04,-5.986242741346359253e-02,-1.292023807764053345e-01,-1.071441173553466797e-01,5.100225806236267090e-01,-3.006923794746398926e-01,6.109740585088729858e-02
2.471113845277954010e-02,-5.025442749798072345e-02,5.440558015969064742e-01,2.514135465025901794e-02,4.665513709187507629e-02,7.842676131986081600e-05,9.985946416854858398e-01,0.000000000000000000e+00,0.000000000000000000e+00,0.000000000000000000e+00,-1.100000000000000089e+00,2.000000000000000111e-01,-5.000000000000000000e-01,0.000000000000000000e+00,1.100000000000000089e+00,2.000000000000000111e-01,5.000000000000000000e-01,1.454231441020965576e-01,-1.265167444944381714e-02,2.053954452276229858e-01,1.325209736824035645e-01,-1.999017000198364258e-01,-1.528960769064724445e-03,-3.566695749759674072e-02,-1.244501098990440369e-01,-1.233983635902404785e-01,4.541198313236236572e-01,-2.988490164279937744e-01,5.573584511876106262e-02
2.457874118642072378e-02,-5.003743725057428066e-02,5.446809992329640915e-01,2.891425602138042450e-02,4.646583646535873413e-02,-3.833537921309471130e-03,9.984939098358154297e-01,0.000000000000000000e+00,0.000000000000000000e+00,0.000000000000000000e+00,-1.100000000000000089e+00,2.000000000000000111e-01,-5.000000000000000000e-01,0.000000000000000000e+00,1.100000000000000089e+00,2.000000000000000111e-01,5.000000000000000000e-01,1.464703530073165894e-01,-2.342810388654470444e-03,2.108564823865890503e-01,1.333584040403366089e-01,-2.012753635644912720e-01,-4.465388134121894836e-03,-1.729143969714641571e-02,-1.107339859008789062e-01,-1.253494024276733398e-01,4.117871522903442383e-01,-2.827651798725128174e-01,5.328475683927536011e-02
2.411627066618000914e-02,-4.949290642665341716e-02,5.453679360697666345e-01,3.013364598155021667e-02,4.689158499240875244e-02,-7.385973352938890457e-03,9.984180927276611328e-01,0.000000000000000000e+00,0.000000000000000000e+00,0.000000000000000000e+00,-1.100000000000000089e+00,2.000000000000000111e-01,-5.000000000000000000e-01,0.000000000000000000e+00,1.100000000000000089e+00,2.000000000000000111e-01,5.000000000000000000e-01,1.498133689165115356e-01,7.020250428467988968e-03,2.115359306335449219e-01,1.329321116209030151e-01,-2.010469734668731689e-01,-8.083051070570945740e-03,2.498857909813523293e-03,-9.840764850378036499e-02,-1.284735053777694702e-01,3.731358349323272705e-01,-2.648310661315917969e-01,5.348005145788192749e-02
2.329713377969885174e-02,-4.847388783977790022e-02,5.458398859654411961e-01,2.941996417939662933e-02,4.748580232262611389e-02,-1.028313208371400833e-02,9.983856081962585449e-01,0.000000000000000000e+00,0.000000000000000000e+00,0.000000000000000000e+00,-1.100000000000000089e+00,2.000000000000000111e-01,-5.000000000000000000e-01,0.000000000000000000e+00,1.100000000000000089e+00,2.000000000000000111e-01,5.000000000000000000e-01,1.533343493938446045e-01,1.574183255434036255e-02,2.089462578296661377e-01,1.334274411201477051e-01,-2.018148154020309448e-01,-1.280546374619007111e-02,2.691194601356983185e-02,-8.814074099063873291e-02,-1.369495242834091187e-01,3.300979733467102051e-01,-2.482235878705978394e-01,5.438361689448356628e-02
2.237134678345737912e-02,-4.714782364139653154e-02,5.460575716611412167e-01,2.767878212034702301e-02,4.839157685637474060e-02,-1.196532789617776871e-02,9.983731508255004883e-01,0.000000000000000000e+00,0.000000000000000000e+00,0.000000000000000000e+00,-1.100000000000000089e+00,2.000000000000000111e-01,-5.000000000000000000e-01,0.000000000000000000e+00,1.100000000000000089e+00,2.000000000000000111e-01,5.000000000000000000e-01,1.563987284898757935e-01,2.239625155925750732e-02,2.052980959415435791e-01,1.348474621772766113e-01,-2.028147727251052856e-01,-1.625517569482326508e-02,5.269112437963485718e-02,-8.147424459457397461e-02,-1.490184068679809570e-01,2.874071896076202393e-01,-2.348107546567916870e-01,5.534263700246810913e-02
2.162247612418588191e-02,-4.581296773100591857e-02,5.460260169923004669e-01,2.536213584244251251e-02,4.963662102818489075e-02,-1.280682813376188278e-02,9.983631372451782227e-01,0.000000000000000000e+00,0.000000000000000000e+00,0.000000000000000000e+00,-1.100000000000000089e+00,2.000000000000000111e-01,-5.000000000000000000e-01,0.000000000000000000e+00,1.100000000000000089e+00,2.000000000000000111e-01,5.000000000000000000e-01,1.588032096624374390e-01,2.738100662827491760e-02,2.008543163537979126e-01,1.375630199909210205e-01,-2.043810635805130005e-01,-1.940375380218029022e-02,7.484780251979827881e-02,-7.724093645811080933e-02,-1.613124758005142212e-01,2.547535896301269531e-01,-2.270574867725372314e-01,5.558205768465995789e-02
2.102757071071972156e-02,-4.450075021954347232e-02,5.459125447423771593e-01,2.255642414093017578e-02,5.101565271615982056e-02,-1.342067867517471313e-02,9.983528852462768555e-01,0.000000000000000000e+00,0.000000000000000000e+00,0.000000000000000000e+00,-1.100000000000000089e+00,2.000000000000000111e-01,-5.000000000000000000e-01,0.000000000000000000e+00,1.100000000000000089e+00,2.000000000000000111e-01,5.000000000000000000e-01,1.608178913593292236e-01,3.175945207476615906e-02,1.955970078706741333e-01,1.409587860107421875e-01,-2.065182477235794067e-01,-2.245311625301837921e-02,9.341891109943389893e-02,-7.319149374961853027e-02,-1.717890799045562744e-01,2.308526188135147095e-01,-2.220024913549423218e-01,5.509749427437782288e-02
2.041980209877958946e-02,-4.307405880501851553e-02,5.458656279321271176e-01,1.926399394869804382e-02,5.240738764405250549e-02,-1.410875376313924789e-02,9.983402490615844727e-01,0.000000000000000000e+00,0.000000000000000000e+00,0.000000000000000000e+00,-1.100000000000000089e+00,2.000000000000000111e-01,-5.000000000000000000e-01,0.000000000000000000e+00,1.100000000000000089e+00,2.000000000000000111e-01,5.000000000000000000e-01,1.632953286170959473e-01,3.627252951264381409e-02,1.893359869718551636e-01,1.438087671995162964e-01,-2.085505723953247070e-01,-2.602200396358966827e-02,1.099939942359924316e-01,-6.850405037403106689e-02,-1.812579333782196045e-01,2.112576514482498169e-01,-2.171974033117294312e-01,5.329705402255058289e-02
1.979324340813257144e-02,-4.161487334746528932e-02,5.459156586899600594e-01,1.586480811238288879e-02,5.382690951228141785e-02,-1.485247444361448288e-02,9.983137845993041992e-01,0.000000000000000000e+00,0.000000000000000000e+00,0.000000000000000000e+00,-1.100000000000000089e+00,2.000000000000000111e-01,-5.000000000000000000e-01,0.000000000000000000e+00,1.100000000000000089e+00,2.000000000000000111e-01,5.000000000000000000e-01,1.664687842130661011e-01,4.099312797188758850e-02,1.831470280885696411e-01,1.457368880510330200e-01,-2.099609971046447754e-01,-3.022420778870582581e-02,1.252522915601730347e-01,-6.340833008289337158e-02,-1.903513967990875244e-01,1.942136436700820923e-01,-2.117056101560592651e-01,5.049166828393936157e-02
1.907841727829001979e-02,-4.010268071718099681e-02,5.459924278777055218e-01,1.231538224965333939e-02,5.521695688366889954e-02,-1.527701783925294876e-02,9.982815384864807129e-01,0.000000000000000000e+00,0.000000000000000000e+00,0.000000000000000000e+00,-1.100000000000000089e+00,2.000000000000000111e-01,-5.000000000000000000e-01,0.000000000000000000e+00,1.100000000000000089e+00,2.000000000000000111e-01,5.000000000000000000e-01,1.699243634939193726e-01,4.512118920683860779e-02,1.765527874231338501e-01,1.468065232038497925e-01,-2.106654644012451172e-01,-3.496324270963668823e-02,1.396765559911727905e-01,-5.873467773199081421e-02,-1.996127963066101074e-01,1.788187772035598755e-01,-2.068077325820922852e-01,4.785856977105140686e-02
1.834172215406792289e-02,-3.854078429355991403e-02,5.460476485481767783e-01,8.948121219873428345e-03,5.637668073177337646e-02,-1.520294789224863052e-02,9.982537031173706055e-01,0.000000000000000000e+00,0.000000000000000000e+00,0.000000000000000000e+00,-1.100000000000000089e+00,2.000000000000000111e-01,-5.000000000000000000e-01,0.000000000000000000e+00,1.100000000000000089e+00,2.000000000000000111e-01,5.000000000000000000e-01,1.727284640073776245e-01,4.820850491523742676e-02,1.701395213603973389e-01,1.475659012794494629e-01,-2.107526957988739014e-01,-3.915500268340110779e-02,1.512146741151809692e-01,-5.514425784349441528e-02,-2.082284390926361084e-01,1.673522740602493286e-01,-2.041615694761276245e-01,4.558093473315238953e-02
1.766327601434155084e-02,-3.692892198601380183e-02,5.460481052604889696e-01,5.913530476391315460e-03,5.739607661962509155e-02,-1.491673383861780167e-02,9.982225298881530762e-01,0.000000000000000000e+00,0.000000000000000000e+00,0.000000000000000000e+00,-1.100000000000000089e+00,2.000000000000000111e-01,-5.000000000000000000e-01,0.000000000000000000e+00,1.100000000000000089e+00,2.000000000000000111e-01,5.000000000000000000e-01,1.747294962406158447e-01,5.094185099005699158e-02,1.638533324003219604e-01,1.492052972316741943e-01,-2.109994888305664062e-01,-4.231429100036621094e-02,1.602675914764404297e-01,-5.214239656925201416e-02,-2.160068601369857788e-01,1.590496897697448730e-01,-2.030291706323623657e-01,4.368484765291213989e-02
1.708367695072383549e-02,-3.526766987484550309e-02,5.459912238179733812e-01,3.193067852407693863e-03,5.824663117527961731e-02,-1.453606784343719482e-02,9.981912970542907715e-01,0.000000000000000000e+00,0.000000000000000000e+00,0.000000000000000000e+00,-1.100000000000000089e+00,2.000000000000000111e-01,-5.000000000000000000e-01,0.000000000000000000e+00,1.100000000000000089e+00,2.000000000000000111e-01,5.000000000000000000e-01,1.757370382547378540e-01,5.356762185692787170e-02,1.578551530838012695e-01,1.516050100326538086e-01,-2.112288028001785278e-01,-4.458419233560562134e-02,1.672912538051605225e-01,-4.951599985361099243e-02,-2.230558395385742188e-01,1.535116285085678101e-01,-2.031432390213012695e-01,4.219978302717208862e-02
1.662503139609753169e-02,-3.367517891622176518e-02,5.458967674079567844e-01,7.492410950362682343e-04,5.892507359385490417e-02,-1.415813341736793518e-02,9.981617331504821777e-01,0.000000000000000000e+00,0.000000000000000000e+00,0.000000000000000000e+00,-1.100000000000000089e+00,2.000000000000000111e-01,-5.000000000000000000e-01,0.000000000000000000e+00,1.100000000000000089e+00,2.000000000000000111e-01,5.000000000000000000e-01,1.759006381034851074e-01,5.625392496585845947e-02,1.520939171314239502e-01,1.544296592473983765e-01,-2.113839387893676758e-01,-4.664962738752365112e-02,1.730647683143615723e-01,-4.700933769345283508e-02,-2.296276241540908813e-01,1.499219536781311035e-01,-2.042122781276702881e-01,4.067468643188476562e-02
1.627908738936777525e-02,-3.214004168216364615e-02,5.457780222067929454e-01,-1.404525362886488438e-03,5.951637029647827148e-02,-1.383901014924049377e-02,9.981303811073303223e-01,0.000000000000000000e+00,0.000000000000000000e+00,0.000000000000000000e+00,-1.100000000000000089e+00,2.000000000000000111e-01,-5.000000000000000000e-01,0.000000000000000000e+00,1.100000000000000089e+00,2.000000000000000111e-01,5.000000000000000000e-01,1.760214269161224365e-01,5.900331214070320129e-02,1.473635733127593994e-01,1.571052372455596924e-01,-2.116344422101974487e-01,-4.906456544995307922e-02,1.784281730651855469e-01,-4.442268982529640198e-02,-2.355356216430664062e-01,1.473162323236465454e-01,-2.061413377523422241e-01,3.884049504995346069e-02
1.599562993080289389e-02,-3.065857852461061073e-02,5.456785419613423560e-01,-3.108819015324115753e-03,5.993138998746871948e-02,-1.361133810132741928e-02,9.981048703193664551e-01,0.000000000000000000e+00,0.000000000000000000e+00,0.000000000000000000e+00,-1.100000000000000089e+00,2.000000000000000111e-01,-5.000000000000000000e-01,0.000000000000000000e+00,1.100000000000000089e+00,2.000000000000000111e-01,5.000000000000000000e-01,1.759367436170578003e-01,6.179151684045791626e-02,1.440995633602142334e-01,1.596834212541580200e-01,-2.121014595031738281e-01,-5.160164460539817810e-02,1.827071756124496460e-01,-4.172718897461891174e-02,-2.398479878902435303e-01,1.456988900899887085e-01,-2.077950686216354370e-01,3.665143251419067383e-02
1.574211178077008361e-02,-2.929607075968324384e-02,5.456270995472717322e-01,-4.361398983746767044e-03,6.009332090616226196e-02,-1.337011810392141342e-02,9.980937242507934570e-01,0.000000000000000000e+00,0.000000000000000000e+00,0.000000000000000000e+00,-1.100000000000000089e+00,2.000000000000000111e-01,-5.000000000000000000e-01,0.000000000000000000e+00,1.100000000000000089e+00,2.000000000000000111e-01,5.000000000000000000e-01,1.757745593786239624e-01,6.417094916105270386e-02,1.416593194007873535e-01,1.616489291191101074e-01,-2.126907706260681152e-01,-5.407174304127693176e-02,1.857997924089431763e-01,-3.938586637377738953e-02,-2.432249933481216431e-01,1.444576978683471680e-01,-2.088153809309005737e-01,3.486498072743415833e-02
1.546339271244395394e-02,-2.801663533140049192e-02,5.456154741429620758e-01,-5.341451149433851242e-03,6.004771590232849121e-02,-1.311212778091430664e-02,9.980950951576232910e-01,0.000000000000000000e+00,0.000000000000000000e+00,0.000000000000000000e+00,-1.100000000000000089e+00,2.000000000000000111e-01,-5.000000000000000000e-01,0.000000000000000000e+00,1.100000000000000089e+00,2.000000000000000111e-01,5.000000000000000000e-01,1.755405664443969727e-01,6.617546081542968750e-02,1.396699249744415283e-01,1.628372818231582642e-01,-2.129200696945190430e-01,-5.670959129929542542e-02,1.879739612340927124e-01,-3.738617151975631714e-02,-2.461298406124114990e-01,1.432702839374542236e-01,-2.091767638921737671e-01,3.348325192928314209e-02
1.513756480710016540e-02,-2.693465012944105952e-02,5.456186711291471925e-01,-6.256320513784885406e-03,5.977196618914604187e-02,-1.276545133441686630e-02,9.981108307838439941e-01,0.000000000000000000e+00,0.000000000000000000e+00,0.000000000000000000e+00,-1.100000000000000089e+00,2.000000000000000111e-01,-5.000000000000000000e-01,0.000000000000000000e+00,1.100000000000000089e+00,2.000000000000000111e-01,5.000000000000000000e-01,1.749213337898254395e-01,6.765286624431610107e-02,1.382306665182113647e-01,1.631822288036346436e-01,-2.125842273235321045e-01,-5.941502749919891357e-02,1.893305480480194092e-01,-3.599908575415611267e-02,-2.490797787904739380e-01,1.419601738452911377e-01,-2.089624851942062378e-01,3.245986998081207275e-02
1.484473825874503203e-02,-2.613547624192304186e-02,5.456062983774175867e-01,-7.129976060241460800e-03,5.940930917859077454e-02,-1.234124694019556046e-02,9.981319308280944824e-01,0.000000000000000000e+00,0.000000000000000000e+00,0.000000000000000000e+00,-1.100000000000000089e+00,2.000000000000000111e-01,-5.000000000000000000e-01,0.000000000000000000e+00,1.100000000000000089e+00,2.000000000000000111e-01,5.000000000000000000e-01,1.743484139442443848e-01,6.857366114854812622e-02,1.371385008096694946e-01,1.629347652196884155e-01,-2.121468037366867065e-01,-6.167797371745109558e-02,1.902103573083877563e-01,-3.526003286242485046e-02,-2.521359622478485107e-01,1.407705843448638916e-01,-2.087776958942413330e-01,3.184950351715087891e-02
1.460472036896254613e-02,-2.556925158317417332e-02,5.455570149670044833e-01,-8.030816912651062012e-03,5.902093276381492615e-02,-1.189038995653390884e-02,9.981536269187927246e-01,0.000000000000000000e+00,0.000000000000000000e+00,0.000000000000000000e+00,-1.100000000000000089e+00,2.000000000000000111e-01,-5.000000000000000000e-01,0.000000000000000000e+00,1.100000000000000089e+00,2.000000000000000111e-01,5.000000000000000000e-01,1.736998111009597778e-01,6.915678828954696655e-02,1.357603967189788818e-01,1.628327518701553345e-01,-2.119948267936706543e-01,-6.348492950201034546e-02,1.909058243036270142e-01,-3.478367254137992859e-02,-2.550163269042968750e-01,1.397624164819717407e-01,-2.087407708168029785e-01,3.155385330319404602e-02
1.427863037303052536e-02,-2.510216463564170566e-02,5.454584481461782763e-01,-8.961997926235198975e-03,5.867906659841537476e-02,-1.149982959032058716e-02,9.981704354286193848e-01,0.000000000000000000e+00,0.000000000000000000e+00,0.000000000000000000e+00,-1.100000000000000089e+00,2.000000000000000111e-01,-5.000000000000000000e-01,0.000000000000000000e+00,1.100000000000000089e+00,2.000000000000000111e-01,5.000000000000000000e-01,1.732725203037261963e-01,6.965661793947219849e-02,1.339373439550399780e-01,1.628873497247695923e-01,-2.122008055448532104e-01,-6.486248224973678589e-02,1.919942051172256470e-01,-3.429791331291198730e-02,-2.577639818191528320e-01,1.386445909738540649e-01,-2.094519585371017456e-01,3.102646209299564362e-02
1.385236727831076244e-02,-2.463038860204055588e-02,5.453344715130750142e-01,-9.852063842117786407e-03,5.838036909699440002e-02,-1.116236764937639236e-02,9.981833696365356445e-01,0.000000000000000000e+00,0.000000000000000000e+00,0.000000000000000000e+00,-1.100000000000000089e+00,2.000000000000000111e-01,-5.000000000000000000e-01,0.000000000000000000e+00,1.100000000000000089e+00,2.000000000000000111e-01,5.000000000000000000e-01,1.731921732425689697e-01,6.999294459819793701e-02,1.319379955530166626e-01,1.626251339912414551e-01,-2.127038091421127319e-01,-6.606366485357284546e-02,1.933607012033462524e-01,-3.384833410382270813e-02,-2.602566182613372803e-01,1.374964714050292969e-01,-2.108082473278045654e-01,3.046867437660694122e-02
1.350178089472606376e-02,-2.413170027645361246e-02,5.451992846686731786e-01,-1.059021428227424622e-02,5.815478041768074036e-02,-1.091368775814771652e-02,9.981917142868041992e-01,0.000000000000000000e+00,0.000000000000000000e+00,0.000000000000000000e+00,-1.100000000000000089e+00,2.000000000000000111e-01,-5.000000000000000000e-01,0.000000000000000000e+00,1.100000000000000089e+00,2.000000000000000111e-01,5.000000000000000000e-01,1.734115928411483765e-01,7.023792713880538940e-02,1.300488561391830444e-01,1.624130755662918091e-01,-2.134113758802413940e-01,-6.717723608016967773e-02,1.946999579668045044e-01,-3.341890498995780945e-02,-2.621656358242034912e-01,1.365546435117721558e-01,-2.123369127511978149e-01,3.000767901539802551e-02
1.327235042672566742e-02,-2.366561757701665311e-02,5.450581605642130789e-01,-1.100127585232257843e-02,5.803663283586502075e-02,-1.084341667592525482e-02,9.981949329376220703e-01,0.000000000000000000e+00,0.000000000000000000e+00,0.000000000000000000e+00,-1.100000000000000089e+00,2.000000000000000111e-01,-5.000000000000000000e-01,0.000000000000000000e+00,1.100000000000000089e+00,2.000000000000000111e-01,5.000000000000000000e-01,1.738027185201644897e-01,7.071678340435028076e-02,1.289327442646026611e-01,1.626337021589279175e-01,-2.144167274236679077e-01,-6.808091700077056885e-02,1.959218531847000122e-01,-3.279044106602668762e-02,-2.635358572006225586e-01,1.358672678470611572e-01,-2.134005129337310791e-01,2.957434207201004028e-02
1.307166169491605877e-02,-2.325252388561652520e-02,5.449276238815350393e-01,-1.111470442265272141e-02,5.800173804163932800e-02,-1.084655150771141052e-02,9.981957077980041504e-01,0.000000000000000000e+00,0.000000000000000000e+00,0.000000000000000000e+00,-1.100000000000000089e+00,2.000000000000000111e-01,-5.000000000000000000e-01,0.000000000000000000e+00,1.100000000000000089e+00,2.000000000000000111e-01,5.000000000000000000e-01,1.747138649225234985e-01,7.112723588943481445e-02,1.287453323602676392e-01,1.627194285392761230e-01,-2.153880298137664795e-01,-6.883703917264938354e-02,1.968728005886077881e-01,-3.212887421250343323e-02,-2.639357745647430420e-01,1.356625854969024658e-01,-2.140827029943466187e-01,2.943719923496246338e-02
1.285727159374139457e-02,-2.302205024517583326e-02,5.448528061009416668e-01,-1.091486494988203049e-02,5.812392756342887878e-02,-1.079903915524482727e-02,9.981913566589355469e-01,0.000000000000000000e+00,0.000000000000000000e+00,0.000000000000000000e+00,-1.100000000000000089e+00,2.000000000000000111e-01,-5.000000000000000000e-01,0.000000000000000000e+00,1.100000000000000089e+00,2.000000000000000111e-01,5.000000000000000000e-01,1.765759736299514771e-01,7.119387388229370117e-02,1.294520497322082520e-01,1.622832417488098145e-01,-2.160622030496597290e-01,-6.933714449405670166e-02,1.977319717407226562e-01,-3.187686949968338013e-02,-2.640242278575897217e-01,1.358875334262847900e-01,-2.148636132478713989e-01,2.937406301498413086e-02
1.259919280797769901e-02,-2.296495342128580808e-02,5.448190093898411801e-01,-1.039507705718278885e-02,5.830406025052070618e-02,-1.060427259653806686e-02,9.981883764266967773e-01,0.000000000000000000e+00,0.000000000000000000e+00,0.000000000000000000e+00,-1.100000000000000089e+00,2.000000000000000111e-01,-5.000000000000000000e-01,0.000000000000000000e+00,1.100000000000000089e+00,2.000000000000000111e-01,5.000000000000000000e-01,1.789478361606597900e-01,7.077769935131072998e-02,1.308579891920089722e-01,1.615548878908157349e-01,-2.163913100957870483e-01,-6.943833082914352417e-02,1.984522938728332520e-01,-3.221867233514785767e-02,-2.636321485042572021e-01,1.362618654966354370e-01,-2.155726850032806396e-01,2.960598096251487732e-02
1.227736632527802289e-02,-2.298791359479755367e-02,5.448110792033299399e-01,-9.710034355521202087e-03,5.857598781585693359e-02,-1.036973111331462860e-02,9.981818795204162598e-01,0.000000000000000000e+00,0.000000000000000000e+00,0.000000000000000000e+00,-1.100000000000000089e+00,2.000000000000000111e-01,-5.000000000000000000e-01,0.000000000000000000e+00,1.100000000000000089e+00,2.000000000000000111e-01,5.000000000000000000e-01,1.815824210643768311e-01,7.030452042818069458e-02,1.327864378690719604e-01,1.610530167818069458e-01,-2.168498486280441284e-01,-6.905507296323776245e-02,1.993517577648162842e-01,-3.282958269119262695e-02,-2.628000974655151367e-01,1.367126703262329102e-01,-2.164677828550338745e-01,2.982273697853088379e-02
1.178690790365722815e-02,-2.280940395464763071e-02,5.447724247340000048e-01,-8.992062881588935852e-03,5.886986851692199707e-02,-1.013358682394027710e-02,9.981737136840820312e-01,0.000000000000000000e+00,0.000000000000000000e+00,0.000000000000000000e+00,-1.100000000000000089e+00,2.000000000000000111e-01,-5.000000000000000000e-01,0.000000000000000000e+00,1.100000000000000089e+00,2.000000000000000111e-01,5.000000000000000000e-01,1.841814666986465454e-01,6.980135291814804077e-02,1.343783587217330933e-01,1.607237756252288818e-01,-2.172535955905914307e-01,-6.861924380064010620e-02,2.002497911453247070e-01,-3.344491124153137207e-02,-2.613418400287628174e-01,1.374863088130950928e-01,-2.178310006856918335e-01,3.000291809439659119e-02
1.119950580638786296e-02,-2.251964334718356206e-02,5.446575408278390151e-01,-8.466857485473155975e-03,5.916576460003852844e-02,-9.948168881237506866e-03,9.981626868247985840e-01,0.000000000000000000e+00,0.000000000000000000e+00,0.000000000000000000e+00,-1.100000000000000089e+00,2.000000000000000111e-01,-5.000000000000000000e-01,0.000000000000000000e+00,1.100000000000000089e+00,2.000000000000000111e-01,5.000000000000000000e-01,1.868701875209808350e-01,6.943117827177047729e-02,1.354257613420486450e-01,1.604073345661163330e-01,-2.177110910415649414e-01,-6.816054135560989380e-02,2.012472003698348999e-01,-3.392701968550682068e-02,-2.595765590667724609e-01,1.382761746644973755e-01,-2.195747941732406616e-01,3.054204955697059631e-02
