-4.133792403934880705e-02,1.221662877767224452e-02,5.212585498227013669e-01,9.998068809509277344e-01,1.557850092649459839e-02,-1.102442666888237000e-02,-4.683746490627527237e-03,0.000000000000000000e+00,0.000000000000000000e+00,0.000000000000000000e+00,-1.100000000000000089e+00,2.000000000000000111e-01,-5.000000000000000000e-01,0.000000000000000000e+00,1.100000000000000089e+00,2.000000000000000111e-01,5.000000000000000000e-01,-4.370473325252532959e-01,1.077745202928781509e-02,7.122433930635452271e-02,4.914798140525817871e-01,-7.744534313678741455e-02,-1.186129730194807053e-02,-3.735095635056495667e-02,-1.564683765172958374e-01,-1.009341925382614136e-01,1.383217692375183105e+00,6.003848463296890259e-02,8.317554742097854614e-02
-1.627841010576847741e-02,1.565047219583783414e-02,5.261303000566032173e-01,9.993734359741210938e-01,3.156826272606849670e-02,-1.596950367093086243e-02,1.091831596568226814e-03,0.000000000000000000e+00,0.000000000000000000e+00,0.000000000000000000e+00,-1.100000000000000089e+00,2.000000000000000111e-01,-5.000000000000000000e-01,0.000000000000000000e+00,1.100000000000000089e+00,2.000000000000000111e-01,5.000000000000000000e-01,-3.415857851505279541e-01,-3.944306448101997375e-02,7.822755724191665649e-02,4.541913866996765137e-01,-1.240650862455368042e-01,-1.387967634946107864e-02,-1.653438061475753784e-01,-1.161556541919708252e-01,-3.471770882606506348e-02,1.493749856948852539e+00,-5.400550737977027893e-02,1.713931858539581299e-01
1.767817106361340915e-02,1.577086000435167293e-02,5.335982937079788435e-01,9.993827342987060547e-01,2.799025177955627441e-02,-2.080697007477283478e-02,4.214229993522167206e-03,0.000000000000000000e+00,0.000000000000000000e+00,0.000000000000000000e+00,-1.100000000000000089e+00,2.000000000000000111e-01,-5.000000000000000000e-01,0.000000000000000000e+00,1.100000000000000089e+00,2.000000000000000111e-01,5.000000000000000000e-01,-2.332170009613037109e-01,-4.242876544594764709e-02,5.788792297244071960e-02,3.976721465587615967e-01,-1.651362031698226929e-01,-2.849481441080570221e-02,-2.693721354007720947e-01,-5.972097814083099365e-02,-1.919467374682426453e-02,1.471377730369567871e+00,-1.112679541110992432e-01,2.051802426576614380e-01
4.905738971769960100e-02,1.482114102345693726e-02,5.399321876496377959e-01,9.994053840637207031e-01,2.397054061293601990e-02,-2.323516085743904114e-02,8.628059178590774536e-03,0.000000000000000000e+00,0.000000000000000000e+00,0.000000000000000000e+00,-1.100000000000000089e+00,2.000000000000000111e-01,-5.000000000000000000e-01,0.000000000000000000e+00,1.100000000000000089e+00,2.000000000000000111e-01,5.000000000000000000e-01,-1.157428249716758728e-01,-3.840351104736328125e-02,3.595157340168952942e-02,3.093862533569335938e-01,-1.811773777008056641e-01,-3.955115750432014465e-02,-3.635800480842590332e-01,-5.923999100923538208e-02,-3.510353714227676392e-02,1.372553586959838867e+00,-1.365475505590438843e-01,2.098430544137954712e-01
7.986335138141205381e-02,1.282253421097523556e-02,5.431435395130003174e-01,9.994252920150756836e-01,2.050269395112991333e-02,-2.266606315970420837e-02,1.466061174869537354e-02,0.000000000000000000e+00,0.000000000000000000e+00,0.000000000000000000e+00,-1.100000000000000089e+00,2.000000000000000111e-01,-5.000000000000000000e-01,0.000000000000000000e+00,1.100000000000000089e+00,2.000000000000000111e-01,5.000000000000000000e-01,-6.712317932397127151e-03,-3.035234101116657257e-02,1.704197376966476440e-02,2.187995016574859619e-01,-1.875105500221252441e-01,-4.816041514277458191e-02,-4.373748004436492920e-01,-1.178563162684440613e-01,-9.272570163011550903e-02,1.224241733551025391e+00,-1.463960409164428711e-01,1.790748685598373413e-01
1.113033854317936056e-01,1.059633545704524553e-02,5.420256738500162097e-01,9.993239045143127441e-01,2.161802537739276886e-02,-2.073371037840843201e-02,2.132000215351581573e-02,0.000000000000000000e+00,0.000000000000000000e+00,0.000000000000000000e+00,-1.100000000000000089e+00,2.000000000000000111e-01,-5.000000000000000000e-01,0.000000000000000000e+00,1.100000000000000089e+00,2.000000000000000111e-01,5.000000000000000000e-01,8.296941220760345459e-02,-2.755171805620193481e-02,1.029857248067855835e-02,1.649090647697448730e-01,-2.131615728139877319e-01,-5.010456964373588562e-02,-4.873862564563751221e-01,-1.960557401180267334e-01,-1.600757092237472534e-01,1.041217207908630371e+00,-1.524773538112640381e-01,1.278857141733169556e-01
1.429390480491624371e-01,8.196605486663604417e-03,5.371192965189917068e-01,9.990205764770507812e-01,2.775184810161590576e-02,-1.931548863649368286e-02,2.854249998927116394e-02,0.000000000000000000e+00,0.000000000000000000e+00,0.000000000000000000e+00,-1.100000000000000089e+00,2.000000000000000111e-01,-5.000000000000000000e-01,0.000000000000000000e+00,1.100000000000000089e+00,2.000000000000000111e-01,5.000000000000000000e-01,1.552879810333251953e-01,-3.148579970002174377e-02,9.864581748843193054e-03,1.509127467870712280e-01,-2.620665431022644043e-01,-5.370578542351722717e-02,-5.109933614730834961e-01,-2.547888755798339844e-01,-2.007379382848739624e-01,8.031232357025146484e-01,-1.343847811222076416e-01,8.617944270372390747e-02
1.744485750297705418e-01,5.097820233468982297e-03,5.305787194964259879e-01,9.984512329101562500e-01,3.632504865527153015e-02,-1.920898258686065674e-02,3.750439360737800598e-02,0.000000000000000000e+00,0.000000000000000000e+00,0.000000000000000000e+00,-1.100000000000000089e+00,2.000000000000000111e-01,-5.000000000000000000e-01,0.000000000000000000e+00,1.100000000000000089e+00,2.000000000000000111e-01,5.000000000000000000e-01,2.162580490112304688e-01,-3.721065074205398560e-02,1.301629235967993736e-03,1.631324291229248047e-01,-3.165585398674011230e-01,-6.556735187768936157e-02,-4.948609769344329834e-01,-2.753247916698455811e-01,-1.845667660236358643e-01,4.832988679409027100e-01,-7.883690297603607178e-02,9.176766872406005859e-02
2.060536898213504442e-01,1.041885341959770169e-03,5.237990743380905867e-01,9.975510239601135254e-01,4.454340413212776184e-02,-2.039109170436859131e-02,4.992083460092544556e-02,0.000000000000000000e+00,0.000000000000000000e+00,0.000000000000000000e+00,-1.100000000000000089e+00,2.000000000000000111e-01,-5.000000000000000000e-01,0.000000000000000000e+00,1.100000000000000089e+00,2.000000000000000111e-01,5.000000000000000000e-01,2.663682401180267334e-01,-3.664455562829971313e-02,-1.469002384692430496e-02,1.991921514272689819e-01,-3.648588955402374268e-01,-9.310182183980941772e-02,-4.320625662803649902e-01,-2.804270982742309570e-01,-1.673589497804641724e-01,1.236541494727134705e-01,-2.342170849442481995e-02,1.418596208095550537e-01
2.375094804465018028e-01,-3.584049869742658278e-03,5.173007639640508915e-01,9.969358444213867188e-01,4.485417529940605164e-02,-1.978609338402748108e-02,6.095558404922485352e-02,0.000000000000000000e+00,0.000000000000000000e+00,0.000000000000000000e+00,-1.100000000000000089e+00,2.000000000000000111e-01,-5.000000000000000000e-01,0.000000000000000000e+00,1.100000000000000089e+00,2.000000000000000111e-01,5.000000000000000000e-01,3.101562559604644775e-01,-1.291123405098915100e-02,-3.548171371221542358e-02,2.427443563938140869e-01,-3.955806195735931396e-01,-1.201070770621299744e-01,-4.559535384178161621e-01,-2.979174852371215820e-01,-1.742695569992065430e-01,1.006761789321899414e-01,-9.670557081699371338e-02,1.339542120695114136e-01
2.689470025791664276e-01,-9.887190984063452814e-03,5.132125244613248150e-01,9.978581070899963379e-01,2.900052070617675781e-02,-1.341348327696323395e-02,5.708186328411102295e-02,0.000000000000000000e+00,0.000000000000000000e+00,0.000000000000000000e+00,-1.100000000000000089e+00,2.000000000000000111e-01,-5.000000000000000000e-01,0.000000000000000000e+00,1.100000000000000089e+00,2.000000000000000111e-01,5.000000000000000000e-01,3.194955885410308838e-01,3.890177607536315918e-02,-3.710886090993881226e-02,3.322845101356506348e-01,-4.146930277347564697e-01,-1.413109302520751953e-01,-4.319182634353637695e-01,-2.396001219749450684e-01,-2.058394849300384521e-01,1.066153421998023987e-01,-5.075859278440475464e-02,1.545352041721343994e-01
3.007197723086132979e-01,-1.802383481506070195e-02,5.137381172940285179e-01,9.987595677375793457e-01,-3.634355962276458740e-03,-1.578536350280046463e-03,4.963513836264610291e-02,0.000000000000000000e+00,0.000000000000000000e+00,0.000000000000000000e+00,-1.100000000000000089e+00,2.000000000000000111e-01,-5.000000000000000000e-01,0.000000000000000000e+00,1.100000000000000089e+00,2.000000000000000111e-01,5.000000000000000000e-01,2.750838696956634521e-01,1.286694705486297607e-01,-5.108486488461494446e-02,5.095266103744506836e-01,-3.848900794982910156e-01,-1.492481529712677002e-01,-5.073931813240051270e-01,-1.441979408264160156e-01,-1.667499989271163940e-01,3.127112090587615967e-01,2.736181020736694336e-02,5.475614964962005615e-02
3.347077420696314976e-01,-2.637591970454186349e-02,5.164862798342499950e-01,9.988455176353454590e-01,-1.366285234689712524e-02,-6.581744179129600525e-03,4.558105394244194031e-02,0.000000000000000000e+00,0.000000000000000000e+00,0.000000000000000000e+00,-1.100000000000000089e+00,2.000000000000000111e-01,-5.000000000000000000e-01,0.000000000000000000e+00,1.100000000000000089e+00,2.000000000000000111e-01,5.000000000000000000e-01,2.222470790147781372e-01,1.668435186147689819e-01,-5.596963688731193542e-02,7.543822526931762695e-01,-2.532396018505096436e-01,-1.320033073425292969e-01,-4.934586882591247559e-01,-1.037388816475868225e-01,-1.485348641872406006e-01,4.404581785202026367e-01,3.395204246044158936e-02,7.810334861278533936e-02
3.669601635251081295e-01,-3.543968952924125837e-02,5.203352436047009588e-01,9.986723065376281738e-01,-2.391332574188709259e-02,-1.370289269834756851e-02,4.351928830146789551e-02,0.000000000000000000e+00,0.000000000000000000e+00,0.000000000000000000e+00,-1.100000000000000089e+00,2.000000000000000111e-01,-5.000000000000000000e-01,0.000000000000000000e+00,1.100000000000000089e+00,2.000000000000000111e-01,5.000000000000000000e-01,1.029012948274612427e-01,2.024909406900405884e-01,-8.019406348466873169e-02,1.063577175140380859e+00,-7.294875383377075195e-02,-1.026320084929466248e-01,-4.404038488864898682e-01,-6.439109891653060913e-02,-1.603104174137115479e-01,5.197526216506958008e-01,-5.689562857151031494e-02,4.289820417761802673e-02
3.972200529608461705e-01,-4.375305507548454126e-02,5.235859972848133648e-01,9.982771873474121094e-01,-3.392745926976203918e-02,-1.705901324748992920e-02,4.472856596112251282e-02,0.000000000000000000e+00,0.000000000000000000e+00,0.000000000000000000e+00,-1.100000000000000089e+00,2.000000000000000111e-01,-5.000000000000000000e-01,0.000000000000000000e+00,1.100000000000000089e+00,2.000000000000000111e-01,5.000000000000000000e-01,-3.422505781054496765e-02,1.681456416845321655e-01,-1.629492193460464478e-01,1.301239132881164551e+00,-2.044072840362787247e-03,-1.137390807271003723e-01,-3.651734590530395508e-01,-2.320532314479351044e-02,-1.840556412935256958e-01,5.223146080970764160e-01,-1.257050782442092896e-01,1.965480856597423553e-02
4.270598916272924650e-01,-5.086865365872102890e-02,5.281451487006864065e-01,9.982668161392211914e-01,-3.550960123538970947e-02,-2.065588161349296570e-02,4.213909059762954712e-02,0.000000000000000000e+00,0.000000000000000000e+00,0.000000000000000000e+00,-1.100000000000000089e+00,2.000000000000000111e-01,-5.000000000000000000e-01,0.000000000000000000e+00,1.100000000000000089e+00,2.000000000000000111e-01,5.000000000000000000e-01,-1.278414875268936157e-01,2.975717186927795410e-02,-2.651699185371398926e-01,1.411241292953491211e+00,-5.644521117210388184e-02,-2.149731963872909546e-01,-2.750978469848632812e-01,7.261220365762710571e-03,-1.932877004146575928e-01,4.908160865306854248e-01,-1.774989962577819824e-01,4.782247357070446014e-03
4.570037776623109282e-01,-5.739883528627229281e-02,5.330446338277272655e-01,9.985173940658569336e-01,-3.245355933904647827e-02,-2.529710344970226288e-02,3.563484549522399902e-02,0.000000000000000000e+00,0.000000000000000000e+00,0.000000000000000000e+00,-1.100000000000000089e+00,2.000000000000000111e-01,-5.000000000000000000e-01,0.000000000000000000e+00,1.100000000000000089e+00,2.000000000000000111e-01,5.000000000000000000e-01,-2.209388315677642822e-01,-4.291503876447677612e-02,-2.758723199367523193e-01,1.431974053382873535e+00,-1.065204143524169922e-01,-2.437960952520370483e-01,-1.700787544250488281e-01,3.296744078397750854e-02,-1.874047070741653442e-01,4.275073111057281494e-01,-2.120919376611709595e-01,6.518084555864334106e-04
4.870184541057155370e-01,-6.405659534629773444e-02,5.370444372190971150e-01,9.988841414451599121e-01,-2.831283397972583771e-02,-2.833995595574378967e-02,2.501381002366542816e-02,0.000000000000000000e+00,0.000000000000000000e+00,0.000000000000000000e+00,-1.100000000000000089e+00,2.000000000000000111e-01,-5.000000000000000000e-01,0.000000000000000000e+00,1.100000000000000089e+00,2.000000000000000111e-01,5.000000000000000000e-01,-3.213397562503814697e-01,-3.699347749352455139e-02,-2.208397239446640015e-01,1.380098223686218262e+00,-1.484854370355606079e-01,-2.204289585351943970e-01,-6.107020378112792969e-02,5.651103705167770386e-02,-1.717376112937927246e-01,3.445596098899841309e-01,-2.329520732164382935e-01,-2.080047037452459335e-03
5.176309254464477316e-01,-7.093994014905859180e-02,5.389199470886678611e-01,9.992622137069702148e-01,-2.336058579385280609e-02,-2.825900726020336151e-02,1.143187843263149261e-02,0.000000000000000000e+00,0.000000000000000000e+00,0.000000000000000000e+00,-1.100000000000000089e+00,2.000000000000000111e-01,-5.000000000000000000e-01,0.000000000000000000e+00,1.100000000000000089e+00,2.000000000000000111e-01,5.000000000000000000e-01,-4.063430428504943848e-01,1.341350935399532318e-02,-1.249388977885246277e-01,1.258646249771118164e+00,-1.797127723693847656e-01,-1.615888029336929321e-01,3.639372810721397400e-02,7.239457219839096069e-02,-1.490308046340942383e-01,2.675261497497558594e-01,-2.497451007366180420e-01,-4.110804758965969086e-03
5.479699091507931330e-01,-7.752438231324305928e-02,5.382668069629656937e-01,9.994614124298095703e-01,-2.056180872023105621e-02,-2.545659989118576050e-02,-2.474210457876324654e-03,0.000000000000000000e+00,0.000000000000000000e+00,0.000000000000000000e+00,-1.100000000000000089e+00,2.000000000000000111e-01,-5.000000000000000000e-01,0.000000000000000000e+00,1.100000000000000089e+00,2.000000000000000111e-01,5.000000000000000000e-01,-4.605862200260162354e-01,7.691696286201477051e-02,-1.130611635744571686e-02,1.077036380767822266e+00,-1.933865100145339966e-01,-9.672016650438308716e-02,1.239287778735160828e-01,8.622343093156814575e-02,-1.283781230449676514e-01,2.011554986238479614e-01,-2.639061808586120605e-01,-5.094991065561771393e-03
5.768851545009047177e-01,-8.304980204393616616e-02,5.356827287007160932e-01,9.995297193527221680e-01,-1.842920482158660889e-02,-1.977450773119926453e-02,-1.448048464953899384e-02,0.000000000000000000e+00,0.000000000000000000e+00,0.000000000000000000e+00,-1.100000000000000089e+00,2.000000000000000111e-01,-5.000000000000000000e-01,0.000000000000000000e+00,1.100000000000000089e+00,2.000000000000000111e-01,5.000000000000000000e-01,-4.780578911304473877e-01,1.228933781385421753e-01,1.046289950609207153e-01,8.222340941429138184e-01,-1.719402670860290527e-01,-4.488320648670196533e-02,2.002750337123870850e-01,9.497278928756713867e-02,-1.105731874704360962e-01,1.555964052677154541e-01,-2.825552225112915039e-01,-1.281826756894588470e-03
6.064556574610748818e-01,-8.799280977836160256e-02,5.308859623246120485e-01,9.994552135467529297e-01,-1.665146648883819580e-02,-1.393028069287538528e-02,-2.486028335988521576e-02,0.000000000000000000e+00,0.000000000000000000e+00,0.000000000000000000e+00,-1.100000000000000089e+00,2.000000000000000111e-01,-5.000000000000000000e-01,0.000000000000000000e+00,1.100000000000000089e+00,2.000000000000000111e-01,5.000000000000000000e-01,-4.511312246322631836e-01,1.143649667501449585e-01,1.892172396183013916e-01,4.715520739555358887e-01,-1.126406714320182800e-01,-3.534124791622161865e-02,2.627663612365722656e-01,1.011360213160514832e-01,-8.596272766590118408e-02,1.417605280876159668e-01,-3.121494054794311523e-01,7.184727117419242859e-03
6.422250751150075931e-01,-9.361446086919367193e-02,5.243195187774571941e-01,9.985774159431457520e-01,-2.953775040805339813e-02,-1.476360298693180084e-02,-4.186523705720901489e-02,0.000000000000000000e+00,0.000000000000000000e+00,0.000000000000000000e+00,-1.100000000000000089e+00,2.000000000000000111e-01,-5.000000000000000000e-01,0.000000000000000000e+00,1.100000000000000089e+00,2.000000000000000111e-01,5.000000000000000000e-01,-3.926793336868286133e-01,1.005396172404289246e-01,1.945946365594863892e-01,1.157658696174621582e-01,-5.344489589333534241e-02,-1.082857176661491394e-01,3.348732292652130127e-01,1.331637948751449585e-01,-5.153957381844520569e-02,1.364889442920684814e-01,-3.281877338886260986e-01,6.956561119295656681e-04
6.752130317492316403e-01,-9.850960722926890845e-02,5.172567950241794277e-01,9.970844984054565430e-01,-4.426709935069084167e-02,-1.886412315070629120e-02,-5.922108143568038940e-02,0.000000000000000000e+00,0.000000000000000000e+00,0.000000000000000000e+00,-1.100000000000000089e+00,2.000000000000000111e-01,-5.000000000000000000e-01,0.000000000000000000e+00,1.100000000000000089e+00,2.000000000000000111e-01,5.000000000000000000e-01,-4.416608512401580811e-01,1.177021190524101257e-01,1.640736162662506104e-01,1.201420426368713379e-01,-1.276871711015701294e-01,-1.436714977025985718e-01,4.181589186191558838e-01,1.542671471834182739e-01,-1.983841881155967712e-02,1.364790648221969604e-01,-3.185006082057952881e-01,1.104142516851425171e-02
7.063755923103202106e-01,-1.022912474529761306e-01,5.136280911460970877e-01,9.974248409271240234e-01,-3.510118648409843445e-02,-1.701951213181018829e-02,-6.018161401152610779e-02,0.000000000000000000e+00,0.000000000000000000e+00,0.000000000000000000e+00,-1.100000000000000089e+00,2.000000000000000111e-01,-5.000000000000000000e-01,0.000000000000000000e+00,1.100000000000000089e+00,2.000000000000000111e-01,5.000000000000000000e-01,-4.203057587146759033e-01,7.750328630208969116e-02,1.867085248231887817e-01,1.084909215569496155e-01,-8.346865326166152954e-02,-1.197473332285881042e-01,4.254531264305114746e-01,1.363576501607894897e-01,-1.507092150859534740e-03,2.552707195281982422e-01,-3.123499453067779541e-01,4.033344984054565430e-02
7.382602565562483843e-01,-1.067626270663106086e-01,5.141972377256612825e-01,9.984204173088073730e-01,4.424427170306444168e-03,-1.061176508665084839e-02,-5.499491095542907715e-02,0.000000000000000000e+00,0.000000000000000000e+00,0.000000000000000000e+00,-1.100000000000000089e+00,2.000000000000000111e-01,-5.000000000000000000e-01,0.000000000000000000e+00,1.100000000000000089e+00,2.000000000000000111e-01,5.000000000000000000e-01,-4.713379442691802979e-01,-2.785308100283145905e-02,1.608860045671463013e-01,2.358553856611251831e-01,6.346416473388671875e-02,4.257792606949806213e-02,3.257220089435577393e-01,5.800485238432884216e-02,7.128292229026556015e-03,5.516374707221984863e-01,-2.761850357055664062e-01,1.277308464050292969e-01
7.702698108599040916e-01,-1.113625504358699836e-01,5.147153570841659365e-01,9.984295964241027832e-01,8.704463951289653778e-03,-2.627784013748168945e-02,-4.870384559035301208e-02,0.000000000000000000e+00,0.000000000000000000e+00,0.000000000000000000e+00,-1.100000000000000089e+00,2.000000000000000111e-01,-5.000000000000000000e-01,0.000000000000000000e+00,1.100000000000000089e+00,2.000000000000000111e-01,5.000000000000000000e-01,-4.804787337779998779e-01,-2.995426952838897705e-02,1.310342401266098022e-01,4.629650115966796875e-01,9.836330078542232513e-03,5.500628054141998291e-02,2.791561186313629150e-01,5.395050719380378723e-02,2.551137236878275871e-03,7.984669208526611328e-01,-1.141479387879371643e-01,1.947759538888931274e-01
8.001956775182424986e-01,-1.158613743072356844e-01,5.161580697590052447e-01,9.981940984725952148e-01,6.388023495674133301e-03,-4.079181328415870667e-02,-4.363172873854637146e-02,0.000000000000000000e+00,0.000000000000000000e+00,0.000000000000000000e+00,-1.100000000000000089e+00,2.000000000000000111e-01,-5.000000000000000000e-01,0.000000000000000000e+00,1.100000000000000089e+00,2.000000000000000111e-01,5.000000000000000000e-01,-4.516562223434448242e-01,-2.464467287063598633e-02,1.127185001969337463e-01,6.050021052360534668e-01,-1.018410027027130127e-01,6.417476385831832886e-02,1.920645684003829956e-01,5.012694373726844788e-02,-2.027524821460247040e-02,1.063391566276550293e+00,3.761491179466247559e-02,2.289278358221054077e-01
8.287725820836394641e-01,-1.194841928243862844e-01,5.193519835159031706e-01,9.980591535568237305e-01,1.466365624219179153e-02,-4.612259566783905029e-02,-3.918693959712982178e-02,0.000000000000000000e+00,0.000000000000000000e+00,0.000000000000000000e+00,-1.100000000000000089e+00,2.000000000000000111e-01,-5.000000000000000000e-01,0.000000000000000000e+00,1.100000000000000089e+00,2.000000000000000111e-01,5.000000000000000000e-01,-3.888294696807861328e-01,-4.585123807191848755e-02,1.147513166069984436e-01,6.268405318260192871e-01,-1.731622517108917236e-01,6.632982194423675537e-02,5.923338606953620911e-02,9.882958605885505676e-03,-2.745270356535911560e-02,1.289241433143615723e+00,-3.450249135494232178e-02,2.282567620277404785e-01
8.562692374728544387e-01,-1.232562109500621311e-01,5.243204737213825739e-01,9.980623126029968262e-01,2.075548470020294189e-02,-5.127388983964920044e-02,-2.849365398287773132e-02,0.000000000000000000e+00,0.000000000000000000e+00,0.000000000000000000e+00,-1.100000000000000089e+00,2.000000000000000111e-01,-5.000000000000000000e-01,0.000000000000000000e+00,1.100000000000000089e+00,2.000000000000000111e-01,5.000000000000000000e-01,-3.029648661613464355e-01,-7.080232352018356323e-02,9.976349771022796631e-02,5.973501205444335938e-01,-2.219661176204681396e-01,6.096386536955833435e-02,-7.080127298831939697e-02,-2.168225310742855072e-02,-2.399100735783576965e-02,1.411308765411376953e+00,-1.280575841665267944e-01,2.315655052661895752e-01
8.828641766806443192e-01,-1.274865087415232856e-01,5.293570555806762501e-01,9.980704784393310547e-01,2.349298819899559021e-02,-5.647858604788780212e-02,-1.065713539719581604e-02,0.000000000000000000e+00,0.000000000000000000e+00,0.000000000000000000e+00,-1.100000000000000089e+00,2.000000000000000111e-01,-5.000000000000000000e-01,0.000000000000000000e+00,1.100000000000000089e+00,2.000000000000000111e-01,5.000000000000000000e-01,-2.087988853454589844e-01,-9.080333262681961060e-02,6.537748128175735474e-02,5.498670339584350586e-01,-2.587749660015106201e-01,5.078207328915596008e-02,-1.836004704236984253e-01,-7.865662872791290283e-02,-4.087291657924652100e-02,1.438495159149169922e+00,-1.913537383079528809e-01,2.330730855464935303e-01
9.103506183217872083e-01,-1.322397109909415891e-01,5.332785535701597412e-01,9.978303909301757812e-01,2.548108808696269989e-02,-5.969202890992164612e-02,1.104667317122220993e-02,0.000000000000000000e+00,0.000000000000000000e+00,0.000000000000000000e+00,-1.100000000000000089e+00,2.000000000000000111e-01,-5.000000000000000000e-01,0.000000000000000000e+00,1.100000000000000089e+00,2.000000000000000111e-01,5.000000000000000000e-01,-1.169428452849388123e-01,-1.033058688044548035e-01,2.234574034810066223e-02,4.967367649078369141e-01,-2.854087948799133301e-01,4.186220839619636536e-02,-2.731801867485046387e-01,-1.700994223356246948e-01,-7.656497508287429810e-02,1.387798190116882324e+00,-2.309771776199340820e-01,2.244181185960769653e-01
9.384610120199545769e-01,-1.374933453765933011e-01,5.353735344653779427e-01,9.973330497741699219e-01,2.729696035385131836e-02,-5.945047736167907715e-02,3.236318007111549377e-02,0.000000000000000000e+00,0.000000000000000000e+00,0.000000000000000000e+00,-1.100000000000000089e+00,2.000000000000000111e-01,-5.000000000000000000e-01,0.000000000000000000e+00,1.100000000000000089e+00,2.000000000000000111e-01,5.000000000000000000e-01,-3.802412748336791992e-02,-1.054460853338241577e-01,-1.887349039316177368e-02,4.517027139663696289e-01,-3.093924224376678467e-01,3.665492311120033264e-02,-3.374668061733245850e-01,-2.816960811614990234e-01,-1.304770112037658691e-01,1.277592778205871582e+00,-2.513272762298583984e-01,1.960253268480300903e-01
9.660729249890404047e-01,-1.431697604255844913e-01,5.353125841313540745e-01,9.967393279075622559e-01,2.923874184489250183e-02,-5.464869365096092224e-02,5.166499689221382141e-02,0.000000000000000000e+00,0.000000000000000000e+00,0.000000000000000000e+00,-1.100000000000000089e+00,2.000000000000000111e-01,-5.000000000000000000e-01,0.000000000000000000e+00,1.100000000000000089e+00,2.000000000000000111e-01,5.000000000000000000e-01,2.138661779463291168e-02,-9.936785697937011719e-02,-5.376436561346054077e-02,4.229342639446258545e-01,-3.390049040317535400e-01,3.398846089839935303e-02,-3.831592500209808350e-01,-3.799340128898620605e-01,-1.857118904590606689e-01,1.116294622421264648e+00,-2.537551522254943848e-01,1.547457128763198853e-01
9.932074490340069284e-01,-1.492954765914967508e-01,5.330411046871331715e-01,9.960381388664245605e-01,3.126272559165954590e-02,-4.586670920252799988e-02,6.947592645883560181e-02,0.000000000000000000e+00,0.000000000000000000e+00,0.000000000000000000e+00,-1.100000000000000089e+00,2.000000000000000111e-01,-5.000000000000000000e-01,0.000000000000000000e+00,1.100000000000000089e+00,2.000000000000000111e-01,5.000000000000000000e-01,6.205538660287857056e-02,-8.710616081953048706e-02,-8.356548100709915161e-02,4.156633019447326660e-01,-3.814348280429840088e-01,2.780008874833583832e-02,-4.138175249099731445e-01,-4.424315392971038818e-01,-2.171103805303573608e-01,8.984298706054687500e-01,-2.246421575546264648e-01,1.251687407493591309e-01
1.020489034443491594e+00,-1.560528777842645209e-01,5.293826314701576274e-01,9.950906038284301758e-01,3.281607106328010559e-02,-3.547329828143119812e-02,8.636806905269622803e-02,0.000000000000000000e+00,0.000000000000000000e+00,0.000000000000000000e+00,-1.100000000000000089e+00,2.000000000000000111e-01,-5.000000000000000000e-01,0.000000000000000000e+00,1.100000000000000089e+00,2.000000000000000111e-01,5.000000000000000000e-01,8.613410592079162598e-02,-6.823503226041793823e-02,-1.032475680112838745e-01,4.328875243663787842e-01,-4.296538233757019043e-01,1.600015535950660706e-02,-4.234108924865722656e-01,-4.513756334781646729e-01,-1.752844601869583130e-01,6.250323057174682617e-01,-1.781098246574401855e-01,1.356682181358337402e-01
1.048891890098651247e+00,-1.637867195206233473e-01,5.252150485830174853e-01,9.937340617179870605e-01,3.013782575726509094e-02,-2.694215439260005951e-02,1.042033806443214417e-01,0.000000000000000000e+00,0.000000000000000000e+00,0.000000000000000000e+00,-1.100000000000000089e+00,2.000000000000000111e-01,-5.000000000000000000e-01,0.000000000000000000e+00,1.100000000000000089e+00,2.000000000000000111e-01,5.000000000000000000e-01,9.922879934310913086e-02,-3.546628355979919434e-02,-1.162728220224380493e-01,4.792531728744506836e-01,-4.766671955585479736e-01,3.772142110392451286e-03,-3.974442481994628906e-01,-4.207407832145690918e-01,-7.339700311422348022e-02,3.547285795211791992e-01,-1.562985777854919434e-01,1.734224259853363037e-01
1.078053137307817266e+00,-1.726811087615035267e-01,5.204282053198778790e-01,9.915871024131774902e-01,2.144248411059379578e-02,-2.233153767883777618e-02,1.256840229034423828e-01,0.000000000000000000e+00,0.000000000000000000e+00,0.000000000000000000e+00,-1.100000000000000089e+00,2.000000000000000111e-01,-5.000000000000000000e-01,0.000000000000000000e+00,1.100000000000000089e+00,2.000000000000000111e-01,5.000000000000000000e-01,9.797593951225280762e-02,1.642630249261856079e-02,-1.283419132232666016e-01,5.655569434165954590e-01,-5.129013061523437500e-01,-8.965382352471351624e-03,-3.577606976032257080e-01,-3.973118364810943604e-01,-2.412380464375019073e-02,2.040758281946182251e-01,-1.603478044271469116e-01,1.834372878074645996e-01
1.107216460482038700e+00,-1.826025298143727493e-01,5.158586740787282077e-01,9.889786839485168457e-01,8.506431244313716888e-03,-2.203810028731822968e-02,1.461615115404129028e-01,0.000000000000000000e+00,0.000000000000000000e+00,0.000000000000000000e+00,-1.100000000000000089e+00,2.000000000000000111e-01,-5.000000000000000000e-01,0.000000000000000000e+00,1.100000000000000089e+00,2.000000000000000111e-01,5.000000000000000000e-01,7.417327910661697388e-02,8.627186715602874756e-02,-1.205610558390617371e-01,7.058332562446594238e-01,-5.165644288063049316e-01,-9.118078276515007019e-03,-3.192143142223358154e-01,-3.700300753116607666e-01,-4.058679565787315369e-02,2.238941937685012817e-01,-1.723518520593643188e-01,2.129641324281692505e-01
1.133855991419216558e+00,-1.929860503087290624e-01,5.123574344550418935e-01,9.858986735343933105e-01,-1.636227034032344818e-02,-2.396536991000175476e-02,1.648079752922058105e-01,0.000000000000000000e+00,0.000000000000000000e+00,0.000000000000000000e+00,-1.100000000000000089e+00,2.000000000000000111e-01,-5.000000000000000000e-01,0.000000000000000000e+00,1.100000000000000089e+00,2.000000000000000111e-01,5.000000000000000000e-01,-3.777273930609226227e-03,1.923297345638275146e-01,-1.127768009901046753e-01,9.394582509994506836e-01,-4.619461297988891602e-01,3.598754527047276497e-03,-3.056811392307281494e-01,-3.046966195106506348e-01,-7.155150175094604492e-02,3.436178863048553467e-01,-8.824571222066879272e-02,2.523322105407714844e-01
1.158163134097450975e+00,-2.020632075130789074e-01,5.102481294009421076e-01,9.816772937774658203e-01,-3.689688071608543396e-02,-3.219480440020561218e-02,1.841515004634857178e-01,0.000000000000000000e+00,0.000000000000000000e+00,0.000000000000000000e+00,-1.100000000000000089e+00,2.000000000000000111e-01,-5.000000000000000000e-01,0.000000000000000000e+00,1.100000000000000089e+00,2.000000000000000111e-01,5.000000000000000000e-01,-1.167214289307594299e-01,3.133457005023956299e-01,-8.658039569854736328e-02,1.218101978302001953e+00,-3.777770102024078369e-01,5.013519525527954102e-02,-2.961288690567016602e-01,-2.498139590024948120e-01,-1.044270098209381104e-01,4.812767207622528076e-01,-1.066856086254119873e-01,2.597306966781616211e-01
1.181511679151744598e+00,-2.090231917557692221e-01,5.098857489408868959e-01,9.770403504371643066e-01,-5.314636975526809692e-02,-3.821529448032379150e-02,2.027490437030792236e-01,0.000000000000000000e+00,0.000000000000000000e+00,0.000000000000000000e+00,-1.100000000000000089e+00,2.000000000000000111e-01,-5.000000000000000000e-01,0.000000000000000000e+00,1.100000000000000089e+00,2.000000000000000111e-01,5.000000000000000000e-01,-2.488312572240829468e-01,4.329079687595367432e-01,-4.217718914151191711e-02,1.436306476593017578e+00,-3.665905892848968506e-01,1.197952479124069214e-01,-2.583930790424346924e-01,-2.080753296613693237e-01,-1.590730696916580200e-01,5.619942545890808105e-01,-1.883521825075149536e-01,2.450670748949050903e-01
1.205048057524242822e+00,-2.135259807203905846e-01,5.123717586139235891e-01,9.739567637443542480e-01,-5.065747722983360291e-02,-3.900063037872314453e-02,2.175339311361312866e-01,0.000000000000000000e+00,0.000000000000000000e+00,0.000000000000000000e+00,-1.100000000000000089e+00,2.000000000000000111e-01,-5.000000000000000000e-01,0.000000000000000000e+00,1.100000000000000089e+00,2.000000000000000111e-01,5.000000000000000000e-01,-3.410783112049102783e-01,4.077168107032775879e-01,-1.201090309768915176e-02,1.511256814002990723e+00,-3.890722095966339111e-01,1.019647642970085144e-01,-2.026099860668182373e-01,-2.007795125246047974e-01,-1.932910680770874023e-01,5.843885540962219238e-01,-2.575375139713287354e-01,2.366511374711990356e-01
1.227358869166687239e+00,-2.152560692378366891e-01,5.175899874155569513e-01,9.725402593612670898e-01,-4.369666427373886108e-02,-3.809985145926475525e-02,2.253986597061157227e-01,0.000000000000000000e+00,0.000000000000000000e+00,0.000000000000000000e+00,-1.100000000000000089e+00,2.000000000000000111e-01,-5.000000000000000000e-01,0.000000000000000000e+00,1.100000000000000089e+00,2.000000000000000111e-01,5.000000000000000000e-01,-4.066919982433319092e-01,3.469868004322052002e-01,4.995410516858100891e-02,1.460353732109069824e+00,-3.728045225143432617e-01,5.905107408761978149e-02,-1.264231503009796143e-01,-1.920112967491149902e-01,-2.147338688373565674e-01,5.458620786666870117e-01,-2.956909537315368652e-01,2.276242673397064209e-01
1.249448549011439979e+00,-2.148891216546598149e-01,5.235609611462462842e-01,9.722318053245544434e-01,-3.820377588272094727e-02,-3.512930870056152344e-02,2.281922698020935059e-01,0.000000000000000000e+00,0.000000000000000000e+00,0.000000000000000000e+00,-1.100000000000000089e+00,2.000000000000000111e-01,-5.000000000000000000e-01,0.000000000000000000e+00,1.100000000000000089e+00,2.000000000000000111e-01,5.000000000000000000e-01,-4.475164413452148438e-01,3.199429214000701904e-01,1.541860699653625488e-01,1.317162752151489258e+00,-3.526984453201293945e-01,3.427528589963912964e-02,-3.655280172824859619e-02,-1.742962151765823364e-01,-2.302800118923187256e-01,4.544711112976074219e-01,-3.044517338275909424e-01,2.228669226169586182e-01
1.271886492753871778e+00,-2.131467019047851574e-01,5.284408491631650273e-01,9.728090167045593262e-01,-3.226899355649948120e-02,-2.869127504527568817e-02,2.275479733943939209e-01,0.000000000000000000e+00,0.000000000000000000e+00,0.000000000000000000e+00,-1.100000000000000089e+00,2.000000000000000111e-01,-5.000000000000000000e-01,0.000000000000000000e+00,1.100000000000000089e+00,2.000000000000000111e-01,5.000000000000000000e-01,-4.571675360202789307e-01,3.143333494663238525e-01,2.947355806827545166e-01,1.106540679931640625e+00,-3.346058130264282227e-01,2.791353315114974976e-02,5.325203388929367065e-02,-1.585037559270858765e-01,-2.403947412967681885e-01,3.379995226860046387e-01,-2.935895919799804688e-01,2.256235331296920776e-01
1.295301551728537559e+00,-2.103473045469985980e-01,5.309347059841107441e-01,9.735237956047058105e-01,-2.623729966580867767e-02,-1.954209245741367340e-02,2.262325435876846313e-01,0.000000000000000000e+00,0.000000000000000000e+00,0.000000000000000000e+00,-1.100000000000000089e+00,2.000000000000000111e-01,-5.000000000000000000e-01,0.000000000000000000e+00,1.100000000000000089e+00,2.000000000000000111e-01,5.000000000000000000e-01,-4.476949870586395264e-01,2.947009503841400146e-01,4.452129900455474854e-01,8.484529256820678711e-01,-3.000857532024383545e-01,3.594636172056198120e-02,1.340952217578887939e-01,-1.461184024810791016e-01,-2.479875087738037109e-01,2.267340421676635742e-01,-2.776801288127899170e-01,2.320026308298110962e-01
1.318653750481328490e+00,-2.061525057579832731e-01,5.305955763326750674e-01,9.743018150329589844e-01,-2.380062267184257507e-02,-1.207198668271303177e-02,2.236598730087280273e-01,0.000000000000000000e+00,0.000000000000000000e+00,0.000000000000000000e+00,-1.100000000000000089e+00,2.000000000000000111e-01,-5.000000000000000000e-01,0.000000000000000000e+00,1.100000000000000089e+00,2.000000000000000111e-01,5.000000000000000000e-01,-4.353832304477691650e-01,2.399972975254058838e-01,5.376138091087341309e-01,5.537816286087036133e-01,-2.295669913291931152e-01,3.420715034008026123e-02,2.003476470708847046e-01,-1.312463581562042236e-01,-2.526562809944152832e-01,1.524089425802230835e-01,-2.731627821922302246e-01,2.340018004179000854e-01
1.341555464817116849e+00,-2.006844968408948160e-01,5.276577121056992281e-01,9.756034016609191895e-01,-2.900598756968975067e-02,-9.399701841175556183e-03,2.174127846956253052e-01,0.000000000000000000e+00,0.000000000000000000e+00,0.000000000000000000e+00,-1.100000000000000089e+00,2.000000000000000111e-01,-5.000000000000000000e-01,0.000000000000000000e+00,1.100000000000000089e+00,2.000000000000000111e-01,5.000000000000000000e-01,-4.255857169628143311e-01,1.824790686368942261e-01,5.600711703300476074e-01,2.658083736896514893e-01,-1.471765488386154175e-01,8.672715164721012115e-03,2.531207799911499023e-01,-1.068261265754699707e-01,-2.506837844848632812e-01,1.217283234000205994e-01,-2.844782173633575439e-01,2.321481704711914062e-01
1.363818197108880526e+00,-1.942924343583860847e-01,5.228816223415461151e-01,9.777270555496215820e-01,-3.909352421760559082e-02,-1.110562309622764587e-02,2.059080749750137329e-01,0.000000000000000000e+00,0.000000000000000000e+00,0.000000000000000000e+00,-1.100000000000000089e+00,2.000000000000000111e-01,-5.000000000000000000e-01,0.000000000000000000e+00,1.100000000000000089e+00,2.000000000000000111e-01,5.000000000000000000e-01,-4.342975616455078125e-01,1.603744179010391235e-01,5.459398627281188965e-01,1.101511344313621521e-01,-1.210510805249214172e-01,-2.755570411682128906e-02,2.988334894180297852e-01,-7.812546193599700928e-02,-2.389525324106216431e-01,1.158397272229194641e-01,-2.999497950077056885e-01,2.325172722339630127e-01
1.385796106995055066e+00,-1.866557477866158388e-01,5.178466182156945541e-01,9.789910912513732910e-01,-4.053103178739547729e-02,-1.139265019446611404e-02,1.995091587305068970e-01,0.000000000000000000e+00,0.000000000000000000e+00,0.000000000000000000e+00,-1.100000000000000089e+00,2.000000000000000111e-01,-5.000000000000000000e-01,0.000000000000000000e+00,1.100000000000000089e+00,2.000000000000000111e-01,5.000000000000000000e-01,-4.651629328727722168e-01,1.432930380105972290e-01,5.231202840805053711e-01,1.124587431550025940e-01,-1.281378418207168579e-01,-9.305175393819808960e-03,3.460882008075714111e-01,-7.563472539186477661e-02,-2.284509390592575073e-01,1.191693320870399475e-01,-3.134430050849914551e-01,2.429884374141693115e-01
1.407464448972181925e+00,-1.775075510580732263e-01,5.138724737524082986e-01,9.785545468330383301e-01,-3.587915003299713135e-02,-1.210825052112340927e-02,2.024773657321929932e-01,0.000000000000000000e+00,0.000000000000000000e+00,0.000000000000000000e+00,-1.100000000000000089e+00,2.000000000000000111e-01,-5.000000000000000000e-01,0.000000000000000000e+00,1.100000000000000089e+00,2.000000000000000111e-01,5.000000000000000000e-01,-4.549005627632141113e-01,1.145507246255874634e-01,5.248266458511352539e-01,1.499581784009933472e-01,-1.104631572961807251e-01,4.390413314104080200e-02,3.921895027160644531e-01,-9.179987758398056030e-02,-2.378884851932525635e-01,1.411034911870956421e-01,-3.107649683952331543e-01,2.536390423774719238e-01
1.429961931392399910e+00,-1.667495679870398262e-01,5.121272929690100506e-01,9.769658446311950684e-01,-2.814311720430850983e-02,-1.342887524515390396e-02,2.111050039529800415e-01,0.000000000000000000e+00,0.000000000000000000e+00,0.000000000000000000e+00,-1.100000000000000089e+00,2.000000000000000111e-01,-5.000000000000000000e-01,0.000000000000000000e+00,1.100000000000000089e+00,2.000000000000000111e-01,5.000000000000000000e-01,-4.748143851757049561e-01,1.069754585623741150e-01,4.885667264461517334e-01,3.153768181800842285e-01,-7.866056263446807861e-02,1.200626790523529053e-01,3.857544958591461182e-01,-1.319558173418045044e-01,-2.479038536548614502e-01,3.113416135311126709e-01,-3.130217492580413818e-01,2.524257898330688477e-01
1.452973256683108838e+00,-1.548431506675828073e-01,5.127027089630413759e-01,9.741295576095581055e-01,-1.515344344079494476e-02,-1.953755505383014679e-02,2.246337682008743286e-01,0.000000000000000000e+00,0.000000000000000000e+00,0.000000000000000000e+00,-1.100000000000000089e+00,2.000000000000000111e-01,-5.000000000000000000e-01,0.000000000000000000e+00,1.100000000000000089e+00,2.000000000000000111e-01,5.000000000000000000e-01,-4.789018630981445312e-01,9.057264775037765503e-02,4.490973055362701416e-01,4.579524993896484375e-01,-5.214112251996994019e-02,1.762018948793411255e-01,3.231683373451232910e-01,-1.868310570716857910e-01,-2.347031682729721069e-01,6.037416458129882812e-01,-2.674388885498046875e-01,2.427808344364166260e-01
1.475632000068823446e+00,-1.425167863770867849e-01,5.138507176386286623e-01,9.687513709068298340e-01,-4.117946606129407883e-03,-3.243476524949073792e-02,2.458695620298385620e-01,0.000000000000000000e+00,0.000000000000000000e+00,0.000000000000000000e+00,-1.100000000000000089e+00,2.000000000000000111e-01,-5.000000000000000000e-01,0.000000000000000000e+00,1.100000000000000089e+00,2.000000000000000111e-01,5.000000000000000000e-01,-4.429092109203338623e-01,6.406763941049575806e-02,4.212131202220916748e-01,5.570321679115295410e-01,-1.151521429419517517e-01,1.936588883399963379e-01,2.250888198614120483e-01,-2.354965507984161377e-01,-2.060617357492446899e-01,9.360663890838623047e-01,-1.238807663321495056e-01,2.112129032611846924e-01
1.496842550231952895e+00,-1.306387059806347617e-01,5.159162198300614177e-01,9.627256393432617188e-01,8.334800601005554199e-03,-4.310537502169609070e-02,2.668929696083068848e-01,0.000000000000000000e+00,0.000000000000000000e+00,0.000000000000000000e+00,-1.100000000000000089e+00,2.000000000000000111e-01,-5.000000000000000000e-01,0.000000000000000000e+00,1.100000000000000089e+00,2.000000000000000111e-01,5.000000000000000000e-01,-3.813334703445434570e-01,2.339144423604011536e-02,3.957396447658538818e-01,5.914979577064514160e-01,-1.691677868366241455e-01,1.914926618337631226e-01,8.615626394748687744e-02,-2.746518552303314209e-01,-1.372756958007812500e-01,1.240618705749511719e+00,3.263492882251739502e-02,1.492189615964889526e-01
1.516564052180208400e+00,-1.198539222007372756e-01,5.192050882285893509e-01,9.567596316337585449e-01,1.726093515753746033e-02,-4.978661984205245972e-02,2.860671579837799072e-01,0.000000000000000000e+00,0.000000000000000000e+00,0.000000000000000000e+00,-1.100000000000000089e+00,2.000000000000000111e-01,-5.000000000000000000e-01,0.000000000000000000e+00,1.100000000000000089e+00,2.000000000000000111e-01,5.000000000000000000e-01,-3.149269819259643555e-01,-1.567651517689228058e-02,3.635007739067077637e-01,5.833976268768310547e-01,-2.018755227327346802e-01,1.852301359176635742e-01,-2.626610733568668365e-02,-2.275773137807846069e-01,-2.744330652058124542e-02,1.418881654739379883e+00,-2.536074956879019737e-03,1.807318627834320068e-01
1.535006759654391928e+00,-1.097362705510147307e-01,5.241918054072544075e-01,9.504265785217285156e-01,1.738281920552253723e-02,-5.811621993780136108e-02,3.049748539924621582e-01,0.000000000000000000e+00,0.000000000000000000e+00,0.000000000000000000e+00,-1.100000000000000089e+00,2.000000000000000111e-01,-5.000000000000000000e-01,0.000000000000000000e+00,1.100000000000000089e+00,2.000000000000000111e-01,5.000000000000000000e-01,-2.434563189744949341e-01,-3.520527854561805725e-02,3.213294744491577148e-01,5.596050024032592773e-01,-2.308274805545806885e-01,1.724208891391754150e-01,-1.139183491468429565e-01,-1.492048203945159912e-01,5.811756476759910583e-02,1.480015754699707031e+00,-6.234391033649444580e-02,2.164866775274276733e-01
1.552485887188502112e+00,-1.002673268416012231e-01,5.292945275132102667e-01,9.430636167526245117e-01,1.893027313053607941e-02,-6.278378516435623169e-02,3.260840475559234619e-01,0.000000000000000000e+00,0.000000000000000000e+00,0.000000000000000000e+00,-1.100000000000000089e+00,2.000000000000000111e-01,-5.000000000000000000e-01,0.000000000000000000e+00,1.100000000000000089e+00,2.000000000000000111e-01,5.000000000000000000e-01,-1.726607382297515869e-01,-5.956782028079032898e-02,2.771295607089996338e-01,5.122460722923278809e-01,-2.432833164930343628e-01,1.597692370414733887e-01,-1.945733875036239624e-01,-1.245607510209083557e-01,9.882038831710815430e-02,1.463823676109313965e+00,-1.154474392533302307e-01,2.338324338197708130e-01
1.569176480156002640e+00,-9.108304984039730656e-02,5.334753550574032888e-01,9.341556429862976074e-01,2.073988877236843109e-02,-6.197300925850868225e-02,3.508310317993164062e-01,0.000000000000000000e+00,0.000000000000000000e+00,0.000000000000000000e+00,-1.100000000000000089e+00,2.000000000000000111e-01,-5.000000000000000000e-01,0.000000000000000000e+00,1.100000000000000089e+00,2.000000000000000111e-01,5.000000000000000000e-01,-1.138298287987709045e-01,-8.253522962331771851e-02,2.309454828500747681e-01,4.615011513233184814e-01,-2.478126138448715210e-01,1.474753320217132568e-01,-2.684960067272186279e-01,-1.719933301210403442e-01,8.525673300027847290e-02,1.383301496505737305e+00,-1.603584587574005127e-01,2.325956672430038452e-01
1.585083188718617642e+00,-8.214964283630252218e-02,5.360456073923844933e-01,9.236891865730285645e-01,2.358055301010608673e-02,-5.621466413140296936e-02,3.782620728015899658e-01,0.000000000000000000e+00,0.000000000000000000e+00,0.000000000000000000e+00,-1.100000000000000089e+00,2.000000000000000111e-01,-5.000000000000000000e-01,0.000000000000000000e+00,1.100000000000000089e+00,2.000000000000000111e-01,5.000000000000000000e-01,-6.859776377677917480e-02,-1.038804054260253906e-01,1.838004887104034424e-01,4.202291369438171387e-01,-2.517530024051666260e-01,1.398527473211288452e-01,-3.186148107051849365e-01,-2.695676386356353760e-01,1.827113889157772064e-02,1.236286163330078125e+00,-2.001609504222869873e-01,2.157869189977645874e-01
1.600932268491296995e+00,-7.338749256944565591e-02,5.369045586936702641e-01,9.117916822433471680e-01,2.667593210935592651e-02,-4.712144285440444946e-02,4.070673882961273193e-01,0.000000000000000000e+00,0.000000000000000000e+00,0.000000000000000000e+00,-1.100000000000000089e+00,2.000000000000000111e-01,-5.000000000000000000e-01,0.000000000000000000e+00,1.100000000000000089e+00,2.000000000000000111e-01,5.000000000000000000e-01,-3.463239595293998718e-02,-1.230875700712203979e-01,1.316842436790466309e-01,3.939914405345916748e-01,-2.618593573570251465e-01,1.335570216178894043e-01,-3.382871747016906738e-01,-3.565611243247985840e-01,-7.199653983116149902e-02,1.022656917572021484e+00,-2.073166370391845703e-01,1.964204609394073486e-01
1.617847397839180079e+00,-6.471171282871504560e-02,5.364434453355844123e-01,8.985141515731811523e-01,2.764179930090904236e-02,-3.618805855512619019e-02,4.365760982036590576e-01,0.000000000000000000e+00,0.000000000000000000e+00,0.000000000000000000e+00,-1.100000000000000089e+00,2.000000000000000111e-01,-5.000000000000000000e-01,0.000000000000000000e+00,1.100000000000000089e+00,2.000000000000000111e-01,5.000000000000000000e-01,-1.680537313222885132e-02,-1.362047791481018066e-01,7.358089834451675415e-02,3.922305703163146973e-01,-2.851775288581848145e-01,1.251322627067565918e-01,-3.257843554019927979e-01,-3.882496356964111328e-01,-1.373950839042663574e-01,7.419813275337219238e-01,-1.717682778835296631e-01,2.022954821586608887e-01
1.635786725306751732e+00,-5.609593885790820078e-02,5.350371035685141941e-01,8.843540549278259277e-01,2.623822353780269623e-02,-2.524243108928203583e-02,4.653947949409484863e-01,0.000000000000000000e+00,0.000000000000000000e+00,0.000000000000000000e+00,-1.100000000000000089e+00,2.000000000000000111e-01,-5.000000000000000000e-01,0.000000000000000000e+00,1.100000000000000089e+00,2.000000000000000111e-01,5.000000000000000000e-01,-1.574458740651607513e-02,-1.411317139863967896e-01,1.351333037018775940e-02,4.174661040306091309e-01,-3.214149773120880127e-01,1.156202033162117004e-01,-2.932803034782409668e-01,-3.696408569812774658e-01,-1.444702297449111938e-01,4.340628981590270996e-01,-1.146133169531822205e-01,2.174844443798065186e-01
1.654391856286862916e+00,-4.722415687648033600e-02,5.321814060384275624e-01,8.681318759918212891e-01,2.760514244437217712e-02,-1.791795343160629272e-02,4.952413439750671387e-01,0.000000000000000000e+00,0.000000000000000000e+00,0.000000000000000000e+00,-1.100000000000000089e+00,2.000000000000000111e-01,-5.000000000000000000e-01,0.000000000000000000e+00,1.100000000000000089e+00,2.000000000000000111e-01,5.000000000000000000e-01,-1.198130846023559570e-02,-1.470078378915786743e-01,-5.067165568470954895e-02,4.549266993999481201e-01,-3.596078455448150635e-01,1.054201647639274597e-01,-2.554768323898315430e-01,-3.273016214370727539e-01,-6.784096360206604004e-02,1.750314682722091675e-01,-5.517848953604698181e-02,2.416640073060989380e-01
1.672786733526172132e+00,-3.845828544226183310e-02,5.288440846155086916e-01,8.513256311416625977e-01,3.155543282628059387e-02,-1.707618683576583862e-02,5.234093070030212402e-01,0.000000000000000000e+00,0.000000000000000000e+00,0.000000000000000000e+00,-1.100000000000000089e+00,2.000000000000000111e-01,-5.000000000000000000e-01,0.000000000000000000e+00,1.100000000000000089e+00,2.000000000000000111e-01,5.000000000000000000e-01,-1.656898995861411095e-03,-1.482564210891723633e-01,-1.134241893887519836e-01,5.043770670890808105e-01,-3.978919386863708496e-01,9.069214761257171631e-02,-2.457781285047531128e-01,-2.929176092147827148e-01,1.872500590980052948e-02,1.173234432935714722e-01,-5.627119913697242737e-02,2.622661888599395752e-01
1.689864618534391516e+00,-3.013021946847062663e-02,5.270070216187624501e-01,8.376745581626892090e-01,2.563150227069854736e-02,-2.356862463057041168e-02,5.450586080551147461e-01,0.000000000000000000e+00,0.000000000000000000e+00,0.000000000000000000e+00,-1.100000000000000089e+00,2.000000000000000111e-01,-5.000000000000000000e-01,0.000000000000000000e+00,1.100000000000000089e+00,2.000000000000000111e-01,5.000000000000000000e-01,-4.815876483917236328e-03,-1.202873960137367249e-01,-1.663355976343154907e-01,5.840655565261840820e-01,-4.342295229434967041e-01,6.980620324611663818e-02,-2.432193011045455933e-01,-2.418882399797439575e-01,4.861113429069519043e-02,1.933637857437133789e-01,-5.026818439364433289e-02,2.614946365356445312e-01
1.705726984483425079e+00,-2.184127505614676112e-02,5.259010304758946486e-01,8.233668804168701172e-01,1.746961288154125214e-02,-3.193646296858787537e-02,5.663408041000366211e-01,0.000000000000000000e+00,0.000000000000000000e+00,0.000000000000000000e+00,-1.100000000000000089e+00,2.000000000000000111e-01,-5.000000000000000000e-01,0.000000000000000000e+00,1.100000000000000089e+00,2.000000000000000111e-01,5.000000000000000000e-01,-2.854220010340213776e-02,-8.718185871839523315e-02,-2.076878696680068970e-01,7.018990516662597656e-01,-4.493626356124877930e-01,4.130080342292785645e-02,-2.486360371112823486e-01,-2.038297504186630249e-01,3.505367785692214966e-02,3.199211359024047852e-01,-2.643351256847381592e-02,2.613694071769714355e-01
1.720520975776393069e+00,-1.448993636861989169e-02,5.252977965501222091e-01,8.076367378234863281e-01,7.309672888368368149e-03,-4.173074662685394287e-02,5.881563425064086914e-01,0.000000000000000000e+00,0.000000000000000000e+00,0.000000000000000000e+00,-1.100000000000000089e+00,2.000000000000000111e-01,-5.000000000000000000e-01,0.000000000000000000e+00,1.100000000000000089e+00,2.000000000000000111e-01,5.000000000000000000e-01,-9.182887524366378784e-02,-4.944665729999542236e-02,-2.317297309637069702e-01,8.841791152954101562e-01,-4.255996048450469971e-01,4.868688061833381653e-03,-2.416701018810272217e-01,-1.767458319664001465e-01,-2.749793417751789093e-02,4.198693037033081055e-01,-8.781363070011138916e-02,2.381286621093750000e-01
1.734745986567001186e+00,-8.199318513495264249e-03,5.254413702933474761e-01,7.906883358955383301e-01,-1.552591798827052116e-03,-4.974158480763435364e-02,6.101928353309631348e-01,0.000000000000000000e+00,0.000000000000000000e+00,0.000000000000000000e+00,-1.100000000000000089e+00,2.000000000000000111e-01,-5.000000000000000000e-01,0.000000000000000000e+00,1.100000000000000089e+00,2.000000000000000111e-01,5.000000000000000000e-01,-1.829666644334793091e-01,-2.660541562363505363e-03,-2.256474494934082031e-01,1.081077456474304199e+00,-3.526876270771026611e-01,-3.615351393818855286e-02,-2.140675485134124756e-01,-1.553477346897125244e-01,-9.405807405710220337e-02,4.608577191829681396e-01,-1.357507258653640747e-01,2.139477282762527466e-01
1.748298716834097100e+00,-2.054665005104992608e-03,5.260686854137616164e-01,7.735572457313537598e-01,-6.940088234841823578e-03,-5.436196923255920410e-02,6.313521862030029297e-01,0.000000000000000000e+00,0.000000000000000000e+00,0.000000000000000000e+00,-1.100000000000000089e+00,2.000000000000000111e-01,-5.000000000000000000e-01,0.000000000000000000e+00,1.100000000000000089e+00,2.000000000000000111e-01,5.000000000000000000e-01,-2.884615361690521240e-01,7.092077285051345825e-02,-1.677589863538742065e-01,1.258946657180786133e+00,-2.927293181419372559e-01,-4.792574048042297363e-02,-1.778492182493209839e-01,-1.410100162029266357e-01,-1.526239216327667236e-01,4.744453430175781250e-01,-1.792948246002197266e-01,1.935481429100036621e-01
1.760742217452839098e+00,4.907336816123470009e-03,5.273518394144496302e-01,7.583054900169372559e-01,-9.137051180005073547e-03,-5.662868916988372803e-02,6.493707895278930664e-01,0.000000000000000000e+00,0.000000000000000000e+00,0.000000000000000000e+00,-1.100000000000000089e+00,2.000000000000000111e-01,-5.000000000000000000e-01,0.000000000000000000e+00,1.100000000000000089e+00,2.000000000000000111e-01,5.000000000000000000e-01,-3.870149850845336914e-01,1.845077127218246460e-01,-5.779860913753509521e-02,1.385137796401977539e+00,-3.241444528102874756e-01,1.299811340868473053e-02,-1.328977346420288086e-01,-1.301375329494476318e-01,-2.071114331483840942e-01,4.633211195468902588e-01,-2.079231590032577515e-01,1.741637736558914185e-01
1.771677238823789580e+00,1.293232940779434452e-02,5.299640262435482141e-01,7.455676198005676270e-01,-9.461961686611175537e-03,-5.717920884490013123e-02,6.639051437377929688e-01,0.000000000000000000e+00,0.000000000000000000e+00,0.000000000000000000e+00,-1.100000000000000089e+00,2.000000000000000111e-01,-5.000000000000000000e-01,0.000000000000000000e+00,1.100000000000000089e+00,2.000000000000000111e-01,5.000000000000000000e-01,-4.578789472579956055e-01,2.634623050689697266e-01,3.300666809082031250e-02,1.427061080932617188e+00,-3.615281283855438232e-01,7.134786993265151978e-02,-8.008343726396560669e-02,-1.156107932329177856e-01,-2.513480782508850098e-01,4.235115647315979004e-01,-2.180276364088058472e-01,1.541817486286163330e-01
1.781684719008026718e+00,2.163891387498946897e-02,5.332462515538991532e-01,7.337757349014282227e-01,-6.685256492346525192e-03,-5.284746363759040833e-02,6.773002743721008301e-01,0.000000000000000000e+00,0.000000000000000000e+00,0.000000000000000000e+00,-1.100000000000000089e+00,2.000000000000000111e-01,-5.000000000000000000e-01,0.000000000000000000e+00,1.100000000000000089e+00,2.000000000000000111e-01,5.000000000000000000e-01,-5.061188936233520508e-01,2.603517174720764160e-01,8.689615875482559204e-02,1.371827006340026855e+00,-3.538399338722229004e-01,7.710175216197967529e-02,-2.807201817631721497e-02,-1.085629016160964966e-01,-2.847887575626373291e-01,3.702923953533172607e-01,-2.218133062124252319e-01,1.431581526994705200e-01
1.791002480562287058e+00,3.088406206404959581e-02,5.362622551055568065e-01,7.229136228561401367e-01,-4.539339803159236908e-03,-4.612249508500099182e-02,6.893823742866516113e-01,0.000000000000000000e+00,0.000000000000000000e+00,0.000000000000000000e+00,-1.100000000000000089e+00,2.000000000000000111e-01,-5.000000000000000000e-01,0.000000000000000000e+00,1.100000000000000089e+00,2.000000000000000111e-01,5.000000000000000000e-01,-5.298472046852111816e-01,2.007178813219070435e-01,1.042111739516258240e-01,1.221850156784057617e+00,-3.155028223991394043e-01,2.419688366353511810e-02,2.306738309562206268e-02,-1.002464815974235535e-01,-3.163160979747772217e-01,3.046343922615051270e-01,-2.221687287092208862e-01,1.393025368452072144e-01
1.799603785056658412e+00,4.014044771144975599e-02,5.379625950437603166e-01,7.135527133941650391e-01,-6.088564172387123108e-03,-3.955046460032463074e-02,6.994577050209045410e-01,0.000000000000000000e+00,0.000000000000000000e+00,0.000000000000000000e+00,-1.100000000000000089e+00,2.000000000000000111e-01,-5.000000000000000000e-01,0.000000000000000000e+00,1.100000000000000089e+00,2.000000000000000111e-01,5.000000000000000000e-01,-5.331845879554748535e-01,1.345846801996231079e-01,9.255638718605041504e-02,1.008884549140930176e+00,-2.536757588386535645e-01,-4.614392668008804321e-02,6.775045394897460938e-02,-8.424674719572067261e-02,-3.472663164138793945e-01,2.366383373737335205e-01,-2.196388393640518188e-01,1.377257406711578369e-01
1.806977945087534065e+00,4.924448606830955644e-02,5.381557843518076645e-01,7.050863504409790039e-01,-1.237399224191904068e-02,-3.557797521352767944e-02,7.081202864646911621e-01,0.000000000000000000e+00,0.000000000000000000e+00,0.000000000000000000e+00,-1.100000000000000089e+00,2.000000000000000111e-01,-5.000000000000000000e-01,0.000000000000000000e+00,1.100000000000000089e+00,2.000000000000000111e-01,5.000000000000000000e-01,-5.197228193283081055e-01,9.587977081537246704e-02,6.781221181154251099e-02,7.563654184341430664e-01,-1.756257414817810059e-01,-9.502398967742919922e-02,1.061964631080627441e-01,-5.628041923046112061e-02,-3.771044015884399414e-01,1.716398447751998901e-01,-2.168822139501571655e-01,1.306668221950531006e-01
1.813286553774819287e+00,5.871807474953432554e-02,5.371192965189917068e-01,6.974400281906127930e-01,-2.000846900045871735e-02,-3.242593631148338318e-02,7.156295180320739746e-01,0.000000000000000000e+00,0.000000000000000000e+00,0.000000000000000000e+00,-1.100000000000000089e+00,2.000000000000000111e-01,-5.000000000000000000e-01,0.000000000000000000e+00,1.100000000000000089e+00,2.000000000000000111e-01,5.000000000000000000e-01,-4.888369143009185791e-01,8.283251523971557617e-02,5.792930349707603455e-02,4.917223155498504639e-01,-1.139240264892578125e-01,-1.060157567262649536e-01,1.333950161933898926e-01,-2.926043793559074402e-02,-4.029454886913299561e-01,1.300605535507202148e-01,-2.237856686115264893e-01,1.230604350566864014e-01
1.818889500420503014e+00,6.898734450707155741e-02,5.355364562029187869e-01,6.902240514755249023e-01,-2.695350907742977142e-02,-2.880477532744407654e-02,7.225196361541748047e-01,0.000000000000000000e+00,0.000000000000000000e+00,0.000000000000000000e+00,-1.100000000000000089e+00,2.000000000000000111e-01,-5.000000000000000000e-01,0.000000000000000000e+00,1.100000000000000089e+00,2.000000000000000111e-01,5.000000000000000000e-01,-4.518988430500030518e-01,8.046749979257583618e-02,7.446847110986709595e-02,2.628015577793121338e-01,-7.128801941871643066e-02,-1.004991531372070312e-01,1.504546403884887695e-01,-8.876073174178600311e-03,-4.257619678974151611e-01,1.133891716599464417e-01,-2.419941276311874390e-01,1.208597570657730103e-01
1.823579354596258417e+00,7.960311359199083447e-02,5.336032760241116168e-01,6.835404038429260254e-01,-3.257983177900314331e-02,-2.478960528969764709e-02,7.287637591361999512e-01,0.000000000000000000e+00,0.000000000000000000e+00,0.000000000000000000e+00,-1.100000000000000089e+00,2.000000000000000111e-01,-5.000000000000000000e-01,0.000000000000000000e+00,1.100000000000000089e+00,2.000000000000000111e-01,5.000000000000000000e-01,-4.296393692493438721e-01,8.596609532833099365e-02,1.102353334426879883e-01,1.331852376461029053e-01,-4.741491749882698059e-02,-8.580598980188369751e-02,1.642011106014251709e-01,5.376300774514675140e-03,-4.452267587184906006e-01,1.095941960811614990e-01,-2.636659145355224609e-01,1.264238655567169189e-01
1.827292342655586488e+00,9.041361338901097999e-02,5.317726069997356086e-01,6.760616898536682129e-01,-3.540182858705520630e-02,-1.832867600023746490e-02,7.357658743858337402e-01,0.000000000000000000e+00,0.000000000000000000e+00,0.000000000000000000e+00,-1.100000000000000089e+00,2.000000000000000111e-01,-5.000000000000000000e-01,0.000000000000000000e+00,1.100000000000000089e+00,2.000000000000000111e-01,5.000000000000000000e-01,-4.365300536155700684e-01,8.123672753572463989e-02,1.260003149509429932e-01,1.195742487907409668e-01,-2.648523636162281036e-02,-6.108969449996948242e-02,1.789583712816238403e-01,7.064049132168292999e-03,-4.678550064563751221e-01,1.106880977749824524e-01,-2.826015651226043701e-01,1.363070607185363770e-01
1.829878164728482526e+00,1.019220370678889653e-01,5.303369526060843775e-01,6.695278286933898926e-01,-3.487886115908622742e-02,-1.131775230169296265e-02,7.418813109397888184e-01,0.000000000000000000e+00,0.000000000000000000e+00,0.000000000000000000e+00,-1.100000000000000089e+00,2.000000000000000111e-01,-5.000000000000000000e-01,0.000000000000000000e+00,1.100000000000000089e+00,2.000000000000000111e-01,5.000000000000000000e-01,-4.478475153446197510e-01,6.483767926692962646e-02,1.083328053355216980e-01,1.471722424030303955e-01,3.005549497902393341e-02,-3.835344687104225159e-02,1.954991966485977173e-01,-1.109445351175963879e-03,-4.879738986492156982e-01,1.168355867266654968e-01,-2.976928353309631348e-01,1.475130617618560791e-01
1.831688406256714252e+00,1.138151578311667328e-01,5.295383703686070698e-01,6.651883125305175781e-01,-3.227110207080841064e-02,-5.924873519688844681e-03,7.459544539451599121e-01,0.000000000000000000e+00,0.000000000000000000e+00,0.000000000000000000e+00,-1.100000000000000089e+00,2.000000000000000111e-01,-5.000000000000000000e-01,0.000000000000000000e+00,1.100000000000000089e+00,2.000000000000000111e-01,5.000000000000000000e-01,-4.761343598365783691e-01,5.452191084623336792e-02,9.390582889318466187e-02,2.351947575807571411e-01,5.960910394787788391e-02,-2.012214623391628265e-02,2.077087014913558960e-01,-1.825520396232604980e-02,-5.021843910217285156e-01,1.472406834363937378e-01,-3.126740753650665283e-01,1.578096449375152588e-01
1.832474117510848544e+00,1.266996660864338209e-01,5.289529067037080923e-01,6.639140844345092773e-01,-2.745549939572811127e-02,-3.796984907239675522e-03,7.472950220108032227e-01,0.000000000000000000e+00,0.000000000000000000e+00,0.000000000000000000e+00,-1.100000000000000089e+00,2.000000000000000111e-01,-5.000000000000000000e-01,0.000000000000000000e+00,1.100000000000000089e+00,2.000000000000000111e-01,5.000000000000000000e-01,-4.889682531356811523e-01,5.255315080285072327e-02,9.367248415946960449e-02,3.184795081615447998e-01,5.520295351743698120e-02,-9.631162509322166443e-03,2.057376503944396973e-01,-4.361361265182495117e-02,-4.958389401435852051e-01,2.341946214437484741e-01,-3.407041430473327637e-01,1.709972918033599854e-01
1.832467640499876094e+00,1.400273721213593503e-01,5.290687455537945727e-01,6.651770472526550293e-01,-2.067938633263111115e-02,-4.861548077315092087e-03,7.463833689689636230e-01,0.000000000000000000e+00,0.000000000000000000e+00,0.000000000000000000e+00,-1.100000000000000089e+00,2.000000000000000111e-01,-5.000000000000000000e-01,0.000000000000000000e+00,1.100000000000000089e+00,2.000000000000000111e-01,5.000000000000000000e-01,-4.878907501697540283e-01,5.276938900351524353e-02,9.450324624776840210e-02,4.024521112442016602e-01,1.325862109661102295e-02,4.393351729959249496e-03,1.897070705890655518e-01,-7.654018700122833252e-02,-4.699063897132873535e-01,3.603991568088531494e-01,-3.585011959075927734e-01,1.831966340541839600e-01
1.831880723659438326e+00,1.535559277753863194e-01,5.302444891225207568e-01,6.679577231407165527e-01,-1.311774458736181259e-02,-7.135773077607154846e-03,7.440494298934936523e-01,0.000000000000000000e+00,0.000000000000000000e+00,0.000000000000000000e+00,-1.100000000000000089e+00,2.000000000000000111e-01,-5.000000000000000000e-01,0.000000000000000000e+00,1.100000000000000089e+00,2.000000000000000111e-01,5.000000000000000000e-01,-4.660174846649169922e-01,5.379407107830047607e-02,1.008254736661911011e-01,4.562386572360992432e-01,-2.961396612226963043e-02,1.340212952345609665e-02,1.618254631757736206e-01,-1.118917390704154968e-01,-4.230180382728576660e-01,5.062575340270996094e-01,-3.451893329620361328e-01,1.979740262031555176e-01
1.830964309645421562e+00,1.662472259629555471e-01,5.321784166487479872e-01,6.711043119430541992e-01,-6.682257167994976044e-03,-9.635904803872108459e-03,7.412702441215515137e-01,0.000000000000000000e+00,0.000000000000000000e+00,0.000000000000000000e+00,-1.100000000000000089e+00,2.000000000000000111e-01,-5.000000000000000000e-01,0.000000000000000000e+00,1.100000000000000089e+00,2.000000000000000111e-01,5.000000000000000000e-01,-4.304759204387664795e-01,5.538285523653030396e-02,1.095988899469375610e-01,4.798395335674285889e-01,-6.430095434188842773e-02,2.031539566814899445e-02,1.153596565127372742e-01,-1.421281099319458008e-01,-3.543859124183654785e-01,6.650331020355224609e-01,-2.965945005416870117e-01,2.171260565519332886e-01
1.829973326966618075e+00,1.776574149754161780e-01,5.341274987198788571e-01,6.741607785224914551e-01,-1.686007715761661530e-03,-1.085162069648504257e-02,7.385029792785644531e-01,0.000000000000000000e+00,0.000000000000000000e+00,0.000000000000000000e+00,-1.100000000000000089e+00,2.000000000000000111e-01,-5.000000000000000000e-01,0.000000000000000000e+00,1.100000000000000089e+00,2.000000000000000111e-01,5.000000000000000000e-01,-3.923491835594177246e-01,5.636470019817352295e-02,1.230529621243476868e-01,4.829220473766326904e-01,-9.055484831333160400e-02,2.530111744999885559e-02,5.981649830937385559e-02,-1.637708842754364014e-01,-2.810407876968383789e-01,8.159282803535461426e-01,-2.430691719055175781e-01,2.360198646783828735e-01
1.829208043208627954e+00,1.875958900812147723e-01,5.360282938438232225e-01,6.768037676811218262e-01,2.129684435203671455e-03,-1.140277180820703506e-02,7.360721230506896973e-01,0.000000000000000000e+00,0.000000000000000000e+00,0.000000000000000000e+00,-1.100000000000000089e+00,2.000000000000000111e-01,-5.000000000000000000e-01,0.000000000000000000e+00,1.100000000000000089e+00,2.000000000000000111e-01,5.000000000000000000e-01,-3.561565577983856201e-01,5.578956007957458496e-02,1.330212056636810303e-01,4.774562418460845947e-01,-1.112300753593444824e-01,2.764358185231685638e-02,6.532099563628435135e-03,-1.873867213726043701e-01,-2.298218309879302979e-01,9.435100555419921875e-01,-2.291691750288009644e-01,2.429365515708923340e-01
1.828870408252032176e+00,1.966754346453782332e-01,5.379330748206738733e-01,6.781539320945739746e-01,5.450147204101085663e-03,-1.148658152669668198e-02,7.348098754882812500e-01,0.000000000000000000e+00,0.000000000000000000e+00,0.000000000000000000e+00,-1.100000000000000089e+00,2.000000000000000111e-01,-5.000000000000000000e-01,0.000000000000000000e+00,1.100000000000000089e+00,2.000000000000000111e-01,5.000000000000000000e-01,-3.211282789707183838e-01,5.318535119295120239e-02,1.387741118669509888e-01,4.631105363368988037e-01,-1.249898150563240051e-01,2.951960265636444092e-02,-3.353553265333175659e-02,-2.293008416891098022e-01,-2.201074361801147461e-01,1.023118972778320312e+00,-2.695226371288299561e-01,2.345927357673645020e-01
1.829248566046507651e+00,2.053742472183975321e-01,5.399302777617869253e-01,6.788073182106018066e-01,8.855248801410198212e-03,-1.155504584312438965e-02,7.341721057891845703e-01,0.000000000000000000e+00,0.000000000000000000e+00,0.000000000000000000e+00,-1.100000000000000089e+00,2.000000000000000111e-01,-5.000000000000000000e-01,0.000000000000000000e+00,1.100000000000000089e+00,2.000000000000000111e-01,5.000000000000000000e-01,-2.842447459697723389e-01,4.935861006379127502e-02,1.403393447399139404e-01,4.401549994945526123e-01,-1.336078494787216187e-01,3.198439255356788635e-02,-5.945993587374687195e-02,-2.792026102542877197e-01,-2.367283552885055542e-01,1.039397478103637695e+00,-3.142045736312866211e-01,2.230015695095062256e-01
1.830124789377053585e+00,2.139231128354716904e-01,5.416281680612250460e-01,6.795017123222351074e-01,1.226619072258472443e-02,-1.057863235473632812e-02,7.334951162338256836e-01,0.000000000000000000e+00,0.000000000000000000e+00,0.000000000000000000e+00,-1.100000000000000089e+00,2.000000000000000111e-01,-5.000000000000000000e-01,0.000000000000000000e+00,1.100000000000000089e+00,2.000000000000000111e-01,5.000000000000000000e-01,-2.480390965938568115e-01,4.398624971508979797e-02,1.420496702194213867e-01,4.130394160747528076e-01,-1.391742825508117676e-01,3.411301970481872559e-02,-7.725185155868530273e-02,-3.276673257350921631e-01,-2.681802511215209961e-01,9.967490434646606445e-01,-3.451207280158996582e-01,2.096675634384155273e-01
1.831269725624359079e+00,2.221409243051752913e-01,5.426619571394691866e-01,6.804965734481811523e-01,1.541738305240869522e-02,-7.626737467944622040e-03,7.325493097305297852e-01,0.000000000000000000e+00,0.000000000000000000e+00,0.000000000000000000e+00,-1.100000000000000089e+00,2.000000000000000111e-01,-5.000000000000000000e-01,0.000000000000000000e+00,1.100000000000000089e+00,2.000000000000000111e-01,5.000000000000000000e-01,-2.154736369848251343e-01,3.693726658821105957e-02,1.455095261335372925e-01,3.849973976612091064e-01,-1.423113346099853516e-01,3.342573717236518860e-02,-9.300772100687026978e-02,-3.586614727973937988e-01,-2.932583093643188477e-01,8.970122933387756348e-01,-3.513352274894714355e-01,2.045174241065979004e-01
1.832776045868493187e+00,2.297080660475925851e-01,5.430989062643111209e-01,6.816917061805725098e-01,1.833740435540676117e-02,-2.604674315080046654e-03,7.314051389694213867e-01,0.000000000000000000e+00,0.000000000000000000e+00,0.000000000000000000e+00,-1.100000000000000089e+00,2.000000000000000111e-01,-5.000000000000000000e-01,0.000000000000000000e+00,1.100000000000000089e+00,2.000000000000000111e-01,5.000000000000000000e-01,-1.869151145219802856e-01,2.819061465561389923e-02,1.500319242477416992e-01,3.563375174999237061e-01,-1.433347761631011963e-01,2.821889519691467285e-02,-1.086105853319168091e-01,-3.673785626888275146e-01,-2.975707054138183594e-01,7.512914538383483887e-01,-3.340130448341369629e-01,2.094272971153259277e-01
1.834888713985982633e+00,2.369914856459004737e-01,5.431106562265242133e-01,6.823021173477172852e-01,2.103872783482074738e-02,4.026475362479686737e-03,7.307564616203308105e-01,0.000000000000000000e+00,0.000000000000000000e+00,0.000000000000000000e+00,-1.100000000000000089e+00,2.000000000000000111e-01,-5.000000000000000000e-01,0.000000000000000000e+00,1.100000000000000089e+00,2.000000000000000111e-01,5.000000000000000000e-01,-1.625043749809265137e-01,1.793362759053707123e-02,1.539150476455688477e-01,3.260099589824676514e-01,-1.419108659029006958e-01,1.973766647279262543e-02,-1.204358264803886414e-01,-3.551057875156402588e-01,-2.724220454692840576e-01,5.706258416175842285e-01,-2.982443273067474365e-01,2.234045267105102539e-01
1.837420727044644986e+00,2.442106748853969944e-01,5.427978082926887549e-01,6.820639967918395996e-01,2.453280612826347351e-02,1.103040948510169983e-02,7.307976484298706055e-01,0.000000000000000000e+00,0.000000000000000000e+00,0.000000000000000000e+00,-1.100000000000000089e+00,2.000000000000000111e-01,-5.000000000000000000e-01,0.000000000000000000e+00,1.100000000000000089e+00,2.000000000000000111e-01,5.000000000000000000e-01,-1.378370672464370728e-01,6.072916090488433838e-03,1.564567983150482178e-01,2.943671345710754395e-01,-1.404429227113723755e-01,1.094811875373125076e-02,-1.240088418126106262e-01,-3.270429968833923340e-01,-2.045478969812393188e-01,3.806181252002716064e-01,-2.326857149600982666e-01,2.497883886098861694e-01
1.840103206050516471e+00,2.512419685277372805e-01,5.425916234433951768e-01,6.808649301528930664e-01,2.945178560912609100e-02,1.595906913280487061e-02,7.316425442695617676e-01,0.000000000000000000e+00,0.000000000000000000e+00,0.000000000000000000e+00,-1.100000000000000089e+00,2.000000000000000111e-01,-5.000000000000000000e-01,0.000000000000000000e+00,1.100000000000000089e+00,2.000000000000000111e-01,5.000000000000000000e-01,-1.092073246836662292e-01,-6.159117445349693298e-03,1.525899767875671387e-01,2.600278258323669434e-01,-1.337700486183166504e-01,3.561908844858407974e-03,-1.200241744518280029e-01,-3.007233738899230957e-01,-1.171921715140342712e-01,2.362880557775497437e-01,-1.337940245866775513e-01,2.671358287334442139e-01
1.842645681973057448e+00,2.582010185861527418e-01,5.426440623206923997e-01,6.816573143005371094e-01,3.347531706094741821e-02,1.571480557322502136e-02,7.307364344596862793e-01,0.000000000000000000e+00,0.000000000000000000e+00,0.000000000000000000e+00,-1.100000000000000089e+00,2.000000000000000111e-01,-5.000000000000000000e-01,0.000000000000000000e+00,1.100000000000000089e+00,2.000000000000000111e-01,5.000000000000000000e-01,-7.289401441812515259e-02,-8.507440797984600067e-03,1.458122879266738892e-01,2.327194064855575562e-01,-1.353835314512252808e-01,-7.567817810922861099e-03,-1.722162514925003052e-01,-2.947460114955902100e-01,-6.558383256196975708e-02,3.042321801185607910e-01,-9.879407286643981934e-02,2.231365293264389038e-01
1.846112211461019115e+00,2.656420869707609711e-01,5.422947604404856348e-01,6.810052394866943359e-01,4.261554777622222900e-02,1.413902454078197479e-02,7.309007644653320312e-01,0.000000000000000000e+00,0.000000000000000000e+00,0.000000000000000000e+00,-1.100000000000000089e+00,2.000000000000000111e-01,-5.000000000000000000e-01,0.000000000000000000e+00,1.100000000000000089e+00,2.000000000000000111e-01,5.000000000000000000e-01,-3.053070046007633209e-02,-1.397006213665008545e-02,1.446788460016250610e-01,2.132557481527328491e-01,-1.424104720354080200e-01,-1.955782808363437653e-02,-1.784304231405258179e-01,-3.037967383861541748e-01,-6.151540949940681458e-02,3.790802359580993652e-01,-1.460907906293869019e-01,2.002747952938079834e-01
1.849774712050201941e+00,2.726338957577492117e-01,5.423745605372117806e-01,6.792225241661071777e-01,4.580866917967796326e-02,9.279459714889526367e-03,7.324426174163818359e-01,0.000000000000000000e+00,0.000000000000000000e+00,0.000000000000000000e+00,-1.100000000000000089e+00,2.000000000000000111e-01,-5.000000000000000000e-01,0.000000000000000000e+00,1.100000000000000089e+00,2.000000000000000111e-01,5.000000000000000000e-01,-4.023012705147266388e-03,-3.152178134769201279e-03,1.362332850694656372e-01,2.093058526515960693e-01,-1.518971920013427734e-01,-3.423256799578666687e-02,-1.515392214059829712e-01,-2.950986921787261963e-01,-7.196680456399917603e-02,3.863962292671203613e-01,-1.689925342798233032e-01,1.913974583148956299e-01
1.853415456525605132e+00,2.788057606268410926e-01,5.427670840098701710e-01,6.765505671501159668e-01,4.504820331931114197e-02,2.672229660674929619e-03,7.350121140480041504e-01,0.000000000000000000e+00,0.000000000000000000e+00,0.000000000000000000e+00,-1.100000000000000089e+00,2.000000000000000111e-01,-5.000000000000000000e-01,0.000000000000000000e+00,1.100000000000000089e+00,2.000000000000000111e-01,5.000000000000000000e-01,1.107718795537948608e-02,1.808704622089862823e-02,1.246974542737007141e-01,2.175997644662857056e-01,-1.640878468751907349e-01,-4.915050417184829712e-02,-1.145585477352142334e-01,-2.755003869533538818e-01,-8.859147131443023682e-02,3.661606013774871826e-01,-1.778594702482223511e-01,1.859856247901916504e-01
1.856903077818528480e+00,2.842283474285193234e-01,5.434032012221187147e-01,6.726486682891845703e-01,4.077595472335815430e-02,-5.683233030140399933e-03,7.388158440589904785e-01,0.000000000000000000e+00,0.000000000000000000e+00,0.000000000000000000e+00,-1.100000000000000089e+00,2.000000000000000111e-01,-5.000000000000000000e-01,0.000000000000000000e+00,1.100000000000000089e+00,2.000000000000000111e-01,5.000000000000000000e-01,1.481906417757272720e-02,4.824383929371833801e-02,1.080866828560829163e-01,2.392489314079284668e-01,-1.816796362400054932e-01,-6.445316970348358154e-02,-7.098181545734405518e-02,-2.462702542543411255e-01,-1.135442852973937988e-01,3.263193666934967041e-01,-1.733688265085220337e-01,1.809446662664413452e-01
1.860360971291859844e+00,2.889630009301684122e-01,5.441074516074826395e-01,6.678200364112854004e-01,3.433900326490402222e-02,-1.453589648008346558e-02,7.433881163597106934e-01,0.000000000000000000e+00,0.000000000000000000e+00,0.000000000000000000e+00,-1.100000000000000089e+00,2.000000000000000111e-01,-5.000000000000000000e-01,0.000000000000000000e+00,1.100000000000000089e+00,2.000000000000000111e-01,5.000000000000000000e-01,1.042512431740760803e-02,8.189858496189117432e-02,8.755339682102203369e-02,2.676238119602203369e-01,-2.013453990221023560e-01,-8.015871047973632812e-02,-2.481638081371784210e-02,-2.113082408905029297e-01,-1.429838985204696655e-01,2.726171314716339111e-01,-1.584181487560272217e-01,1.755684167146682739e-01
1.863581374362863752e+00,2.930690106937680617e-01,5.446067212032850158e-01,6.624972224235534668e-01,2.906838618218898773e-02,-2.029085345566272736e-02,7.482250332832336426e-01,0.000000000000000000e+00,0.000000000000000000e+00,0.000000000000000000e+00,-1.100000000000000089e+00,2.000000000000000111e-01,-5.000000000000000000e-01,0.000000000000000000e+00,1.100000000000000089e+00,2.000000000000000111e-01,5.000000000000000000e-01,5.211249459534883499e-03,1.066661179065704346e-01,6.955387443304061890e-02,2.869603633880615234e-01,-2.134691923856735229e-01,-9.335854649543762207e-02,1.360981632024049759e-02,-1.839916259050369263e-01,-1.697913110256195068e-01,2.238708287477493286e-01,-1.449837088584899902e-01,1.713783293962478638e-01
1.866554986708091946e+00,2.967313244460959565e-01,5.449194860985182576e-01,6.573679447174072266e-01,2.524178661406040192e-02,-2.280408516526222229e-02,7.528015971183776855e-01,0.000000000000000000e+00,0.000000000000000000e+00,0.000000000000000000e+00,-1.100000000000000089e+00,2.000000000000000111e-01,-5.000000000000000000e-01,0.000000000000000000e+00,1.100000000000000089e+00,2.000000000000000111e-01,5.000000000000000000e-01,1.186201232485473156e-03,1.222758069634437561e-01,5.595339089632034302e-02,2.954261302947998047e-01,-2.178235501050949097e-01,-1.042869240045547485e-01,4.013145714998245239e-02,-1.658986210823059082e-01,-1.911702752113342285e-01,1.889090836048126221e-01,-1.376133710145950317e-01,1.675024330615997314e-01
1.869358702073193657e+00,3.001483836867893662e-01,5.450595307011495416e-01,6.527618169784545898e-01,2.173745445907115936e-02,-2.408094331622123718e-02,7.568683028221130371e-01,0.000000000000000000e+00,0.000000000000000000e+00,0.000000000000000000e+00,-1.100000000000000089e+00,2.000000000000000111e-01,-5.000000000000000000e-01,0.000000000000000000e+00,1.100000000000000089e+00,2.000000000000000111e-01,5.000000000000000000e-01,-3.275236813351511955e-03,1.340606659650802612e-01,4.393147677183151245e-02,2.991596758365631104e-01,-2.202115356922149658e-01,-1.140760630369186401e-01,5.883054807782173157e-02,-1.520646661520004272e-01,-2.099637985229492188e-01,1.629522889852523804e-01,-1.333510875701904297e-01,1.630248129367828369e-01
1.872083198611784516e+00,3.029695371583555619e-01,5.450755571513765663e-01,6.485068798065185547e-01,1.822610758244991302e-02,-2.488798275589942932e-02,7.605835199356079102e-01,0.000000000000000000e+00,0.000000000000000000e+00,0.000000000000000000e+00,-1.100000000000000089e+00,2.000000000000000111e-01,-5.000000000000000000e-01,0.000000000000000000e+00,1.100000000000000089e+00,2.000000000000000111e-01,5.000000000000000000e-01,-9.593090973794460297e-03,1.440575569868087769e-01,3.190363198518753052e-02,3.032337725162506104e-01,-2.227556705474853516e-01,-1.224477663636207581e-01,7.176276296377182007e-02,-1.403427422046661377e-01,-2.268926799297332764e-01,1.447946876287460327e-01,-1.314155757427215576e-01,1.580155044794082642e-01
1.874478696208409678e+00,3.050868346779183615e-01,5.449791908535089879e-01,6.445696353912353516e-01,1.485708169639110565e-02,-2.542466856539249420e-02,7.639783024787902832e-01,0.000000000000000000e+00,0.000000000000000000e+00,0.000000000000000000e+00,-1.100000000000000089e+00,2.000000000000000111e-01,-5.000000000000000000e-01,0.000000000000000000e+00,1.100000000000000089e+00,2.000000000000000111e-01,5.000000000000000000e-01,-1.622450165450572968e-02,1.525071859359741211e-01,2.051620557904243469e-02,3.067438304424285889e-01,-2.258316129446029663e-01,-1.301284283399581909e-01,8.033517748117446899e-02,-1.305040270090103149e-01,-2.419902384281158447e-01,1.328213214874267578e-01,-1.318588107824325562e-01,1.529742032289505005e-01
1.876195270193345532e+00,3.069388861423640313e-01,5.449264613411041180e-01,6.407173871994018555e-01,1.205305662006139755e-02,-2.533957548439502716e-02,7.672638893127441406e-01,0.000000000000000000e+00,0.000000000000000000e+00,0.000000000000000000e+00,-1.100000000000000089e+00,2.000000000000000111e-01,-5.000000000000000000e-01,0.000000000000000000e+00,1.100000000000000089e+00,2.000000000000000111e-01,5.000000000000000000e-01,-2.216302230954170227e-02,1.577445864677429199e-01,1.020214240998029709e-02,3.078171908855438232e-01,-2.272733896970748901e-01,-1.358653604984283447e-01,8.567658811807632446e-02,-1.240121796727180481e-01,-2.551545500755310059e-01,1.257033944129943848e-01,-1.339347511529922485e-01,1.486843377351760864e-01
1.876898441076880752e+00,3.086882603751739951e-01,5.450351173520990855e-01,6.369915008544921875e-01,9.949438273906707764e-03,-2.423472143709659576e-02,7.704256176948547363e-01,0.000000000000000000e+00,0.000000000000000000e+00,0.000000000000000000e+00,-1.100000000000000089e+00,2.000000000000000111e-01,-5.000000000000000000e-01,0.000000000000000000e+00,1.100000000000000089e+00,2.000000000000000111e-01,5.000000000000000000e-01,-2.530105039477348328e-02,1.588964611291885376e-01,1.653671381063759327e-03,3.017904758453369141e-01,-2.248587161302566528e-01,-1.400251239538192749e-01,8.907147496938705444e-02,-1.216465383768081665e-01,-2.669075429439544678e-01,1.209398880600929260e-01,-1.358999758958816528e-01,1.459719985723495483e-01
1.876655802281215868e+00,3.101558846306770589e-01,5.453677284732610930e-01,6.336142420768737793e-01,8.556100539863109589e-03,-2.163219079375267029e-02,7.732993364334106445e-01,0.000000000000000000e+00,0.000000000000000000e+00,0.000000000000000000e+00,-1.100000000000000089e+00,2.000000000000000111e-01,-5.000000000000000000e-01,0.000000000000000000e+00,1.100000000000000089e+00,2.000000000000000111e-01,5.000000000000000000e-01,-2.457775548100471497e-02,1.554412841796875000e-01,-3.194119315594434738e-03,2.861273586750030518e-01,-2.171383053064346313e-01,-1.423000693321228027e-01,8.986300230026245117e-02,-1.241163313388824463e-01,-2.772136032581329346e-01,1.182105913758277893e-01,-1.369886845350265503e-01,1.447848528623580933e-01
1.875953461783702814e+00,3.112939909529505167e-01,5.458320803368332808e-01,6.307176351547241211e-01,7.533156313002109528e-03,-1.772169210016727448e-02,7.757734656333923340e-01,0.000000000000000000e+00,0.000000000000000000e+00,0.000000000000000000e+00,-1.100000000000000089e+00,2.000000000000000111e-01,-5.000000000000000000e-01,0.000000000000000000e+00,1.100000000000000089e+00,2.000000000000000111e-01,5.000000000000000000e-01,-2.192382141947746277e-02,1.489697843790054321e-01,-3.748331451788544655e-03,2.637915313243865967e-01,-2.048850357532501221e-01,-1.432279646396636963e-01,8.716802299022674561e-02,-1.304188817739486694e-01,-2.852461934089660645e-01,1.175993680953979492e-01,-1.373767703771591187e-01,1.450014710426330566e-01
1.875319046862799599e+00,3.122276977558779976e-01,5.462248944445993182e-01,6.284872293472290039e-01,6.271352525800466537e-03,-1.368843205273151398e-02,7.776740789413452148e-01,0.000000000000000000e+00,0.000000000000000000e+00,0.000000000000000000e+00,-1.100000000000000089e+00,2.000000000000000111e-01,-5.000000000000000000e-01,0.000000000000000000e+00,1.100000000000000089e+00,2.000000000000000111e-01,5.000000000000000000e-01,-1.928948983550071716e-02,1.428362429141998291e-01,-2.141717122867703438e-03,2.409237623214721680e-01,-1.927667707204818726e-01,-1.448554098606109619e-01,8.243099600076675415e-02,-1.369822174310684204e-01,-2.907404005527496338e-01,1.180729269981384277e-01,-1.379913091659545898e-01,1.462685763835906982e-01
1.874966631035009934e+00,3.128377616066824185e-01,5.463710839037942968e-01,6.267914772033691406e-01,4.403041675686836243e-03,-1.102440990507602692e-02,7.790965437889099121e-01,0.000000000000000000e+00,0.000000000000000000e+00,0.000000000000000000e+00,-1.100000000000000089e+00,2.000000000000000111e-01,-5.000000000000000000e-01,0.000000000000000000e+00,1.100000000000000089e+00,2.000000000000000111e-01,5.000000000000000000e-01,-1.913793198764324188e-02,1.405936181545257568e-01,-2.055599761661142111e-04,2.262814044952392578e-01,-1.860551685094833374e-01,-1.480097174644470215e-01,7.823849469423294067e-02,-1.400346755981445312e-01,-2.952370047569274902e-01,1.182424202561378479e-01,-1.388650536537170410e-01,1.469723433256149292e-01
1.874750232437644382e+00,3.128722433862511365e-01,5.463233782268233085e-01,6.250663995742797852e-01,2.346191089600324631e-03,-9.662372991442680359e-03,7.805082201957702637e-01,0.000000000000000000e+00,0.000000000000000000e+00,0.000000000000000000e+00,-1.100000000000000089e+00,2.000000000000000111e-01,-5.000000000000000000e-01,0.000000000000000000e+00,1.100000000000000089e+00,2.000000000000000111e-01,5.000000000000000000e-01,-2.143182419240474701e-02,1.410578042268753052e-01,4.438817850314080715e-04,2.204668223857879639e-01,-1.840543001890182495e-01,-1.507600396871566772e-01,7.561063021421432495e-02,-1.403925120830535889e-01,-2.998167872428894043e-01,1.185527518391609192e-01,-1.403170675039291382e-01,1.464710831642150879e-01
1.874667027758227356e+00,3.127642516840738462e-01,5.462340286908426989e-01,6.230977177619934082e-01,8.032844634726643562e-04,-8.919534273445606232e-03,7.820927500724792480e-01,0.000000000000000000e+00,0.000000000000000000e+00,0.000000000000000000e+00,-1.100000000000000089e+00,2.000000000000000111e-01,-5.000000000000000000e-01,0.000000000000000000e+00,1.100000000000000089e+00,2.000000000000000111e-01,5.000000000000000000e-01,-2.334789931774139404e-02,1.413825303316116333e-01,-8.441213285550475121e-04,2.174655795097351074e-01,-1.832606196403503418e-01,-1.519508808851242065e-01,7.493589073419570923e-02,-1.404255479574203491e-01,-3.047974109649658203e-01,1.191289573907852173e-01,-1.428261101245880127e-01,1.455998718738555908e-01
1.874600264722048548e+00,3.129947668438156638e-01,5.462186250301322987e-01,6.207566261291503906e-01,1.908510239445604384e-05,-8.372641168534755707e-03,7.839586138725280762e-01,0.000000000000000000e+00,0.000000000000000000e+00,0.000000000000000000e+00,-1.100000000000000089e+00,2.000000000000000111e-01,-5.000000000000000000e-01,0.000000000000000000e+00,1.100000000000000089e+00,2.000000000000000111e-01,5.000000000000000000e-01,-2.379937097430229187e-02,1.401485204696655273e-01,-4.869993310421705246e-03,2.137247473001480103e-01,-1.820224821567535400e-01,-1.518890261650085449e-01,7.634823769330978394e-02,-1.414204239845275879e-01,-3.109660148620605469e-01,1.194007024168968201e-01,-1.457458585500717163e-01,1.453736424446105957e-01
1.874319428169366031e+00,3.135109970741199459e-01,5.463142439805799278e-01,6.183069944381713867e-01,-1.525651896372437477e-04,-7.868384011089801788e-03,7.858972549438476562e-01,0.000000000000000000e+00,0.000000000000000000e+00,0.000000000000000000e+00,-1.100000000000000089e+00,2.000000000000000111e-01,-5.000000000000000000e-01,0.000000000000000000e+00,1.100000000000000089e+00,2.000000000000000111e-01,5.000000000000000000e-01,-2.246700227260589600e-02,1.376201659440994263e-01,-1.022799592465162277e-02,2.084439843893051147e-01,-1.799854487180709839e-01,-1.513079702854156494e-01,7.905890047550201416e-02,-1.432096809148788452e-01,-3.172040879726409912e-01,1.191089972853660583e-01,-1.487582027912139893e-01,1.464348584413528442e-01
1.873749451203779781e+00,3.134720519696823082e-01,5.464358124942189088e-01,6.163206696510314941e-01,-1.583176926942542195e-04,-7.404091767966747284e-03,7.874605059623718262e-01,0.000000000000000000e+00,0.000000000000000000e+00,0.000000000000000000e+00,-1.100000000000000089e+00,2.000000000000000111e-01,-5.000000000000000000e-01,0.000000000000000000e+00,1.100000000000000089e+00,2.000000000000000111e-01,5.000000000000000000e-01,-2.028895169496536255e-02,1.348643749952316284e-01,-1.502019073814153671e-02,2.037759721279144287e-01,-1.787574589252471924e-01,-1.505902558565139771e-01,8.178249746561050415e-02,-1.450176388025283813e-01,-3.219131529331207275e-01,1.188813298940658569e-01,-1.518588215112686157e-01,1.481834948062896729e-01
1.873041131926907354e+00,3.133317582512443744e-01,5.465269473601471750e-01,6.151122450828552246e-01,-1.401090412400662899e-04,-6.936271674931049347e-03,7.884090542793273926e-01,0.000000000000000000e+00,0.000000000000000000e+00,0.000000000000000000e+00,-1.100000000000000089e+00,2.000000000000000111e-01,-5.000000000000000000e-01,0.000000000000000000e+00,1.100000000000000089e+00,2.000000000000000111e-01,5.000000000000000000e-01,-1.729811728000640869e-02,1.323947459459304810e-01,-1.771331019699573517e-02,1.993625760078430176e-01,-1.774010360240936279e-01,-1.489298194646835327e-01,8.371596783399581909e-02,-1.467451900243759155e-01,-3.247683048248291016e-01,1.188910081982612610e-01,-1.546575427055358887e-01,1.500905603170394897e-01
