3.805036609376206969e-02,-1.763594269069297281e-03,5.478959632755229237e-01,9.991760849952697754e-01,8.295113220810890198e-03,-3.972500562667846680e-02,-5.573948728851974010e-04,0.000000000000000000e+00,0.000000000000000000e+00,0.000000000000000000e+00,-1.100000000000000089e+00,2.000000000000000111e-01,-5.000000000000000000e-01,0.000000000000000000e+00,1.100000000000000089e+00,2.000000000000000111e-01,5.000000000000000000e-01,2.292997539043426514e-01,1.249167621135711670e-01,8.111537694931030273e-01,1.022800058126449585e-01,-1.716869473457336426e-01,-6.002118811011314392e-02,1.376399993896484375e-01,-9.142109751701354980e-02,-3.639875352382659912e-01,1.450107991695404053e-01,-1.778427660465240479e-01,5.941931903362274170e-02
3.789618416910407739e-02,-2.226150585053314479e-03,5.479320850674853638e-01,9.991853237152099609e-01,8.406829088926315308e-03,-3.947140276432037354e-02,-1.890959392767399549e-04,0.000000000000000000e+00,0.000000000000000000e+00,0.000000000000000000e+00,-1.100000000000000089e+00,2.000000000000000111e-01,-5.000000000000000000e-01,0.000000000000000000e+00,1.100000000000000089e+00,2.000000000000000111e-01,5.000000000000000000e-01,2.283803671598434448e-01,1.255663782358169556e-01,8.110483884811401367e-01,1.026012971997261047e-01,-1.733845621347427368e-01,-6.078213453292846680e-02,1.380052864551544189e-01,-9.099044650793075562e-02,-3.647923767566680908e-01,1.451570242643356323e-01,-1.779584288597106934e-01,5.990794673562049866e-02
3.763068121331132609e-02,-2.676942180010203221e-03,5.479095816062857782e-01,9.991891384124755859e-01,8.552751503884792328e-03,-3.933492302894592285e-02,7.925943937152624130e-04,0.000000000000000000e+00,0.000000000000000000e+00,0.000000000000000000e+00,-1.100000000000000089e+00,2.000000000000000111e-01,-5.000000000000000000e-01,0.000000000000000000e+00,1.100000000000000089e+00,2.000000000000000111e-01,5.000000000000000000e-01,2.270141839981079102e-01,1.266314834356307983e-01,8.103227615356445312e-01,1.034819334745407104e-01,-1.738085448741912842e-01,-6.047839298844337463e-02,1.385221630334854126e-01,-9.077773988246917725e-02,-3.664825558662414551e-01,1.459017395973205566e-01,-1.786703169345855713e-01,5.960699543356895447e-02
3.733283991186945455e-02,-3.100577070532987631e-03,5.478841302747076147e-01,9.991912841796875000e-01,8.715610019862651825e-03,-3.919662162661552429e-02,2.130579203367233276e-03,0.000000000000000000e+00,0.000000000000000000e+00,0.000000000000000000e+00,-1.100000000000000089e+00,2.000000000000000111e-01,-5.000000000000000000e-01,0.000000000000000000e+00,1.100000000000000089e+00,2.000000000000000111e-01,5.000000000000000000e-01,2.254534363746643066e-01,1.275119334459304810e-01,8.076226711273193359e-01,1.043689474463462830e-01,-1.735220104455947876e-01,-6.006204336881637573e-02,1.389603614807128906e-01,-9.071331471204757690e-02,-3.687029778957366943e-01,1.465793550014495850e-01,-1.791085600852966309e-01,5.907373502850532532e-02
3.704953036581476455e-02,-3.522651581384119140e-03,5.478787742848648668e-01,9.991952180862426758e-01,8.871898055076599121e-03,-3.896500915288925171e-02,3.473379649221897125e-03,0.000000000000000000e+00,0.000000000000000000e+00,0.000000000000000000e+00,-1.100000000000000089e+00,2.000000000000000111e-01,-5.000000000000000000e-01,0.000000000000000000e+00,1.100000000000000089e+00,2.000000000000000111e-01,5.000000000000000000e-01,2.236810773611068726e-01,1.282914727926254272e-01,8.044791817665100098e-01,1.051357463002204895e-01,-1.728015840053558350e-01,-5.988516286015510559e-02,1.391148716211318970e-01,-9.056676924228668213e-02,-3.704023659229278564e-01,1.470805704593658447e-01,-1.793971657752990723e-01,5.841706693172454834e-02
3.682885009052250941e-02,-3.914545452765499749e-03,5.479122388415564870e-01,9.991976618766784668e-01,9.009783156216144562e-03,-3.873427957296371460e-02,4.743573721498250961e-03,0.000000000000000000e+00,0.000000000000000000e+00,0.000000000000000000e+00,-1.100000000000000089e+00,2.000000000000000111e-01,-5.000000000000000000e-01,0.000000000000000000e+00,1.100000000000000089e+00,2.000000000000000111e-01,5.000000000000000000e-01,2.220753431320190430e-01,1.289131939411163330e-01,8.014362454414367676e-01,1.054661348462104797e-01,-1.714908480644226074e-01,-5.999562516808509827e-02,1.393245011568069458e-01,-9.031303972005844116e-02,-3.720891475677490234e-01,1.472058594226837158e-01,-1.795043647289276123e-01,5.753225088119506836e-02
3.669973544390740111e-02,-4.262388967520867877e-03,5.479894647416141407e-01,9.992018342018127441e-01,9.083106182515621185e-03,-3.847525641322135925e-02,5.735041573643684387e-03,0.000000000000000000e+00,0.000000000000000000e+00,0.000000000000000000e+00,-1.100000000000000089e+00,2.000000000000000111e-01,-5.000000000000000000e-01,0.000000000000000000e+00,1.100000000000000089e+00,2.000000000000000111e-01,5.000000000000000000e-01,2.204857319593429565e-01,1.295977830886840820e-01,7.989780902862548828e-01,1.057204976677894592e-01,-1.700365692377090454e-01,-6.017562747001647949e-02,1.392529010772705078e-01,-8.977526426315307617e-02,-3.733388185501098633e-01,1.467696130275726318e-01,-1.790796965360641479e-01,5.636263638734817505e-02
3.662469190211421061e-02,-4.648229130179235696e-03,5.480733337298486774e-01,9.992092847824096680e-01,9.121169336140155792e-03,-3.816818073391914368e-02,6.387099623680114746e-03,0.000000000000000000e+00,0.000000000000000000e+00,0.000000000000000000e+00,-1.100000000000000089e+00,2.000000000000000111e-01,-5.000000000000000000e-01,0.000000000000000000e+00,1.100000000000000089e+00,2.000000000000000111e-01,5.000000000000000000e-01,2.191924750804901123e-01,1.301973611116409302e-01,7.968011498451232910e-01,1.055524200201034546e-01,-1.686499714851379395e-01,-6.030332669615745544e-02,1.389421969652175903e-01,-8.895011246204376221e-02,-3.735989928245544434e-01,1.458218395709991455e-01,-1.783376932144165039e-01,5.523870885372161865e-02
3.663094315188701600e-02,-4.895924198231894724e-03,5.481380623202732894e-01,9.992193579673767090e-01,9.169215336441993713e-03,-3.782387077808380127e-02,6.778041366487741470e-03,0.000000000000000000e+00,0.000000000000000000e+00,0.000000000000000000e+00,-1.100000000000000089e+00,2.000000000000000111e-01,-5.000000000000000000e-01,0.000000000000000000e+00,1.100000000000000089e+00,2.000000000000000111e-01,5.000000000000000000e-01,2.183178514242172241e-01,1.307081133127212524e-01,7.952070236206054688e-01,1.049499437212944031e-01,-1.672713011503219604e-01,-6.047669798135757446e-02,1.384652405977249146e-01,-8.818897604942321777e-02,-3.734341263771057129e-01,1.449902504682540894e-01,-1.778097301721572876e-01,5.408915504813194275e-02
3.666633835608008180e-02,-5.332653400525826613e-03,5.481983068261784275e-01,9.992300271987915039e-01,9.204801172018051147e-03,-3.753434866666793823e-02,6.765693426132202148e-03,0.000000000000000000e+00,0.000000000000000000e+00,0.000000000000000000e+00,-1.100000000000000089e+00,2.000000000000000111e-01,-5.000000000000000000e-01,0.000000000000000000e+00,1.100000000000000089e+00,2.000000000000000111e-01,5.000000000000000000e-01,2.183477282524108887e-01,1.311443746089935303e-01,7.943472862243652344e-01,1.038770377635955811e-01,-1.660913825035095215e-01,-6.098598986864089966e-02,1.380137652158737183e-01,-8.732797950506210327e-02,-3.725668787956237793e-01,1.442254781723022461e-01,-1.773758828639984131e-01,5.296761915087699890e-02
3.669607655549741998e-02,-5.754670497968397344e-03,5.482573887916526445e-01,9.992445111274719238e-01,9.225722402334213257e-03,-3.721769899129867554e-02,6.336569786071777344e-03,0.000000000000000000e+00,0.000000000000000000e+00,0.000000000000000000e+00,-1.100000000000000089e+00,2.000000000000000111e-01,-5.000000000000000000e-01,0.000000000000000000e+00,1.100000000000000089e+00,2.000000000000000111e-01,5.000000000000000000e-01,2.187988013029098511e-01,1.315078288316726685e-01,7.939806580543518066e-01,1.025664731860160828e-01,-1.649848520755767822e-01,-6.162343919277191162e-02,1.374111771583557129e-01,-8.635268360376358032e-02,-3.712562620639801025e-01,1.436737030744552612e-01,-1.771506667137145996e-01,5.196654796600341797e-02
3.673659160850813871e-02,-6.229016187064575182e-03,5.483336182284836990e-01,9.992593526840209961e-01,9.273559786379337311e-03,-3.691533580422401428e-02,5.653543863445520401e-03,0.000000000000000000e+00,0.000000000000000000e+00,0.000000000000000000e+00,-1.100000000000000089e+00,2.000000000000000111e-01,-5.000000000000000000e-01,0.000000000000000000e+00,1.100000000000000089e+00,2.000000000000000111e-01,5.000000000000000000e-01,2.194698750972747803e-01,1.320279538631439209e-01,7.941341400146484375e-01,1.017110049724578857e-01,-1.643995791673660278e-01,-6.228828802704811096e-02,1.369695216417312622e-01,-8.515449613332748413e-02,-3.696053922176361084e-01,1.430896371603012085e-01,-1.771401166915893555e-01,5.070010945200920105e-02
3.683840731464589624e-02,-6.813984864045667840e-03,5.484234659960776082e-01,9.992733597755432129e-01,9.323024190962314606e-03,-3.663084283471107483e-02,4.905906505882740021e-03,0.000000000000000000e+00,0.000000000000000000e+00,0.000000000000000000e+00,-1.100000000000000089e+00,2.000000000000000111e-01,-5.000000000000000000e-01,0.000000000000000000e+00,1.100000000000000089e+00,2.000000000000000111e-01,5.000000000000000000e-01,2.199984788894653320e-01,1.329617351293563843e-01,7.946125268936157227e-01,1.016762852668762207e-01,-1.636432856321334839e-01,-6.309521943330764771e-02,1.367258876562118530e-01,-8.356215059757232666e-02,-3.675983548164367676e-01,1.422284245491027832e-01,-1.770614683628082275e-01,4.928551241755485535e-02
3.697962483753346880e-02,-7.535196532650540076e-03,5.485301705999205968e-01,9.992871284484863281e-01,9.386247023940086365e-03,-3.634103760123252869e-02,4.054294433444738388e-03,0.000000000000000000e+00,0.000000000000000000e+00,0.000000000000000000e+00,-1.100000000000000089e+00,2.000000000000000111e-01,-5.000000000000000000e-01,0.000000000000000000e+00,1.100000000000000089e+00,2.000000000000000111e-01,5.000000000000000000e-01,2.198982536792755127e-01,1.346133649349212646e-01,7.948547601699829102e-01,1.031812950968742371e-01,-1.630553156137466431e-01,-6.410504877567291260e-02,1.363809555768966675e-01,-8.161835372447967529e-02,-3.653057515621185303e-01,1.415002942085266113e-01,-1.771201044321060181e-01,4.752646014094352722e-02
3.716563130648938701e-02,-8.412093254361263650e-03,5.486568459875956760e-01,9.992970228195190430e-01,9.502612054347991943e-03,-3.613775968551635742e-02,3.043636912479996681e-03,0.000000000000000000e+00,0.000000000000000000e+00,0.000000000000000000e+00,-1.100000000000000089e+00,2.000000000000000111e-01,-5.000000000000000000e-01,0.000000000000000000e+00,1.100000000000000089e+00,2.000000000000000111e-01,5.000000000000000000e-01,2.190471291542053223e-01,1.373480111360549927e-01,7.955814003944396973e-01,1.068847551941871643e-01,-1.629617363214492798e-01,-6.504626572132110596e-02,1.361955404281616211e-01,-7.941850274801254272e-02,-3.629457950592041016e-01,1.407397091388702393e-01,-1.776363104581832886e-01,4.560260847210884094e-02
3.738207142315616571e-02,-9.427267413449971767e-03,5.488289850099821177e-01,9.992992281913757324e-01,9.599984623491764069e-03,-3.613512963056564331e-02,1.739278202876448631e-03,0.000000000000000000e+00,0.000000000000000000e+00,0.000000000000000000e+00,-1.100000000000000089e+00,2.000000000000000111e-01,-5.000000000000000000e-01,0.000000000000000000e+00,1.100000000000000089e+00,2.000000000000000111e-01,5.000000000000000000e-01,2.171532958745956421e-01,1.419965177774429321e-01,7.970269918441772461e-01,1.140711605548858643e-01,-1.641895622014999390e-01,-6.614148616790771484e-02,1.361032277345657349e-01,-7.635512202978134155e-02,-3.597284853458404541e-01,1.395819187164306641e-01,-1.783227920532226562e-01,4.273340851068496704e-02
3.747891778794277401e-02,-1.057645549668431890e-02,5.490719144407546493e-01,9.992957711219787598e-01,9.612303227186203003e-03,-3.626921400427818298e-02,4.245018062647432089e-04,0.000000000000000000e+00,0.000000000000000000e+00,0.000000000000000000e+00,-1.100000000000000089e+00,2.000000000000000111e-01,-5.000000000000000000e-01,0.000000000000000000e+00,1.100000000000000089e+00,2.000000000000000111e-01,5.000000000000000000e-01,2.130223363637924194e-01,1.498035043478012085e-01,7.982027530670166016e-01,1.275478005409240723e-01,-1.677214652299880981e-01,-6.716817617416381836e-02,1.354253441095352173e-01,-7.235156744718551636e-02,-3.561001121997833252e-01,1.379119306802749634e-01,-1.786224395036697388e-01,3.844263404607772827e-02
3.722888855668104319e-02,-1.193945760079048041e-02,5.493480177931111541e-01,9.992988109588623047e-01,9.489470161497592926e-03,-3.621778637170791626e-02,3.471683594398200512e-04,0.000000000000000000e+00,0.000000000000000000e+00,0.000000000000000000e+00,-1.100000000000000089e+00,2.000000000000000111e-01,-5.000000000000000000e-01,0.000000000000000000e+00,1.100000000000000089e+00,2.000000000000000111e-01,5.000000000000000000e-01,2.035073190927505493e-01,1.638658642768859863e-01,7.975485324859619141e-01,1.548784524202346802e-01,-1.760882884263992310e-01,-6.667464971542358398e-02,1.334832161664962769e-01,-6.813425570726394653e-02,-3.552652895450592041e-01,1.370831727981567383e-01,-1.788946837186813354e-01,3.246505558490753174e-02
3.634987564809206290e-02,-1.360533003168500413e-02,5.495212778366274087e-01,9.993293881416320801e-01,8.979540318250656128e-03,-3.523802757263183594e-02,4.292962141335010529e-03,0.000000000000000000e+00,0.000000000000000000e+00,0.000000000000000000e+00,-1.100000000000000089e+00,2.000000000000000111e-01,-5.000000000000000000e-01,0.000000000000000000e+00,1.100000000000000089e+00,2.000000000000000111e-01,5.000000000000000000e-01,1.825219541788101196e-01,1.871702373027801514e-01,7.890176773071289062e-01,2.031460851430892944e-01,-1.911873370409011841e-01,-6.234771385788917542e-02,1.296592652797698975e-01,-6.392619758844375610e-02,-3.630511462688446045e-01,1.380936652421951294e-01,-1.794972270727157593e-01,2.548302896320819855e-02
3.474916127289297274e-02,-1.561421546614681806e-02,5.495322804514205517e-01,9.993150830268859863e-01,7.797108963131904602e-03,-3.254616260528564453e-02,1.579016260802745819e-02,0.000000000000000000e+00,0.000000000000000000e+00,0.000000000000000000e+00,-1.100000000000000089e+00,2.000000000000000111e-01,-5.000000000000000000e-01,0.000000000000000000e+00,1.100000000000000089e+00,2.000000000000000111e-01,5.000000000000000000e-01,1.472090929746627808e-01,2.146241366863250732e-01,7.627928853034973145e-01,2.603307664394378662e-01,-2.061688899993896484e-01,-5.613949149847030640e-02,1.248493939638137817e-01,-5.908264219760894775e-02,-3.854545950889587402e-01,1.389754861593246460e-01,-1.795881390571594238e-01,1.835501566529273987e-02
3.257352394536325996e-02,-1.805374817402958035e-02,5.493873365712587109e-01,9.988735914230346680e-01,6.421875208616256714e-03,-2.817004919052124023e-02,3.763978928327560425e-02,0.000000000000000000e+00,0.000000000000000000e+00,0.000000000000000000e+00,-1.100000000000000089e+00,2.000000000000000111e-01,-5.000000000000000000e-01,0.000000000000000000e+00,1.100000000000000089e+00,2.000000000000000111e-01,5.000000000000000000e-01,9.841667860746383667e-02,2.370202094316482544e-01,7.132697105407714844e-01,3.112020790576934814e-01,-2.151383161544799805e-01,-5.109367147088050842e-02,1.212820708751678467e-01,-5.470842868089675903e-02,-4.264211356639862061e-01,1.371283978223800659e-01,-1.793604493141174316e-01,1.138578820973634720e-02
3.031456516538229284e-02,-2.070000029220763274e-02,5.492340057922734387e-01,9.972898960113525391e-01,6.390944588929414749e-03,-2.309590205550193787e-02,6.955941021442413330e-02,0.000000000000000000e+00,0.000000000000000000e+00,0.000000000000000000e+00,-1.100000000000000089e+00,2.000000000000000111e-01,-5.000000000000000000e-01,0.000000000000000000e+00,1.100000000000000089e+00,2.000000000000000111e-01,5.000000000000000000e-01,4.362209886312484741e-02,2.431191205978393555e-01,6.459688544273376465e-01,3.422923982143402100e-01,-2.128987312316894531e-01,-4.830166697502136230e-02,1.204603463411331177e-01,-5.510272085666656494e-02,-4.836175739765167236e-01,1.346117556095123291e-01,-1.813021004199981689e-01,6.489180959761142731e-03
2.832816762238214020e-02,-2.364680673865921304e-02,5.491889988698742675e-01,9.938171505928039551e-01,7.820991799235343933e-03,-1.755386218428611755e-02,1.093532368540763855e-01,0.000000000000000000e+00,0.000000000000000000e+00,0.000000000000000000e+00,-1.100000000000000089e+00,2.000000000000000111e-01,-5.000000000000000000e-01,0.000000000000000000e+00,1.100000000000000089e+00,2.000000000000000111e-01,5.000000000000000000e-01,-1.031538844108581543e-02,2.312301695346832275e-01,5.703327059745788574e-01,3.513077199459075928e-01,-1.993154287338256836e-01,-4.949630796909332275e-02,1.232985481619834900e-01,-6.008643656969070435e-02,-5.529569387435913086e-01,1.301774531602859497e-01,-1.845880448818206787e-01,3.542470512911677361e-03
2.649819923621235529e-02,-2.585440873812808876e-02,5.492318467886159183e-01,9.880075454711914062e-01,9.041358716785907745e-03,-1.095215883105993271e-02,1.537512391805648804e-01,0.000000000000000000e+00,0.000000000000000000e+00,0.000000000000000000e+00,-1.100000000000000089e+00,2.000000000000000111e-01,-5.000000000000000000e-01,0.000000000000000000e+00,1.100000000000000089e+00,2.000000000000000111e-01,5.000000000000000000e-01,-6.398379802703857422e-02,2.054288089275360107e-01,4.830239713191986084e-01,3.437612056732177734e-01,-1.773662865161895752e-01,-6.109350174665451050e-02,1.293980330228805542e-01,-6.384407728910446167e-02,-6.320602297782897949e-01,1.181747466325759888e-01,-1.834134757518768311e-01,2.811775542795658112e-03
2.478604446188781979e-02,-2.749012647911605253e-02,5.493743410300124808e-01,9.803010225296020508e-01,9.557430632412433624e-03,-4.191004671156406403e-03,1.972333192825317383e-01,0.000000000000000000e+00,0.000000000000000000e+00,0.000000000000000000e+00,-1.100000000000000089e+00,2.000000000000000111e-01,-5.000000000000000000e-01,0.000000000000000000e+00,1.100000000000000089e+00,2.000000000000000111e-01,5.000000000000000000e-01,-1.086145117878913879e-01,1.710510998964309692e-01,3.881657421588897705e-01,3.221727907657623291e-01,-1.523268967866897583e-01,-9.287228435277938843e-02,1.371009647846221924e-01,-6.419907510280609131e-02,-7.111983895301818848e-01,1.011116355657577515e-01,-1.792314797639846802e-01,3.778372891247272491e-03
2.306575449950278023e-02,-2.875272842575654977e-02,5.496194294644425327e-01,9.714311957359313965e-01,8.866776712238788605e-03,8.413481991738080978e-04,2.371539175510406494e-01,0.000000000000000000e+00,0.000000000000000000e+00,0.000000000000000000e+00,-1.100000000000000089e+00,2.000000000000000111e-01,-5.000000000000000000e-01,0.000000000000000000e+00,1.100000000000000089e+00,2.000000000000000111e-01,5.000000000000000000e-01,-1.388558447360992432e-01,1.382507979869842529e-01,2.995737791061401367e-01,2.952231764793395996e-01,-1.376934498548507690e-01,-1.559299528598785400e-01,1.481198370456695557e-01,-6.122734397649765015e-02,-7.884937524795532227e-01,8.659595251083374023e-02,-1.773207038640975952e-01,3.487606067210435867e-03
2.166737665337594917e-02,-2.937712422031156512e-02,5.496743179805050339e-01,9.627868533134460449e-01,9.406697005033493042e-03,4.150380846112966537e-03,2.700663506984710693e-01,0.000000000000000000e+00,0.000000000000000000e+00,0.000000000000000000e+00,-1.100000000000000089e+00,2.000000000000000111e-01,-5.000000000000000000e-01,0.000000000000000000e+00,1.100000000000000089e+00,2.000000000000000111e-01,5.000000000000000000e-01,-1.580617725849151611e-01,1.256551593542098999e-01,2.711437046527862549e-01,3.114569485187530518e-01,-1.550928652286529541e-01,-1.935588717460632324e-01,1.570333838462829590e-01,-6.370784342288970947e-02,-8.509455323219299316e-01,7.957055419683456421e-02,-1.821535080671310425e-01,4.102109000086784363e-03
2.084642848738403262e-02,-2.974325439224791146e-02,5.495393387326086287e-01,9.542906284332275391e-01,9.973160922527313232e-03,5.509790033102035522e-03,2.986633181571960449e-01,0.000000000000000000e+00,0.000000000000000000e+00,0.000000000000000000e+00,-1.100000000000000089e+00,2.000000000000000111e-01,-5.000000000000000000e-01,0.000000000000000000e+00,1.100000000000000089e+00,2.000000000000000111e-01,5.000000000000000000e-01,-1.735953837633132935e-01,1.487957239151000977e-01,3.124549090862274170e-01,3.961721360683441162e-01,-2.054435759782791138e-01,-2.012008279561996460e-01,1.697518378496170044e-01,-6.578478962182998657e-02,-9.062856435775756836e-01,7.608243077993392944e-02,-1.904093325138092041e-01,6.628596689552068710e-03
2.063469691895832708e-02,-2.994698441286354831e-02,5.492774349812304946e-01,9.461120367050170898e-01,9.946957230567932129e-03,5.526666995137929916e-03,3.236393332481384277e-01,0.000000000000000000e+00,0.000000000000000000e+00,0.000000000000000000e+00,-1.100000000000000089e+00,2.000000000000000111e-01,-5.000000000000000000e-01,0.000000000000000000e+00,1.100000000000000089e+00,2.000000000000000111e-01,5.000000000000000000e-01,-1.771072447299957275e-01,2.055186778306961060e-01,3.962154686450958252e-01,5.152211785316467285e-01,-2.619478702545166016e-01,-1.860950440168380737e-01,1.839509606361389160e-01,-6.568645685911178589e-02,-9.550819993019104004e-01,7.428300380706787109e-02,-1.976686269044876099e-01,1.152910385280847549e-02
2.076766248075103197e-02,-2.993379424989336263e-02,5.490908057227580352e-01,9.384543895721435547e-01,1.004822738468647003e-02,5.584561266005039215e-03,3.452118635177612305e-01,0.000000000000000000e+00,0.000000000000000000e+00,0.000000000000000000e+00,-1.100000000000000089e+00,2.000000000000000111e-01,-5.000000000000000000e-01,0.000000000000000000e+00,1.100000000000000089e+00,2.000000000000000111e-01,5.000000000000000000e-01,-1.619649976491928101e-01,2.772370874881744385e-01,5.019931197166442871e-01,6.218060255050659180e-01,-3.138743937015533447e-01,-1.505268514156341553e-01,1.949397325515747070e-01,-6.585051119327545166e-02,-9.955649375915527344e-01,7.445129007101058960e-02,-2.027128785848617554e-01,1.758755557239055634e-02
2.111366227904165269e-02,-2.949743418013582932e-02,5.492800506972002061e-01,9.305288195610046387e-01,1.145148836076259613e-02,6.852044723927974701e-03,3.659754693508148193e-01,0.000000000000000000e+00,0.000000000000000000e+00,0.000000000000000000e+00,-1.100000000000000089e+00,2.000000000000000111e-01,-5.000000000000000000e-01,0.000000000000000000e+00,1.100000000000000089e+00,2.000000000000000111e-01,5.000000000000000000e-01,-1.310064345598220825e-01,3.425692319869995117e-01,6.185287833213806152e-01,6.959771513938903809e-01,-3.564487099647521973e-01,-1.001939326524734497e-01,2.018619924783706665e-01,-7.020612061023712158e-02,-1.000000000000000000e+00,7.566219568252563477e-02,-2.048170566558837891e-01,2.532825991511344910e-02
2.149604336492660916e-02,-2.837153193743128035e-02,5.496179762889038534e-01,9.220960140228271484e-01,1.353009790182113647e-02,8.449519984424114227e-03,3.866323232650756836e-01,0.000000000000000000e+00,0.000000000000000000e+00,0.000000000000000000e+00,-1.100000000000000089e+00,2.000000000000000111e-01,-5.000000000000000000e-01,0.000000000000000000e+00,1.100000000000000089e+00,2.000000000000000111e-01,5.000000000000000000e-01,-9.020231664180755615e-02,3.830616176128387451e-01,7.201625704765319824e-01,7.255413532257080078e-01,-3.737328350543975830e-01,-6.103610247373580933e-02,2.074929624795913696e-01,-7.825449109077453613e-02,-1.000000000000000000e+00,8.002208918333053589e-02,-2.051147222518920898e-01,3.282877057790756226e-02
2.158357253904934214e-02,-2.659028385615333848e-02,5.495483899402497929e-01,9.133165478706359863e-01,1.431712601333856583e-02,1.026778668165206909e-02,4.068693220615386963e-01,0.000000000000000000e+00,0.000000000000000000e+00,0.000000000000000000e+00,-1.100000000000000089e+00,2.000000000000000111e-01,-5.000000000000000000e-01,0.000000000000000000e+00,1.100000000000000089e+00,2.000000000000000111e-01,5.000000000000000000e-01,-4.804610460996627808e-02,3.931550681591033936e-01,7.963478565216064453e-01,7.039674520492553711e-01,-3.558894991874694824e-01,-5.117735639214515686e-02,2.095409780740737915e-01,-9.020129591226577759e-02,-1.000000000000000000e+00,9.609912335872650146e-02,-2.097478359937667847e-01,3.834348917007446289e-02
2.120110711708401638e-02,-2.425935915257367709e-02,5.490724957109701654e-01,9.044288992881774902e-01,1.268858741968870163e-02,1.286345440894365311e-02,4.262415766716003418e-01,0.000000000000000000e+00,0.000000000000000000e+00,0.000000000000000000e+00,-1.100000000000000089e+00,2.000000000000000111e-01,-5.000000000000000000e-01,0.000000000000000000e+00,1.100000000000000089e+00,2.000000000000000111e-01,5.000000000000000000e-01,-9.929771535098552704e-03,3.704976737499237061e-01,8.524998426437377930e-01,6.258046627044677734e-01,-3.005602657794952393e-01,-7.924395799636840820e-02,2.061813175678253174e-01,-1.087918281555175781e-01,-1.000000000000000000e+00,1.324391067028045654e-01,-2.234447896480560303e-01,4.642357677221298218e-02
1.979002176986235928e-02,-2.144196058280126160e-02,5.478636197399611163e-01,8.970387578010559082e-01,6.827746983617544174e-03,1.385079510509967804e-02,4.416820406913757324e-01,0.000000000000000000e+00,0.000000000000000000e+00,0.000000000000000000e+00,-1.100000000000000089e+00,2.000000000000000111e-01,-5.000000000000000000e-01,0.000000000000000000e+00,1.100000000000000089e+00,2.000000000000000111e-01,5.000000000000000000e-01,2.531189471483230591e-02,3.421338796615600586e-01,9.021859765052795410e-01,5.269996523857116699e-01,-2.502233684062957764e-01,-1.333314031362533569e-01,2.019613981246948242e-01,-1.221341267228126526e-01,-1.000000000000000000e+00,1.693357527256011963e-01,-2.359144091606140137e-01,5.070500820875167847e-02
1.725713421092039263e-02,-1.826911008634576200e-02,5.478190695298741364e-01,8.897551298141479492e-01,3.390716854482889175e-03,1.676028408110141754e-02,4.561176896095275879e-01,0.000000000000000000e+00,0.000000000000000000e+00,0.000000000000000000e+00,-1.100000000000000089e+00,2.000000000000000111e-01,-5.000000000000000000e-01,0.000000000000000000e+00,1.100000000000000089e+00,2.000000000000000111e-01,5.000000000000000000e-01,2.427552454173564911e-02,3.145741820335388184e-01,8.940550684928894043e-01,4.778752624988555908e-01,-2.400596588850021362e-01,-1.241778805851936340e-01,1.952126324176788330e-01,-1.463061720132827759e-01,-1.000000000000000000e+00,2.089582532644271851e-01,-2.456783056259155273e-01,6.032307446002960205e-02
1.382842880626669949e-02,-1.487690274232076650e-02,5.482882376323745532e-01,8.833938241004943848e-01,4.631781950592994690e-03,1.983126625418663025e-02,4.681886136531829834e-01,0.000000000000000000e+00,0.000000000000000000e+00,0.000000000000000000e+00,-1.100000000000000089e+00,2.000000000000000111e-01,-5.000000000000000000e-01,0.000000000000000000e+00,1.100000000000000089e+00,2.000000000000000111e-01,5.000000000000000000e-01,2.141113579273223877e-02,2.793091237545013428e-01,8.759126067161560059e-01,4.371733367443084717e-01,-2.296985983848571777e-01,-1.002543643116950989e-01,1.929630935192108154e-01,-1.867334097623825073e-01,-1.000000000000000000e+00,2.601351439952850342e-01,-2.581955492496490479e-01,6.857123225927352905e-02
9.607688238928940513e-03,-1.068594578613592944e-02,5.486372903967746684e-01,8.786868453025817871e-01,8.971077390015125275e-03,2.262603305280208588e-02,4.767777919769287109e-01,0.000000000000000000e+00,0.000000000000000000e+00,0.000000000000000000e+00,-1.100000000000000089e+00,2.000000000000000111e-01,-5.000000000000000000e-01,0.000000000000000000e+00,1.100000000000000089e+00,2.000000000000000111e-01,5.000000000000000000e-01,3.132009878754615784e-02,2.311089485883712769e-01,8.649330735206604004e-01,3.822079896926879883e-01,-2.191257327795028687e-01,-8.329673856496810913e-02,1.896169930696487427e-01,-2.407618165016174316e-01,-1.000000000000000000e+00,3.227562904357910156e-01,-2.744687795639038086e-01,7.831437140703201294e-02
4.984596126243670024e-03,-5.705322862386402391e-03,5.485507641732693118e-01,8.753041625022888184e-01,1.473606843501329422e-02,2.370220981538295746e-02,4.827666878700256348e-01,0.000000000000000000e+00,0.000000000000000000e+00,0.000000000000000000e+00,-1.100000000000000089e+00,2.000000000000000111e-01,-5.000000000000000000e-01,0.000000000000000000e+00,1.100000000000000089e+00,2.000000000000000111e-01,5.000000000000000000e-01,5.179850757122039795e-02,1.799477040767669678e-01,8.579281568527221680e-01,3.243308067321777344e-01,-2.124780267477035522e-01,-6.752281635999679565e-02,1.911092847585678101e-01,-2.989723980426788330e-01,-1.000000000000000000e+00,3.889773488044738770e-01,-2.901009619235992432e-01,8.860658854246139526e-02
1.852437139828595444e-04,-2.555603806559711530e-04,5.480627878273677256e-01,8.722491860389709473e-01,2.065062336623668671e-02,2.281429432332515717e-02,4.880926907062530518e-01,0.000000000000000000e+00,0.000000000000000000e+00,0.000000000000000000e+00,-1.100000000000000089e+00,2.000000000000000111e-01,-5.000000000000000000e-01,0.000000000000000000e+00,1.100000000000000089e+00,2.000000000000000111e-01,5.000000000000000000e-01,7.507653534412384033e-02,1.327186971902847290e-01,8.482453823089599609e-01,2.741085290908813477e-01,-2.095040977001190186e-01,-5.113234370946884155e-02,1.999477148056030273e-01,-3.540592491626739502e-01,-1.000000000000000000e+00,4.509870409965515137e-01,-3.006182312965393066e-01,9.784983843564987183e-02
-4.543449983925022806e-03,5.101797652767143219e-03,5.471550513472821509e-01,8.687531948089599609e-01,2.579094655811786652e-02,2.062439545989036560e-02,4.941430091857910156e-01,0.000000000000000000e+00,0.000000000000000000e+00,0.000000000000000000e+00,-1.100000000000000089e+00,2.000000000000000111e-01,-5.000000000000000000e-01,0.000000000000000000e+00,1.100000000000000089e+00,2.000000000000000111e-01,5.000000000000000000e-01,9.694006294012069702e-02,9.339017421007156372e-02,8.347901105880737305e-01,2.347053289413452148e-01,-2.107707262039184570e-01,-3.638073056936264038e-02,2.150212824344635010e-01,-4.013227224349975586e-01,-1.000000000000000000e+00,5.048694610595703125e-01,-3.065373301506042480e-01,1.053086444735527039e-01
-9.307293500469037209e-03,1.021597519339382046e-02,5.459018742819927716e-01,8.640637993812561035e-01,3.083027340471744537e-02,1.806867867708206177e-02,5.021122694015502930e-01,0.000000000000000000e+00,0.000000000000000000e+00,0.000000000000000000e+00,-1.100000000000000089e+00,2.000000000000000111e-01,-5.000000000000000000e-01,0.000000000000000000e+00,1.100000000000000089e+00,2.000000000000000111e-01,5.000000000000000000e-01,1.158712729811668396e-01,5.859832838177680969e-02,8.166193366050720215e-01,2.043153047561645508e-01,-2.144778817892074585e-01,-2.186081930994987488e-02,2.350752204656600952e-01,-4.459617435932159424e-01,-1.000000000000000000e+00,5.574502944946289062e-01,-3.105767965316772461e-01,1.106378212571144104e-01
-1.423191337441705694e-02,1.504073401205147618e-02,5.443882881601651569e-01,8.576070666313171387e-01,3.640878200531005859e-02,1.588186807930469513e-02,5.127692222595214844e-01,0.000000000000000000e+00,0.000000000000000000e+00,0.000000000000000000e+00,-1.100000000000000089e+00,2.000000000000000111e-01,-5.000000000000000000e-01,0.000000000000000000e+00,1.100000000000000089e+00,2.000000000000000111e-01,5.000000000000000000e-01,1.318133324384689331e-01,2.441813051700592041e-02,7.925001382827758789e-01,1.792755424976348877e-01,-2.185084670782089233e-01,-7.362117525190114975e-03,2.579989135265350342e-01,-4.933471381664276123e-01,-1.000000000000000000e+00,6.156280040740966797e-01,-3.136355876922607422e-01,1.120301559567451477e-01
-1.895806060925201222e-02,1.936156723453108172e-02,5.427376468253858333e-01,8.495206832885742188e-01,4.289579018950462341e-02,1.416141539812088013e-02,5.256177783012390137e-01,0.000000000000000000e+00,0.000000000000000000e+00,0.000000000000000000e+00,-1.100000000000000089e+00,2.000000000000000111e-01,-5.000000000000000000e-01,0.000000000000000000e+00,1.100000000000000089e+00,2.000000000000000111e-01,5.000000000000000000e-01,1.449162662029266357e-01,-8.578673005104064941e-03,7.643924355506896973e-01,1.606806218624114990e-01,-2.208115160465240479e-01,9.083624929189682007e-03,2.835762500762939453e-01,-5.433393120765686035e-01,-1.000000000000000000e+00,6.801024675369262695e-01,-3.193891942501068115e-01,1.064177379012107849e-01
-2.339931537467760531e-02,2.327789996346138826e-02,5.411516095231277967e-01,8.399495482444763184e-01,4.969334974884986877e-02,1.211964897811412811e-02,5.402484536170959473e-01,0.000000000000000000e+00,0.000000000000000000e+00,0.000000000000000000e+00,-1.100000000000000089e+00,2.000000000000000111e-01,-5.000000000000000000e-01,0.000000000000000000e+00,1.100000000000000089e+00,2.000000000000000111e-01,5.000000000000000000e-01,1.559054255485534668e-01,-4.026070237159729004e-02,7.274303436279296875e-01,1.463051736354827881e-01,-2.249534875154495239e-01,2.483539655804634094e-02,3.071071207523345947e-01,-5.952836275100708008e-01,-1.000000000000000000e+00,7.508299946784973145e-01,-3.179945349693298340e-01,8.801791816949844360e-02
-2.790720602342237899e-02,2.671928172973407969e-02,5.396857705975722785e-01,8.284003734588623047e-01,5.725145339965820312e-02,1.040611974895000458e-02,5.571058392524719238e-01,0.000000000000000000e+00,0.000000000000000000e+00,0.000000000000000000e+00,-1.100000000000000089e+00,2.000000000000000111e-01,-5.000000000000000000e-01,0.000000000000000000e+00,1.100000000000000089e+00,2.000000000000000111e-01,5.000000000000000000e-01,1.664241999387741089e-01,-7.161157578229904175e-02,6.832495331764221191e-01,1.348797082901000977e-01,-2.283175736665725708e-01,4.041760042309761047e-02,3.303409814834594727e-01,-6.519238948822021484e-01,-1.000000000000000000e+00,8.302295804023742676e-01,-3.154473304748535156e-01,5.141269043087959290e-02
-3.237659530526008217e-02,2.970709108098438384e-02,5.382390305505256878e-01,8.145212531089782715e-01,6.556430459022521973e-02,8.337669074535369873e-03,5.763565897941589355e-01,0.000000000000000000e+00,0.000000000000000000e+00,0.000000000000000000e+00,-1.100000000000000089e+00,2.000000000000000111e-01,-5.000000000000000000e-01,0.000000000000000000e+00,1.100000000000000089e+00,2.000000000000000111e-01,5.000000000000000000e-01,1.765748411417007446e-01,-1.020634099841117859e-01,6.344985961914062500e-01,1.249066516757011414e-01,-2.290511280298233032e-01,5.645452439785003662e-02,3.413137793540954590e-01,-7.149392366409301758e-01,-1.000000000000000000e+00,9.190292358398437500e-01,-3.153505921363830566e-01,-2.206669002771377563e-02
-3.612311020023142166e-02,3.176588271537588576e-02,5.371006958720960789e-01,7.988535761833190918e-01,7.281161099672317505e-02,6.576156243681907654e-03,5.970662832260131836e-01,0.000000000000000000e+00,0.000000000000000000e+00,0.000000000000000000e+00,-1.100000000000000089e+00,2.000000000000000111e-01,-5.000000000000000000e-01,0.000000000000000000e+00,1.100000000000000089e+00,2.000000000000000111e-01,5.000000000000000000e-01,1.835272461175918579e-01,-1.272710710763931274e-01,5.814200043678283691e-01,1.194057613611221313e-01,-2.285013943910598755e-01,6.959486752748489380e-02,3.235110044479370117e-01,-7.649190425872802734e-01,-1.000000000000000000e+00,9.922785162925720215e-01,-3.163382112979888916e-01,-1.005480140447616577e-01
-3.876882127001693434e-02,3.271739091865266680e-02,5.364510018483857889e-01,7.809907793998718262e-01,7.820008695125579834e-02,6.219960749149322510e-03,6.195962429046630859e-01,0.000000000000000000e+00,0.000000000000000000e+00,0.000000000000000000e+00,-1.100000000000000089e+00,2.000000000000000111e-01,-5.000000000000000000e-01,0.000000000000000000e+00,1.100000000000000089e+00,2.000000000000000111e-01,5.000000000000000000e-01,1.849486380815505981e-01,-1.469803005456924438e-01,5.252681970596313477e-01,1.171999871730804443e-01,-2.246222496032714844e-01,7.813011854887008667e-02,2.643164396286010742e-01,-7.783746719360351562e-01,-1.000000000000000000e+00,1.027748346328735352e+00,-3.331548869609832764e-01,-1.377944350242614746e-01
-4.010998032930673807e-02,3.280947294363733419e-02,5.363381523879791057e-01,7.609739899635314941e-01,8.203511685132980347e-02,7.668563630431890488e-03,6.435292959213256836e-01,0.000000000000000000e+00,0.000000000000000000e+00,0.000000000000000000e+00,-1.100000000000000089e+00,2.000000000000000111e-01,-5.000000000000000000e-01,0.000000000000000000e+00,1.100000000000000089e+00,2.000000000000000111e-01,5.000000000000000000e-01,1.818678677082061768e-01,-1.627251058816909790e-01,4.698812365531921387e-01,1.164163872599601746e-01,-2.160814851522445679e-01,8.646970242261886597e-02,1.757438331842422485e-01,-7.462725043296813965e-01,-8.422307968139648438e-01,1.023989915847778320e+00,-3.530990481376647949e-01,-1.207538619637489319e-01
-4.048015863310094192e-02,3.242637694728645048e-02,5.363113309194644795e-01,7.395737767219543457e-01,8.510171622037887573e-02,1.005761325359344482e-02,6.675980091094970703e-01,0.000000000000000000e+00,0.000000000000000000e+00,0.000000000000000000e+00,-1.100000000000000089e+00,2.000000000000000111e-01,-5.000000000000000000e-01,0.000000000000000000e+00,1.100000000000000089e+00,2.000000000000000111e-01,5.000000000000000000e-01,1.771696805953979492e-01,-1.755074113607406616e-01,4.177457690238952637e-01,1.174165010452270508e-01,-2.061454802751541138e-01,9.453468769788742065e-02,7.971964776515960693e-02,-6.840740442276000977e-01,-6.654041409492492676e-01,1.008051753044128418e+00,-3.599073290824890137e-01,-8.061207830905914307e-02
-4.001259161864943736e-02,3.189704478252679276e-02,5.360507142664205915e-01,7.179505825042724609e-01,8.878027647733688354e-02,1.245006546378135681e-02,6.902969479560852051e-01,0.000000000000000000e+00,0.000000000000000000e+00,0.000000000000000000e+00,-1.100000000000000089e+00,2.000000000000000111e-01,-5.000000000000000000e-01,0.000000000000000000e+00,1.100000000000000089e+00,2.000000000000000111e-01,5.000000000000000000e-01,1.743192970752716064e-01,-1.877502053976058960e-01,3.686767518520355225e-01,1.200043708086013794e-01,-1.980222612619400024e-01,1.017419546842575073e-01,-7.965654134750366211e-03,-6.008113622665405273e-01,-4.815490543842315674e-01,9.917281270027160645e-01,-3.610123991966247559e-01,-2.594280429184436798e-02
-3.896450692604323807e-02,3.130145819302686261e-02,5.356083261131336926e-01,6.964226961135864258e-01,9.340280294418334961e-02,1.473368890583515167e-02,7.113749384880065918e-01,0.000000000000000000e+00,0.000000000000000000e+00,0.000000000000000000e+00,-1.100000000000000089e+00,2.000000000000000111e-01,-5.000000000000000000e-01,0.000000000000000000e+00,1.100000000000000089e+00,2.000000000000000111e-01,5.000000000000000000e-01,1.718520522117614746e-01,-2.001106142997741699e-01,3.209433257579803467e-01,1.244246736168861389e-01,-1.907613426446914673e-01,1.089598536491394043e-01,-7.477302849292755127e-02,-5.049021244049072266e-01,-2.955011427402496338e-01,9.850455522537231445e-01,-3.692096173763275146e-01,2.111681923270225525e-02
-3.743075539865954593e-02,3.064375872907200427e-02,5.352037620431545628e-01,6.747125387191772461e-01,9.808588027954101562e-02,1.769735664129257202e-02,7.313200235366821289e-01,0.000000000000000000e+00,0.000000000000000000e+00,0.000000000000000000e+00,-1.100000000000000089e+00,2.000000000000000111e-01,-5.000000000000000000e-01,0.000000000000000000e+00,1.100000000000000089e+00,2.000000000000000111e-01,5.000000000000000000e-01,1.661041229963302612e-01,-2.128422111272811890e-01,2.739351689815521240e-01,1.304565072059631348e-01,-1.830480694770812988e-01,1.157234758138656616e-01,-1.238088384270668030e-01,-3.870674073696136475e-01,-9.511721879243850708e-02,9.857572317123413086e-01,-3.849623501300811768e-01,7.307960838079452515e-02
-3.559744211379438361e-02,3.004851467380620020e-02,5.351127102158286242e-01,6.533079147338867188e-01,1.007297262549400330e-01,2.113717421889305115e-02,7.500636577606201172e-01,0.000000000000000000e+00,0.000000000000000000e+00,0.000000000000000000e+00,-1.100000000000000089e+00,2.000000000000000111e-01,-5.000000000000000000e-01,0.000000000000000000e+00,1.100000000000000089e+00,2.000000000000000111e-01,5.000000000000000000e-01,1.548451036214828491e-01,-2.221847176551818848e-01,2.301757186651229858e-01,1.369527280330657959e-01,-1.739197671413421631e-01,1.204666271805763245e-01,-1.589893400669097900e-01,-2.632099092006683350e-01,8.620645850896835327e-02,9.853524565696716309e-01,-3.949450552463531494e-01,1.217316836118698120e-01
-3.370103765594199136e-02,2.957187828701930352e-02,5.351981154182041678e-01,6.326255202293395996e-01,1.013715714216232300e-01,2.452115714550018311e-02,7.674030661582946777e-01,0.000000000000000000e+00,0.000000000000000000e+00,0.000000000000000000e+00,-1.100000000000000089e+00,2.000000000000000111e-01,-5.000000000000000000e-01,0.000000000000000000e+00,1.100000000000000089e+00,2.000000000000000111e-01,5.000000000000000000e-01,1.410312652587890625e-01,-2.285038381814956665e-01,1.891284286975860596e-01,1.398190855979919434e-01,-1.638252586126327515e-01,1.222363635897636414e-01,-1.839150488376617432e-01,-1.569348424673080444e-01,2.303180396556854248e-01,9.747313857078552246e-01,-4.017572999000549316e-01,1.592612862586975098e-01
-3.178761547454867636e-02,2.914032667132113175e-02,5.354275095568160614e-01,6.128904819488525391e-01,1.004233658313751221e-01,2.750197984278202057e-02,7.832778096199035645e-01,0.000000000000000000e+00,0.000000000000000000e+00,0.000000000000000000e+00,-1.100000000000000089e+00,2.000000000000000111e-01,-5.000000000000000000e-01,0.000000000000000000e+00,1.100000000000000089e+00,2.000000000000000111e-01,5.000000000000000000e-01,1.279067695140838623e-01,-2.326804101467132568e-01,1.482146382331848145e-01,1.373613476753234863e-01,-1.526525020599365234e-01,1.210363581776618958e-01,-1.988811343908309937e-01,-7.118068635463714600e-02,3.515569269657135010e-01,9.447124004364013672e-01,-4.113239645957946777e-01,1.841942369937896729e-01
-2.982244207928276894e-02,2.879593963838286003e-02,5.358799869002718319e-01,5.939472317695617676e-01,9.820915013551712036e-02,3.002004511654376984e-02,7.979226112365722656e-01,0.000000000000000000e+00,0.000000000000000000e+00,0.000000000000000000e+00,-1.100000000000000089e+00,2.000000000000000111e-01,-5.000000000000000000e-01,0.000000000000000000e+00,1.100000000000000089e+00,2.000000000000000111e-01,5.000000000000000000e-01,1.162527427077293396e-01,-2.355437874794006348e-01,1.035171970725059509e-01,1.327480673789978027e-01,-1.421474069356918335e-01,1.168099269270896912e-01,-1.981680989265441895e-01,5.857808981090784073e-03,4.806080162525177002e-01,8.859494328498840332e-01,-4.139925241470336914e-01,2.079564183950424194e-01
-2.803325862158089973e-02,2.878518094948370742e-02,5.366182831125427821e-01,5.756113529205322266e-01,9.500085562467575073e-02,3.190099447965621948e-02,8.115594387054443359e-01,0.000000000000000000e+00,0.000000000000000000e+00,0.000000000000000000e+00,-1.100000000000000089e+00,2.000000000000000111e-01,-5.000000000000000000e-01,0.000000000000000000e+00,1.100000000000000089e+00,2.000000000000000111e-01,5.000000000000000000e-01,1.071952283382415771e-01,-2.366987168788909912e-01,5.564461648464202881e-02,1.292351037263870239e-01,-1.306340247392654419e-01,1.093821376562118530e-01,-1.753889620304107666e-01,6.901003420352935791e-02,6.228131055831909180e-01,8.002278804779052734e-01,-3.964715301990509033e-01,2.320633083581924438e-01
-2.640877963641112894e-02,2.936180878811600614e-02,5.375748878100303774e-01,5.577412247657775879e-01,9.123475104570388794e-02,3.269938006997108459e-02,8.243371248245239258e-01,0.000000000000000000e+00,0.000000000000000000e+00,0.000000000000000000e+00,-1.100000000000000089e+00,2.000000000000000111e-01,-5.000000000000000000e-01,0.000000000000000000e+00,1.100000000000000089e+00,2.000000000000000111e-01,5.000000000000000000e-01,9.946480393409729004e-02,-2.359467893838882446e-01,9.628653526306152344e-03,1.246299818158149719e-01,-1.165886744856834412e-01,9.770694375038146973e-02,-1.450443118810653687e-01,1.009836494922637939e-01,7.365203499794006348e-01,7.171363830566406250e-01,-3.591471612453460693e-01,2.460973411798477173e-01
-2.479130703330303248e-02,3.088948292780027693e-02,5.382915939857261245e-01,5.408298969268798828e-01,8.699683099985122681e-02,3.486812487244606018e-02,8.358940482139587402e-01,0.000000000000000000e+00,0.000000000000000000e+00,0.000000000000000000e+00,-1.100000000000000089e+00,2.000000000000000111e-01,-5.000000000000000000e-01,0.000000000000000000e+00,1.100000000000000089e+00,2.000000000000000111e-01,5.000000000000000000e-01,9.271392971277236938e-02,-2.358553558588027954e-01,-3.194764629006385803e-02,1.217601075768470764e-01,-1.059878915548324585e-01,8.774751424789428711e-02,-1.337150931358337402e-01,8.703811466693878174e-02,7.406166195869445801e-01,6.732165813446044922e-01,-3.730965256690979004e-01,2.185896635055541992e-01
-2.246848378335172813e-02,3.234356151131743962e-02,5.395234301302469504e-01,5.257458686828613281e-01,7.985493540763854980e-02,3.505956009030342102e-02,8.461591005325317383e-01,0.000000000000000000e+00,0.000000000000000000e+00,0.000000000000000000e+00,-1.100000000000000089e+00,2.000000000000000111e-01,-5.000000000000000000e-01,0.000000000000000000e+00,1.100000000000000089e+00,2.000000000000000111e-01,5.000000000000000000e-01,7.854557782411575317e-02,-2.267460078001022339e-01,-6.709811836481094360e-02,1.222140640020370483e-01,-9.839130192995071411e-02,7.195983082056045532e-02,-1.285593956708908081e-01,7.862598448991775513e-02,7.159436941146850586e-01,6.326838731765747070e-01,-3.654093146324157715e-01,1.973456591367721558e-01
-1.934628813172398903e-02,3.391370211116442879e-02,5.411253693248286867e-01,5.116176605224609375e-01,7.068648189306259155e-02,3.353109955787658691e-02,8.556438684463500977e-01,0.000000000000000000e+00,0.000000000000000000e+00,0.000000000000000000e+00,-1.100000000000000089e+00,2.000000000000000111e-01,-5.000000000000000000e-01,0.000000000000000000e+00,1.100000000000000089e+00,2.000000000000000111e-01,5.000000000000000000e-01,6.047715619206428528e-02,-2.108601778745651245e-01,-1.002668365836143494e-01,1.233971863985061646e-01,-9.164763242006301880e-02,5.142470449209213257e-02,-1.258787065744400024e-01,8.314142376184463501e-02,6.953554153442382812e-01,5.959773063659667969e-01,-3.446914553642272949e-01,1.756844967603683472e-01
-1.547454972713809343e-02,3.561848461458629045e-02,5.429903748112194783e-01,4.962456822395324707e-01,6.037214025855064392e-02,3.064349479973316193e-02,8.655381798744201660e-01,0.000000000000000000e+00,0.000000000000000000e+00,0.000000000000000000e+00,-1.100000000000000089e+00,2.000000000000000111e-01,-5.000000000000000000e-01,0.000000000000000000e+00,1.100000000000000089e+00,2.000000000000000111e-01,5.000000000000000000e-01,4.154181480407714844e-02,-1.911782771348953247e-01,-1.383841037750244141e-01,1.235986053943634033e-01,-8.450166881084442139e-02,2.583050541579723358e-02,-1.214833706617355347e-01,9.054964780807495117e-02,6.702776551246643066e-01,5.523924827575683594e-01,-3.177673816680908203e-01,1.524915397167205811e-01
-1.115009005320249068e-02,3.729231966894609035e-02,5.449152926491065418e-01,4.793935120105743408e-01,4.904147237539291382e-02,2.622460201382637024e-02,8.758361339569091797e-01,0.000000000000000000e+00,0.000000000000000000e+00,0.000000000000000000e+00,-1.100000000000000089e+00,2.000000000000000111e-01,-5.000000000000000000e-01,0.000000000000000000e+00,1.100000000000000089e+00,2.000000000000000111e-01,5.000000000000000000e-01,2.009944245219230652e-02,-1.681517064571380615e-01,-1.804468631744384766e-01,1.265145093202590942e-01,-7.937432080507278442e-02,-5.627493374049663544e-03,-1.151952296495437622e-01,9.781812131404876709e-02,6.378353834152221680e-01,4.980303645133972168e-01,-2.854933738708496094e-01,1.273722648620605469e-01
-6.755397886489376488e-03,3.889320790621856455e-02,5.465358740098850143e-01,4.606338441371917725e-01,3.800975903868675232e-02,2.093811146914958954e-02,8.865287899971008301e-01,0.000000000000000000e+00,0.000000000000000000e+00,0.000000000000000000e+00,-1.100000000000000089e+00,2.000000000000000111e-01,-5.000000000000000000e-01,0.000000000000000000e+00,1.100000000000000089e+00,2.000000000000000111e-01,5.000000000000000000e-01,-4.731245804578065872e-03,-1.455539017915725708e-01,-2.248793095350265503e-01,1.359568536281585693e-01,-7.736844569444656372e-02,-4.099075496196746826e-02,-1.075167432427406311e-01,1.033289879560470581e-01,5.990806818008422852e-01,4.384973049163818359e-01,-2.503816187381744385e-01,1.040749698877334595e-01
-2.200548097269604784e-03,4.037086685780774675e-02,5.476565214660432668e-01,4.389491379261016846e-01,2.828804031014442444e-02,1.534514501690864563e-02,8.979353904724121094e-01,0.000000000000000000e+00,0.000000000000000000e+00,0.000000000000000000e+00,-1.100000000000000089e+00,2.000000000000000111e-01,-5.000000000000000000e-01,0.000000000000000000e+00,1.100000000000000089e+00,2.000000000000000111e-01,5.000000000000000000e-01,-3.559304401278495789e-02,-1.269222497940063477e-01,-2.718515098094940186e-01,1.584385633468627930e-01,-8.118703961372375488e-02,-7.855110615491867065e-02,-1.006720066070556641e-01,1.070824861526489258e-01,5.541260838508605957e-01,3.826387524604797363e-01,-2.169153541326522827e-01,8.181996643543243408e-02
2.459733631903413681e-03,4.174756384388816216e-02,5.479900460118296568e-01,4.141593277454376221e-01,2.042646333575248718e-02,9.390783496201038361e-03,9.099267721176147461e-01,0.000000000000000000e+00,0.000000000000000000e+00,0.000000000000000000e+00,-1.100000000000000089e+00,2.000000000000000111e-01,-5.000000000000000000e-01,0.000000000000000000e+00,1.100000000000000089e+00,2.000000000000000111e-01,5.000000000000000000e-01,-7.228765636682510376e-02,-1.151337325572967529e-01,-3.223294019699096680e-01,1.963272690773010254e-01,-9.384371340274810791e-02,-1.206816360354423523e-01,-9.434901922941207886e-02,1.106194332242012024e-01,5.023537874221801758e-01,3.366097509860992432e-01,-1.903173178434371948e-01,6.383556872606277466e-02
6.921996677134449778e-03,4.314487775792414520e-02,5.480572242410195472e-01,3.873164057731628418e-01,1.452281884849071503e-02,3.122467314824461937e-03,9.218271970748901367e-01,0.000000000000000000e+00,0.000000000000000000e+00,0.000000000000000000e+00,-1.100000000000000089e+00,2.000000000000000111e-01,-5.000000000000000000e-01,0.000000000000000000e+00,1.100000000000000089e+00,2.000000000000000111e-01,5.000000000000000000e-01,-1.013552397489547729e-01,-1.085367426276206970e-01,-3.787505924701690674e-01,2.267723679542541504e-01,-1.037199497222900391e-01,-1.713342517614364624e-01,-8.568485081195831299e-02,1.132887229323387146e-01,4.450921118259429932e-01,2.953931391239166260e-01,-1.667750626802444458e-01,4.916457831859588623e-02
1.114419042001092708e-02,4.428234831589941689e-02,5.483340334214947820e-01,3.592793345451354980e-01,1.045703049749135971e-02,-2.044579479843378067e-03,9.331692457199096680e-01,0.000000000000000000e+00,0.000000000000000000e+00,0.000000000000000000e+00,-1.100000000000000089e+00,2.000000000000000111e-01,-5.000000000000000000e-01,0.000000000000000000e+00,1.100000000000000089e+00,2.000000000000000111e-01,5.000000000000000000e-01,-1.196296736598014832e-01,-1.046858504414558411e-01,-4.303321242332458496e-01,2.412264943122863770e-01,-1.075339168310165405e-01,-2.291556000709533691e-01,-7.629197090864181519e-02,1.131176576018333435e-01,3.874444961547851562e-01,2.629344165325164795e-01,-1.500477790832519531e-01,3.512161225080490112e-02
1.483945363020110382e-02,4.550605705722865491e-02,5.484303582000612520e-01,3.324901163578033447e-01,8.703465573489665985e-03,-4.766782745718955994e-03,9.430545568466186523e-01,0.000000000000000000e+00,0.000000000000000000e+00,0.000000000000000000e+00,-1.100000000000000089e+00,2.000000000000000111e-01,-5.000000000000000000e-01,0.000000000000000000e+00,1.100000000000000089e+00,2.000000000000000111e-01,5.000000000000000000e-01,-1.437801420688629150e-01,-9.495022147893905640e-02,-4.150310754776000977e-01,2.752707004547119141e-01,-1.252660006284713745e-01,-2.556012868881225586e-01,-6.820991635322570801e-02,1.088799089193344116e-01,3.350183665752410889e-01,2.406468987464904785e-01,-1.406463384628295898e-01,2.453279681503772736e-02
1.813928571917737542e-02,4.666166895483103011e-02,5.483776286876562711e-01,3.080076873302459717e-01,8.080477826297283173e-03,-6.381808780133724213e-03,9.513280987739562988e-01,0.000000000000000000e+00,0.000000000000000000e+00,0.000000000000000000e+00,-1.100000000000000089e+00,2.000000000000000111e-01,-5.000000000000000000e-01,0.000000000000000000e+00,1.100000000000000089e+00,2.000000000000000111e-01,5.000000000000000000e-01,-1.731752753257751465e-01,-7.591226696968078613e-02,-3.412767052650451660e-01,3.503115773200988770e-01,-1.678207069635391235e-01,-2.596756219863891602e-01,-5.975177511572837830e-02,1.031629294157028198e-01,2.878456115722656250e-01,2.236981689929962158e-01,-1.349345594644546509e-01,1.459026429802179337e-02
2.044458652658369055e-02,4.821749577562164935e-02,5.481745162666445959e-01,2.855127155780792236e-01,8.039992302656173706e-03,-7.750941440463066101e-03,9.583098292350769043e-01,0.000000000000000000e+00,0.000000000000000000e+00,0.000000000000000000e+00,-1.100000000000000089e+00,2.000000000000000111e-01,-5.000000000000000000e-01,0.000000000000000000e+00,1.100000000000000089e+00,2.000000000000000111e-01,5.000000000000000000e-01,-1.974260658025741577e-01,-4.736392199993133545e-02,-2.525120079517364502e-01,4.491710066795349121e-01,-2.155302017927169800e-01,-2.538459897041320801e-01,-5.048687011003494263e-02,9.806722402572631836e-02,2.442580908536911011e-01,2.107368111610412598e-01,-1.319254338741302490e-01,5.248410161584615707e-03
2.211710853304601002e-02,4.983968600931793641e-02,5.479646361995526016e-01,2.641814947128295898e-01,8.003409951925277710e-03,-9.008091874420642853e-03,9.643976688385009766e-01,0.000000000000000000e+00,0.000000000000000000e+00,0.000000000000000000e+00,-1.100000000000000089e+00,2.000000000000000111e-01,-5.000000000000000000e-01,0.000000000000000000e+00,1.100000000000000089e+00,2.000000000000000111e-01,5.000000000000000000e-01,-2.036508172750473022e-01,-1.679314672946929932e-02,-1.891324669122695923e-01,5.271828174591064453e-01,-2.481536269187927246e-01,-2.527003884315490723e-01,-4.248800501227378845e-02,9.412568062543869019e-02,2.030018121004104614e-01,2.016260027885437012e-01,-1.313259154558181763e-01,-2.261627931147813797e-03
2.336836533065922775e-02,5.131230815069166840e-02,5.477485282372946962e-01,2.433166503906250000e-01,7.940709590911865234e-03,-1.025222055613994598e-02,9.698601961135864258e-01,0.000000000000000000e+00,0.000000000000000000e+00,0.000000000000000000e+00,-1.100000000000000089e+00,2.000000000000000111e-01,-5.000000000000000000e-01,0.000000000000000000e+00,1.100000000000000089e+00,2.000000000000000111e-01,5.000000000000000000e-01,-1.976709067821502686e-01,1.549414452165365219e-02,-1.426592618227005005e-01,5.819812417030334473e-01,-2.733917832374572754e-01,-2.507543563842773438e-01,-3.386492654681205750e-02,9.045726805925369263e-02,1.625916957855224609e-01,1.930513381958007812e-01,-1.313979923725128174e-01,-8.326442912220954895e-03
2.432193652420972657e-02,5.261284835871798266e-02,5.475661754668360581e-01,2.220719605684280396e-01,7.680396083742380142e-03,-1.131830271333456039e-02,9.749343395233154297e-01,0.000000000000000000e+00,0.000000000000000000e+00,0.000000000000000000e+00,-1.100000000000000089e+00,2.000000000000000111e-01,-5.000000000000000000e-01,0.000000000000000000e+00,1.100000000000000089e+00,2.000000000000000111e-01,5.000000000000000000e-01,-1.822901815176010132e-01,5.120602622628211975e-02,-1.004806384444236755e-01,6.098504066467285156e-01,-2.915590703487396240e-01,-2.456301748752593994e-01,-2.486265636980533600e-02,8.611114323139190674e-02,1.211574822664260864e-01,1.840863078832626343e-01,-1.315911114215850830e-01,-1.391952764242887497e-02
2.496466309020314508e-02,5.375303583595939655e-02,5.474056618487593839e-01,2.001147121191024780e-01,7.055425550788640976e-03,-1.183106843382120132e-02,9.796756505966186523e-01,0.000000000000000000e+00,0.000000000000000000e+00,0.000000000000000000e+00,-1.100000000000000089e+00,2.000000000000000111e-01,-5.000000000000000000e-01,0.000000000000000000e+00,1.100000000000000089e+00,2.000000000000000111e-01,5.000000000000000000e-01,-1.586740016937255859e-01,9.207937121391296387e-02,-4.870669916272163391e-02,6.083350777626037598e-01,-3.043484091758728027e-01,-2.333262860774993896e-01,-1.600412465631961823e-02,7.968600839376449585e-02,7.700517028570175171e-02,1.748571991920471191e-01,-1.318225562572479248e-01,-1.902170851826667786e-02
2.525519958960663683e-02,5.470096299951576063e-02,5.472848822018413495e-01,1.778903156518936157e-01,5.973039194941520691e-03,-1.115449331700801849e-02,9.839689731597900391e-01,0.000000000000000000e+00,0.000000000000000000e+00,0.000000000000000000e+00,-1.100000000000000089e+00,2.000000000000000111e-01,-5.000000000000000000e-01,0.000000000000000000e+00,1.100000000000000089e+00,2.000000000000000111e-01,5.000000000000000000e-01,-1.298307627439498901e-01,1.347924023866653442e-01,2.190317586064338684e-02,5.796888470649719238e-01,-3.072141706943511963e-01,-2.113534510135650635e-01,-8.964599110186100006e-03,6.983856856822967529e-02,3.181814029812812805e-02,1.676532775163650513e-01,-1.335663497447967529e-01,-2.321806363761425018e-02
2.528921427703791774e-02,5.538112700032540858e-02,5.472003489047890801e-01,1.550093293190002441e-01,4.601030610501766205e-03,-9.366508573293685913e-03,9.878578782081604004e-01,0.000000000000000000e+00,0.000000000000000000e+00,0.000000000000000000e+00,-1.100000000000000089e+00,2.000000000000000111e-01,-5.000000000000000000e-01,0.000000000000000000e+00,1.100000000000000089e+00,2.000000000000000111e-01,5.000000000000000000e-01,-9.764338284730911255e-02,1.803594976663589478e-01,1.250623017549514771e-01,5.342894792556762695e-01,-2.982900440692901611e-01,-1.789157390594482422e-01,-3.942704759538173676e-03,5.672037228941917419e-02,-1.343695819377899170e-02,1.637851148843765259e-01,-1.383166909217834473e-01,-2.638301067054271698e-02
2.502308593677225051e-02,5.551228128260735084e-02,5.471736519941777788e-01,1.317987740039825439e-01,3.195820143446326256e-03,-7.464622147381305695e-03,9.912432432174682617e-01,0.000000000000000000e+00,0.000000000000000000e+00,0.000000000000000000e+00,-1.100000000000000089e+00,2.000000000000000111e-01,-5.000000000000000000e-01,0.000000000000000000e+00,1.100000000000000089e+00,2.000000000000000111e-01,5.000000000000000000e-01,-6.252062320709228516e-02,2.209636718034744263e-01,2.489340156316757202e-01,4.806292653083801270e-01,-2.793386876583099365e-01,-1.526610851287841797e-01,1.273959409445524216e-03,4.329479485750198364e-02,-5.800411105155944824e-02,1.606962680816650391e-01,-1.442945599555969238e-01,-2.802187763154506683e-02
2.437217228359194604e-02,5.504516838551169744e-02,5.473831583875597984e-01,1.084044873714447021e-01,2.126994542777538300e-03,-5.515792407095432281e-03,9.940893054008483887e-01,0.000000000000000000e+00,0.000000000000000000e+00,0.000000000000000000e+00,-1.100000000000000089e+00,2.000000000000000111e-01,-5.000000000000000000e-01,0.000000000000000000e+00,1.100000000000000089e+00,2.000000000000000111e-01,5.000000000000000000e-01,-2.998768165707588196e-02,2.418075352907180786e-01,3.566302061080932617e-01,4.236260652542114258e-01,-2.540294229984283447e-01,-1.465996354818344116e-01,7.114963605999946594e-03,2.991685271263122559e-02,-1.042153164744377136e-01,1.566257178783416748e-01,-1.504314392805099487e-01,-2.624278888106346130e-02
2.349350450419341110e-02,5.375388698163206802e-02,5.471062246491812386e-01,8.689402788877487183e-02,3.015190362930297852e-03,-4.525945056229829788e-03,9.962027072906494141e-01,0.000000000000000000e+00,0.000000000000000000e+00,0.000000000000000000e+00,-1.100000000000000089e+00,2.000000000000000111e-01,-5.000000000000000000e-01,0.000000000000000000e+00,1.100000000000000089e+00,2.000000000000000111e-01,5.000000000000000000e-01,-1.576123014092445374e-02,2.369374632835388184e-01,3.888094425201416016e-01,3.848810195922851562e-01,-2.438622415065765381e-01,-1.380781531333923340e-01,1.988754048943519592e-02,1.738827675580978394e-02,-1.446062773466110229e-01,1.513742953538894653e-01,-1.565321534872055054e-01,-2.294779755175113678e-02
2.257316172630949302e-02,5.184596610763533842e-02,5.470498829575800581e-01,6.841909140348434448e-02,5.330494139343500137e-03,-3.277940442785620689e-03,9.976370334625244141e-01,0.000000000000000000e+00,0.000000000000000000e+00,0.000000000000000000e+00,-1.100000000000000089e+00,2.000000000000000111e-01,-5.000000000000000000e-01,0.000000000000000000e+00,1.100000000000000089e+00,2.000000000000000111e-01,5.000000000000000000e-01,-4.345992580056190491e-03,2.172729521989822388e-01,3.681920468807220459e-01,3.485706150531768799e-01,-2.329133599996566772e-01,-1.374080777168273926e-01,3.532214462757110596e-02,4.002975299954414368e-03,-1.782209724187850952e-01,1.465378552675247192e-01,-1.624456495046615601e-01,-1.855000294744968414e-02
2.157378825624802626e-02,4.945145978432412270e-02,5.471469966028675858e-01,5.357440188527107239e-02,8.040990680456161499e-03,-1.060256850905716419e-03,9.985309243202209473e-01,0.000000000000000000e+00,0.000000000000000000e+00,0.000000000000000000e+00,-1.100000000000000089e+00,2.000000000000000111e-01,-5.000000000000000000e-01,0.000000000000000000e+00,1.100000000000000089e+00,2.000000000000000111e-01,5.000000000000000000e-01,1.108146272599697113e-02,1.938992589712142944e-01,3.463104665279388428e-01,3.110695481300354004e-01,-2.216806113719940186e-01,-1.342016458511352539e-01,4.918371886014938354e-02,-1.181093789637088776e-02,-2.052791714668273926e-01,1.456439495086669922e-01,-1.689762175083160400e-01,-1.219114847481250763e-02
2.060760168255203195e-02,4.658042087247877411e-02,5.473859401807339431e-01,4.134099185466766357e-02,1.058834139257669449e-02,2.065710024908185005e-03,9.990868568420410156e-01,0.000000000000000000e+00,0.000000000000000000e+00,0.000000000000000000e+00,-1.100000000000000089e+00,2.000000000000000111e-01,-5.000000000000000000e-01,0.000000000000000000e+00,1.100000000000000089e+00,2.000000000000000111e-01,5.000000000000000000e-01,2.865913696587085724e-02,1.687979549169540405e-01,3.297047615051269531e-01,2.727371454238891602e-01,-2.085585445165634155e-01,-1.273173391819000244e-01,5.977549403905868530e-02,-3.015545010566711426e-02,-2.272981405258178711e-01,1.491148918867111206e-01,-1.752533018589019775e-01,-3.750663949176669121e-03
1.981377470252960321e-02,4.340077159046713123e-02,5.476114315050418790e-01,3.106425330042839050e-02,1.292708236724138260e-02,5.138035863637924194e-03,9.994205236434936523e-01,0.000000000000000000e+00,0.000000000000000000e+00,0.000000000000000000e+00,-1.100000000000000089e+00,2.000000000000000111e-01,-5.000000000000000000e-01,0.000000000000000000e+00,1.100000000000000089e+00,2.000000000000000111e-01,5.000000000000000000e-01,4.561077058315277100e-02,1.450234800577163696e-01,3.167718946933746338e-01,2.368952333927154541e-01,-1.960686594247817993e-01,-1.194914132356643677e-01,6.837277114391326904e-02,-4.850808903574943542e-02,-2.459329217672348022e-01,1.544993966817855835e-01,-1.810591518878936768e-01,5.434305407106876373e-03
1.925623147014641351e-02,4.002170510524225011e-02,5.477351590223384914e-01,2.252371609210968018e-02,1.500960532575845718e-02,7.472185883671045303e-03,9.996057152748107910e-01,0.000000000000000000e+00,0.000000000000000000e+00,0.000000000000000000e+00,-1.100000000000000089e+00,2.000000000000000111e-01,-5.000000000000000000e-01,0.000000000000000000e+00,1.100000000000000089e+00,2.000000000000000111e-01,5.000000000000000000e-01,5.997904762625694275e-02,1.247105449438095093e-01,3.057072162628173828e-01,2.071437239646911621e-01,-1.866518259048461914e-01,-1.117120012640953064e-01,7.582654058933258057e-02,-6.474339962005615234e-02,-2.616340517997741699e-01,1.590008884668350220e-01,-1.853300184011459351e-01,1.476808451116085052e-02
1.893684035395224938e-02,3.656183946510833255e-02,5.477615237785409263e-01,1.542281266301870346e-02,1.688634790480136871e-02,8.994904346764087677e-03,9.996979832649230957e-01,0.000000000000000000e+00,0.000000000000000000e+00,0.000000000000000000e+00,-1.100000000000000089e+00,2.000000000000000111e-01,-5.000000000000000000e-01,0.000000000000000000e+00,1.100000000000000089e+00,2.000000000000000111e-01,5.000000000000000000e-01,7.141024619340896606e-02,1.078317090868949890e-01,2.943841218948364258e-01,1.848741322755813599e-01,-1.805508583784103394e-01,-1.042244210839271545e-01,8.293034881353378296e-02,-7.847152650356292725e-02,-2.750132083892822266e-01,1.614532470703125000e-01,-1.877613067626953125e-01,2.296234481036663055e-02
1.881775651098878052e-02,3.316127117182306877e-02,5.477659248244581836e-01,9.921381250023841858e-03,1.860746741294860840e-02,1.021010801196098328e-02,9.997255206108093262e-01,0.000000000000000000e+00,0.000000000000000000e+00,0.000000000000000000e+00,-1.100000000000000089e+00,2.000000000000000111e-01,-5.000000000000000000e-01,0.000000000000000000e+00,1.100000000000000089e+00,2.000000000000000111e-01,5.000000000000000000e-01,8.136446774005889893e-02,9.286079555749893188e-02,2.846682667732238770e-01,1.671215593814849854e-01,-1.757151186466217041e-01,-9.621113538742065430e-02,8.892710506916046143e-02,-9.082081168889999390e-02,-2.850391566753387451e-01,1.634061187505722046e-01,-1.893559992313385010e-01,3.061686083674430847e-02
1.879187571413984403e-02,2.989808505598568616e-02,5.477645546875217208e-01,5.768159404397010803e-03,2.015916444361209869e-02,1.118734478950500488e-02,9.997175335884094238e-01,0.000000000000000000e+00,0.000000000000000000e+00,0.000000000000000000e+00,-1.100000000000000089e+00,2.000000000000000111e-01,-5.000000000000000000e-01,0.000000000000000000e+00,1.100000000000000089e+00,2.000000000000000111e-01,5.000000000000000000e-01,8.964432030916213989e-02,7.968056946992874146e-02,2.765987515449523926e-01,1.538154780864715576e-01,-1.719980984926223755e-01,-8.802740275859832764e-02,9.405263513326644897e-02,-1.020040437579154968e-01,-2.922918200492858887e-01,1.651580631732940674e-01,-1.901978999376296997e-01,3.774750232696533203e-02
1.885436485726104186e-02,2.679593414444514030e-02,5.477818682360829916e-01,2.989732893183827400e-03,2.138148620724678040e-02,1.196887250989675522e-02,9.996952414512634277e-01,0.000000000000000000e+00,0.000000000000000000e+00,0.000000000000000000e+00,-1.100000000000000089e+00,2.000000000000000111e-01,-5.000000000000000000e-01,0.000000000000000000e+00,1.100000000000000089e+00,2.000000000000000111e-01,5.000000000000000000e-01,9.586238861083984375e-02,6.830506026744842529e-02,2.713549733161926270e-01,1.443061679601669312e-01,-1.694195866584777832e-01,-7.960350811481475830e-02,9.744021296501159668e-02,-1.121765598654747009e-01,-2.970209419727325439e-01,1.672963201999664307e-01,-1.902608722448348999e-01,4.440004378557205200e-02
1.899102693433036074e-02,2.388212256759141700e-02,5.477929538894783512e-01,1.497481833212077618e-03,2.220940031111240387e-02,1.245045475661754608e-02,9.996747374534606934e-01,0.000000000000000000e+00,0.000000000000000000e+00,0.000000000000000000e+00,-1.100000000000000089e+00,2.000000000000000111e-01,-5.000000000000000000e-01,0.000000000000000000e+00,1.100000000000000089e+00,2.000000000000000111e-01,5.000000000000000000e-01,1.003729254007339478e-01,5.877945572137832642e-02,2.683200240135192871e-01,1.375960558652877808e-01,-1.683342009782791138e-01,-7.199234515428543091e-02,9.912369400262832642e-02,-1.209815666079521179e-01,-2.996596097946166992e-01,1.692131161689758301e-01,-1.894238740205764771e-01,5.066039413213729858e-02
1.920356683164948022e-02,2.113309590691568943e-02,5.477933275631883259e-01,1.125966664403676987e-03,2.277083136141300201e-02,1.266878657042980194e-02,9.996598362922668457e-01,0.000000000000000000e+00,0.000000000000000000e+00,0.000000000000000000e+00,-1.100000000000000089e+00,2.000000000000000111e-01,-5.000000000000000000e-01,0.000000000000000000e+00,1.100000000000000089e+00,2.000000000000000111e-01,5.000000000000000000e-01,1.036231964826583862e-01,5.074060335755348206e-02,2.671837210655212402e-01,1.329468190670013428e-01,-1.683224886655807495e-01,-6.489057093858718872e-02,9.923201054334640503e-02,-1.286692619323730469e-01,-3.002871572971343994e-01,1.710468083620071411e-01,-1.881540566682815552e-01,5.656679719686508179e-02
1.952633009358036367e-02,1.849956296713589979e-02,5.477821173518896414e-01,2.030711853876709938e-03,2.306749299168586731e-02,1.261004712432622910e-02,9.996523261070251465e-01,0.000000000000000000e+00,0.000000000000000000e+00,0.000000000000000000e+00,-1.100000000000000089e+00,2.000000000000000111e-01,-5.000000000000000000e-01,0.000000000000000000e+00,1.100000000000000089e+00,2.000000000000000111e-01,5.000000000000000000e-01,1.056612506508827209e-01,4.414198547601699829e-02,2.683384716510772705e-01,1.298743933439254761e-01,-1.690368950366973877e-01,-5.810918658971786499e-02,9.787496924400329590e-02,-1.350735276937484741e-01,-2.986483573913574219e-01,1.725581884384155273e-01,-1.860422939062118530e-01,6.213999539613723755e-02
1.995858234748469975e-02,1.599238623540396795e-02,5.477530538411152783e-01,4.112524911761283875e-03,2.323574945330619812e-02,1.234099920839071274e-02,9.996453523635864258e-01,0.000000000000000000e+00,0.000000000000000000e+00,0.000000000000000000e+00,-1.100000000000000089e+00,2.000000000000000111e-01,-5.000000000000000000e-01,0.000000000000000000e+00,1.100000000000000089e+00,2.000000000000000111e-01,5.000000000000000000e-01,1.069519594311714172e-01,3.889172151684761047e-02,2.715932428836822510e-01,1.279151141643524170e-01,-1.701968610286712646e-01,-5.158636346459388733e-02,9.551336616277694702e-02,-1.401881575584411621e-01,-2.950848042964935303e-01,1.738938391208648682e-01,-1.833971887826919556e-01,6.718982011079788208e-02
2.046243723110305335e-02,1.367513954658249389e-02,5.477050160097353126e-01,7.017732597887516022e-03,2.324230037629604340e-02,1.194338500499725342e-02,9.996339082717895508e-01,0.000000000000000000e+00,0.000000000000000000e+00,0.000000000000000000e+00,-1.100000000000000089e+00,2.000000000000000111e-01,-5.000000000000000000e-01,0.000000000000000000e+00,1.100000000000000089e+00,2.000000000000000111e-01,5.000000000000000000e-01,1.077584326267242432e-01,3.471321985125541687e-02,2.764631807804107666e-01,1.263281404972076416e-01,-1.715520769357681274e-01,-4.579973965883255005e-02,9.224206954240798950e-02,-1.441903114318847656e-01,-2.904354333877563477e-01,1.754204481840133667e-01,-1.803711503744125366e-01,7.148624956607818604e-02
2.092252039153015900e-02,1.159643032496343422e-02,5.476710117021292845e-01,1.044673006981611252e-02,2.316651679575443268e-02,1.158813200891017914e-02,9.996098279953002930e-01,0.000000000000000000e+00,0.000000000000000000e+00,0.000000000000000000e+00,-1.100000000000000089e+00,2.000000000000000111e-01,-5.000000000000000000e-01,0.000000000000000000e+00,1.100000000000000089e+00,2.000000000000000111e-01,5.000000000000000000e-01,1.083874553442001343e-01,3.109896741807460785e-02,2.824546694755554199e-01,1.247290670871734619e-01,-1.724587976932525635e-01,-4.075198620557785034e-02,8.826114982366561890e-02,-1.475219726562500000e-01,-2.847648561000823975e-01,1.770572215318679810e-01,-1.769682615995407104e-01,7.506272196769714355e-02
2.132341778823033246e-02,9.791854883854587618e-03,5.476661539438999471e-01,1.411937177181243896e-02,2.322016842663288116e-02,1.125483866780996323e-02,9.995672702789306641e-01,0.000000000000000000e+00,0.000000000000000000e+00,0.000000000000000000e+00,-1.100000000000000089e+00,2.000000000000000111e-01,-5.000000000000000000e-01,0.000000000000000000e+00,1.100000000000000089e+00,2.000000000000000111e-01,5.000000000000000000e-01,1.093924194574356079e-01,2.820481359958648682e-02,2.886446714401245117e-01,1.234023794531822205e-01,-1.735191345214843750e-01,-3.702089563012123108e-02,8.472689986228942871e-02,-1.500979810953140259e-01,-2.790912091732025146e-01,1.779042184352874756e-01,-1.735978573560714722e-01,7.793192565441131592e-02
2.167574409002701735e-02,8.156361606588230159e-03,5.476778208675107118e-01,1.786359772086143494e-02,2.334011532366275787e-02,1.093346346169710159e-02,9.995082020759582520e-01,0.000000000000000000e+00,0.000000000000000000e+00,0.000000000000000000e+00,-1.100000000000000089e+00,2.000000000000000111e-01,-5.000000000000000000e-01,0.000000000000000000e+00,1.100000000000000089e+00,2.000000000000000111e-01,5.000000000000000000e-01,1.102850511670112610e-01,2.580878511071205139e-02,2.948081493377685547e-01,1.225373446941375732e-01,-1.748825460672378540e-01,-3.392590954899787903e-02,8.145082741975784302e-02,-1.521170288324356079e-01,-2.733224034309387207e-01,1.782495230436325073e-01,-1.703127324581146240e-01,8.065788447856903076e-02
2.197961996238904578e-02,6.761634215263348686e-03,5.476683129475574674e-01,2.151864580810070038e-02,2.363062836229801178e-02,1.058948691934347153e-02,9.994330406188964844e-01,0.000000000000000000e+00,0.000000000000000000e+00,0.000000000000000000e+00,-1.100000000000000089e+00,2.000000000000000111e-01,-5.000000000000000000e-01,0.000000000000000000e+00,1.100000000000000089e+00,2.000000000000000111e-01,5.000000000000000000e-01,1.112394928932189941e-01,2.417309954762458801e-02,3.013022243976593018e-01,1.223182156682014465e-01,-1.766732335090637207e-01,-3.101999871432781219e-02,7.882865518331527710e-02,-1.536779403686523438e-01,-2.682231366634368896e-01,1.783113777637481689e-01,-1.675113290548324585e-01,8.305482566356658936e-02
2.228119281101783797e-02,5.615252577288151574e-03,5.476261708569346576e-01,2.500677295029163361e-02,2.404456213116645813e-02,1.026494894176721573e-02,9.993453621864318848e-01,0.000000000000000000e+00,0.000000000000000000e+00,0.000000000000000000e+00,-1.100000000000000089e+00,2.000000000000000111e-01,-5.000000000000000000e-01,0.000000000000000000e+00,1.100000000000000089e+00,2.000000000000000111e-01,5.000000000000000000e-01,1.121682748198509216e-01,2.301570959389209747e-02,3.078229129314422607e-01,1.225454732775688171e-01,-1.783839315176010132e-01,-2.806959673762321472e-02,7.632234692573547363e-02,-1.550014317035675049e-01,-2.630516290664672852e-01,1.788367927074432373e-01,-1.652612984180450439e-01,8.537320047616958618e-02
2.262584712445698393e-02,4.649525959599725908e-03,5.475666321791482494e-01,2.828927151858806610e-02,2.461624890565872192e-02,9.950258769094944000e-03,9.992470741271972656e-01,0.000000000000000000e+00,0.000000000000000000e+00,0.000000000000000000e+00,-1.100000000000000089e+00,2.000000000000000111e-01,-5.000000000000000000e-01,0.000000000000000000e+00,1.100000000000000089e+00,2.000000000000000111e-01,5.000000000000000000e-01,1.133015826344490051e-01,2.208806201815605164e-02,3.140129148960113525e-01,1.230085715651512146e-01,-1.801162511110305786e-01,-2.517936564981937408e-02,7.419933378696441650e-02,-1.561070084571838379e-01,-2.579391598701477051e-01,1.797541975975036621e-01,-1.635158509016036987e-01,8.767350763082504272e-02
2.300674519280554789e-02,3.802408956607446211e-03,5.475046853818977821e-01,3.141152113676071167e-02,2.535123936831951141e-02,9.637540206313133240e-03,9.991385340690612793e-01,0.000000000000000000e+00,0.000000000000000000e+00,0.000000000000000000e+00,-1.100000000000000089e+00,2.000000000000000111e-01,-5.000000000000000000e-01,0.000000000000000000e+00,1.100000000000000089e+00,2.000000000000000111e-01,5.000000000000000000e-01,1.148852407932281494e-01,2.134152874350547791e-02,3.195438086986541748e-01,1.235164105892181396e-01,-1.818266361951828003e-01,-2.247553505003452301e-02,7.300798594951629639e-02,-1.568623483180999756e-01,-2.528443336486816406e-01,1.807544082403182983e-01,-1.625999063253402710e-01,8.979701995849609375e-02
2.340875063585399693e-02,3.024068027158559237e-03,5.474488419219099011e-01,3.458101674914360046e-02,2.623678557574748993e-02,9.244028478860855103e-03,9.990146756172180176e-01,0.000000000000000000e+00,0.000000000000000000e+00,0.000000000000000000e+00,-1.100000000000000089e+00,2.000000000000000111e-01,-5.000000000000000000e-01,0.000000000000000000e+00,1.100000000000000089e+00,2.000000000000000111e-01,5.000000000000000000e-01,1.170264407992362976e-01,2.102246694266796112e-02,3.250247538089752197e-01,1.239946112036705017e-01,-1.836868673563003540e-01,-2.005820162594318390e-02,7.228934764862060547e-02,-1.570942252874374390e-01,-2.474530637264251709e-01,1.819589287042617798e-01,-1.619842946529388428e-01,9.142949432134628296e-02
2.382197148011376553e-02,2.395034396922159515e-03,5.474076547752124711e-01,3.782057017087936401e-02,2.718374505639076233e-02,8.856232278048992157e-03,9.988754391670227051e-01,0.000000000000000000e+00,0.000000000000000000e+00,0.000000000000000000e+00,-1.100000000000000089e+00,2.000000000000000111e-01,-5.000000000000000000e-01,0.000000000000000000e+00,1.100000000000000089e+00,2.000000000000000111e-01,5.000000000000000000e-01,1.195757314562797546e-01,2.090249769389629364e-02,3.307142257690429688e-01,1.240834370255470276e-01,-1.856865733861923218e-01,-1.789795979857444763e-02,7.147867232561111450e-02,-1.569710671901702881e-01,-2.415139377117156982e-01,1.835451722145080566e-01,-1.613384634256362915e-01,9.273518621921539307e-02
2.430750856707531229e-02,1.960226111043470235e-03,5.474163323091436606e-01,4.091635346412658691e-02,2.798165753483772278e-02,8.552434854209423065e-03,9.987340569496154785e-01,0.000000000000000000e+00,0.000000000000000000e+00,0.000000000000000000e+00,-1.100000000000000089e+00,2.000000000000000111e-01,-5.000000000000000000e-01,0.000000000000000000e+00,1.100000000000000089e+00,2.000000000000000111e-01,5.000000000000000000e-01,1.218063682317733765e-01,2.091698721051216125e-02,3.362317085266113281e-01,1.238365694880485535e-01,-1.873923689126968384e-01,-1.629604585468769073e-02,6.990081816911697388e-02,-1.567053943872451782e-01,-2.357437014579772949e-01,1.854837834835052490e-01,-1.605259031057357788e-01,9.352078288793563843e-02
2.485864874474102287e-02,1.659697083594051728e-03,5.474568966663244662e-01,4.386855661869049072e-02,2.849528007209300995e-02,8.367262780666351318e-03,9.985957741737365723e-01,0.000000000000000000e+00,0.000000000000000000e+00,0.000000000000000000e+00,-1.100000000000000089e+00,2.000000000000000111e-01,-5.000000000000000000e-01,0.000000000000000000e+00,1.100000000000000089e+00,2.000000000000000111e-01,5.000000000000000000e-01,1.228861287236213684e-01,2.096510678529739380e-02,3.414107263088226318e-01,1.234768778085708618e-01,-1.883777230978012085e-01,-1.540514640510082245e-02,6.724182516336441040e-02,-1.565207242965698242e-01,-2.304831296205520630e-01,1.871993243694305420e-01,-1.591565012931823730e-01,9.425173699855804443e-02
2.550330336327956068e-02,1.383082524842742505e-03,5.474897384334995731e-01,4.664824530482292175e-02,2.874840795993804932e-02,8.241733536124229431e-03,9.984635710716247559e-01,0.000000000000000000e+00,0.000000000000000000e+00,0.000000000000000000e+00,-1.100000000000000089e+00,2.000000000000000111e-01,-5.000000000000000000e-01,0.000000000000000000e+00,1.100000000000000089e+00,2.000000000000000111e-01,5.000000000000000000e-01,1.228253617882728577e-01,2.107029035687446594e-02,3.465076386928558350e-01,1.229782626032829285e-01,-1.885125339031219482e-01,-1.521948724985122681e-02,6.315883249044418335e-02,-1.563506722450256348e-01,-2.256291508674621582e-01,1.890989392995834351e-01,-1.575456857681274414e-01,9.486529976129531860e-02
2.628214576803712330e-02,1.080284208092236516e-03,5.474938488443090723e-01,4.911390691995620728e-02,2.881144732236862183e-02,8.180133067071437836e-03,9.983440637588500977e-01,0.000000000000000000e+00,0.000000000000000000e+00,0.000000000000000000e+00,-1.100000000000000089e+00,2.000000000000000111e-01,-5.000000000000000000e-01,0.000000000000000000e+00,1.100000000000000089e+00,2.000000000000000111e-01,5.000000000000000000e-01,1.220004707574844360e-01,2.123717963695526123e-02,3.512578606605529785e-01,1.224479451775550842e-01,-1.880117058753967285e-01,-1.547511015087366104e-02,5.831268057227134705e-02,-1.562048792839050293e-01,-2.215620130300521851e-01,1.910541951656341553e-01,-1.559171974658966064e-01,9.544529765844345093e-02
2.714679040348702901e-02,8.086941335138610925e-04,5.474740856569825231e-01,5.128753185272216797e-02,2.882305346429347992e-02,8.200663141906261444e-03,9.982342123985290527e-01,0.000000000000000000e+00,0.000000000000000000e+00,0.000000000000000000e+00,-1.100000000000000089e+00,2.000000000000000111e-01,-5.000000000000000000e-01,0.000000000000000000e+00,1.100000000000000089e+00,2.000000000000000111e-01,5.000000000000000000e-01,1.210076212882995605e-01,2.139502204954624176e-02,3.552610576152801514e-01,1.221275702118873596e-01,-1.874608546495437622e-01,-1.599302142858505249e-02,5.319800227880477905e-02,-1.560255438089370728e-01,-2.179610729217529297e-01,1.931079626083374023e-01,-1.546470522880554199e-01,9.600985050201416016e-02
2.794716316082448970e-02,6.640272649390754293e-04,5.474327324330806599e-01,5.315538868308067322e-02,2.896346524357795715e-02,8.219491690397262573e-03,9.981322884559631348e-01,0.000000000000000000e+00,0.000000000000000000e+00,0.000000000000000000e+00,-1.100000000000000089e+00,2.000000000000000111e-01,-5.000000000000000000e-01,0.000000000000000000e+00,1.100000000000000089e+00,2.000000000000000111e-01,5.000000000000000000e-01,1.204049140214920044e-01,2.169402502477169037e-02,3.585423827171325684e-01,1.219407990574836731e-01,-1.873712986707687378e-01,-1.628750376403331757e-02,4.900662973523139954e-02,-1.555926203727722168e-01,-2.146287411451339722e-01,1.946851909160614014e-01,-1.539754569530487061e-01,9.633863717317581177e-02
2.860415679666053826e-02,6.823619288119553341e-04,5.473752697203496664e-01,5.473372712731361389e-02,2.928966097533702850e-02,8.176374249160289764e-03,9.980378150939941406e-01,0.000000000000000000e+00,0.000000000000000000e+00,0.000000000000000000e+00,-1.100000000000000089e+00,2.000000000000000111e-01,-5.000000000000000000e-01,0.000000000000000000e+00,1.100000000000000089e+00,2.000000000000000111e-01,5.000000000000000000e-01,1.203359961509704590e-01,2.235037274658679962e-02,3.614399135112762451e-01,1.218232065439224243e-01,-1.875926256179809570e-01,-1.632555387914180756e-02,4.596617072820663452e-02,-1.547511518001556396e-01,-2.113321125507354736e-01,1.958741247653961182e-01,-1.538581103086471558e-01,9.613662958145141602e-02
2.926955809097059671e-02,9.370315907113818893e-04,5.473201736077816237e-01,5.607387050986289978e-02,2.970981411635875702e-02,8.067405782639980316e-03,9.979519248008728027e-01,0.000000000000000000e+00,0.000000000000000000e+00,0.000000000000000000e+00,-1.100000000000000089e+00,2.000000000000000111e-01,-5.000000000000000000e-01,0.000000000000000000e+00,1.100000000000000089e+00,2.000000000000000111e-01,5.000000000000000000e-01,1.204317733645439148e-01,2.333013713359832764e-02,3.642157316207885742e-01,1.220231950283050537e-01,-1.881411075592041016e-01,-1.636121422052383423e-02,4.355953633785247803e-02,-1.535433232784271240e-01,-2.080178111791610718e-01,1.970209777355194092e-01,-1.540137529373168945e-01,9.574116021394729614e-02
3.000157450894928510e-02,1.336272432171325747e-03,5.472770350539323259e-01,5.718645453453063965e-02,3.021722845733165741e-02,7.927947677671909332e-03,9.978746175765991211e-01,0.000000000000000000e+00,0.000000000000000000e+00,0.000000000000000000e+00,-1.100000000000000089e+00,2.000000000000000111e-01,-5.000000000000000000e-01,0.000000000000000000e+00,1.100000000000000089e+00,2.000000000000000111e-01,5.000000000000000000e-01,1.206110343337059021e-01,2.447424270212650299e-02,3.668763339519500732e-01,1.224723830819129944e-01,-1.885243058204650879e-01,-1.632170937955379486e-02,4.164491221308708191e-02,-1.521334201097488403e-01,-2.047960162162780762e-01,1.982179880142211914e-01,-1.540592461824417114e-01,9.521923214197158813e-02
3.080058750917551852e-02,1.777232386374074779e-03,5.472542409576249822e-01,5.817478895187377930e-02,3.073171898722648621e-02,7.785466965287923813e-03,9.978029131889343262e-01,0.000000000000000000e+00,0.000000000000000000e+00,0.000000000000000000e+00,-1.100000000000000089e+00,2.000000000000000111e-01,-5.000000000000000000e-01,0.000000000000000000e+00,1.100000000000000089e+00,2.000000000000000111e-01,5.000000000000000000e-01,1.206816583871841431e-01,2.574229426681995392e-02,3.695309460163116455e-01,1.229930743575096130e-01,-1.887106597423553467e-01,-1.627139560878276825e-02,3.998209908604621887e-02,-1.507274955511093140e-01,-2.016734033823013306e-01,1.996603161096572876e-01,-1.539679318666458130e-01,9.466766566038131714e-02
3.159670453814959062e-02,2.119684068452580995e-03,5.472504627012243494e-01,5.895462632179260254e-02,3.124799020588397980e-02,7.688792888075113297e-03,9.977418780326843262e-01,0.000000000000000000e+00,0.000000000000000000e+00,0.000000000000000000e+00,-1.100000000000000089e+00,2.000000000000000111e-01,-5.000000000000000000e-01,0.000000000000000000e+00,1.100000000000000089e+00,2.000000000000000111e-01,5.000000000000000000e-01,1.208441928029060364e-01,2.679349668323993683e-02,3.716531991958618164e-01,1.233253404498100281e-01,-1.885359883308410645e-01,-1.627650298178195953e-02,3.891849517822265625e-02,-1.497164815664291382e-01,-1.998001337051391602e-01,2.008731365203857422e-01,-1.536847054958343506e-01,9.422824531793594360e-02
3.238488359574341613e-02,2.345413480002804616e-03,5.472727585659183935e-01,5.956948921084403992e-02,3.173637017607688904e-02,7.639658171683549881e-03,9.976903796195983887e-01,0.000000000000000000e+00,0.000000000000000000e+00,0.000000000000000000e+00,-1.100000000000000089e+00,2.000000000000000111e-01,-5.000000000000000000e-01,0.000000000000000000e+00,1.100000000000000089e+00,2.000000000000000111e-01,5.000000000000000000e-01,1.208896636962890625e-01,2.764553762972354889e-02,3.733530938625335693e-01,1.233499050140380859e-01,-1.880220472812652588e-01,-1.644420810043811798e-02,3.818563744425773621e-02,-1.489428430795669556e-01,-1.985436230897903442e-01,2.017993628978729248e-01,-1.530386209487915039e-01,9.373541176319122314e-02
3.313336760652336316e-02,2.512178185667532024e-03,5.473103335334195130e-01,6.011397391557693481e-02,3.226333856582641602e-02,7.629429455846548080e-03,9.976407885551452637e-01,0.000000000000000000e+00,0.000000000000000000e+00,0.000000000000000000e+00,-1.100000000000000089e+00,2.000000000000000111e-01,-5.000000000000000000e-01,0.000000000000000000e+00,1.100000000000000089e+00,2.000000000000000111e-01,5.000000000000000000e-01,1.212049722671508789e-01,2.818551287055015564e-02,3.746209144592285156e-01,1.231839507818222046e-01,-1.874036192893981934e-01,-1.637167111039161682e-02,3.784622997045516968e-02,-1.483366191387176514e-01,-1.973526030778884888e-01,2.022471278905868530e-01,-1.523129940032958984e-01,9.320236742496490479e-02
3.371015373749113031e-02,2.745980181957058657e-03,5.473283944294007330e-01,6.049765646457672119e-02,3.277250751852989197e-02,7.643288932740688324e-03,9.976009130477905273e-01,0.000000000000000000e+00,0.000000000000000000e+00,0.000000000000000000e+00,-1.100000000000000089e+00,2.000000000000000111e-01,-5.000000000000000000e-01,0.000000000000000000e+00,1.100000000000000089e+00,2.000000000000000111e-01,5.000000000000000000e-01,1.217650473117828369e-01,2.852215804159641266e-02,3.752265274524688721e-01,1.228415295481681824e-01,-1.866837590932846069e-01,-1.655690558254718781e-02,3.721642121672630310e-02,-1.478499323129653931e-01,-1.957133412361145020e-01,2.030725181102752686e-01,-1.518187671899795532e-01,9.248917549848556519e-02
3.418741031883829745e-02,3.024877977899670996e-03,5.472858786650679486e-01,6.066511571407318115e-02,3.320225700736045837e-02,7.671851664781570435e-03,9.975763559341430664e-01,0.000000000000000000e+00,0.000000000000000000e+00,0.000000000000000000e+00,-1.100000000000000089e+00,2.000000000000000111e-01,-5.000000000000000000e-01,0.000000000000000000e+00,1.100000000000000089e+00,2.000000000000000111e-01,5.000000000000000000e-01,1.223859339952468872e-01,2.892822772264480591e-02,3.753550946712493896e-01,1.226301491260528564e-01,-1.858436316251754761e-01,-1.661887019872665405e-02,3.662512451410293579e-02,-1.475293785333633423e-01,-1.940315663814544678e-01,2.036429792642593384e-01,-1.518318504095077515e-01,9.162575006484985352e-02
