-3.616667692187345434e-02,-1.699583832806004450e-03,5.276655592536083628e-01,9.987816810607910156e-01,1.468066405504941940e-02,4.661946371197700500e-02,6.798727437853813171e-03,0.000000000000000000e+00,0.000000000000000000e+00,0.000000000000000000e+00,-1.100000000000000089e+00,2.000000000000000111e-01,-5.000000000000000000e-01,0.000000000000000000e+00,1.100000000000000089e+00,2.000000000000000111e-01,5.000000000000000000e-01,1.261436045169830322e-01,4.486443102359771729e-02,1.275136470794677734e-01,1.327274739742279053e-01,-3.476842045783996582e-01,-1.029203012585639954e-01,-3.300361037254333496e-01,-3.742947280406951904e-01,-2.715110778808593750e-01,1.023926377296447754e+00,-4.031597077846527100e-01,1.116647496819496155e-01
-2.456902566996186504e-02,-2.529275541930492118e-04,5.244505121724473140e-01,9.986479282379150391e-01,1.500509493052959442e-02,4.936736449599266052e-02,6.326538976281881332e-03,0.000000000000000000e+00,0.000000000000000000e+00,0.000000000000000000e+00,-1.100000000000000089e+00,2.000000000000000111e-01,-5.000000000000000000e-01,0.000000000000000000e+00,1.100000000000000089e+00,2.000000000000000111e-01,5.000000000000000000e-01,1.485904902219772339e-01,4.400354623794555664e-02,1.365863084793090820e-01,1.327374875545501709e-01,-3.710801601409912109e-01,-1.029005199670791626e-01,-4.316945970058441162e-01,-3.776639699935913086e-01,-2.575665414333343506e-01,1.064615488052368164e+00,-4.039767682552337646e-01,1.057887002825737000e-01
-9.643750346896021869e-03,3.305296215514336188e-04,5.205726509684264203e-01,9.984620213508605957e-01,1.374573819339275360e-02,5.345445498824119568e-02,5.223088432103395462e-03,0.000000000000000000e+00,0.000000000000000000e+00,0.000000000000000000e+00,-1.100000000000000089e+00,2.000000000000000111e-01,-5.000000000000000000e-01,0.000000000000000000e+00,1.100000000000000089e+00,2.000000000000000111e-01,5.000000000000000000e-01,1.720314472913742065e-01,4.607350751757621765e-02,1.438712179660797119e-01,1.325291544198989868e-01,-3.936536610126495361e-01,-1.045446917414665222e-01,-5.322238802909851074e-01,-3.750064671039581299e-01,-2.694619596004486084e-01,1.042046785354614258e+00,-3.845857083797454834e-01,1.063262000679969788e-01
4.286670622538135862e-03,3.129886291233818004e-04,5.157356108702493280e-01,9.981918334960937500e-01,1.128111500293016434e-02,5.893901735544204712e-02,3.472129814326763153e-03,0.000000000000000000e+00,0.000000000000000000e+00,0.000000000000000000e+00,-1.100000000000000089e+00,2.000000000000000111e-01,-5.000000000000000000e-01,0.000000000000000000e+00,1.100000000000000089e+00,2.000000000000000111e-01,5.000000000000000000e-01,1.935180127620697021e-01,5.108069255948066711e-02,1.492677778005599976e-01,1.346185058355331421e-01,-4.169633090496063232e-01,-1.117062419652938843e-01,-6.188454031944274902e-01,-3.611704409122467041e-01,-2.946424484252929688e-01,9.411633014678955078e-01,-3.375831842422485352e-01,1.122466027736663818e-01
2.014661807228218526e-02,-5.406761784935511283e-04,5.102893580669405349e-01,9.978278279304504395e-01,8.188861422240734100e-03,6.526036560535430908e-02,3.695612307637929916e-03,0.000000000000000000e+00,0.000000000000000000e+00,0.000000000000000000e+00,-1.100000000000000089e+00,2.000000000000000111e-01,-5.000000000000000000e-01,0.000000000000000000e+00,1.100000000000000089e+00,2.000000000000000111e-01,5.000000000000000000e-01,2.148415893316268921e-01,5.964193493127822876e-02,1.491935700178146362e-01,1.400045156478881836e-01,-4.408707022666931152e-01,-1.228649690747261047e-01,-6.795870661735534668e-01,-3.341182768344879150e-01,-3.097348213195800781e-01,7.813159823417663574e-01,-2.725237607955932617e-01,1.218724846839904785e-01
3.964218236374283250e-02,-2.437315155523288052e-03,5.053482290808901656e-01,9.973674416542053223e-01,4.605845082551240921e-03,7.176566123962402344e-02,9.309339337050914764e-03,0.000000000000000000e+00,0.000000000000000000e+00,0.000000000000000000e+00,-1.100000000000000089e+00,2.000000000000000111e-01,-5.000000000000000000e-01,0.000000000000000000e+00,1.100000000000000089e+00,2.000000000000000111e-01,5.000000000000000000e-01,2.405795753002166748e-01,7.131473720073699951e-02,1.396777778863906860e-01,1.390767246484756470e-01,-4.522639811038970947e-01,-1.357344388961791992e-01,-7.219842076301574707e-01,-2.936861515045166016e-01,-2.857028841972351074e-01,6.282699108123779297e-01,-2.155267745256423950e-01,1.435923129320144653e-01
6.327757388955414231e-02,-5.428885409403874131e-03,5.020397220529390081e-01,9.966190457344055176e-01,3.876570612192153931e-03,7.914817333221435547e-02,2.170269005000591278e-02,0.000000000000000000e+00,0.000000000000000000e+00,0.000000000000000000e+00,-1.100000000000000089e+00,2.000000000000000111e-01,-5.000000000000000000e-01,0.000000000000000000e+00,1.100000000000000089e+00,2.000000000000000111e-01,5.000000000000000000e-01,2.683967053890228271e-01,8.245518803596496582e-02,1.178286671638488770e-01,1.293850094079971313e-01,-4.340637624263763428e-01,-1.409431248903274536e-01,-7.609943151473999023e-01,-2.661217153072357178e-01,-2.394403219223022461e-01,5.787432193756103516e-01,-1.857448220252990723e-01,1.546577066183090210e-01
9.006170617265983613e-02,-9.461889969399010086e-03,5.009699772599369716e-01,9.956723451614379883e-01,5.116597749292850494e-03,8.675254881381988525e-02,3.293075412511825562e-02,0.000000000000000000e+00,0.000000000000000000e+00,0.000000000000000000e+00,-1.100000000000000089e+00,2.000000000000000111e-01,-5.000000000000000000e-01,0.000000000000000000e+00,1.100000000000000089e+00,2.000000000000000111e-01,5.000000000000000000e-01,2.947084009647369385e-01,9.394319355487823486e-02,9.781916439533233643e-02,1.321222931146621704e-01,-3.719849884510040283e-01,-1.429451406002044678e-01,-7.811270356178283691e-01,-2.582487463951110840e-01,-2.231968492269515991e-01,6.333070993423461914e-01,-1.912617981433868408e-01,1.446884423494338989e-01
1.177554017850997448e-01,-1.416622205519804147e-02,5.033307232015361565e-01,9.948155283927917480e-01,7.240044884383678436e-03,9.436128288507461548e-02,3.722442314028739929e-02,0.000000000000000000e+00,0.000000000000000000e+00,0.000000000000000000e+00,-1.100000000000000089e+00,2.000000000000000111e-01,-5.000000000000000000e-01,0.000000000000000000e+00,1.100000000000000089e+00,2.000000000000000111e-01,5.000000000000000000e-01,2.905958294868469238e-01,1.062848716974258423e-01,9.791489690542221069e-02,2.059525102376937866e-01,-2.704686224460601807e-01,-1.309323459863662720e-01,-7.756125330924987793e-01,-2.579979598522186279e-01,-2.200284898281097412e-01,7.247610092163085938e-01,-2.225351482629776001e-01,1.041796430945396423e-01
1.468328007656817535e-01,-1.848635593694963886e-02,5.079629070680551362e-01,9.947177767753601074e-01,7.599087432026863098e-03,9.781455248594284058e-02,3.018491156399250031e-02,0.000000000000000000e+00,0.000000000000000000e+00,0.000000000000000000e+00,-1.100000000000000089e+00,2.000000000000000111e-01,-5.000000000000000000e-01,0.000000000000000000e+00,1.100000000000000089e+00,2.000000000000000111e-01,5.000000000000000000e-01,2.127151489257812500e-01,1.299988031387329102e-01,1.179594397544860840e-01,4.562192857265472412e-01,-1.670964360237121582e-01,-1.022942438721656799e-01,-7.341784238815307617e-01,-2.396795153617858887e-01,-2.152409106492996216e-01,7.634390592575073242e-01,-2.862691879272460938e-01,7.257739454507827759e-02
1.742826223832489307e-01,-2.260809502827774986e-02,5.146485110093849125e-01,9.950995445251464844e-01,3.740307176485657692e-03,9.747973084449768066e-02,1.614494994282722473e-02,0.000000000000000000e+00,0.000000000000000000e+00,0.000000000000000000e+00,-1.100000000000000089e+00,2.000000000000000111e-01,-5.000000000000000000e-01,0.000000000000000000e+00,1.100000000000000089e+00,2.000000000000000111e-01,5.000000000000000000e-01,8.592219650745391846e-02,1.746252328157424927e-01,1.538500636816024780e-01,7.913820147514343262e-01,-6.292244791984558105e-02,-6.097551807761192322e-02,-6.549131870269775391e-01,-1.966440081596374512e-01,-2.038806676864624023e-01,7.214255332946777344e-01,-3.045766055583953857e-01,7.453698664903640747e-02
2.012245591500341213e-01,-2.665722853927449815e-02,5.209252743927216267e-01,9.950752258300781250e-01,-3.533046692609786987e-03,9.904842078685760498e-02,1.491243136115372181e-03,0.000000000000000000e+00,0.000000000000000000e+00,0.000000000000000000e+00,-1.100000000000000089e+00,2.000000000000000111e-01,-5.000000000000000000e-01,0.000000000000000000e+00,1.100000000000000089e+00,2.000000000000000111e-01,5.000000000000000000e-01,-6.380741298198699951e-02,2.281674146652221680e-01,1.843071579933166504e-01,1.089285135269165039e+00,-6.709265708923339844e-02,-1.519950199872255325e-02,-5.651969313621520996e-01,-1.443282216787338257e-01,-2.009841054677963257e-01,6.515667438507080078e-01,-3.241900503635406494e-01,6.574412435293197632e-02
2.309665160641224679e-01,-3.100842794060067534e-02,5.284585779047373810e-01,9.949786067008972168e-01,2.302162349224090576e-03,9.989679604768753052e-02,-5.724831018596887589e-03,0.000000000000000000e+00,0.000000000000000000e+00,0.000000000000000000e+00,-1.100000000000000089e+00,2.000000000000000111e-01,-5.000000000000000000e-01,0.000000000000000000e+00,1.100000000000000089e+00,2.000000000000000111e-01,5.000000000000000000e-01,-1.973185539245605469e-01,1.853846758604049683e-01,1.870218962430953979e-01,1.219990372657775879e+00,-1.370203346014022827e-01,-4.513224959373474121e-02,-4.614927172660827637e-01,-1.276859045028686523e-01,-1.864652931690216064e-01,5.680605769157409668e-01,-3.367741405963897705e-01,6.347424536943435669e-02
2.629638844529035291e-01,-3.559415949405067559e-02,5.350654612511697161e-01,9.950565099716186523e-01,1.106857880949974060e-02,9.840486198663711548e-02,-7.515905890613794327e-03,0.000000000000000000e+00,0.000000000000000000e+00,0.000000000000000000e+00,-1.100000000000000089e+00,2.000000000000000111e-01,-5.000000000000000000e-01,0.000000000000000000e+00,1.100000000000000089e+00,2.000000000000000111e-01,5.000000000000000000e-01,-3.224724531173706055e-01,1.224799528717994690e-01,1.995492875576019287e-01,1.218428730964660645e+00,-1.850745975971221924e-01,-9.033505618572235107e-02,-3.364482820034027100e-01,-1.222959831357002258e-01,-1.769362390041351318e-01,4.590346813201904297e-01,-3.407173454761505127e-01,6.442824751138687134e-02
2.954465096733636109e-01,-4.048995978311833305e-02,5.390638945056031028e-01,9.951173067092895508e-01,1.828630082309246063e-02,9.668356925249099731e-02,-7.710820063948631287e-03,0.000000000000000000e+00,0.000000000000000000e+00,0.000000000000000000e+00,-1.100000000000000089e+00,2.000000000000000111e-01,-5.000000000000000000e-01,0.000000000000000000e+00,1.100000000000000089e+00,2.000000000000000111e-01,5.000000000000000000e-01,-4.335850179195404053e-01,6.458444893360137939e-02,2.143855094909667969e-01,1.101075887680053711e+00,-2.069275677204132080e-01,-1.294913291931152344e-01,-2.047297805547714233e-01,-1.163900271058082581e-01,-1.713813990354537964e-01,3.368522524833679199e-01,-3.346437513828277588e-01,6.582123041152954102e-02
3.280718159720752980e-01,-4.520308552714384642e-02,5.388803376754125463e-01,9.952039122581481934e-01,2.016641199588775635e-02,9.536147862672805786e-02,-8.286857046186923981e-03,0.000000000000000000e+00,0.000000000000000000e+00,0.000000000000000000e+00,-1.100000000000000089e+00,2.000000000000000111e-01,-5.000000000000000000e-01,0.000000000000000000e+00,1.100000000000000089e+00,2.000000000000000111e-01,5.000000000000000000e-01,-5.222340822219848633e-01,2.788366004824638367e-02,2.181899398565292358e-01,8.996511697769165039e-01,-1.995902806520462036e-01,-1.510240733623504639e-01,-7.891801744699478149e-02,-9.950517117977142334e-02,-1.705599129199981689e-01,2.217993140220642090e-01,-3.219742178916931152e-01,7.450440526008605957e-02
3.607392851210604046e-01,-4.952741934569797333e-02,5.337030469046698533e-01,9.956156015396118164e-01,1.158369146287441254e-02,9.184180200099945068e-02,-1.343353185802698135e-02,0.000000000000000000e+00,0.000000000000000000e+00,0.000000000000000000e+00,-1.100000000000000089e+00,2.000000000000000111e-01,-5.000000000000000000e-01,0.000000000000000000e+00,1.100000000000000089e+00,2.000000000000000111e-01,5.000000000000000000e-01,-5.811899304389953613e-01,3.809558227658271790e-02,2.175274044275283813e-01,6.379716992378234863e-01,-1.460544615983963013e-01,-1.511824727058410645e-01,2.876560203731060028e-02,-6.394080817699432373e-02,-1.689920127391815186e-01,1.501754820346832275e-01,-3.189831972122192383e-01,8.707316964864730835e-02
3.938781644148056094e-01,-5.324631352560839359e-02,5.245009996425924470e-01,9.961621761322021484e-01,-8.843102492392063141e-03,8.198068290948867798e-02,-2.935723215341567993e-02,0.000000000000000000e+00,0.000000000000000000e+00,0.000000000000000000e+00,-1.100000000000000089e+00,2.000000000000000111e-01,-5.000000000000000000e-01,0.000000000000000000e+00,1.100000000000000089e+00,2.000000000000000111e-01,5.000000000000000000e-01,-5.997178554534912109e-01,9.702078253030776978e-02,2.259398996829986572e-01,3.453613221645355225e-01,-6.419021636247634888e-02,-1.533656120300292969e-01,1.295482069253921509e-01,-1.360323466360569000e-02,-1.412965208292007446e-01,1.324049234390258789e-01,-3.414598405361175537e-01,8.503013849258422852e-02
4.310829043079807410e-01,-5.600408778403594134e-02,5.138676159941788502e-01,9.956315159797668457e-01,-2.863791398704051971e-02,6.670281291007995605e-02,-5.872388929128646851e-02,0.000000000000000000e+00,0.000000000000000000e+00,0.000000000000000000e+00,-1.100000000000000089e+00,2.000000000000000111e-01,-5.000000000000000000e-01,0.000000000000000000e+00,1.100000000000000089e+00,2.000000000000000111e-01,5.000000000000000000e-01,-6.000485420227050781e-01,1.672263741493225098e-01,2.187712192535400391e-01,1.106865033507347107e-01,-3.429710865020751953e-02,-1.606674343347549438e-01,2.385116517543792725e-01,2.335972711443901062e-02,-8.479916304349899292e-02,1.227573454380035400e-01,-3.615954816341400146e-01,9.264753013849258423e-02
4.713183871047063045e-01,-5.759782172673654638e-02,5.041174724381981553e-01,9.939644336700439453e-01,-3.397440165281295776e-02,5.409052968025207520e-02,-8.918869495391845703e-02,0.000000000000000000e+00,0.000000000000000000e+00,0.000000000000000000e+00,-1.100000000000000089e+00,2.000000000000000111e-01,-5.000000000000000000e-01,0.000000000000000000e+00,1.100000000000000089e+00,2.000000000000000111e-01,5.000000000000000000e-01,-6.591691970825195312e-01,2.118395566940307617e-01,1.748034805059432983e-01,1.081390306353569031e-01,-9.025308489799499512e-02,-1.449712961912155151e-01,3.493211865425109863e-01,5.867987871170043945e-03,-2.621190249919891357e-02,1.176311746239662170e-01,-3.593360185623168945e-01,1.097071543335914612e-01
5.119540744447949043e-01,-5.729320499434540498e-02,4.986324821269572105e-01,9.930392503738403320e-01,-2.962033823132514954e-02,5.231771245598793030e-02,-1.012842431664466858e-01,0.000000000000000000e+00,0.000000000000000000e+00,0.000000000000000000e+00,-1.100000000000000089e+00,2.000000000000000111e-01,-5.000000000000000000e-01,0.000000000000000000e+00,1.100000000000000089e+00,2.000000000000000111e-01,5.000000000000000000e-01,-6.535108089447021484e-01,1.923873275518417358e-01,1.457577049732208252e-01,1.036037281155586243e-01,-1.023207530379295349e-01,-1.391485035419464111e-01,4.227544963359832764e-01,-2.410699240863323212e-02,1.825529336929321289e-02,1.399164050817489624e-01,-2.795242071151733398e-01,1.203298792243003845e-01
5.538456791240458088e-01,-5.692798565207708023e-02,5.008915888194483967e-01,9.937704801559448242e-01,6.155798211693763733e-03,6.733226031064987183e-02,-8.859292417764663696e-02,0.000000000000000000e+00,0.000000000000000000e+00,0.000000000000000000e+00,-1.100000000000000089e+00,2.000000000000000111e-01,-5.000000000000000000e-01,0.000000000000000000e+00,1.100000000000000089e+00,2.000000000000000111e-01,5.000000000000000000e-01,-6.578846573829650879e-01,6.820353865623474121e-02,1.186692714691162109e-01,1.538813412189483643e-01,2.785756997764110565e-02,-4.382381588220596313e-02,3.327594995498657227e-01,-9.981051832437515259e-02,2.886585332453250885e-02,4.224255681037902832e-01,-1.650767624378204346e-01,1.334711462259292603e-01
6.007592923879021551e-01,-5.851247117045627055e-02,5.054714998858745867e-01,9.951123595237731934e-01,2.393920905888080597e-02,6.481301784515380859e-02,-7.055193930864334106e-02,0.000000000000000000e+00,0.000000000000000000e+00,0.000000000000000000e+00,-1.100000000000000089e+00,2.000000000000000111e-01,-5.000000000000000000e-01,0.000000000000000000e+00,1.100000000000000089e+00,2.000000000000000111e-01,5.000000000000000000e-01,-6.764818429946899414e-01,-5.605609621852636337e-03,7.413350790739059448e-02,3.449518382549285889e-01,8.660583198070526123e-02,-5.229990929365158081e-03,2.218509167432785034e-01,-1.370965838432312012e-01,1.618279889225959778e-02,7.573007941246032715e-01,4.283222183585166931e-02,1.130652278661727905e-01
6.414219672737097033e-01,-5.890382691277096933e-02,5.112453399749115057e-01,9.972626566886901855e-01,2.536603435873985291e-02,5.019608139991760254e-02,-4.800088331103324890e-02,0.000000000000000000e+00,0.000000000000000000e+00,0.000000000000000000e+00,-1.100000000000000089e+00,2.000000000000000111e-01,-5.000000000000000000e-01,0.000000000000000000e+00,1.100000000000000089e+00,2.000000000000000111e-01,5.000000000000000000e-01,-6.217134594917297363e-01,-4.389860108494758606e-02,4.456108435988426208e-02,4.751965701580047607e-01,1.441253628581762314e-02,-1.101056765764951706e-02,1.044961437582969666e-01,-1.611197292804718018e-01,-3.025203570723533630e-02,1.076407194137573242e+00,1.689288318157196045e-01,7.710542529821395874e-02
6.818079160176443443e-01,-5.846437625003733651e-02,5.194176255309521650e-01,9.977367520332336426e-01,3.495476394891738892e-02,4.583254083991050720e-02,-3.462650254368782043e-02,0.000000000000000000e+00,0.000000000000000000e+00,0.000000000000000000e+00,-1.100000000000000089e+00,2.000000000000000111e-01,-5.000000000000000000e-01,0.000000000000000000e+00,1.100000000000000089e+00,2.000000000000000111e-01,5.000000000000000000e-01,-5.204963684082031250e-01,-9.085841476917266846e-02,3.591974079608917236e-02,4.613391458988189697e-01,-6.043495982885360718e-02,2.539904788136482239e-03,-5.298840627074241638e-02,-1.698803901672363281e-01,-2.152331732213497162e-02,1.296036005020141602e+00,3.526278212666511536e-02,8.459897339344024658e-02
7.229207846853468178e-01,-5.857577772481799977e-02,5.297667680439924753e-01,9.981062412261962891e-01,3.705598041415214539e-02,4.053959995508193970e-02,-2.769970521330833435e-02,0.000000000000000000e+00,0.000000000000000000e+00,0.000000000000000000e+00,-1.100000000000000089e+00,2.000000000000000111e-01,-5.000000000000000000e-01,0.000000000000000000e+00,1.100000000000000089e+00,2.000000000000000111e-01,5.000000000000000000e-01,-3.705672323703765869e-01,-1.144747659564018250e-01,2.118458598852157593e-02,3.635430932044982910e-01,-1.085264161229133606e-01,1.207884401082992554e-02,-2.082661241292953491e-01,-1.789039224386215210e-01,-3.669531643390655518e-02,1.369771838188171387e+00,-1.019636914134025574e-01,5.890101566910743713e-02
7.645476207814433378e-01,-5.919654836539517406e-02,5.384621967939716702e-01,9.986675977706909180e-01,3.024977259337902069e-02,3.469239920377731323e-02,-2.333120629191398621e-02,0.000000000000000000e+00,0.000000000000000000e+00,0.000000000000000000e+00,-1.100000000000000089e+00,2.000000000000000111e-01,-5.000000000000000000e-01,0.000000000000000000e+00,1.100000000000000089e+00,2.000000000000000111e-01,5.000000000000000000e-01,-1.997274309396743774e-01,-1.096198260784149170e-01,-3.076834836974740028e-03,2.374244332313537598e-01,-1.304354220628738403e-01,1.887278445065021515e-02,-3.378498554229736328e-01,-2.032921016216278076e-01,-1.017492860555648804e-01,1.304379701614379883e+00,-1.886774152517318726e-01,1.295553520321846008e-02
8.079655995272626567e-01,-5.999902822726378010e-02,5.422377959593679408e-01,9.990559816360473633e-01,2.311831898987293243e-02,3.135657310485839844e-02,-1.922152563929557800e-02,0.000000000000000000e+00,0.000000000000000000e+00,0.000000000000000000e+00,-1.100000000000000089e+00,2.000000000000000111e-01,-5.000000000000000000e-01,0.000000000000000000e+00,1.100000000000000089e+00,2.000000000000000111e-01,5.000000000000000000e-01,-4.976933822035789490e-02,-9.882753342390060425e-02,-2.291995286941528320e-02,1.409521996974945068e-01,-1.483719795942306519e-01,3.110712207853794098e-02,-4.319800436496734619e-01,-2.220934629440307617e-01,-1.868348717689514160e-01,1.131582021713256836e+00,-2.327967584133148193e-01,-2.146210707724094391e-02
8.519460817644692874e-01,-6.073947306336703600e-02,5.389752507977413343e-01,9.991482496261596680e-01,2.646068111062049866e-02,3.045709989964962006e-02,-8.655305951833724976e-03,0.000000000000000000e+00,0.000000000000000000e+00,0.000000000000000000e+00,-1.100000000000000089e+00,2.000000000000000111e-01,-5.000000000000000000e-01,0.000000000000000000e+00,1.100000000000000089e+00,2.000000000000000111e-01,5.000000000000000000e-01,5.459824204444885254e-02,-1.093896552920341492e-01,-3.589822724461555481e-02,1.218999251723289490e-01,-2.029926776885986328e-01,5.134169012308120728e-02,-5.021989941596984863e-01,-2.317532002925872803e-01,-2.492175996303558350e-01,8.819658756256103516e-01,-2.251056879758834839e-01,-1.070103701204061508e-02
8.933324380685584432e-01,-6.246770878200127303e-02,5.295554763206629101e-01,9.986261129379272461e-01,4.221346974372863770e-02,2.820808812975883484e-02,1.297265570610761642e-02,0.000000000000000000e+00,0.000000000000000000e+00,0.000000000000000000e+00,-1.100000000000000089e+00,2.000000000000000111e-01,-5.000000000000000000e-01,0.000000000000000000e+00,1.100000000000000089e+00,2.000000000000000111e-01,5.000000000000000000e-01,1.495788693428039551e-01,-1.423437744379043579e-01,-6.307655572891235352e-02,1.220211982727050781e-01,-2.693726420402526855e-01,6.950221210718154907e-02,-5.467138886451721191e-01,-2.555252313613891602e-01,-2.762753665447235107e-01,5.817873477935791016e-01,-1.538695544004440308e-01,2.368804439902305603e-02
9.342249638052901872e-01,-6.440147023102400781e-02,5.179211453611802796e-01,9.966347813606262207e-01,6.208619102835655212e-02,2.336875535547733307e-02,4.814884439110755920e-02,0.000000000000000000e+00,0.000000000000000000e+00,0.000000000000000000e+00,-1.100000000000000089e+00,2.000000000000000111e-01,-5.000000000000000000e-01,0.000000000000000000e+00,1.100000000000000089e+00,2.000000000000000111e-01,5.000000000000000000e-01,2.425867021083831787e-01,-1.705508530139923096e-01,-1.157484948635101318e-01,1.288313716650009155e-01,-3.253850936889648438e-01,6.879325211048126221e-02,-5.603753924369812012e-01,-2.939608097076416016e-01,-2.708926200866699219e-01,2.635365724563598633e-01,-7.176402956247329712e-02,7.091628015041351318e-02
9.792616970626393247e-01,-6.640214003377942209e-02,5.062433436934393738e-01,9.925169944763183594e-01,8.230378478765487671e-02,1.379001513123512268e-02,8.914031088352203369e-02,0.000000000000000000e+00,0.000000000000000000e+00,0.000000000000000000e+00,-1.100000000000000089e+00,2.000000000000000111e-01,-5.000000000000000000e-01,0.000000000000000000e+00,1.100000000000000089e+00,2.000000000000000111e-01,5.000000000000000000e-01,3.486045897006988525e-01,-1.757835000753402710e-01,-1.740846335887908936e-01,1.276316493749618530e-01,-3.409822583198547363e-01,6.582877784967422485e-02,-5.815493464469909668e-01,-3.712953329086303711e-01,-2.678352594375610352e-01,1.003084555268287659e-01,-9.628514200448989868e-02,1.227246448397636414e-01
1.025793955545834857e+00,-6.893439701833584121e-02,4.988812242598846813e-01,9.896230697631835938e-01,8.968858420848846436e-02,1.250938326120376587e-02,1.115599572658538818e-01,0.000000000000000000e+00,0.000000000000000000e+00,0.000000000000000000e+00,-1.100000000000000089e+00,2.000000000000000111e-01,-5.000000000000000000e-01,0.000000000000000000e+00,1.100000000000000089e+00,2.000000000000000111e-01,5.000000000000000000e-01,4.384376406669616699e-01,-1.512610316276550293e-01,-2.104612290859222412e-01,1.401900649070739746e-01,-2.883656620979309082e-01,6.070999428629875183e-02,-6.114866137504577637e-01,-4.101885259151458740e-01,-2.781751751899719238e-01,9.516131877899169922e-02,-1.583734303712844849e-01,1.731041967868804932e-01
1.070048382131740361e+00,-7.262191298643522197e-02,4.984543228059103992e-01,9.931586980819702148e-01,5.737965926527976990e-02,3.427130728960037231e-02,9.575373679399490356e-02,0.000000000000000000e+00,0.000000000000000000e+00,0.000000000000000000e+00,-1.100000000000000089e+00,2.000000000000000111e-01,-5.000000000000000000e-01,0.000000000000000000e+00,1.100000000000000089e+00,2.000000000000000111e-01,5.000000000000000000e-01,3.780896961688995361e-01,-9.990612417459487915e-02,-1.885863989591598511e-01,3.397036194801330566e-01,-2.399118691682815552e-01,3.610904142260551453e-02,-5.930523276329040527e-01,-2.887545526027679443e-01,-3.299026191234588623e-01,9.187240898609161377e-02,-4.577222838997840881e-02,1.265489608049392700e-01
1.116975655245660448e+00,-7.751320324142021989e-02,5.009453147950798657e-01,9.952874779701232910e-01,2.509265579283237457e-02,4.748295247554779053e-02,8.073747158050537109e-02,0.000000000000000000e+00,0.000000000000000000e+00,0.000000000000000000e+00,-1.100000000000000089e+00,2.000000000000000111e-01,-5.000000000000000000e-01,0.000000000000000000e+00,1.100000000000000089e+00,2.000000000000000111e-01,5.000000000000000000e-01,2.907348275184631348e-01,-4.315809160470962524e-02,-1.681014299392700195e-01,6.169528365135192871e-01,-5.763721093535423279e-02,-3.436845913529396057e-02,-7.273618578910827637e-01,-2.166724503040313721e-01,-2.442742139101028442e-01,4.648684859275817871e-01,-8.792384527623653412e-03,-5.151600763201713562e-02
1.164559514587274691e+00,-8.201336092033395531e-02,5.051926562596451564e-01,9.970651865005493164e-01,1.955574005842208862e-02,3.129144012928009033e-02,6.707830727100372314e-02,0.000000000000000000e+00,0.000000000000000000e+00,0.000000000000000000e+00,-1.100000000000000089e+00,2.000000000000000111e-01,-5.000000000000000000e-01,0.000000000000000000e+00,1.100000000000000089e+00,2.000000000000000111e-01,5.000000000000000000e-01,2.285883426666259766e-01,-3.733176738023757935e-02,-1.068592220544815063e-01,8.972758650779724121e-01,1.595728248357772827e-01,-1.497643142938613892e-01,-6.782131791114807129e-01,-1.870190650224685669e-01,-2.129763215780258179e-01,6.297543644905090332e-01,-4.132679849863052368e-02,-3.693909570574760437e-02
1.210082189744771108e+00,-8.746626200173238108e-02,5.132481480216739556e-01,9.982203245162963867e-01,6.557241082191467285e-03,2.299271523952484131e-02,5.463004484772682190e-02,0.000000000000000000e+00,0.000000000000000000e+00,0.000000000000000000e+00,-1.100000000000000089e+00,2.000000000000000111e-01,-5.000000000000000000e-01,0.000000000000000000e+00,1.100000000000000089e+00,2.000000000000000111e-01,5.000000000000000000e-01,9.716317802667617798e-02,1.854370348155498505e-03,-5.830541253089904785e-02,1.153155803680419922e+00,1.289235353469848633e-01,-1.820019930601119995e-01,-5.735517740249633789e-01,-1.309880912303924561e-01,-2.266726195812225342e-01,6.603784561157226562e-01,-1.533212810754776001e-01,-5.547489970922470093e-02
1.254172199898295981e+00,-9.262573061247515727e-02,5.242456144214880931e-01,9.988842010498046875e-01,-4.719062708318233490e-03,2.113638445734977722e-02,4.196958988904953003e-02,0.000000000000000000e+00,0.000000000000000000e+00,0.000000000000000000e+00,-1.100000000000000089e+00,2.000000000000000111e-01,-5.000000000000000000e-01,0.000000000000000000e+00,1.100000000000000089e+00,2.000000000000000111e-01,5.000000000000000000e-01,-6.056259199976921082e-02,3.746937587857246399e-02,-2.330360002815723419e-02,1.286364078521728516e+00,-1.210751384496688843e-02,-1.726915687322616577e-01,-4.331678152084350586e-01,-6.236656755208969116e-02,-2.360107302665710449e-01,5.778834819793701172e-01,-2.172811180353164673e-01,-5.958995223045349121e-02
1.297142019307974570e+00,-9.698765496826834698e-02,5.350049676294579282e-01,9.993385076522827148e-01,-3.195276949554681778e-03,1.948882825672626495e-02,3.053660131990909576e-02,0.000000000000000000e+00,0.000000000000000000e+00,0.000000000000000000e+00,-1.100000000000000089e+00,2.000000000000000111e-01,-5.000000000000000000e-01,0.000000000000000000e+00,1.100000000000000089e+00,2.000000000000000111e-01,5.000000000000000000e-01,-2.100052386522293091e-01,5.552994459867477417e-02,3.280267119407653809e-02,1.281308293342590332e+00,-1.023853346705436707e-01,-1.350306421518325806e-01,-2.682732641696929932e-01,-1.893694512546062469e-02,-2.188384383916854858e-01,4.393031895160675049e-01,-2.458043694496154785e-01,-5.388391017913818359e-02
1.342293262797774611e+00,-1.011776063788795144e-01,5.423592399151035970e-01,9.996234178543090820e-01,6.386653985828161240e-03,1.947745494544506073e-02,1.824454404413700104e-02,0.000000000000000000e+00,0.000000000000000000e+00,0.000000000000000000e+00,-1.100000000000000089e+00,2.000000000000000111e-01,-5.000000000000000000e-01,0.000000000000000000e+00,1.100000000000000089e+00,2.000000000000000111e-01,5.000000000000000000e-01,-3.278624117374420166e-01,4.594649747014045715e-02,9.208697080612182617e-02,1.150143980979919434e+00,-1.325326859951019287e-01,-1.017606332898139954e-01,-1.033020168542861938e-01,-2.836177591234445572e-03,-1.880943477153778076e-01,2.847566306591033936e-01,-2.510990798473358154e-01,-4.515435174107551575e-02
1.388670737326446192e+00,-1.048002172995245868e-01,5.443335242020059805e-01,9.996614456176757812e-01,1.073619071394205093e-02,2.369777671992778778e-02,-4.108426219318062067e-04,0.000000000000000000e+00,0.000000000000000000e+00,0.000000000000000000e+00,-1.100000000000000089e+00,2.000000000000000111e-01,-5.000000000000000000e-01,0.000000000000000000e+00,1.100000000000000089e+00,2.000000000000000111e-01,5.000000000000000000e-01,-4.180224835872650146e-01,4.284520447254180908e-02,1.361482143402099609e-01,9.319406747817993164e-01,-1.206507757306098938e-01,-7.951381057500839233e-02,2.791658602654933929e-02,1.324516814202070236e-02,-1.538204103708267212e-01,1.603669226169586182e-01,-2.409597337245941162e-01,-3.160245716571807861e-02
1.433319182079849874e+00,-1.068134466908646357e-01,5.408419585754774550e-01,9.992261528968811035e-01,-3.323509299661964178e-04,2.760497294366359711e-02,-2.801682241261005402e-02,0.000000000000000000e+00,0.000000000000000000e+00,0.000000000000000000e+00,-1.100000000000000089e+00,2.000000000000000111e-01,-5.000000000000000000e-01,0.000000000000000000e+00,1.100000000000000089e+00,2.000000000000000111e-01,5.000000000000000000e-01,-4.721604585647583008e-01,8.934003859758377075e-02,1.754380166530609131e-01,6.589698791503906250e-01,-7.800728827714920044e-02,-7.213818281888961792e-02,1.204436868429183960e-01,4.755643755197525024e-02,-1.101106703281402588e-01,1.258428990840911865e-01,-2.506353855133056641e-01,-3.285709023475646973e-02
1.474670911286816377e+00,-1.080259244612446351e-01,5.326313091852147297e-01,9.973617196083068848e-01,-2.290872856974601746e-02,2.850635908544063568e-02,-6.270707398653030396e-02,0.000000000000000000e+00,0.000000000000000000e+00,0.000000000000000000e+00,-1.100000000000000089e+00,2.000000000000000111e-01,-5.000000000000000000e-01,0.000000000000000000e+00,1.100000000000000089e+00,2.000000000000000111e-01,5.000000000000000000e-01,-4.909881651401519775e-01,1.739586293697357178e-01,2.337445318698883057e-01,3.428194820880889893e-01,-3.577383235096931458e-02,-7.587613165378570557e-02,2.101474851369857788e-01,9.205728024244308472e-02,-5.105124413967132568e-02,1.235393434762954712e-01,-2.765410542488098145e-01,-4.054332152009010315e-02
1.516602914246043765e+00,-1.089752529012133347e-01,5.218435152559870449e-01,9.934056997299194336e-01,-4.474341124296188354e-02,2.542166598141193390e-02,-1.024535968899726868e-01,0.000000000000000000e+00,0.000000000000000000e+00,0.000000000000000000e+00,-1.100000000000000089e+00,2.000000000000000111e-01,-5.000000000000000000e-01,0.000000000000000000e+00,1.100000000000000089e+00,2.000000000000000111e-01,5.000000000000000000e-01,-5.135918855667114258e-01,2.544344961643218994e-01,2.673440575599670410e-01,1.005580201745033264e-01,-7.654835283756256104e-02,-9.064273536205291748e-02,3.049492835998535156e-01,1.185109615325927734e-01,1.783949695527553558e-02,1.230939254164695740e-01,-3.017138838768005371e-01,-3.727219626307487488e-02
1.561566490494843640e+00,-1.099579836189220061e-01,5.118052692696302142e-01,9.896920323371887207e-01,-5.310547351837158203e-02,2.012795582413673401e-02,-1.314698606729507446e-01,0.000000000000000000e+00,0.000000000000000000e+00,0.000000000000000000e+00,-1.100000000000000089e+00,2.000000000000000111e-01,-5.000000000000000000e-01,0.000000000000000000e+00,1.100000000000000089e+00,2.000000000000000111e-01,5.000000000000000000e-01,-6.125956773757934570e-01,2.953262925148010254e-01,2.197242379188537598e-01,1.103777736425399780e-01,-1.532620638608932495e-01,-9.739776700735092163e-02,4.122748970985412598e-01,9.257908165454864502e-02,5.797248333692550659e-02,1.235518455505371094e-01,-2.967769205570220947e-01,-2.150026336312294006e-02
1.610654261961127709e+00,-1.108392204050764884e-01,5.050466743969556083e-01,9.890557527542114258e-01,-5.138229206204414368e-02,1.633985713124275208e-02,-1.373371481895446777e-01,0.000000000000000000e+00,0.000000000000000000e+00,0.000000000000000000e+00,-1.100000000000000089e+00,2.000000000000000111e-01,-5.000000000000000000e-01,0.000000000000000000e+00,1.100000000000000089e+00,2.000000000000000111e-01,5.000000000000000000e-01,-6.076583862304687500e-01,2.663330435752868652e-01,1.800688952207565308e-01,1.014359146356582642e-01,-1.622614413499832153e-01,-1.293446421623229980e-01,4.844110012054443359e-01,5.872717127203941345e-02,6.546367704868316650e-02,1.852639317512512207e-01,-2.205109000205993652e-01,-1.639907597564160824e-03
1.662804663154211937e+00,-1.117249205160998904e-01,5.043157686202814904e-01,9.919860363006591797e-01,-1.402262225747108459e-02,2.444721199572086334e-02,-1.231641620397567749e-01,0.000000000000000000e+00,0.000000000000000000e+00,0.000000000000000000e+00,-1.100000000000000089e+00,2.000000000000000111e-01,-5.000000000000000000e-01,0.000000000000000000e+00,1.100000000000000089e+00,2.000000000000000111e-01,5.000000000000000000e-01,-5.540050268173217773e-01,1.296854764223098755e-01,1.664427071809768677e-01,9.046255052089691162e-02,-1.721765287220478058e-02,-6.013243272900581360e-02,4.010042548179626465e-01,-2.124831452965736389e-02,3.899478539824485779e-02,4.879078269004821777e-01,-1.162634789943695068e-01,4.238276183605194092e-02
1.711934618230419813e+00,-1.133306275872570101e-01,5.066717813615545518e-01,9.941439032554626465e-01,1.379205659031867981e-02,2.346261963248252869e-02,-1.045807003974914551e-01,0.000000000000000000e+00,0.000000000000000000e+00,0.000000000000000000e+00,-1.100000000000000089e+00,2.000000000000000111e-01,-5.000000000000000000e-01,0.000000000000000000e+00,1.100000000000000089e+00,2.000000000000000111e-01,5.000000000000000000e-01,-5.919448733329772949e-01,3.193726763129234314e-02,1.157757118344306946e-01,2.919255495071411133e-01,1.254948973655700684e-01,-1.291954686166718602e-04,2.870539724826812744e-01,-9.598304331302642822e-02,-1.899649389088153839e-02,8.297083973884582520e-01,6.870609521865844727e-02,5.375999584794044495e-02
1.758884477844141925e+00,-1.145292379110675329e-01,5.103654214265671563e-01,9.960253834724426270e-01,2.581445872783660889e-02,4.297546576708555222e-03,-8.513853698968887329e-02,0.000000000000000000e+00,0.000000000000000000e+00,0.000000000000000000e+00,-1.100000000000000089e+00,2.000000000000000111e-01,-5.000000000000000000e-01,0.000000000000000000e+00,1.100000000000000089e+00,2.000000000000000111e-01,5.000000000000000000e-01,-5.423515439033508301e-01,-1.992312632501125336e-02,1.048597246408462524e-01,4.707159101963043213e-01,3.332014009356498718e-02,-1.866869570221751928e-04,1.778106391429901123e-01,-1.631626933813095093e-01,-7.061771303415298462e-02,1.154993772506713867e+00,1.186633035540580750e-01,3.118238039314746857e-02
1.802391058778521904e+00,-1.158256884679348814e-01,5.193170657836728710e-01,9.963371753692626953e-01,3.887076303362846375e-02,-3.269322216510772705e-03,-7.609641551971435547e-02,0.000000000000000000e+00,0.000000000000000000e+00,0.000000000000000000e+00,-1.100000000000000089e+00,2.000000000000000111e-01,-5.000000000000000000e-01,0.000000000000000000e+00,1.100000000000000089e+00,2.000000000000000111e-01,5.000000000000000000e-01,-4.304722249507904053e-01,-7.373620569705963135e-02,1.080871373414993286e-01,4.706149995326995850e-01,-5.671785399317741394e-02,1.050270628184080124e-02,1.301513519138097763e-02,-1.565968990325927734e-01,-2.759187668561935425e-02,1.355200409889221191e+00,-1.421947125345468521e-02,5.487708374857902527e-02
1.845826558669408257e+00,-1.181418323003207149e-01,5.300791177462146342e-01,9.969069361686706543e-01,3.733529150485992432e-02,-9.535545483231544495e-03,-6.849572062492370605e-02,0.000000000000000000e+00,0.000000000000000000e+00,0.000000000000000000e+00,-1.100000000000000089e+00,2.000000000000000111e-01,-5.000000000000000000e-01,0.000000000000000000e+00,1.100000000000000089e+00,2.000000000000000111e-01,5.000000000000000000e-01,-2.786947190761566162e-01,-9.847778826951980591e-02,9.039586037397384644e-02,3.908769488334655762e-01,-1.187756061553955078e-01,1.041433401405811310e-02,-1.402808129787445068e-01,-1.366880089044570923e-01,-3.200481086969375610e-02,1.393357872962951660e+00,-1.134321987628936768e-01,4.229725897312164307e-02
1.889933176543375337e+00,-1.215328589392205005e-01,5.388435100553312651e-01,9.978610873222351074e-01,3.243876993656158447e-02,-1.351496763527393341e-02,-5.512075126171112061e-02,0.000000000000000000e+00,0.000000000000000000e+00,0.000000000000000000e+00,-1.100000000000000089e+00,2.000000000000000111e-01,-5.000000000000000000e-01,0.000000000000000000e+00,1.100000000000000089e+00,2.000000000000000111e-01,5.000000000000000000e-01,-1.097102314233779907e-01,-1.124119609594345093e-01,4.903388768434524536e-02,2.625854909420013428e-01,-1.354849040508270264e-01,1.408927328884601593e-02,-2.666296958923339844e-01,-1.534394025802612305e-01,-8.919835090637207031e-02,1.301137685775756836e+00,-1.794048994779586792e-01,1.956629008054733276e-02
1.936037869263778965e+00,-1.254781371084126573e-01,5.432345913403262561e-01,9.988892674446105957e-01,2.475918084383010864e-02,-1.259527914226055145e-02,-3.806102648377418518e-02,0.000000000000000000e+00,0.000000000000000000e+00,0.000000000000000000e+00,-1.100000000000000089e+00,2.000000000000000111e-01,-5.000000000000000000e-01,0.000000000000000000e+00,1.100000000000000089e+00,2.000000000000000111e-01,5.000000000000000000e-01,3.676418215036392212e-02,-1.084903553128242493e-01,-1.449362607672810555e-03,1.549894809722900391e-01,-1.419552862644195557e-01,2.183117531239986420e-02,-3.542821109294891357e-01,-1.752410382032394409e-01,-1.740004718303680420e-01,1.106776237487792969e+00,-2.030183523893356323e-01,-2.588716568425297737e-03
1.981215352951878339e+00,-1.288717171843304643e-01,5.419904654826780410e-01,9.995242953300476074e-01,2.448622696101665497e-02,-7.769906427711248398e-03,-1.706824824213981628e-02,0.000000000000000000e+00,0.000000000000000000e+00,0.000000000000000000e+00,-1.100000000000000089e+00,2.000000000000000111e-01,-5.000000000000000000e-01,0.000000000000000000e+00,1.100000000000000089e+00,2.000000000000000111e-01,5.000000000000000000e-01,1.307685673236846924e-01,-1.116777881979942322e-01,-4.160934314131736755e-02,1.281366944313049316e-01,-1.775226145982742310e-01,3.859463334083557129e-02,-4.130733907222747803e-01,-1.985359787940979004e-01,-2.488517165184020996e-01,8.367071151733398438e-01,-1.896705180406570435e-01,-8.310646750032901764e-03
2.024566485622916634e+00,-1.320156001833954207e-01,5.353630716014992075e-01,9.993258714675903320e-01,3.549884259700775146e-02,-3.184044966474175453e-03,8.803745731711387634e-03,0.000000000000000000e+00,0.000000000000000000e+00,0.000000000000000000e+00,-1.100000000000000089e+00,2.000000000000000111e-01,-5.000000000000000000e-01,0.000000000000000000e+00,1.100000000000000089e+00,2.000000000000000111e-01,5.000000000000000000e-01,2.138068825006484985e-01,-1.312301903963088989e-01,-8.192722499370574951e-02,1.269349604845046997e-01,-2.215638756752014160e-01,6.372956931591033936e-02,-4.467045664787292480e-01,-2.299129217863082886e-01,-2.963834106922149658e-01,5.150698423385620117e-01,-1.449960917234420776e-01,4.166526487097144127e-04
2.067326549523406332e+00,-1.351966844762515496e-01,5.256595957399619046e-01,9.977529048919677734e-01,5.296091735363006592e-02,-1.208062516525387764e-03,4.102275148034095764e-02,0.000000000000000000e+00,0.000000000000000000e+00,0.000000000000000000e+00,-1.100000000000000089e+00,2.000000000000000111e-01,-5.000000000000000000e-01,0.000000000000000000e+00,1.100000000000000089e+00,2.000000000000000111e-01,5.000000000000000000e-01,2.956963777542114258e-01,-1.512404084205627441e-01,-1.310265064239501953e-01,1.317904293537139893e-01,-2.594739496707916260e-01,7.432436197996139526e-02,-4.564657807350158691e-01,-2.686797082424163818e-01,-3.180300295352935791e-01,1.852447539567947388e-01,-9.416607022285461426e-02,4.310147836804389954e-02
2.113212020333969043e+00,-1.388818857433142540e-01,5.158894398808478998e-01,9.947789311408996582e-01,6.823602318763732910e-02,-3.932820633053779602e-03,7.578368484973907471e-02,0.000000000000000000e+00,0.000000000000000000e+00,0.000000000000000000e+00,-1.100000000000000089e+00,2.000000000000000111e-01,-5.000000000000000000e-01,0.000000000000000000e+00,1.100000000000000089e+00,2.000000000000000111e-01,5.000000000000000000e-01,3.808826208114624023e-01,-1.462969481945037842e-01,-1.783023923635482788e-01,1.417298167943954468e-01,-2.652502954006195068e-01,7.705800980329513550e-02,-5.226587653160095215e-01,-3.385245501995086670e-01,-2.998557090759277344e-01,1.134922951459884644e-01,-1.544859558343887329e-01,6.821873784065246582e-02
2.160235950380864800e+00,-1.432784994751817031e-01,5.093217507546597966e-01,9.931728243827819824e-01,7.064452767372131348e-02,-3.182789776474237442e-03,9.277375787496566772e-02,0.000000000000000000e+00,0.000000000000000000e+00,0.000000000000000000e+00,-1.100000000000000089e+00,2.000000000000000111e-01,-5.000000000000000000e-01,0.000000000000000000e+00,1.100000000000000089e+00,2.000000000000000111e-01,5.000000000000000000e-01,4.367093145847320557e-01,-1.190260350704193115e-01,-2.044285088777542114e-01,2.136399894952774048e-01,-2.263696342706680298e-01,7.510697096586227417e-02,-5.441489219665527344e-01,-3.508083224296569824e-01,-2.908903658390045166e-01,1.071392595767974854e-01,-1.964969336986541748e-01,1.176055818796157837e-01
2.204560461547037775e+00,-1.485630034612059058e-01,5.060246615345128651e-01,9.951159954071044922e-01,4.609420523047447205e-02,8.206232450902462006e-03,8.690301328897476196e-02,0.000000000000000000e+00,0.000000000000000000e+00,0.000000000000000000e+00,-1.100000000000000089e+00,2.000000000000000111e-01,-5.000000000000000000e-01,0.000000000000000000e+00,1.100000000000000089e+00,2.000000000000000111e-01,5.000000000000000000e-01,3.886186480522155762e-01,-7.101825624704360962e-02,-1.950385719537734985e-01,4.332349598407745361e-01,-1.754192411899566650e-01,4.999412223696708679e-02,-5.097595453262329102e-01,-2.495851814746856689e-01,-3.006577193737030029e-01,1.030545085668563843e-01,-1.155919060111045837e-01,1.101460680365562439e-01
2.248085643128313382e+00,-1.544912434512316635e-01,5.065405388507577822e-01,9.970748424530029297e-01,1.007420569658279419e-02,1.839637011289596558e-02,7.349681854248046875e-02,0.000000000000000000e+00,0.000000000000000000e+00,0.000000000000000000e+00,-1.100000000000000089e+00,2.000000000000000111e-01,-5.000000000000000000e-01,0.000000000000000000e+00,1.100000000000000089e+00,2.000000000000000111e-01,5.000000000000000000e-01,2.979156374931335449e-01,-5.714677274227142334e-03,-1.782093346118927002e-01,7.137052416801452637e-01,2.476960071362555027e-04,-2.704220637679100037e-02,-5.935035943984985352e-01,-1.600843369960784912e-01,-2.495856285095214844e-01,3.692970871925354004e-01,2.439039759337902069e-02,1.231196802109479904e-03
2.291941650500803451e+00,-1.593141566072073245e-01,5.076055919627348034e-01,9.984400868415832520e-01,8.803331293165683746e-04,-1.416789367794990540e-03,5.580894276499748230e-02,0.000000000000000000e+00,0.000000000000000000e+00,0.000000000000000000e+00,-1.100000000000000089e+00,2.000000000000000111e-01,-5.000000000000000000e-01,0.000000000000000000e+00,1.100000000000000089e+00,2.000000000000000111e-01,5.000000000000000000e-01,2.303743362426757812e-01,8.714450523257255554e-04,-1.286125928163528442e-01,9.977418780326843262e-01,2.058480679988861084e-01,-1.246533393859863281e-01,-5.701047182083129883e-01,-1.274455785751342773e-01,-2.250652164220809937e-01,5.875133872032165527e-01,-2.673457749187946320e-02,-1.980838552117347717e-02
2.334538294432139338e+00,-1.649113632095131066e-01,5.132043451590068139e-01,9.990206956863403320e-01,-9.062513709068298340e-03,-1.275037135928869247e-02,4.138672351837158203e-02,0.000000000000000000e+00,0.000000000000000000e+00,0.000000000000000000e+00,-1.100000000000000089e+00,2.000000000000000111e-01,-5.000000000000000000e-01,0.000000000000000000e+00,1.100000000000000089e+00,2.000000000000000111e-01,5.000000000000000000e-01,1.066836640238761902e-01,1.945243962109088898e-02,-8.773603290319442749e-02,1.230217695236206055e+00,1.347748488187789917e-01,-1.503911018371582031e-01,-4.780436456203460693e-01,-7.819839566946029663e-02,-2.323969155550003052e-01,6.441513895988464355e-01,-1.424257457256317139e-01,-4.284957796335220337e-02
2.378499096520621414e+00,-1.706199764765121696e-01,5.224195540395348836e-01,9.993066191673278809e-01,-1.627470552921295166e-02,-1.488395687192678452e-02,2.999716810882091522e-02,0.000000000000000000e+00,0.000000000000000000e+00,0.000000000000000000e+00,-1.100000000000000089e+00,2.000000000000000111e-01,-5.000000000000000000e-01,0.000000000000000000e+00,1.100000000000000089e+00,2.000000000000000111e-01,5.000000000000000000e-01,-4.695599898695945740e-02,6.069439649581909180e-02,-3.593962639570236206e-02,1.344180464744567871e+00,-1.415740977972745895e-02,-1.175162270665168762e-01,-3.520727157592773438e-01,-2.218364179134368896e-02,-2.336867451667785645e-01,5.802358984947204590e-01,-2.079202681779861450e-01,-5.044953525066375732e-02
2.423843819953576340e+00,-1.757175917084319305e-01,5.321156809847764624e-01,9.995567202568054199e-01,-1.753105409443378448e-02,-1.556598674505949020e-02,1.834847405552864075e-02,0.000000000000000000e+00,0.000000000000000000e+00,0.000000000000000000e+00,-1.100000000000000089e+00,2.000000000000000111e-01,-5.000000000000000000e-01,0.000000000000000000e+00,1.100000000000000089e+00,2.000000000000000111e-01,5.000000000000000000e-01,-1.909183412790298462e-01,9.504804760217666626e-02,2.267620339989662170e-02,1.331047058105468750e+00,-1.231511458754539490e-01,-6.322592496871948242e-02,-2.006509453058242798e-01,2.463944815099239349e-02,-2.165218740701675415e-01,4.515824913978576660e-01,-2.338610887527465820e-01,-5.141491442918777466e-02
2.469164296114685353e+00,-1.803812264455388337e-01,5.391798579135927971e-01,9.998357295989990234e-01,-1.068592257797718048e-02,-1.367000956088304520e-02,5.236653611063957214e-03,0.000000000000000000e+00,0.000000000000000000e+00,0.000000000000000000e+00,-1.100000000000000089e+00,2.000000000000000111e-01,-5.000000000000000000e-01,0.000000000000000000e+00,1.100000000000000089e+00,2.000000000000000111e-01,5.000000000000000000e-01,-3.031940162181854248e-01,8.720575273036956787e-02,7.187122851610183716e-02,1.186961889266967773e+00,-1.664704829454421997e-01,-2.391270361840724945e-02,-5.145983025431632996e-02,4.332082346081733704e-02,-1.850183904170989990e-01,3.087162375450134277e-01,-2.394203543663024902e-01,-5.255836248397827148e-02
2.512724353908890595e+00,-1.841728520611621012e-01,5.414623399726068431e-01,9.998562932014465332e-01,-6.456705275923013687e-03,-8.176293224096298218e-03,-1.337321754544973373e-02,0.000000000000000000e+00,0.000000000000000000e+00,0.000000000000000000e+00,-1.100000000000000089e+00,2.000000000000000111e-01,-5.000000000000000000e-01,0.000000000000000000e+00,1.100000000000000089e+00,2.000000000000000111e-01,5.000000000000000000e-01,-3.846967220306396484e-01,6.975325942039489746e-02,9.783761203289031982e-02,9.574910998344421387e-01,-1.590711623430252075e-01,-9.083974175155162811e-03,7.146332412958145142e-02,5.585714429616928101e-02,-1.510875225067138672e-01,1.924780011177062988e-01,-2.366366386413574219e-01,-4.974144324660301208e-02
2.553398488121803478e+00,-1.865875730941994048e-01,5.382768546338334570e-01,9.990931153297424316e-01,-1.204466540366411209e-02,-7.633917848579585552e-04,-4.083210602402687073e-02,0.000000000000000000e+00,0.000000000000000000e+00,0.000000000000000000e+00,-1.100000000000000089e+00,2.000000000000000111e-01,-5.000000000000000000e-01,0.000000000000000000e+00,1.100000000000000089e+00,2.000000000000000111e-01,5.000000000000000000e-01,-4.421194791793823242e-01,9.410284459590911865e-02,1.240992099046707153e-01,6.782221198081970215e-01,-1.173508316278457642e-01,-5.159495398402214050e-03,1.646784096956253052e-01,7.763553410768508911e-02,-1.078083142638206482e-01,1.355293095111846924e-01,-2.498247325420379639e-01,-4.405806958675384521e-02
2.592078865495595075e+00,-1.889513707044299107e-01,5.306717227309039053e-01,9.968379735946655273e-01,-2.620190382003784180e-02,5.080749280750751495e-03,-7.484434545040130615e-02,0.000000000000000000e+00,0.000000000000000000e+00,0.000000000000000000e+00,-1.100000000000000089e+00,2.000000000000000111e-01,-5.000000000000000000e-01,0.000000000000000000e+00,1.100000000000000089e+00,2.000000000000000111e-01,5.000000000000000000e-01,-4.627296924591064453e-01,1.564204990863800049e-01,1.782281249761581421e-01,3.603461384773254395e-01,-7.651425898075103760e-02,-1.121663395315408707e-02,2.441092729568481445e-01,1.042918488383293152e-01,-4.573376849293708801e-02,1.289769113063812256e-01,-2.818387746810913086e-01,-4.444010183215141296e-02
2.633165535484299546e+00,-1.914316922332150728e-01,5.210207272659648225e-01,9.925372004508972168e-01,-4.254594817757606506e-02,6.738813128322362900e-03,-1.140803992748260498e-01,0.000000000000000000e+00,0.000000000000000000e+00,0.000000000000000000e+00,-1.100000000000000089e+00,2.000000000000000111e-01,-5.000000000000000000e-01,0.000000000000000000e+00,1.100000000000000089e+00,2.000000000000000111e-01,5.000000000000000000e-01,-4.788433611392974854e-01,2.239584773778915405e-01,2.182058691978454590e-01,1.121277660131454468e-01,-1.071306616067886353e-01,-3.273385018110275269e-02,3.272445797920227051e-01,1.189241260290145874e-01,2.859901636838912964e-02,1.266892254352569580e-01,-3.056578040122985840e-01,-3.882373124361038208e-02
2.678184581519377438e+00,-1.940558988999838697e-01,5.126462842328379788e-01,9.882113337516784668e-01,-5.205799266695976257e-02,5.668429657816886902e-03,-1.438615918159484863e-01,0.000000000000000000e+00,0.000000000000000000e+00,0.000000000000000000e+00,-1.100000000000000089e+00,2.000000000000000111e-01,-5.000000000000000000e-01,0.000000000000000000e+00,1.100000000000000089e+00,2.000000000000000111e-01,5.000000000000000000e-01,-5.548970103263854980e-01,2.675712406635284424e-01,1.867078691720962524e-01,1.110922694206237793e-01,-1.761030107736587524e-01,-6.426818668842315674e-02,4.224620461463928223e-01,9.947229921817779541e-02,7.741411030292510986e-02,1.266391575336456299e-01,-2.891640961170196533e-01,-2.707129530608654022e-02
2.724969194314696530e+00,-1.972573484100326180e-01,5.078858057259008074e-01,9.883515238761901855e-01,-4.277691245079040527e-02,8.155146613717079163e-03,-1.458249390125274658e-01,0.000000000000000000e+00,0.000000000000000000e+00,0.000000000000000000e+00,-1.100000000000000089e+00,2.000000000000000111e-01,-5.000000000000000000e-01,0.000000000000000000e+00,1.100000000000000089e+00,2.000000000000000111e-01,5.000000000000000000e-01,-5.448808073997497559e-01,2.204936146736145020e-01,1.634311527013778687e-01,9.967475384473800659e-02,-1.550518423318862915e-01,-7.687922567129135132e-02,4.576408565044403076e-01,6.355459988117218018e-02,8.643555641174316406e-02,2.301731705665588379e-01,-2.262656986713409424e-01,2.665689447894692421e-03
2.772340225718840312e+00,-2.007449074240043874e-01,5.080410048734359529e-01,9.914027452468872070e-01,-1.729550887830555439e-03,1.534834597259759903e-02,-1.299308240413665771e-01,0.000000000000000000e+00,0.000000000000000000e+00,0.000000000000000000e+00,-1.100000000000000089e+00,2.000000000000000111e-01,-5.000000000000000000e-01,0.000000000000000000e+00,1.100000000000000089e+00,2.000000000000000111e-01,5.000000000000000000e-01,-5.209628343582153320e-01,7.929216325283050537e-02,1.445750594139099121e-01,1.372110992670059204e-01,3.653520951047539711e-03,-1.260033622384071350e-02,3.670426309108734131e-01,-1.848377101123332977e-02,6.677990406751632690e-02,5.405835509300231934e-01,-1.165608614683151245e-01,6.115258857607841492e-02
2.817248996490179902e+00,-2.041644370631136018e-01,5.096872451622980194e-01,9.933473467826843262e-01,1.597416400909423828e-02,6.826600991189479828e-03,-1.138386353850364685e-01,0.000000000000000000e+00,0.000000000000000000e+00,0.000000000000000000e+00,-1.100000000000000089e+00,2.000000000000000111e-01,-5.000000000000000000e-01,0.000000000000000000e+00,1.100000000000000089e+00,2.000000000000000111e-01,5.000000000000000000e-01,-5.548722147941589355e-01,1.158783305436372757e-02,9.541157633066177368e-02,3.902660906314849854e-01,5.949717015027999878e-02,2.165010944008827209e-02,2.793745398521423340e-01,-7.325927913188934326e-02,6.681236904114484787e-03,8.481561541557312012e-01,8.904344588518142700e-02,9.816297143697738647e-02
2.861970930406541491e+00,-2.068391312000275872e-01,5.133056107344049490e-01,9.942862391471862793e-01,2.171085216104984283e-02,-1.318947598338127136e-02,-1.036799773573875427e-01,0.000000000000000000e+00,0.000000000000000000e+00,0.000000000000000000e+00,-1.100000000000000089e+00,2.000000000000000111e-01,-5.000000000000000000e-01,0.000000000000000000e+00,1.100000000000000089e+00,2.000000000000000111e-01,5.000000000000000000e-01,-4.885887503623962402e-01,-1.801231876015663147e-02,9.507279098033905029e-02,5.434269309043884277e-01,-5.343412235379219055e-02,2.558388002216815948e-02,1.768988817930221558e-01,-1.561580300331115723e-01,-6.644561886787414551e-02,1.149640202522277832e+00,1.136577948927879333e-01,5.345850810408592224e-02
2.905746556412089898e+00,-2.092412511251791618e-01,5.210533614366343880e-01,9.937303662300109863e-01,3.146107867360115051e-02,-1.936708576977252960e-02,-1.055227816104888916e-01,0.000000000000000000e+00,0.000000000000000000e+00,0.000000000000000000e+00,-1.100000000000000089e+00,2.000000000000000111e-01,-5.000000000000000000e-01,0.000000000000000000e+00,1.100000000000000089e+00,2.000000000000000111e-01,5.000000000000000000e-01,-3.697450459003448486e-01,-5.334943160414695740e-02,1.136861294507980347e-01,5.285443067550659180e-01,-1.411891132593154907e-01,4.081491380929946899e-02,1.365819200873374939e-02,-1.809650212526321411e-01,-4.111388698220252991e-02,1.330184459686279297e+00,-3.108341805636882782e-02,3.327601030468940735e-02
2.948600453933079901e+00,-2.126850072764838451e-01,5.304760837840913901e-01,9.938697218894958496e-01,2.949603833258152008e-02,-2.399536781013011932e-02,-1.038133576512336731e-01,0.000000000000000000e+00,0.000000000000000000e+00,0.000000000000000000e+00,-1.100000000000000089e+00,2.000000000000000111e-01,-5.000000000000000000e-01,0.000000000000000000e+00,1.100000000000000089e+00,2.000000000000000111e-01,5.000000000000000000e-01,-2.191730439662933350e-01,-7.282051444053649902e-02,1.069167703390121460e-01,4.412154257297515869e-01,-1.933092623949050903e-01,4.970061406493186951e-02,-1.368230879306793213e-01,-1.700016856193542480e-01,-5.014457181096076965e-02,1.357120394706726074e+00,-1.315691322088241577e-01,-9.081446332857012749e-04
2.989544795757592244e+00,-2.170147645537449932e-01,5.380487060742547012e-01,9.951906800270080566e-01,2.308584749698638916e-02,-2.566143311560153961e-02,-9.167357534170150757e-02,0.000000000000000000e+00,0.000000000000000000e+00,0.000000000000000000e+00,-1.100000000000000089e+00,2.000000000000000111e-01,-5.000000000000000000e-01,0.000000000000000000e+00,1.100000000000000089e+00,2.000000000000000111e-01,5.000000000000000000e-01,-6.476738303899765015e-02,-8.408173173666000366e-02,6.873670220375061035e-02,3.216370642185211182e-01,-2.058182507753372192e-01,5.688218399882316589e-02,-2.548714876174926758e-01,-1.669656336307525635e-01,-1.094268262386322021e-01,1.257515788078308105e+00,-1.890908628702163696e-01,-2.457083947956562042e-02
3.030621999345644468e+00,-2.210499631493079431e-01,5.415680481132232327e-01,9.970014691352844238e-01,1.797042600810527802e-02,-2.228249423205852509e-02,-7.189385592937469482e-02,0.000000000000000000e+00,0.000000000000000000e+00,0.000000000000000000e+00,-1.100000000000000089e+00,2.000000000000000111e-01,-5.000000000000000000e-01,0.000000000000000000e+00,1.100000000000000089e+00,2.000000000000000111e-01,5.000000000000000000e-01,7.035668939352035522e-02,-8.950861543416976929e-02,1.907556131482124329e-02,2.094191312789916992e-01,-1.996311545372009277e-01,6.381995975971221924e-02,-3.430692553520202637e-01,-1.682103574275970459e-01,-1.849666833877563477e-01,1.061921596527099609e+00,-2.042077332735061646e-01,-2.574651688337326050e-02
3.072152593701776624e+00,-2.247009628920844104e-01,5.394136946174231673e-01,9.985333085060119629e-01,2.018660306930541992e-02,-1.697358302772045135e-02,-4.728179052472114563e-02,0.000000000000000000e+00,0.000000000000000000e+00,0.000000000000000000e+00,-1.100000000000000089e+00,2.000000000000000111e-01,-5.000000000000000000e-01,0.000000000000000000e+00,1.100000000000000089e+00,2.000000000000000111e-01,5.000000000000000000e-01,1.735236793756484985e-01,-9.948318451642990112e-02,-2.442768402397632599e-02,1.501301676034927368e-01,-2.142870873212814331e-01,6.806004047393798828e-02,-4.045027196407318115e-01,-1.781413555145263672e-01,-2.462092787027359009e-01,7.898026108741760254e-01,-1.772269606590270996e-01,-1.242583058774471283e-02
3.112890003329575439e+00,-2.291599282343881328e-01,5.321764652415958974e-01,9.991942644119262695e-01,3.406386449933052063e-02,-1.279403921216726303e-02,-1.693811453878879547e-02,0.000000000000000000e+00,0.000000000000000000e+00,0.000000000000000000e+00,-1.100000000000000089e+00,2.000000000000000111e-01,-5.000000000000000000e-01,0.000000000000000000e+00,1.100000000000000089e+00,2.000000000000000111e-01,5.000000000000000000e-01,2.583602666854858398e-01,-1.240662261843681335e-01,-7.347420603036880493e-02,1.358869969844818115e-01,-2.471569031476974487e-01,8.063773065805435181e-02,-4.376909136772155762e-01,-2.048432379961013794e-01,-2.731162607669830322e-01,4.635707736015319824e-01,-1.178401708602905273e-01,1.604307815432548523e-02
3.154994228349791818e+00,-2.333859287781847869e-01,5.225771197872330909e-01,9.981896877288818359e-01,5.510195717215538025e-02,-1.112679485231637955e-02,2.138691581785678864e-02,0.000000000000000000e+00,0.000000000000000000e+00,0.000000000000000000e+00,-1.100000000000000089e+00,2.000000000000000111e-01,-5.000000000000000000e-01,0.000000000000000000e+00,1.100000000000000089e+00,2.000000000000000111e-01,5.000000000000000000e-01,3.381888866424560547e-01,-1.482335329055786133e-01,-1.388437300920486450e-01,1.347571760416030884e-01,-2.669880390167236328e-01,8.614884316921234131e-02,-4.436457157135009766e-01,-2.616794407367706299e-01,-3.080926835536956787e-01,1.384783983230590820e-01,-6.869371980428695679e-02,6.594327837228775024e-02
3.200204097092753663e+00,-2.373014895076101527e-01,5.124716540523851505e-01,9.959546327590942383e-01,6.865444034337997437e-02,-1.390811055898666382e-02,5.628139153122901917e-02,0.000000000000000000e+00,0.000000000000000000e+00,0.000000000000000000e+00,-1.100000000000000089e+00,2.000000000000000111e-01,-5.000000000000000000e-01,0.000000000000000000e+00,1.100000000000000089e+00,2.000000000000000111e-01,5.000000000000000000e-01,4.187863767147064209e-01,-1.381759792566299438e-01,-1.918901950120925903e-01,1.502769291400909424e-01,-2.631994485855102539e-01,8.469519019126892090e-02,-5.145530700683593750e-01,-3.288770616054534912e-01,-2.823011875152587891e-01,1.091702729463577271e-01,-1.608337461948394775e-01,7.342481613159179688e-02
3.245438213107561864e+00,-2.426492170093938472e-01,5.046465113728937357e-01,9.951283931732177734e-01,6.838586181402206421e-02,-1.255551818758249283e-02,6.989359110593795776e-02,0.000000000000000000e+00,0.000000000000000000e+00,0.000000000000000000e+00,-1.100000000000000089e+00,2.000000000000000111e-01,-5.000000000000000000e-01,0.000000000000000000e+00,1.100000000000000089e+00,2.000000000000000111e-01,5.000000000000000000e-01,4.546150267124176025e-01,-1.161162108182907104e-01,-2.147233933210372925e-01,2.579118311405181885e-01,-2.300157845020294189e-01,7.879523932933807373e-02,-5.105355381965637207e-01,-3.235177695751190186e-01,-2.774661779403686523e-01,1.033508777618408203e-01,-1.612473279237747192e-01,1.380540579557418823e-01
3.288130019277033078e+00,-2.500001262316499107e-01,5.043757640103799789e-01,9.980207085609436035e-01,2.150555141270160675e-02,8.211082778871059418e-03,5.852222442626953125e-02,0.000000000000000000e+00,0.000000000000000000e+00,0.000000000000000000e+00,-1.100000000000000089e+00,2.000000000000000111e-01,-5.000000000000000000e-01,0.000000000000000000e+00,1.100000000000000089e+00,2.000000000000000111e-01,5.000000000000000000e-01,3.625792860984802246e-01,-3.546906262636184692e-02,-2.128590345382690430e-01,5.303486585617065430e-01,-1.685785651206970215e-01,1.754359155893325806e-02,-5.734072923660278320e-01,-1.941623389720916748e-01,-2.543115913867950439e-01,2.748922109603881836e-01,-1.167061366140842438e-02,9.686390869319438934e-03
3.332315523823102144e+00,-2.562876015946720654e-01,5.039266912496149775e-01,9.988136291503906250e-01,8.436241187155246735e-03,-5.114575847983360291e-03,4.768671467900276184e-02,0.000000000000000000e+00,0.000000000000000000e+00,0.000000000000000000e+00,-1.100000000000000089e+00,2.000000000000000111e-01,-5.000000000000000000e-01,0.000000000000000000e+00,1.100000000000000089e+00,2.000000000000000111e-01,5.000000000000000000e-01,3.323177099227905273e-01,-2.555057778954505920e-02,-1.875903159379959106e-01,7.794703245162963867e-01,4.952074214816093445e-02,-9.466821700334548950e-02,-5.950381755828857422e-01,-1.676236391067504883e-01,-2.159041166305541992e-01,5.422481894493103027e-01,2.675904892385005951e-02,1.295145042240619659e-02
3.375965927616514151e+00,-2.631069807241661618e-01,5.077654827912949642e-01,9.990267157554626465e-01,-1.348781952401623130e-04,-2.553788945078849792e-02,3.596475347876548767e-02,0.000000000000000000e+00,0.000000000000000000e+00,0.000000000000000000e+00,-1.100000000000000089e+00,2.000000000000000111e-01,-5.000000000000000000e-01,0.000000000000000000e+00,1.100000000000000089e+00,2.000000000000000111e-01,5.000000000000000000e-01,2.519300282001495361e-01,-1.539442874491214752e-02,-1.348246634006500244e-01,1.060731053352355957e+00,1.669903099536895752e-01,-1.614154726266860962e-01,-5.170385241508483887e-01,-1.357025206089019775e-01,-2.135745882987976074e-01,6.818173527717590332e-01,-1.154012382030487061e-01,-1.917868852615356445e-02
3.416318370284456396e+00,-2.695526861437041455e-01,5.154067780054879533e-01,9.990592598915100098e-01,-1.690493524074554443e-02,-2.849629335105419159e-02,2.797907404601573944e-02,0.000000000000000000e+00,0.000000000000000000e+00,0.000000000000000000e+00,-1.100000000000000089e+00,2.000000000000000111e-01,-5.000000000000000000e-01,0.000000000000000000e+00,1.100000000000000089e+00,2.000000000000000111e-01,5.000000000000000000e-01,1.029894351959228516e-01,4.390976577997207642e-02,-8.680599927902221680e-02,1.274857878684997559e+00,2.023630402982234955e-02,-1.436601132154464722e-01,-4.062325954437255859e-01,-7.151298969984054565e-02,-2.378619611263275146e-01,6.547568440437316895e-01,-1.971738338470458984e-01,-3.901189938187599182e-02
3.455399990184138570e+00,-2.748809410932689934e-01,5.249660988535844730e-01,9.990711808204650879e-01,-2.325649000704288483e-02,-2.862929180264472961e-02,2.227841876447200775e-02,0.000000000000000000e+00,0.000000000000000000e+00,0.000000000000000000e+00,-1.100000000000000089e+00,2.000000000000000111e-01,-5.000000000000000000e-01,0.000000000000000000e+00,1.100000000000000089e+00,2.000000000000000111e-01,5.000000000000000000e-01,-5.654995143413543701e-02,9.161189943552017212e-02,-2.947141975164413452e-02,1.357602596282958984e+00,-1.029900759458541870e-01,-9.032240509986877441e-02,-2.749179303646087646e-01,-2.136968821287155151e-02,-2.419178038835525513e-01,5.629439353942871094e-01,-2.415969818830490112e-01,-4.469174146652221680e-02
3.493124095014851438e+00,-2.788821146215754165e-01,5.340921657946374745e-01,9.991621971130371094e-01,-2.251199446618556976e-02,-3.040763922035694122e-02,1.560477912425994873e-02,0.000000000000000000e+00,0.000000000000000000e+00,0.000000000000000000e+00,-1.100000000000000089e+00,2.000000000000000111e-01,-5.000000000000000000e-01,0.000000000000000000e+00,1.100000000000000089e+00,2.000000000000000111e-01,5.000000000000000000e-01,-1.941286772489547729e-01,1.109788045287132263e-01,2.735189162194728851e-02,1.312778830528259277e+00,-1.702065169811248779e-01,-4.127077758312225342e-02,-1.228880137205123901e-01,1.399611681699752808e-02,-2.302680611610412598e-01,4.285830855369567871e-01,-2.544453740119934082e-01,-4.411116614937782288e-02
3.531077054233262125e+00,-2.821384111283855023e-01,5.400054692160902725e-01,9.993795752525329590e-01,-1.733197830617427826e-02,-3.032553009688854218e-02,4.504740238189697266e-03,0.000000000000000000e+00,0.000000000000000000e+00,0.000000000000000000e+00,-1.100000000000000089e+00,2.000000000000000111e-01,-5.000000000000000000e-01,0.000000000000000000e+00,1.100000000000000089e+00,2.000000000000000111e-01,5.000000000000000000e-01,-2.974683046340942383e-01,1.082607731223106384e-01,8.298090100288391113e-02,1.157877206802368164e+00,-1.863342672586441040e-01,-5.198440514504909515e-03,2.098491229116916656e-02,3.173701465129852295e-02,-2.074475586414337158e-01,2.867707014083862305e-01,-2.481607496738433838e-01,-3.867585584521293640e-02
3.569660774674078496e+00,-2.846322471896807205e-01,5.414007253297651312e-01,9.993995428085327148e-01,-1.665342785418033600e-02,-2.669528871774673462e-02,-1.451316569000482559e-02,0.000000000000000000e+00,0.000000000000000000e+00,0.000000000000000000e+00,-1.100000000000000089e+00,2.000000000000000111e-01,-5.000000000000000000e-01,0.000000000000000000e+00,1.100000000000000089e+00,2.000000000000000111e-01,5.000000000000000000e-01,-3.724648654460906982e-01,1.104842349886894226e-01,1.242083460092544556e-01,9.224363565444946289e-01,-1.677708625793457031e-01,7.309125736355781555e-03,1.354982852935791016e-01,4.941780865192413330e-02,-1.790607273578643799e-01,1.719880402088165283e-01,-2.336436510086059570e-01,-2.849793620407581329e-02
3.607255339285340145e+00,-2.865484874936366499e-01,5.379343203997070111e-01,9.985459446907043457e-01,-2.607682906091213226e-02,-2.183950878679752350e-02,-4.182083159685134888e-02,0.000000000000000000e+00,0.000000000000000000e+00,0.000000000000000000e+00,-1.100000000000000089e+00,2.000000000000000111e-01,-5.000000000000000000e-01,0.000000000000000000e+00,1.100000000000000089e+00,2.000000000000000111e-01,5.000000000000000000e-01,-4.119236469268798828e-01,1.485746651887893677e-01,1.666851937770843506e-01,6.170096397399902344e-01,-1.149478480219841003e-01,-9.631296619772911072e-03,2.164118587970733643e-01,7.595605403184890747e-02,-1.370769292116165161e-01,1.329366266727447510e-01,-2.443882972002029419e-01,-2.550035715103149414e-02
3.644538343061100250e+00,-2.890552775768769900e-01,5.311251550182850556e-01,9.961341619491577148e-01,-4.316109791398048401e-02,-1.960354484617710114e-02,-7.395599037408828735e-02,0.000000000000000000e+00,0.000000000000000000e+00,0.000000000000000000e+00,-1.100000000000000089e+00,2.000000000000000111e-01,-5.000000000000000000e-01,0.000000000000000000e+00,1.100000000000000089e+00,2.000000000000000111e-01,5.000000000000000000e-01,-4.104524850845336914e-01,2.079444676637649536e-01,2.233382910490036011e-01,2.676699459552764893e-01,-9.525169432163238525e-02,-3.588632494211196899e-02,2.910525500774383545e-01,1.066598445177078247e-01,-7.600426673889160156e-02,1.254838854074478149e-01,-2.703924179077148438e-01,-2.192999050021171570e-02
3.684046781376154822e+00,-2.907526904043525318e-01,5.220827079496600520e-01,9.921061396598815918e-01,-5.809794738888740540e-02,-2.241631038486957550e-02,-1.088462471961975098e-01,0.000000000000000000e+00,0.000000000000000000e+00,0.000000000000000000e+00,-1.100000000000000089e+00,2.000000000000000111e-01,-5.000000000000000000e-01,0.000000000000000000e+00,1.100000000000000089e+00,2.000000000000000111e-01,5.000000000000000000e-01,-4.473085403442382812e-01,2.739865183830261230e-01,2.418814152479171753e-01,1.063235700130462646e-01,-1.593601405620574951e-01,-6.565587222576141357e-02,3.773052692413330078e-01,1.128163859248161316e-01,-1.784181781113147736e-02,1.238181889057159424e-01,-2.959093749523162842e-01,-1.136478688567876816e-02
3.722505279604834794e+00,-2.913620276673875575e-01,5.146162505124253217e-01,9.896105527877807617e-01,-5.997147411108016968e-02,-2.836935222148895264e-02,-1.275523006916046143e-01,0.000000000000000000e+00,0.000000000000000000e+00,0.000000000000000000e+00,-1.100000000000000089e+00,2.000000000000000111e-01,-5.000000000000000000e-01,0.000000000000000000e+00,1.100000000000000089e+00,2.000000000000000111e-01,5.000000000000000000e-01,-4.816920757293701172e-01,2.841861546039581299e-01,1.990183144807815552e-01,1.060553118586540222e-01,-1.854534000158309937e-01,-1.127588450908660889e-01,4.608866572380065918e-01,8.265463262796401978e-02,1.661624014377593994e-02,1.520086824893951416e-01,-3.001302182674407959e-01,1.198266400024294853e-03
3.762123993183627224e+00,-2.915952415817012477e-01,5.092064931747889434e-01,9.903139472007751465e-01,-4.214001074433326721e-02,-3.031557425856590271e-02,-1.287766844034194946e-01,0.000000000000000000e+00,0.000000000000000000e+00,0.000000000000000000e+00,-1.100000000000000089e+00,2.000000000000000111e-01,-5.000000000000000000e-01,0.000000000000000000e+00,1.100000000000000089e+00,2.000000000000000111e-01,5.000000000000000000e-01,-4.406054019927978516e-01,2.178763151168823242e-01,1.703893989324569702e-01,1.066733449697494507e-01,-1.509494185447692871e-01,-1.197070553898811340e-01,4.674552679061889648e-01,2.709991857409477234e-02,2.728220634162425995e-02,3.261058330535888672e-01,-2.979118227958679199e-01,2.615032158792018890e-02
3.803467252453168079e+00,-2.920491928603462517e-01,5.088665746566322090e-01,9.926578402519226074e-01,3.903942415490746498e-03,-2.251576259732246399e-02,-1.187776327133178711e-01,0.000000000000000000e+00,0.000000000000000000e+00,0.000000000000000000e+00,-1.100000000000000089e+00,2.000000000000000111e-01,-5.000000000000000000e-01,0.000000000000000000e+00,1.100000000000000089e+00,2.000000000000000111e-01,5.000000000000000000e-01,-4.632524251937866211e-01,7.364724576473236084e-02,1.332715302705764771e-01,2.151662558317184448e-01,-3.206285461783409119e-02,-4.699880257248878479e-02,3.680545687675476074e-01,-8.181957155466079712e-02,1.183942332863807678e-02,6.372811794281005859e-01,-2.111936807632446289e-01,4.864955320954322815e-02
3.842455204809554825e+00,-2.931207022236453352e-01,5.097620629428913919e-01,9.935747981071472168e-01,2.182801812887191772e-02,-3.222573921084403992e-02,-1.062739863991737366e-01,0.000000000000000000e+00,0.000000000000000000e+00,0.000000000000000000e+00,-1.100000000000000089e+00,2.000000000000000111e-01,-5.000000000000000000e-01,0.000000000000000000e+00,1.100000000000000089e+00,2.000000000000000111e-01,5.000000000000000000e-01,-4.582853615283966064e-01,9.222798980772495270e-03,1.008596196770668030e-01,3.860771656036376953e-01,3.345833718776702881e-02,-5.470834299921989441e-02,2.764463126659393311e-01,-1.552249491214752197e-01,-4.392505809664726257e-02,9.486892819404602051e-01,-1.948444359004497528e-02,3.337578102946281433e-02
3.879201447060613983e+00,-2.940790922510804761e-01,5.127404915270480368e-01,9.936296343803405762e-01,3.240915015339851379e-02,-4.616870731115341187e-02,-9.756193310022354126e-02,0.000000000000000000e+00,0.000000000000000000e+00,0.000000000000000000e+00,-1.100000000000000089e+00,2.000000000000000111e-01,-5.000000000000000000e-01,0.000000000000000000e+00,1.100000000000000089e+00,2.000000000000000111e-01,5.000000000000000000e-01,-4.029667079448699951e-01,-3.184477612376213074e-02,1.016848459839820862e-01,4.981099963188171387e-01,-3.699449077248573303e-02,-4.158024117350578308e-02,1.552521437406539917e-01,-2.486029118299484253e-01,-9.539011120796203613e-02,1.249113321304321289e+00,2.485084161162376404e-02,-2.758870832622051239e-02
3.915443478919038878e+00,-2.954915165957627821e-01,5.190984251440474706e-01,9.931935667991638184e-01,3.878534957766532898e-02,-5.145385116338729858e-02,-9.702937304973602295e-02,0.000000000000000000e+00,0.000000000000000000e+00,0.000000000000000000e+00,-1.100000000000000089e+00,2.000000000000000111e-01,-5.000000000000000000e-01,0.000000000000000000e+00,1.100000000000000089e+00,2.000000000000000111e-01,5.000000000000000000e-01,-3.130309879779815674e-01,-6.198926270008087158e-02,1.065312474966049194e-01,5.043656826019287109e-01,-1.117548868060112000e-01,-1.589426025748252869e-02,9.524520486593246460e-03,-2.489445358514785767e-01,-6.578204035758972168e-02,1.406712412834167480e+00,-8.462433516979217529e-02,-2.386576868593692780e-02
3.952203339500860668e+00,-2.984578423036469141e-01,5.274117517659459020e-01,9.933165907859802246e-01,3.432474657893180847e-02,-5.701261758804321289e-02,-9.430526942014694214e-02,0.000000000000000000e+00,0.000000000000000000e+00,0.000000000000000000e+00,-1.100000000000000089e+00,2.000000000000000111e-01,-5.000000000000000000e-01,0.000000000000000000e+00,1.100000000000000089e+00,2.000000000000000111e-01,5.000000000000000000e-01,-1.884586960077285767e-01,-7.248883694410324097e-02,9.461732953786849976e-02,4.441643655300140381e-01,-1.641975194215774536e-01,-1.804763916879892349e-03,-1.173589006066322327e-01,-2.035237550735473633e-01,-6.230333074927330017e-02,1.410764217376708984e+00,-1.647451817989349365e-01,-9.076832793653011322e-03
3.987857125901212552e+00,-3.029575380803358753e-01,5.347150383498331383e-01,9.944435954093933105e-01,2.651431038975715637e-02,-5.983343720436096191e-02,-8.245566487312316895e-02,0.000000000000000000e+00,0.000000000000000000e+00,0.000000000000000000e+00,-1.100000000000000089e+00,2.000000000000000111e-01,-5.000000000000000000e-01,0.000000000000000000e+00,1.100000000000000089e+00,2.000000000000000111e-01,5.000000000000000000e-01,-5.795315653085708618e-02,-7.609198987483978271e-02,6.087037548422813416e-02,3.496119379997253418e-01,-1.866591572761535645e-01,5.085647106170654297e-03,-2.178437709808349609e-01,-1.784935295581817627e-01,-1.085645034909248352e-01,1.297445058822631836e+00,-2.081426531076431274e-01,2.309029456228017807e-03
4.023990211113535054e+00,-3.076031326811121125e-01,5.389971729887254037e-01,9.960579276084899902e-01,2.130708098411560059e-02,-5.769271403551101685e-02,-6.392314285039901733e-02,0.000000000000000000e+00,0.000000000000000000e+00,0.000000000000000000e+00,-1.100000000000000089e+00,2.000000000000000111e-01,-5.000000000000000000e-01,0.000000000000000000e+00,1.100000000000000089e+00,2.000000000000000111e-01,5.000000000000000000e-01,6.044099852442741394e-02,-7.819546759128570557e-02,1.856437884271144867e-02,2.463830411434173584e-01,-1.889263987541198730e-01,1.168166287243366241e-02,-2.910843193531036377e-01,-1.916159987449645996e-01,-1.939851045608520508e-01,1.102514028549194336e+00,-2.188369482755661011e-01,2.843700349330902100e-03
4.059815389188853096e+00,-3.114305064149878177e-01,5.384112941308153433e-01,9.974176883697509766e-01,2.396924048662185669e-02,-5.265154317021369934e-02,-4.255852103233337402e-02,0.000000000000000000e+00,0.000000000000000000e+00,0.000000000000000000e+00,-1.100000000000000089e+00,2.000000000000000111e-01,-5.000000000000000000e-01,0.000000000000000000e+00,1.100000000000000089e+00,2.000000000000000111e-01,5.000000000000000000e-01,1.576563417911529541e-01,-8.825024217367172241e-02,-1.667677797377109528e-02,1.728457659482955933e-01,-2.046670764684677124e-01,2.295736782252788544e-02,-3.395666778087615967e-01,-2.286386787891387939e-01,-2.920830249786376953e-01,8.506430387496948242e-01,-2.035603970289230347e-01,-2.542589325457811356e-03
4.093121176073045042e+00,-3.155526049077661543e-01,5.327331145115271616e-01,9.979685544967651367e-01,3.754368051886558533e-02,-4.804769158363342285e-02,-1.845533400774002075e-02,0.000000000000000000e+00,0.000000000000000000e+00,0.000000000000000000e+00,-1.100000000000000089e+00,2.000000000000000111e-01,-5.000000000000000000e-01,0.000000000000000000e+00,1.100000000000000089e+00,2.000000000000000111e-01,5.000000000000000000e-01,2.378419786691665649e-01,-1.142414212226867676e-01,-5.317769199609756470e-02,1.400422453880310059e-01,-2.459783405065536499e-01,3.758455812931060791e-02,-3.756484389305114746e-01,-2.619419395923614502e-01,-3.390815258026123047e-01,5.648971796035766602e-01,-1.507480591535568237e-01,3.499331418424844742e-03
4.126731548550153228e+00,-3.198444965824183694e-01,5.244296694832919492e-01,9.972780942916870117e-01,5.692206323146820068e-02,-4.572544619441032410e-02,1.026588026434183121e-02,0.000000000000000000e+00,0.000000000000000000e+00,0.000000000000000000e+00,-1.100000000000000089e+00,2.000000000000000111e-01,-5.000000000000000000e-01,0.000000000000000000e+00,1.100000000000000089e+00,2.000000000000000111e-01,5.000000000000000000e-01,3.115746080875396729e-01,-1.426491290330886841e-01,-9.866140037775039673e-02,1.314459294080734253e-01,-2.956867218017578125e-01,4.873467981815338135e-02,-3.995841443538665771e-01,-2.881132960319519043e-01,-3.186473250389099121e-01,2.777654528617858887e-01,-9.724195301532745361e-02,4.302398487925529480e-02
4.162744061712063015e+00,-3.243332727829163487e-01,5.145650987334624560e-01,9.951751828193664551e-01,7.454872131347656250e-02,-4.890458658337593079e-02,4.095428436994552612e-02,0.000000000000000000e+00,0.000000000000000000e+00,0.000000000000000000e+00,-1.100000000000000089e+00,2.000000000000000111e-01,-5.000000000000000000e-01,0.000000000000000000e+00,1.100000000000000089e+00,2.000000000000000111e-01,5.000000000000000000e-01,3.889397978782653809e-01,-1.527097523212432861e-01,-1.415379643440246582e-01,1.355880498886108398e-01,-3.376780450344085693e-01,4.880128055810928345e-02,-4.316327869892120361e-01,-3.324778079986572266e-01,-2.825711965560913086e-01,1.138416007161140442e-01,-1.155931651592254639e-01,9.701198339462280273e-02
4.201139450603061043e+00,-3.298632492569058550e-01,5.066533467918634681e-01,9.939042329788208008e-01,7.732686400413513184e-02,-5.100603401660919189e-02,5.977686494588851929e-02,0.000000000000000000e+00,0.000000000000000000e+00,0.000000000000000000e+00,-1.100000000000000089e+00,2.000000000000000111e-01,-5.000000000000000000e-01,0.000000000000000000e+00,1.100000000000000089e+00,2.000000000000000111e-01,5.000000000000000000e-01,4.477054774761199951e-01,-1.283814609050750732e-01,-1.652714908123016357e-01,1.906284987926483154e-01,-3.655451536178588867e-01,4.135273769497871399e-02,-4.586786031723022461e-01,-3.573357164859771729e-01,-2.780362963676452637e-01,1.062787771224975586e-01,-1.788507252931594849e-01,1.355926543474197388e-01
4.238873520066039902e+00,-3.365190423400414299e-01,5.016235325786501109e-01,9.957259893417358398e-01,5.622856691479682922e-02,-4.518613964319229126e-02,5.767412856221199036e-02,0.000000000000000000e+00,0.000000000000000000e+00,0.000000000000000000e+00,-1.100000000000000089e+00,2.000000000000000111e-01,-5.000000000000000000e-01,0.000000000000000000e+00,1.100000000000000089e+00,2.000000000000000111e-01,5.000000000000000000e-01,4.219962358474731445e-01,-7.435136288404464722e-02,-1.502475738525390625e-01,3.827088177204132080e-01,-3.919210135936737061e-01,1.688471809029579163e-02,-4.288452863693237305e-01,-2.874261736869812012e-01,-2.970852851867675781e-01,1.030926182866096497e-01,-1.082998365163803101e-01,1.367601156234741211e-01
4.276157520305027049e+00,-3.442923689317522462e-01,5.006043167750944267e-01,9.982155561447143555e-01,1.655390299856662750e-02,-3.092889860272407532e-02,4.832297563552856445e-02,0.000000000000000000e+00,0.000000000000000000e+00,0.000000000000000000e+00,-1.100000000000000089e+00,2.000000000000000111e-01,-5.000000000000000000e-01,0.000000000000000000e+00,1.100000000000000089e+00,2.000000000000000111e-01,5.000000000000000000e-01,3.379007577896118164e-01,8.629760704934597015e-03,-1.471960246562957764e-01,6.449397802352905273e-01,-3.453454971313476562e-01,-2.845074608922004700e-02,-5.027596950531005859e-01,-1.945295333862304688e-01,-2.710949480533599854e-01,2.938298881053924561e-01,4.350650683045387268e-02,3.995886072516441345e-02
4.310209658145904399e+00,-3.503408591976069353e-01,5.000543521126412649e-01,9.984351396560668945e-01,2.191033214330673218e-03,-4.186541214585304260e-02,3.701055794954299927e-02,0.000000000000000000e+00,0.000000000000000000e+00,0.000000000000000000e+00,-1.100000000000000089e+00,2.000000000000000111e-01,-5.000000000000000000e-01,0.000000000000000000e+00,1.100000000000000089e+00,2.000000000000000111e-01,5.000000000000000000e-01,2.986203730106353760e-01,3.693412989377975464e-02,-1.245863959193229675e-01,8.857430815696716309e-01,-1.687094122171401978e-01,-1.059449166059494019e-01,-5.217319130897521973e-01,-1.636110097169876099e-01,-2.466363310813903809e-01,5.015971660614013672e-01,7.482939958572387695e-02,4.003950580954551697e-02
4.341907153382445372e+00,-3.563040272996882973e-01,5.022454917092215032e-01,9.978955984115600586e-01,-1.264922088012099266e-03,-5.838840454816818237e-02,2.817005664110183716e-02,0.000000000000000000e+00,0.000000000000000000e+00,0.000000000000000000e+00,-1.100000000000000089e+00,2.000000000000000111e-01,-5.000000000000000000e-01,0.000000000000000000e+00,1.100000000000000089e+00,2.000000000000000111e-01,5.000000000000000000e-01,2.281407564878463745e-01,6.166591122746467590e-02,-8.210800588130950928e-02,1.121820211410522461e+00,-3.320327401161193848e-02,-1.579926162958145142e-01,-4.860243797302246094e-01,-1.486288756132125854e-01,-2.398431003093719482e-01,6.464185714721679688e-01,-4.019059613347053528e-02,5.086486227810382843e-03
4.370594001057171774e+00,-3.621814165256841966e-01,5.072164730727672932e-01,9.975339174270629883e-01,-4.533674102276563644e-03,-6.620953232049942017e-02,2.284434624016284943e-02,0.000000000000000000e+00,0.000000000000000000e+00,0.000000000000000000e+00,-1.100000000000000089e+00,2.000000000000000111e-01,-5.000000000000000000e-01,0.000000000000000000e+00,1.100000000000000089e+00,2.000000000000000111e-01,5.000000000000000000e-01,1.159733608365058899e-01,1.143405959010124207e-01,-3.105803579092025757e-02,1.303473472595214844e+00,-1.040618121623992920e-01,-1.407597362995147705e-01,-4.218882918357849121e-01,-1.270779222249984741e-01,-2.512344121932983398e-01,6.837167739868164062e-01,-1.232814788818359375e-01,-1.476112753152847290e-02
4.397677871554789064e+00,-3.674736742411899848e-01,5.143502363502376884e-01,9.974014759063720703e-01,-9.421379305422306061e-03,-7.020657509565353394e-02,1.313636079430580139e-02,0.000000000000000000e+00,0.000000000000000000e+00,0.000000000000000000e+00,-1.100000000000000089e+00,2.000000000000000111e-01,-5.000000000000000000e-01,0.000000000000000000e+00,1.100000000000000089e+00,2.000000000000000111e-01,5.000000000000000000e-01,-3.341706236824393272e-03,1.684029847383499146e-01,2.450397796928882599e-02,1.391207098960876465e+00,-1.953985840082168579e-01,-1.068534851074218750e-01,-3.443287611007690430e-01,-8.976993709802627563e-02,-2.578729987144470215e-01,6.604657173156738281e-01,-1.739634871482849121e-01,-3.091077692806720734e-02
4.423829052472355805e+00,-3.721785168846448166e-01,5.219465661613327256e-01,9.971656799316406250e-01,-1.250910013914108276e-02,-7.407305389642715454e-02,-4.163085948675870895e-03,0.000000000000000000e+00,0.000000000000000000e+00,0.000000000000000000e+00,-1.100000000000000089e+00,2.000000000000000111e-01,-5.000000000000000000e-01,0.000000000000000000e+00,1.100000000000000089e+00,2.000000000000000111e-01,5.000000000000000000e-01,-1.007697060704231262e-01,2.113173007965087891e-01,9.597070515155792236e-02,1.375026106834411621e+00,-2.556005716323852539e-01,-7.406490296125411987e-02,-2.591701745986938477e-01,-4.776250943541526794e-02,-2.450130283832550049e-01,6.055406332015991211e-01,-2.016364634037017822e-01,-3.495803102850914001e-02
4.449302638395868037e+00,-3.766204593134949707e-01,5.285558576272292308e-01,9.965749979019165039e-01,-1.526333577930927277e-02,-7.723212987184524536e-02,-2.530827745795249939e-02,0.000000000000000000e+00,0.000000000000000000e+00,0.000000000000000000e+00,-1.100000000000000089e+00,2.000000000000000111e-01,-5.000000000000000000e-01,0.000000000000000000e+00,1.100000000000000089e+00,2.000000000000000111e-01,5.000000000000000000e-01,-1.696012914180755615e-01,2.570582330226898193e-01,1.856308579444885254e-01,1.263940095901489258e+00,-2.850080728530883789e-01,-4.679499194025993347e-02,-1.689561605453491211e-01,-7.320743985474109650e-03,-2.202373445034027100e-01,5.334401726722717285e-01,-2.166227847337722778e-01,-3.083784133195877075e-02
4.476342000202699012e+00,-3.809982129028349207e-01,5.329331545042570450e-01,9.956521391868591309e-01,-2.093951031565666199e-02,-7.766997069120407104e-02,-4.696480184793472290e-02,0.000000000000000000e+00,0.000000000000000000e+00,0.000000000000000000e+00,-1.100000000000000089e+00,2.000000000000000111e-01,-5.000000000000000000e-01,0.000000000000000000e+00,1.100000000000000089e+00,2.000000000000000111e-01,5.000000000000000000e-01,-2.150848209857940674e-01,2.967113852500915527e-01,2.655147612094879150e-01,1.081667184829711914e+00,-2.892112731933593750e-01,-3.556478023529052734e-02,-8.376864343881607056e-02,3.318666666746139526e-02,-1.934959739446640015e-01,4.583349227905273438e-01,-2.236460447311401367e-01,-2.131549268960952759e-02
4.504729576755051923e+00,-3.847080454952789275e-01,5.345794363124202198e-01,9.944506287574768066e-01,-3.095842525362968445e-02,-7.530376315116882324e-02,-6.662513315677642822e-02,0.000000000000000000e+00,0.000000000000000000e+00,0.000000000000000000e+00,-1.100000000000000089e+00,2.000000000000000111e-01,-5.000000000000000000e-01,0.000000000000000000e+00,1.100000000000000089e+00,2.000000000000000111e-01,5.000000000000000000e-01,-2.497490197420120239e-01,3.178726136684417725e-01,3.028665781021118164e-01,8.437963724136352539e-01,-2.633348405361175537e-01,-4.616874083876609802e-02,-8.078160695731639862e-03,7.611268758773803711e-02,-1.651758402585983276e-01,3.925588726997375488e-01,-2.314838171005249023e-01,-1.344137918204069138e-02
4.530187551421348324e+00,-3.876530925613461132e-01,5.337956349461367989e-01,9.931856989860534668e-01,-4.341343790292739868e-02,-7.030627876520156860e-02,-8.218555897474288940e-02,0.000000000000000000e+00,0.000000000000000000e+00,0.000000000000000000e+00,-1.100000000000000089e+00,2.000000000000000111e-01,-5.000000000000000000e-01,0.000000000000000000e+00,1.100000000000000089e+00,2.000000000000000111e-01,5.000000000000000000e-01,-2.828431129455566406e-01,3.144635260105133057e-01,2.820598483085632324e-01,5.747084617614746094e-01,-2.022184282541275024e-01,-6.409998238086700439e-02,5.733421444892883301e-02,1.155008897185325623e-01,-1.384814083576202393e-01,3.408281803131103516e-01,-2.504421174526214600e-01,-1.740551926195621490e-02
4.552407352755768244e+00,-3.899126144468483268e-01,5.309524347256830978e-01,9.916884899139404297e-01,-5.702123418450355530e-02,-6.370569765567779541e-02,-9.614638239145278931e-02,0.000000000000000000e+00,0.000000000000000000e+00,0.000000000000000000e+00,-1.100000000000000089e+00,2.000000000000000111e-01,-5.000000000000000000e-01,0.000000000000000000e+00,1.100000000000000089e+00,2.000000000000000111e-01,5.000000000000000000e-01,-3.159360587596893311e-01,3.039630949497222900e-01,2.110804468393325806e-01,3.175147473812103271e-01,-1.486152261495590210e-01,-9.642538428306579590e-02,1.118675842881202698e-01,1.477647423744201660e-01,-1.164318919181823730e-01,3.113612830638885498e-01,-2.878826856613159180e-01,-3.107749670743942261e-02
