-1.448909819772880962e-02,-3.761101144441224980e-02,5.451238440985631817e-01,9.985077381134033203e-01,1.887361146509647369e-02,-5.114316195249557495e-02,-3.221223596483469009e-03,0.000000000000000000e+00,0.000000000000000000e+00,3.236045688390731812e-02,-1.380138264098439649e+00,1.068333148956298828e+00,-4.381821155548095703e-01,-2.102668732404708862e-01,1.333799482384000257e+00,1.206352114677429199e+00,1.102265000343322754e+00,1.744036674499511719e-01,4.717925563454627991e-02,3.496602177619934082e-01,1.137699484825134277e-01,-1.539458483457565308e-01,-9.616047888994216919e-02,1.140507236123085022e-01,-2.084942758083343506e-01,-3.036720156669616699e-01,2.468995898962020874e-01,-2.143530249595642090e-01,1.278455853462219238e-01
-1.443499465595291138e-02,-3.642508786204600585e-02,5.452736042176533626e-01,9.986027479171752930e-01,2.025858126580715179e-02,-4.880341514945030212e-02,-5.718197207897901535e-04,0.000000000000000000e+00,0.000000000000000000e+00,3.007943928241729736e-02,-1.379829348125729993e+00,1.055232763290405273e+00,-4.286101758480072021e-01,-2.225251644849777222e-01,1.333496720590863660e+00,1.190670013427734375e+00,1.114618659019470215e+00,1.658678799867630005e-01,4.323729500174522400e-02,3.472894728183746338e-01,1.152262166142463684e-01,-1.508365124464035034e-01,-9.470925480127334595e-02,1.104941740632057190e-01,-2.141047120094299316e-01,-3.092206418514251709e-01,2.498893141746520996e-01,-2.157595902681350708e-01,1.304649412631988525e-01
-1.460995309838009071e-02,-3.648800257800353941e-02,5.454059262302788369e-01,9.987040758132934570e-01,2.168180234730243683e-02,-4.587189480662345886e-02,3.975766710937023163e-03,0.000000000000000000e+00,0.000000000000000000e+00,2.896662615239620209e-02,-1.379007653394017652e+00,1.037588357925415039e+00,-4.150477349758148193e-01,-2.428031414747238159e-01,1.335985706248555616e+00,1.164211273193359375e+00,1.133145451545715332e+00,1.534824520349502563e-01,3.964367881417274475e-02,3.400762379169464111e-01,1.203114241361618042e-01,-1.488971412181854248e-01,-9.134723991155624390e-02,1.034456342458724976e-01,-2.210295647382736206e-01,-3.167657256126403809e-01,2.575837373733520508e-01,-2.182976305484771729e-01,1.324626207351684570e-01
-1.495644204593686924e-02,-3.697299991405070263e-02,5.456283866456060894e-01,9.988215565681457520e-01,2.274486795067787170e-02,-4.154530912637710571e-02,1.059019379317760468e-02,0.000000000000000000e+00,0.000000000000000000e+00,2.564828656613826752e-02,-1.377221764126096204e+00,1.019712209701538086e+00,-4.009347259998321533e-01,-2.734786868095397949e-01,1.347126127281461194e+00,1.132584214210510254e+00,1.158168077468872070e+00,1.337513774633407593e-01,3.816703706979751587e-02,3.289170563220977783e-01,1.315138489007949829e-01,-1.478448808193206787e-01,-8.800308406352996826e-02,9.335664659738540649e-02,-2.271552681922912598e-01,-3.262985944747924805e-01,2.662280499935150146e-01,-2.205499559640884399e-01,1.335439980030059814e-01
-1.572828585350171185e-02,-3.830117121696321320e-02,5.459617866334891545e-01,9.989520907402038574e-01,2.259256690740585327e-02,-3.505121171474456787e-02,1.886190287768840790e-02,0.000000000000000000e+00,0.000000000000000000e+00,1.872317865490913391e-02,-1.375456810989652112e+00,9.991028904914855957e-01,-3.870900571346282959e-01,-3.141974806785583496e-01,1.369076476493154004e+00,1.103619813919067383e+00,1.189734220504760742e+00,1.022204607725143433e-01,4.173745587468147278e-02,3.148694932460784912e-01,1.550063341856002808e-01,-1.508382260799407959e-01,-8.461432904005050659e-02,7.866452634334564209e-02,-2.294358164072036743e-01,-3.380252718925476074e-01,2.747409641742706299e-01,-2.220028042793273926e-01,1.313135772943496704e-01
-1.689851254509348172e-02,-3.999980367390871400e-02,5.461874025157004153e-01,9.990661144256591797e-01,2.014197222888469696e-02,-2.548693493008613586e-02,2.848869562149047852e-02,0.000000000000000000e+00,0.000000000000000000e+00,8.089088834822177887e-03,-1.372117833295140699e+00,9.597436785697937012e-01,-3.743818700313568115e-01,-3.649247288703918457e-01,1.401436583199773267e+00,1.080662250518798828e+00,1.226070642471313477e+00,5.339162051677703857e-02,5.321668833494186401e-02,2.972832322120666504e-01,1.984426677227020264e-01,-1.627016812562942505e-01,-8.154485374689102173e-02,5.592522397637367249e-02,-2.256549149751663208e-01,-3.543829917907714844e-01,2.847017943859100342e-01,-2.238219976425170898e-01,1.226920858025550842e-01
-1.849215825927923509e-02,-4.227435035649874939e-02,5.460150558968084322e-01,9.990699887275695801e-01,1.530801970511674881e-02,-1.272916141897439957e-02,3.824564442038536072e-02,0.000000000000000000e+00,0.000000000000000000e+00,-2.385513624176383018e-03,-1.363404543199811414e+00,8.861292004585266113e-01,-3.624542653560638428e-01,-4.240057766437530518e-01,1.437331558265958265e+00,1.056292176246643066e+00,1.265504360198974609e+00,-9.855953976511955261e-03,7.145863771438598633e-02,2.788686454296112061e-01,2.532929182052612305e-01,-1.779413670301437378e-01,-7.992503792047500610e-02,2.065096423029899597e-02,-2.176464647054672241e-01,-3.740313649177551270e-01,3.031494617462158203e-01,-2.294177561998367310e-01,1.061473339796066284e-01
-2.060528698151535901e-02,-4.527690684451072395e-02,5.451326877096988044e-01,9.987614154815673828e-01,9.678232483565807343e-03,1.679181470535695553e-03,4.877640306949615479e-02,0.000000000000000000e+00,0.000000000000000000e+00,-5.215825978666543961e-03,-1.344833881655011609e+00,7.670243978500366211e-01,-3.505917191505432129e-01,-4.896340072154998779e-01,1.466020577647958234e+00,1.010678052902221680e+00,1.303255438804626465e+00,-8.295944333076477051e-02,9.208200871944427490e-02,2.601808905601501465e-01,3.142108619213104248e-01,-1.932449787855148315e-01,-8.136655390262603760e-02,-2.578804641962051392e-02,-2.110886871814727783e-01,-3.953231275081634521e-01,3.397695422172546387e-01,-2.464854121208190918e-01,8.355572074651718140e-02
-2.365558028597422244e-02,-4.920228169873507029e-02,5.433810299153279955e-01,9.978969693183898926e-01,4.827992990612983704e-03,1.616274751722812653e-02,6.258624047040939331e-02,0.000000000000000000e+00,0.000000000000000000e+00,6.444720085710287094e-03,-1.312982038655553296e+00,6.068732142448425293e-01,-3.350863158702850342e-01,-5.595400333404541016e-01,1.472184219458375409e+00,9.376819133758544922e-01,1.314387083053588867e+00,-1.617677211761474609e-01,1.116524338722229004e-01,2.408913373947143555e-01,3.811049163341522217e-01,-2.102170139551162720e-01,-8.450196683406829834e-02,-8.209788799285888672e-02,-2.137982845306396484e-01,-4.232457578182220459e-01,4.067388474941253662e-01,-2.886047959327697754e-01,5.218470469117164612e-02
-2.619660303297668968e-02,-5.375835030650098767e-02,5.411585432464125489e-01,9.965851306915283203e-01,-2.429715823382139206e-03,2.807719819247722626e-02,7.761318981647491455e-02,0.000000000000000000e+00,0.000000000000000000e+00,3.723740205168724060e-02,-1.267519877352986768e+00,4.097171425819396973e-01,-3.035917878150939941e-01,-6.254776716232299805e-01,1.435475305714879468e+00,8.409560918807983398e-01,1.260241270065307617e+00,-2.380652427673339844e-01,1.355267763137817383e-01,2.145948857069015503e-01,4.489240050315856934e-01,-2.278697341680526733e-01,-9.543556720018386841e-02,-1.294635683298110962e-01,-2.178546488285064697e-01,-4.677496254444122314e-01,4.958652555942535400e-01,-3.395483195781707764e-01,8.999162353575229645e-03
-2.844521053220060852e-02,-5.862241946969821288e-02,5.380619092120064728e-01,9.950585365295410156e-01,-9.269263595342636108e-03,3.830075636506080627e-02,9.113539755344390869e-02,0.000000000000000000e+00,0.000000000000000000e+00,9.091781824827194214e-02,-1.207592592635426954e+00,1.858599632978439331e-01,-2.520147264003753662e-01,-6.676655411720275879e-01,1.343227909007344678e+00,7.304525375366210938e-01,1.134633421897888184e+00,-3.099204897880554199e-01,1.576413959264755249e-01,1.851631999015808105e-01,5.149388909339904785e-01,-2.463967502117156982e-01,-1.082063466310501099e-01,-1.688065975904464722e-01,-2.385622859001159668e-01,-5.209099650382995605e-01,6.076122522354125977e-01,-3.956184983253479004e-01,-3.547437861561775208e-02
-3.042433181768188985e-02,-6.385612978073157420e-02,5.337454381110993129e-01,9.936366677284240723e-01,-1.511201635003089905e-02,4.640898853540420532e-02,1.015080139040946960e-01,0.000000000000000000e+00,0.000000000000000000e+00,1.527044773101806641e-01,-1.134682850041661695e+00,-3.487681224942207336e-02,-1.877414882183074951e-01,-6.664462685585021973e-01,1.203331277766499952e+00,6.170260906219482422e-01,9.552884101867675781e-01,-3.765908479690551758e-01,1.786556988954544067e-01,1.579012125730514526e-01,5.831738114356994629e-01,-2.711853981018066406e-01,-1.206876188516616821e-01,-2.025791406631469727e-01,-2.757833302021026611e-01,-5.565765500068664551e-01,7.340685725212097168e-01,-4.492942392826080322e-01,-7.029450684785842896e-02
-3.203242884360893439e-02,-6.932006461639897421e-02,5.283803970607543476e-01,9.927828311920166016e-01,-2.026931196451187134e-02,5.119533091783523560e-02,1.065387204289436340e-01,0.000000000000000000e+00,0.000000000000000000e+00,2.102149426937103271e-01,-1.054883972802434400e+00,-2.161096483469009399e-01,-1.154751032590866089e-01,-6.304975748062133789e-01,1.044809118905339673e+00,5.322543978691101074e-01,7.614179253578186035e-01,-4.370403885841369629e-01,2.029531598091125488e-01,1.368283927440643311e-01,6.585496068000793457e-01,-3.023318350315093994e-01,-1.321316808462142944e-01,-2.368229925632476807e-01,-3.245113492012023926e-01,-5.548031330108642578e-01,8.703452348709106445e-01,-4.899345338344573975e-01,-9.711456298828125000e-02
-3.312521944368126275e-02,-7.494451826005571471e-02,5.219746747281815979e-01,9.927255511283874512e-01,-2.505899406969547272e-02,5.293451622128486633e-02,1.051950752735137939e-01,0.000000000000000000e+00,0.000000000000000000e+00,2.637715339660644531e-01,-9.737529913571218998e-01,-3.399519622325897217e-01,-3.520897775888442993e-02,-5.849111676216125488e-01,8.791678706791739017e-01,4.965634047985076904e-01,5.920243263244628906e-01,-4.914542436599731445e-01,2.352947890758514404e-01,1.223283037543296814e-01,7.420099973678588867e-01,-3.370520174503326416e-01,-1.433577239513397217e-01,-2.721566855907440186e-01,-3.734282553195953369e-01,-5.168677568435668945e-01,9.919669628143310547e-01,-5.090611577033996582e-01,-1.014918610453605652e-01
-3.384508108626110151e-02,-8.110431658226356644e-02,5.143261966748972069e-01,9.933772087097167969e-01,-2.906690165400505066e-02,5.205945670604705811e-02,9.821742027997970581e-02,0.000000000000000000e+00,0.000000000000000000e+00,3.153824508190155029e-01,-8.922987739231924564e-01,-3.991817235946655273e-01,0.000000000000000000e+00,-5.454906225204467773e-01,7.010519067433218510e-01,5.124503970146179199e-01,4.597880542278289795e-01,-5.408095717430114746e-01,2.754001021385192871e-01,1.126989871263504028e-01,8.333045840263366699e-01,-3.775234818458557129e-01,-1.550925523042678833e-01,-3.073807060718536377e-01,-4.213103353977203369e-01,-4.564508497714996338e-01,1.085574626922607422e+00,-5.182849168777465820e-01,-8.917466551065444946e-02
-3.439449042806194679e-02,-8.867625899387128474e-02,5.053627608362772916e-01,9.943907260894775391e-01,-3.292144462466239929e-02,5.070945993065834045e-02,8.678613603115081787e-02,0.000000000000000000e+00,0.000000000000000000e+00,3.555426001548767090e-01,-8.086146275189260990e-01,-3.926061689853668213e-01,0.000000000000000000e+00,-5.319035053253173828e-01,5.055716792729239017e-01,5.688032507896423340e-01,3.649168014526367188e-01,-5.897842645645141602e-01,3.236798048019409180e-01,1.042002364993095398e-01,9.278292059898376465e-01,-4.205807447433471680e-01,-1.689426600933074951e-01,-3.444973230361938477e-01,-4.712432324886322021e-01,-3.894598484039306641e-01,1.140023350715637207e+00,-5.170892477035522461e-01,-6.635150313377380371e-02
-3.487415512887328400e-02,-9.813141829531753235e-02,4.956798785480887037e-01,9.953569173812866211e-01,-3.826874122023582458e-02,5.034769698977470398e-02,7.256175577640533447e-02,0.000000000000000000e+00,0.000000000000000000e+00,3.647414743900299072e-01,-7.209649244931082279e-01,-3.209529519081115723e-01,0.000000000000000000e+00,-5.571334362030029297e-01,3.042674819615225346e-01,6.557545065879821777e-01,3.017741143703460693e-01,-6.397824883460998535e-01,3.819684386253356934e-01,9.299909323453903198e-02,1.017769336700439453e+00,-4.576399624347686768e-01,-1.881811171770095825e-01,-3.767172992229461670e-01,-5.279011726379394531e-01,-3.448129594326019287e-01,1.143364310264587402e+00,-5.014855265617370605e-01,-3.712043166160583496e-02
-3.519700142940637710e-02,-1.094215231091536650e-01,4.859122138470411412e-01,9.959985017776489258e-01,-4.297802969813346863e-02,5.194806307554244995e-02,5.866203084588050842e-02,0.000000000000000000e+00,0.000000000000000000e+00,3.443421423435211182e-01,-6.314671198513845951e-01,-1.932062208652496338e-01,0.000000000000000000e+00,-6.024185419082641602e-01,1.231156150486807377e-01,7.757286429405212402e-01,2.634929120540618896e-01,-6.884707808494567871e-01,4.426379799842834473e-01,7.838685810565948486e-02,1.094000220298767090e+00,-4.832897782325744629e-01,-2.102816402912139893e-01,-4.017844796180725098e-01,-6.044515371322631836e-01,-3.385196328163146973e-01,1.104307413101196289e+00,-4.743753969669342041e-01,-6.587712094187736511e-03
-3.497381442630983356e-02,-1.226481400257108112e-01,4.774722948760697361e-01,9.964519143104553223e-01,-4.263000190258026123e-02,5.385689064860343933e-02,4.863825067877769470e-02,0.000000000000000000e+00,0.000000000000000000e+00,3.217294216156005859e-01,-5.460468093541006596e-01,-3.538225218653678894e-02,0.000000000000000000e+00,-6.468045115470886230e-01,4.775718846593335343e-03,9.249594211578369141e-01,2.484904974699020386e-01,-7.235991358757019043e-01,4.917481243610382080e-01,6.428538262844085693e-02,1.144100546836853027e+00,-4.933543205261230469e-01,-2.297036349773406982e-01,-4.186784327030181885e-01,-6.901903152465820312e-01,-3.390392661094665527e-01,1.044651031494140625e+00,-4.336586296558380127e-01,3.135536611080169678e-02
-3.375037556043779252e-02,-1.386755244369910212e-01,4.721967694389097581e-01,9.970284700393676758e-01,-3.528843075037002563e-02,5.353915691375732422e-02,4.269008710980415344e-02,0.000000000000000000e+00,0.000000000000000000e+00,3.408479392528533936e-01,-4.775458137181143314e-01,1.017662957310676575e-01,0.000000000000000000e+00,-6.923472881317138672e-01,-4.227356513472990684e-02,1.082379102706909180e+00,2.520293891429901123e-01,-7.321345806121826172e-01,5.230607986450195312e-01,5.965205654501914978e-02,1.158130407333374023e+00,-4.820518493652343750e-01,-2.434623092412948608e-01,-4.285022020339965820e-01,-7.672870755195617676e-01,-3.046763241291046143e-01,9.821732044219970703e-01,-3.713408708572387695e-01,7.651208341121673584e-02
-3.048066312945777248e-02,-1.569051133385963026e-01,4.729090745686882480e-01,9.976549148559570312e-01,-2.282700501382350922e-02,5.093077942728996277e-02,3.962021693587303162e-02,0.000000000000000000e+00,0.000000000000000000e+00,4.439702630043029785e-01,-4.441976110127310307e-01,1.498738080263137817e-01,0.000000000000000000e+00,-7.490002512931823730e-01,-7.041613658400969200e-02,1.216424226760864258e+00,2.693560719490051270e-01,-7.046205997467041016e-01,5.395320653915405273e-01,6.945458799600601196e-02,1.117260456085205078e+00,-4.280375242233276367e-01,-2.523780763149261475e-01,-4.089545905590057373e-01,-8.235703706741333008e-01,-2.531523704528808594e-01,8.934469223022460938e-01,-2.843190431594848633e-01,1.094284802675247192e-01
-2.548154724949989666e-02,-1.779112224630785832e-01,4.798866422353970651e-01,9.979260563850402832e-01,-9.135000407695770264e-03,5.103570595383644104e-02,3.815112635493278503e-02,0.000000000000000000e+00,0.000000000000000000e+00,6.119878888130187988e-01,-4.636860648777823002e-01,9.522040933370590210e-02,0.000000000000000000e+00,-8.735121488571166992e-01,-1.120752533290048092e-01,1.341663837432861328e+00,3.309037387371063232e-01,-6.475331783294677734e-01,5.489513278007507324e-01,9.993685036897659302e-02,1.008570671081542969e+00,-3.251163661479949951e-01,-2.585470974445343018e-01,-3.507718145847320557e-01,-8.419391512870788574e-01,-2.223829329013824463e-01,7.702669501304626465e-01,-1.723373979330062866e-01,1.566822677850723267e-01
-1.997060867254575253e-02,-2.039954119883101435e-01,4.923329246473131526e-01,9.976121783256530762e-01,-3.742869710549712181e-03,5.722994729876518250e-02,3.847931697964668274e-02,0.000000000000000000e+00,0.000000000000000000e+00,7.690770030021667480e-01,-5.280867377903799564e-01,-2.380734076723456383e-03,0.000000000000000000e+00,-1.293824315071105957e+00,-2.143806656214852779e-01,1.467356920242309570e+00,6.428155899047851562e-01,-5.743125081062316895e-01,5.760741829872131348e-01,1.434545218944549561e-01,8.235934972763061523e-01,-1.556216180324554443e-01,-2.656535208225250244e-01,-2.765867114067077637e-01,-8.119632601737976074e-01,-2.379431575536727905e-01,6.551214456558227539e-01,-7.152388989925384521e-02,1.815716177225112915e-01
-1.499904603878450017e-02,-2.344647247788279876e-01,5.056837050338285344e-01,9.967204928398132324e-01,-1.094631105661392212e-02,6.819781661033630371e-02,4.216075688600540161e-02,0.000000000000000000e+00,0.000000000000000000e+00,8.415874242782592773e-01,-6.079384843495230228e-01,-9.523708373308181763e-02,0.000000000000000000e+00,-2.142797946929931641e+00,-2.512342174861093014e-01,1.571538448333740234e+00,1.311372518539428711e+00,-5.179329514503479004e-01,6.384798884391784668e-01,2.063778340816497803e-01,6.278241872787475586e-01,8.212718367576599121e-02,-2.682586312294006348e-01,-1.969094574451446533e-01,-7.181568145751953125e-01,-2.936320304870605469e-01,5.446461439132690430e-01,1.311041787266731262e-02,2.044485509395599365e-01
-1.211961633568121692e-02,-2.678690577241958914e-01,5.151168072065620551e-01,9.955134391784667969e-01,-1.845133677124977112e-02,7.723499089479446411e-02,5.145091190934181213e-02,0.000000000000000000e+00,0.000000000000000000e+00,8.420003652572631836e-01,-6.778803030636648685e-01,-1.596423089504241943e-01,0.000000000000000000e+00,-2.607085466384887695e+00,-1.261420687052865475e-01,1.593848466873168945e+00,1.616382718086242676e+00,-4.916763305664062500e-01,7.216002941131591797e-01,3.209355771541595459e-01,5.070669054985046387e-01,3.088243603706359863e-01,-2.496261447668075562e-01,-1.094574108719825745e-01,-6.076933741569519043e-01,-3.913713097572326660e-01,4.421372711658477783e-01,6.303980201482772827e-02,2.528658807277679443e-01
-1.192224395804746852e-02,-3.026704943921379454e-01,5.181075670231471975e-01,9.951694011688232422e-01,-1.481474377214908600e-02,7.507073134183883667e-02,6.150547415018081665e-02,0.000000000000000000e+00,0.000000000000000000e+00,8.117480278015136719e-01,-7.242986718800406010e-01,-2.127335965633392334e-01,0.000000000000000000e+00,-2.761592149734497070e+00,-2.649263938399748497e-02,1.514667749404907227e+00,1.667935490608215332e+00,-4.567364454269409180e-01,8.009241223335266113e-01,4.666589498519897461e-01,5.088544487953186035e-01,3.449999999999999734e-01,-1.989225000143051147e-01,-7.014808803796768188e-02,-5.603719353675842285e-01,-4.801567792892456055e-01,4.794434905052185059e-01,-2.782730571925640106e-02,2.676831185817718506e-01
-1.466780894699346548e-02,-3.370928598409800858e-01,5.144980865814769988e-01,9.960159659385681152e-01,-7.900319062173366547e-03,6.476131081581115723e-02,6.079301610589027405e-02,0.000000000000000000e+00,0.000000000000000000e+00,7.888097763061523438e-01,-7.338332096722464115e-01,-2.561876177787780762e-01,0.000000000000000000e+00,-2.808698892593383789e+00,3.753312031296296425e-02,1.400853395462036133e+00,1.686539173126220703e+00,-4.524841308593750000e-01,8.431982398033142090e-01,4.784427583217620850e-01,6.113377213478088379e-01,3.449999999999999734e-01,-1.854280829429626465e-01,-6.216910481452941895e-02,-5.269396305084228516e-01,-5.246676206588745117e-01,5.509820580482482910e-01,-1.940583437681198120e-01,2.801710069179534912e-01
-2.034489089975867124e-02,-3.703830977469080854e-01,5.095192165507210769e-01,9.974735975265502930e-01,1.175094745121896267e-03,4.950945824384689331e-02,5.093019455671310425e-02,0.000000000000000000e+00,0.000000000000000000e+00,7.938385605812072754e-01,-7.235014001515249760e-01,-2.967364192008972168e-01,0.000000000000000000e+00,-2.815160036087036133e+00,8.252580563095612831e-02,1.302766561508178711e+00,1.713498353958129883e+00,-4.661497771739959717e-01,8.441324830055236816e-01,4.184563159942626953e-01,7.619866728782653809e-01,2.618132531642913818e-01,-2.091909945011138916e-01,-8.814691007137298584e-02,-5.040261149406433105e-01,-5.123540163040161133e-01,6.515326499938964844e-01,-3.514626026153564453e-01,2.791664898395538330e-01
-2.750503190821318791e-02,-4.003081340192243265e-01,5.066361993205065195e-01,9.987787604331970215e-01,9.200564585626125336e-03,3.330531716346740723e-02,3.531396761536598206e-02,0.000000000000000000e+00,0.000000000000000000e+00,8.115307092666625977e-01,-7.175227562573294193e-01,-3.535768985748291016e-01,0.000000000000000000e+00,-2.796442985534667969e+00,1.163228313114981205e-01,1.229216933250427246e+00,1.734982490539550781e+00,-4.329267740249633789e-01,8.577401638031005859e-01,4.657251834869384766e-01,9.495885372161865234e-01,1.085997894406318665e-01,-1.961111277341842651e-01,-1.370984613895416260e-01,-4.828251898288726807e-01,-4.757676124572753906e-01,7.763392925262451172e-01,-4.697188436985015869e-01,2.605922520160675049e-01
-3.423376142861076638e-02,-4.267891442647787081e-01,5.080309572025681897e-01,9.993774294853210449e-01,1.847207546234130859e-02,2.183824218809604645e-02,2.065511606633663177e-02,0.000000000000000000e+00,0.000000000000000000e+00,8.159304857254028320e-01,-7.139610807087759525e-01,-4.000471830368041992e-01,0.000000000000000000e+00,-2.744746208190917969e+00,1.619401733067373783e-01,1.199233412742614746e+00,1.730004668235778809e+00,-3.901551961898803711e-01,8.224534988403320312e-01,5.106497406959533691e-01,1.109602689743041992e+00,-6.408328190445899963e-03,-1.820876896381378174e-01,-1.557465493679046631e-01,-4.446850717067718506e-01,-4.548644423484802246e-01,8.145088553428649902e-01,-5.320906043052673340e-01,2.260966598987579346e-01
-3.975647721481932739e-02,-4.500338080277045405e-01,5.142676959796385061e-01,9.994660615921020508e-01,2.774712070822715759e-02,1.561605092138051987e-02,7.338161580264568329e-03,0.000000000000000000e+00,0.000000000000000000e+00,7.993090152740478516e-01,-7.190787355091909916e-01,-4.214698672294616699e-01,0.000000000000000000e+00,-2.686141490936279297e+00,2.161279479649405033e-01,1.201881051063537598e+00,1.719013214111328125e+00,-3.637670576572418213e-01,7.196314930915832520e-01,5.137147307395935059e-01,1.220175623893737793e+00,-7.648989558219909668e-02,-1.863912940025329590e-01,-1.504787504673004150e-01,-3.934133946895599365e-01,-4.461785554885864258e-01,7.775325179100036621e-01,-5.398026704788208008e-01,1.763868033885955811e-01
-4.354277019520676195e-02,-4.720708413986545726e-01,5.248768323562060800e-01,9.992719888687133789e-01,3.539144247770309448e-02,1.263364776968955994e-02,-6.583883892744779587e-03,0.000000000000000000e+00,0.000000000000000000e+00,7.820141315460205078e-01,-7.414965192463736088e-01,-4.238655865192413330e-01,0.000000000000000000e+00,-2.635409116744995117e+00,2.576701203968863041e-01,1.209064245223999023e+00,1.718062043190002441e+00,-3.285233974456787109e-01,5.841637849807739258e-01,5.316495299339294434e-01,1.274423599243164062e+00,-1.050771996378898621e-01,-1.820711940526962280e-01,-1.331139802932739258e-01,-3.268887698650360107e-01,-4.374349117279052734e-01,6.899608969688415527e-01,-4.916895627975463867e-01,1.185622289776802063e-01
-4.635087622640033517e-02,-4.935836105545362007e-01,5.372044110862594923e-01,9.988960027694702148e-01,3.967995196580886841e-02,1.295738294720649719e-02,-2.154972590506076813e-02,0.000000000000000000e+00,0.000000000000000000e+00,7.723832726478576660e-01,-7.775072018292288334e-01,-4.094534814357757568e-01,0.000000000000000000e+00,-2.591437339782714844e+00,2.656923095372061283e-01,1.219467759132385254e+00,1.726773142814636230e+00,-3.000051379203796387e-01,4.531359672546386719e-01,5.614430904388427734e-01,1.268262743949890137e+00,-8.995836973190307617e-02,-1.602927744388580322e-01,-1.328235566616058350e-01,-2.611940801143646240e-01,-4.177170693874359131e-01,6.229786276817321777e-01,-3.927805423736572266e-01,7.091701030731201172e-02
-4.965069015068237362e-02,-5.149375268643853198e-01,5.489770013184258612e-01,9.983525276184082031e-01,3.529645502567291260e-02,1.534305792301893234e-02,-4.255666583776473999e-02,0.000000000000000000e+00,0.000000000000000000e+00,7.657023072242736816e-01,-8.120966116574148685e-01,-3.879061639308929443e-01,0.000000000000000000e+00,-2.549787282943725586e+00,2.498560706761221439e-01,1.226204395294189453e+00,1.722832202911376953e+00,-2.921923995018005371e-01,3.284675478935241699e-01,5.481638908386230469e-01,1.172469258308410645e+00,-3.705280274152755737e-02,-1.742452979087829590e-01,-1.807201057672500610e-01,-2.014649659395217896e-01,-3.864666521549224854e-01,6.354259848594665527e-01,-2.303159087896347046e-01,6.003541126847267151e-02
-5.419736501657300420e-02,-5.379077065276979264e-01,5.593367727725493399e-01,9.971737861633300781e-01,1.539837568998336792e-02,1.489710714668035507e-02,-7.200936973094940186e-02,0.000000000000000000e+00,0.000000000000000000e+00,7.598730921745300293e-01,-8.480981151249746830e-01,-3.731279075145721436e-01,0.000000000000000000e+00,-2.509219884872436523e+00,2.297920743611197025e-01,1.238358497619628906e+00,1.685790061950683594e+00,-2.867093086242675781e-01,2.113303691148757935e-01,4.262841939926147461e-01,9.915198087692260742e-01,3.107708878815174103e-02,-2.452759295701980591e-01,-2.523085772991180420e-01,-1.154163703322410583e-01,-3.150477707386016846e-01,6.891759037971496582e-01,-3.506989218294620514e-03,1.161547005176544189e-01
-5.821717033125083790e-02,-5.627509464218158897e-01,5.643262302250874329e-01,9.945090413093566895e-01,-1.520264055579900742e-02,6.014674901962280273e-03,-1.033654659986495972e-01,0.000000000000000000e+00,0.000000000000000000e+00,7.881464958190917969e-01,-8.780131498959402592e-01,-3.815448582172393799e-01,0.000000000000000000e+00,-2.477109909057617188e+00,2.036690274861197025e-01,1.266493678092956543e+00,1.632655978202819824e+00,-2.491980940103530884e-01,1.642892509698867798e-01,2.467878311872482300e-01,8.570749163627624512e-01,5.832684785127639771e-02,-2.801821231842041016e-01,-2.844072878360748291e-01,-1.372485887259244919e-02,-2.258430868387222290e-01,7.197834253311157227e-01,1.286135762929916382e-01,2.381105870008468628e-01
-6.126050915277440889e-02,-5.879683997768043735e-01,5.609154611585116523e-01,9.910928606986999512e-01,-4.363695532083511353e-02,-2.389262896031141281e-03,-1.257972568273544312e-01,0.000000000000000000e+00,0.000000000000000000e+00,8.192733526229858398e-01,-8.892188231137136967e-01,-4.061838090419769287e-01,0.000000000000000000e+00,-2.468176364898681641e+00,1.951645175602774174e-01,1.302359700202941895e+00,1.602448105812072754e+00,-1.993511617183685303e-01,2.835713624954223633e-01,2.288434803485870361e-01,8.551551699638366699e-01,-4.798988625407218933e-02,-2.420459836721420288e-01,-3.069305121898651123e-01,-8.636093884706497192e-02,-3.176547884941101074e-01,8.490119576454162598e-01,5.198499932885169983e-02,1.848816573619842529e-01
-6.383428543843705505e-02,-6.128427376274508953e-01,5.509942996012743288e-01,9.891239404678344727e-01,-5.687813833355903625e-02,-6.929885130375623703e-03,-1.354644447565078735e-01,0.000000000000000000e+00,0.000000000000000000e+00,8.475056886672973633e-01,-8.952298323300222904e-01,-4.384208619594573975e-01,0.000000000000000000e+00,-2.463548660278320312e+00,1.807593862202505619e-01,1.316368341445922852e+00,1.604339003562927246e+00,-1.371174901723861694e-01,3.605360686779022217e-01,2.244109511375427246e-01,8.073775768280029297e-01,-1.836776882410049438e-01,-2.256630361080169678e-01,-3.304384648799896240e-01,-2.420887202024459839e-01,-4.020049870014190674e-01,9.654648900032043457e-01,-4.462820664048194885e-02,9.539827704429626465e-02
-6.726078513021947758e-02,-6.377128405093845931e-01,5.365335422189849712e-01,9.871986508369445801e-01,-6.537951529026031494e-02,-5.899639334529638290e-03,-1.453598141670227051e-01,0.000000000000000000e+00,0.000000000000000000e+00,8.640043139457702637e-01,-9.034508029606680424e-01,-4.808683395385742188e-01,0.000000000000000000e+00,-2.474528312683105469e+00,1.639831821110586674e-01,1.311095714569091797e+00,1.621690750122070312e+00,-1.114689409732818604e-01,4.256741106510162354e-01,2.052476257085800171e-01,8.074434995651245117e-01,-3.159552812576293945e-01,-2.400822043418884277e-01,-3.611869513988494873e-01,-3.972105085849761963e-01,-4.489473998546600342e-01,1.017867565155029297e+00,-9.496253728866577148e-02,3.073756583034992218e-02
-7.173680452545258546e-02,-6.624947148764674942e-01,5.197457940868958071e-01,9.857969880104064941e-01,-6.124185025691986084e-02,-2.924006897956132889e-03,-1.563497781753540039e-01,0.000000000000000000e+00,0.000000000000000000e+00,8.621500730514526367e-01,-9.108739654209951908e-01,-5.191450715065002441e-01,0.000000000000000000e+00,-2.509824037551879883e+00,1.506202975895742924e-01,1.297732830047607422e+00,1.657935738563537598e+00,-1.422214061021804810e-01,4.744798541069030762e-01,1.804270297288894653e-01,8.885475397109985352e-01,-3.966784477233886719e-01,-2.490326911211013794e-01,-4.293950796127319336e-01,-5.461722612380981445e-01,-4.288066029548645020e-01,1.028418302536010742e+00,-1.104781702160835266e-01,-3.079903312027454376e-03
-7.574465228141182005e-02,-6.869833384198371640e-01,5.038639555856434527e-01,9.846071004867553711e-01,-5.192793905735015869e-02,5.828792345710098743e-04,-1.668890416622161865e-01,0.000000000000000000e+00,0.000000000000000000e+00,8.488414883613586426e-01,-9.201944033291677982e-01,-5.565285086631774902e-01,0.000000000000000000e+00,-2.547310352325439453e+00,1.409366885807852299e-01,1.285290479660034180e+00,1.682281851768493652e+00,-1.692477315664291382e-01,5.124843120574951172e-01,1.566572934389114380e-01,9.551267027854919434e-01,-4.529618024826049805e-01,-2.589099109172821045e-01,-5.150548815727233887e-01,-6.313033103942871094e-01,-3.361600637435913086e-01,9.540725350379943848e-01,-5.485242605209350586e-02,3.203188255429267883e-02
-7.895386590076741706e-02,-7.135649914512730563e-01,4.915294431323053992e-01,9.837904572486877441e-01,-4.271510615944862366e-02,7.802300155162811279e-03,-1.739852130413055420e-01,0.000000000000000000e+00,0.000000000000000000e+00,8.386970162391662598e-01,-9.303419152882437260e-01,-5.999404191970825195e-01,0.000000000000000000e+00,-2.574519395828247070e+00,1.366509954121450932e-01,1.294872999191284180e+00,1.687741756439208984e+00,-1.658264994621276855e-01,5.525127053260803223e-01,1.500885188579559326e-01,9.503087401390075684e-01,-4.948351979255676270e-01,-2.650493681430816650e-01,-5.707992911338806152e-01,-6.447545886039733887e-01,-2.006161957979202271e-01,7.984006404876708984e-01,5.462587624788284302e-02,1.085169464349746704e-01
-8.108231654258990506e-02,-7.446261618790602776e-01,4.852139422410365333e-01,9.845318794250488281e-01,-2.543624304234981537e-02,1.960430480539798737e-02,-1.722370684146881104e-01,0.000000000000000000e+00,0.000000000000000000e+00,8.366051316261291504e-01,-9.265058199551443607e-01,-6.372144818305969238e-01,0.000000000000000000e+00,-2.604066610336303711e+00,1.367831985142569096e-01,1.345532774925231934e+00,1.694079399108886719e+00,-1.530824303627014160e-01,5.773494839668273926e-01,1.598295569419860840e-01,8.794476985931396484e-01,-4.702495336532592773e-01,-2.621124982833862305e-01,-5.706446766853332520e-01,-6.407728791236877441e-01,-6.808038800954818726e-02,6.054432988166809082e-01,1.625400632619857788e-01,1.731514930725097656e-01
-8.204144872753231510e-02,-7.785667788771667430e-01,4.855961689270205106e-01,9.864038825035095215e-01,-7.510814350098371506e-03,3.269333392381668091e-02,-1.608789116144180298e-01,0.000000000000000000e+00,0.000000000000000000e+00,8.421487212181091309e-01,-8.970357338574270756e-01,-6.361237168312072754e-01,0.000000000000000000e+00,-2.642686128616333008e+00,1.245520869877676517e-01,1.410917282104492188e+00,1.741300821304321289e+00,-1.421221494674682617e-01,5.952981710433959961e-01,1.607889533042907715e-01,7.436379790306091309e-01,-3.461222350597381592e-01,-2.556353807449340820e-01,-5.385460257530212402e-01,-6.248615384101867676e-01,3.397585451602935791e-02,4.843902885913848877e-01,2.435110211372375488e-01,2.028120905160903931e-01
-8.314663543394117118e-02,-8.176819463721429759e-01,4.895862568019315186e-01,9.869917631149291992e-01,-9.684589691460132599e-03,5.124355107545852661e-02,-1.520776301622390747e-01,0.000000000000000000e+00,0.000000000000000000e+00,8.515701889991760254e-01,-8.569579283383230717e-01,-6.076361536979675293e-01,0.000000000000000000e+00,-2.724101543426513672e+00,1.114763776448111088e-01,1.475598812103271484e+00,1.793350338935852051e+00,-1.267487853765487671e-01,6.552485823631286621e-01,1.364713758230209351e-01,5.636595487594604492e-01,-1.335735768079757690e-01,-2.636299133300781250e-01,-4.581622183322906494e-01,-5.594297647476196289e-01,-2.034073695540428162e-02,4.262472093105316162e-01,2.442741990089416504e-01,2.520674467086791992e-01
-8.540841493144105123e-02,-8.601791100580282734e-01,4.946645240395358134e-01,9.885917305946350098e-01,-5.451962351799011230e-03,6.715264916419982910e-02,-1.347114145755767822e-01,0.000000000000000000e+00,0.000000000000000000e+00,8.430176377296447754e-01,-7.990601817753653080e-01,-5.437200665473937988e-01,0.000000000000000000e+00,-2.868151664733886719e+00,8.558435837296052284e-02,1.517076373100280762e+00,1.894945979118347168e+00,-1.231953129172325134e-01,7.043498754501342773e-01,9.183882176876068115e-02,4.178207516670227051e-01,1.383297592401504517e-01,-2.635537981986999512e-01,-3.974441587924957275e-01,-5.240809917449951172e-01,-1.569652557373046875e-01,4.780265092849731445e-01,-9.790285257622599602e-04,2.727396190166473389e-01
-9.162380759783013418e-02,-9.022174024280875670e-01,4.981683793791917836e-01,9.901756048202514648e-01,3.214059106539934874e-04,7.394670695066452026e-02,-1.186763867735862732e-01,0.000000000000000000e+00,0.000000000000000000e+00,8.256902098655700684e-01,-7.445356408741812260e-01,-4.738891720771789551e-01,0.000000000000000000e+00,1.219999999999999973e+00,5.175264278915925331e-02,1.455934882164001465e+00,2.062168836593627930e+00,-2.253515422344207764e-01,7.878599166870117188e-01,8.617659658193588257e-02,4.690823853015899658e-01,3.379985094070434570e-01,-1.795193701982498169e-01,-4.609287679195404053e-01,-4.963939189910888672e-01,-1.858969032764434814e-01,7.065315246582031250e-01,-2.000287473201751709e-01,2.721700668334960938e-01
-9.899515469605572882e-02,-9.418533880361402710e-01,5.012339984956715178e-01,9.907926321029663086e-01,-1.215427997522056103e-03,7.574702799320220947e-02,-1.122089251875877380e-01,0.000000000000000000e+00,0.000000000000000000e+00,8.264125585556030273e-01,-7.060246626522879154e-01,-4.073528349399566650e-01,0.000000000000000000e+00,1.219999999999999973e+00,1.716680923965974159e-02,1.298601388931274414e+00,2.279667139053344727e+00,-2.636846601963043213e-01,8.109520077705383301e-01,1.110108420252799988e-01,5.217981934547424316e-01,3.186181485652923584e-01,-1.585914790630340576e-01,-4.921241700649261475e-01,-4.339329302310943604e-01,-2.194939702749252319e-01,8.493667244911193848e-01,-3.030163943767547607e-01,2.538869976997375488e-01
-1.057025874099421364e-01,-9.795789045230909320e-01,5.057748814190577979e-01,9.921334981918334961e-01,2.126174978911876678e-03,7.250920683145523071e-02,-1.020245254039764404e-01,0.000000000000000000e+00,0.000000000000000000e+00,8.306036591529846191e-01,-6.905893246319632084e-01,-3.517038524150848389e-01,0.000000000000000000e+00,1.219999999999999973e+00,7.707075276647046280e-03,1.052250862121582031e+00,2.439999999999999947e+00,-2.598474323749542236e-01,7.671762108802795410e-01,1.687879562377929688e-01,5.543999075889587402e-01,2.303516715764999390e-01,-1.869082003831863403e-01,-4.823454320430755615e-01,-3.777351379394531250e-01,-2.578268051147460938e-01,9.023702740669250488e-01,-3.636919558048248291e-01,2.209418565034866333e-01
-1.117024689540267041e-01,-1.015250544222918494e+00,5.118681710108060612e-01,9.937945604324340820e-01,7.350026164203882217e-03,6.253108382225036621e-02,-9.169673919677734375e-02,0.000000000000000000e+00,0.000000000000000000e+00,8.491824865341186523e-01,-7.023049155857901127e-01,-3.307584226131439209e-01,0.000000000000000000e+00,1.219999999999999973e+00,4.944069782761140175e-02,6.376168131828308105e-01,0.000000000000000000e+00,-2.335558533668518066e-01,7.483707070350646973e-01,3.387809991836547852e-01,6.671375036239624023e-01,9.487234055995941162e-02,-1.615520715713500977e-01,-4.453222155570983887e-01,-3.174558579921722412e-01,-2.998774349689483643e-01,9.013762474060058594e-01,-4.067869782447814941e-01,1.648125797510147095e-01
-1.162473584899697682e-01,-1.049497739740393287e+00,5.182795814876303142e-01,9.954507350921630859e-01,1.394579187035560608e-02,4.642157629132270813e-02,-8.202668279409408569e-02,0.000000000000000000e+00,0.000000000000000000e+00,8.774962425231933594e-01,-7.310057441380362064e-01,-3.398273289203643799e-01,0.000000000000000000e+00,1.219999999999999973e+00,7.772775093582673378e-02,2.686322927474975586e-01,0.000000000000000000e+00,-1.572811901569366455e-01,7.369505167007446289e-01,5.405717492103576660e-01,8.392672538757324219e-01,-7.036072015762329102e-02,-1.252417415380477905e-01,-3.677466809749603271e-01,-2.526732981204986572e-01,-3.342325389385223389e-01,8.414909839630126953e-01,-4.477564990520477295e-01,9.685475379228591919e-02
-1.197619465689616913e-01,-1.082053438930800526e+00,5.241816331784833194e-01,9.965740442276000977e-01,1.859360374510288239e-02,3.184687346220016479e-02,-7.402868568897247314e-02,0.000000000000000000e+00,0.000000000000000000e+00,9.098548293113708496e-01,-7.395581761982779057e-01,-3.518486917018890381e-01,0.000000000000000000e+00,1.219999999999999973e+00,3.791435162094636269e-02,1.426323801279067993e-01,0.000000000000000000e+00,-8.790392428636550903e-02,6.885730624198913574e-01,6.645315289497375488e-01,9.960011839866638184e-01,-1.919895261526107788e-01,-1.153647303581237793e-01,-2.891903221607208252e-01,-1.796849071979522705e-01,-3.645635843276977539e-01,7.525674104690551758e-01,-4.559827446937561035e-01,2.505252510309219360e-02
-1.230916907194286869e-01,-1.112934996862002146e+00,5.329445723120612710e-01,9.976626634597778320e-01,1.883387938141822815e-02,2.031557820737361908e-02,-6.246386095881462097e-02,0.000000000000000000e+00,0.000000000000000000e+00,9.329386949539184570e-01,-7.192070047047476322e-01,-3.569140732288360596e-01,0.000000000000000000e+00,1.219999999999999973e+00,-5.921725829574064903e-02,1.890221387147903442e-01,0.000000000000000000e+00,-6.397479027509689331e-02,5.876971483230590820e-01,6.946798563003540039e-01,1.090028405189514160e+00,-2.335491031408309937e-01,-1.544990837574005127e-01,-2.252305597066879272e-01,-1.033516898751258850e-01,-4.011363089084625244e-01,6.652022600173950195e-01,-3.847914338111877441e-01,-4.734478890895843506e-02
-1.266741939952051310e-01,-1.144331726281329731e+00,5.446892615738841981e-01,9.988628029823303223e-01,1.877531781792640686e-02,1.371978688985109329e-02,-4.162195697426795959e-02,0.000000000000000000e+00,0.000000000000000000e+00,9.357327818870544434e-01,-6.736004511502127201e-01,-3.354214727878570557e-01,0.000000000000000000e+00,1.219999999999999973e+00,-1.851027448985238522e-01,3.374453783035278320e-01,0.000000000000000000e+00,-7.616294175386428833e-02,4.474590420722961426e-01,6.879209876060485840e-01,1.122968435287475586e+00,-2.162893712520599365e-01,-1.922170519828796387e-01,-2.074553072452545166e-01,-4.763998463749885559e-02,-4.392732381820678711e-01,6.303309798240661621e-01,-2.139876186847686768e-01,-9.166523814201354980e-02
-1.316351276878831855e-01,-1.176295941508177512e+00,5.563655270274840969e-01,9.997608065605163574e-01,1.164434012025594711e-02,1.219495013356208801e-02,-1.392789557576179504e-02,0.000000000000000000e+00,0.000000000000000000e+00,9.066205024719238281e-01,-6.138230721142630131e-01,-2.715071141719818115e-01,0.000000000000000000e+00,1.219999999999999973e+00,-3.361176689479012936e-01,5.729852914810180664e-01,0.000000000000000000e+00,-1.169025450944900513e-01,3.022297918796539307e-01,6.330065727233886719e-01,1.088116645812988281e+00,-1.555370539426803589e-01,-2.246842384338378906e-01,-2.456138283014297485e-01,1.127703022211790085e-02,-4.285694062709808350e-01,6.388106346130371094e-01,5.261564627289772034e-02,-3.929831460118293762e-02
-1.367454582057667511e-01,-1.208918071580354692e+00,5.639496501640538506e-01,9.997475147247314453e-01,-8.692899718880653381e-03,1.386483479291200638e-02,1.539770420640707016e-02,0.000000000000000000e+00,0.000000000000000000e+00,8.430800437927246094e-01,-5.621169368412832767e-01,-1.970005631446838379e-01,0.000000000000000000e+00,-2.745598554611206055e+00,-2.132071693751473873e-01,8.846642374992370605e-01,1.947175979614257812e+00,-1.510356515645980835e-01,1.978699564933776855e-01,5.333805680274963379e-01,9.929425716400146484e-01,-9.646397083997726440e-02,-2.452804148197174072e-01,-2.932263314723968506e-01,1.037836745381355286e-01,-3.526825606822967529e-01,6.110239028930664062e-01,3.000030219554901123e-01,1.773865818977355957e-01
-1.412465137395668979e-01,-1.240912512858407757e+00,5.647131485920964256e-01,9.980260729789733887e-01,-3.781931474804878235e-02,1.535070873796939850e-02,4.772817716002464294e-02,0.000000000000000000e+00,0.000000000000000000e+00,7.461138963699340820e-01,-5.245323936131338627e-01,-1.729091703891754150e-01,0.000000000000000000e+00,-2.550052404403686523e+00,-5.754630168410734825e-02,1.186324954032897949e+00,1.875501751899719238e+00,-1.629142612218856812e-01,1.889201700687408447e-01,4.610393643379211426e-01,8.842229843139648438e-01,-9.294517338275909424e-02,-2.286193668842315674e-01,-3.412235975265502930e-01,5.788309127092361450e-02,-4.314656853675842285e-01,7.479513287544250488e-01,2.281357795000076294e-01,1.487890332937240601e-01
-1.443788647527496083e-01,-1.272144244575139194e+00,5.595143508233807461e-01,9.945565462112426758e-01,-5.974516645073890686e-02,1.791428960859775543e-02,8.346752822399139404e-02,0.000000000000000000e+00,0.000000000000000000e+00,6.525682806968688965e-01,-5.125665227558950932e-01,-2.107832431793212891e-01,0.000000000000000000e+00,-2.567921876907348633e+00,1.391990582016511269e-02,1.388619899749755859e+00,1.893207311630249023e+00,-1.465205699205398560e-01,2.282826751470565796e-01,4.285978078842163086e-01,7.534875273704528809e-01,-1.784699559211730957e-01,-1.750424355268478394e-01,-3.628246188163757324e-01,-9.751586616039276123e-02,-5.442652702331542969e-01,8.997932672500610352e-01,8.746539801359176636e-02,4.661513492465019226e-02
-1.476823168057910807e-01,-1.303551519896948063e+00,5.493260540828259764e-01,9.905939698219299316e-01,-6.854987889528274536e-02,2.096029557287693024e-02,1.165552288293838501e-01,0.000000000000000000e+00,0.000000000000000000e+00,5.772216916084289551e-01,-5.257039825108389408e-01,-2.909231483936309814e-01,0.000000000000000000e+00,-2.578279018402099609e+00,4.291351238754792519e-02,1.494303703308105469e+00,1.917709350585937500e+00,-1.346508413553237915e-01,2.676888406276702881e-01,3.817493319511413574e-01,6.480070948600769043e-01,-3.329741358757019043e-01,-1.412555724382400513e-01,-3.657384216785430908e-01,-3.039340078830718994e-01,-6.175370216369628906e-01,1.020057439804077148e+00,-2.507523261010646820e-02,-4.266442358493804932e-02
-1.518164247564143532e-01,-1.334018549125904896e+00,5.349061101735240742e-01,9.884870648384094238e-01,-6.613746285438537598e-02,2.057637646794319153e-02,1.345206052064895630e-01,0.000000000000000000e+00,0.000000000000000000e+00,5.226408839225769043e-01,-5.706198970463614017e-01,-4.008478224277496338e-01,0.000000000000000000e+00,-2.591562509536743164e+00,5.103392998245759316e-02,1.535380721092224121e+00,1.961977124214172363e+00,-1.744178086519241333e-01,3.134851455688476562e-01,3.278578221797943115e-01,6.782886385917663574e-01,-4.559729695320129395e-01,-1.548252254724502563e-01,-3.658563792705535889e-01,-5.060122609138488770e-01,-6.294079422950744629e-01,1.091236948966979980e+00,-8.516856282949447632e-02,-8.389161527156829834e-02
-1.556761939249782234e-01,-1.364495210832718630e+00,5.202070320028849837e-01,9.894206523895263672e-01,-5.388489365577697754e-02,1.604935899376869202e-02,1.337371319532394409e-01,0.000000000000000000e+00,0.000000000000000000e+00,4.947585761547088623e-01,-6.374955336239676029e-01,-5.312041640281677246e-01,0.000000000000000000e+00,-2.612896442413330078e+00,5.116935173538728066e-02,1.526315569877624512e+00,2.011984825134277344e+00,-2.390683293342590332e-01,3.586405217647552490e-01,2.902392446994781494e-01,7.927887439727783203e-01,-5.171968340873718262e-01,-1.882848590612411499e-01,-3.895963430404663086e-01,-6.856145858764648438e-01,-5.845667123794555664e-01,1.131271600723266602e+00,-1.013604179024696350e-01,-9.355535358190536499e-02
-1.598037418260267184e-01,-1.394636645702400646e+00,5.093267745900936783e-01,9.919754862785339355e-01,-3.852394595742225647e-02,1.069958321750164032e-02,1.199416741728782654e-01,0.000000000000000000e+00,0.000000000000000000e+00,4.992375671863555908e-01,-6.988375345852713139e-01,-6.523296833038330078e-01,0.000000000000000000e+00,-2.632016420364379883e+00,4.310472408798737831e-02,1.486625671386718750e+00,2.042467355728149414e+00,-2.858213186264038086e-01,4.001526236534118652e-01,2.668420374393463135e-01,8.774269819259643555e-01,-5.241481661796569824e-01,-2.210145890712738037e-01,-4.271513819694519043e-01,-8.342791795730590820e-01,-5.415312051773071289e-01,1.150732040405273438e+00,-9.401964396238327026e-02,-1.098575294017791748e-01
-1.629191322047075230e-01,-1.426047823838513251e+00,5.043087933776956300e-01,9.940122961997985840e-01,-2.482155337929725647e-02,4.231972154229879379e-03,1.063277050852775574e-01,0.000000000000000000e+00,0.000000000000000000e+00,5.181848406791687012e-01,-7.326585809376577885e-01,-7.212656140327453613e-01,0.000000000000000000e+00,-2.626861333847045898e+00,4.589541355637116737e-02,1.462129116058349609e+00,2.033434152603149414e+00,-2.975758016109466553e-01,4.371036291122436523e-01,2.486225962638854980e-01,8.780056834220886230e-01,-4.739876091480255127e-01,-2.477777153253555298e-01,-4.403095543384552002e-01,-9.377403259277343750e-01,-5.276100635528564453e-01,1.160839438438415527e+00,-7.481358945369720459e-02,-1.379005014896392822e-01
-1.650690846545903867e-01,-1.461654776467217420e+00,5.060924625532193799e-01,9.942281842231750488e-01,-1.058099698275327682e-02,-4.047115333378314972e-03,1.066867858171463013e-01,0.000000000000000000e+00,0.000000000000000000e+00,5.257560610771179199e-01,-7.367627779629568607e-01,-7.204226255416870117e-01,0.000000000000000000e+00,-2.581725835800170898e+00,6.260617176559968300e-02,1.466216087341308594e+00,1.998181462287902832e+00,-2.684140801429748535e-01,4.550902843475341797e-01,2.253784537315368652e-01,7.690731883049011230e-01,-3.534412682056427002e-01,-2.628950774669647217e-01,-4.048594534397125244e-01,-9.693239927291870117e-01,-4.859668910503387451e-01,1.146603584289550781e+00,-1.320795994251966476e-02,-1.192610189318656921e-01
-1.665203606852828921e-01,-1.500629774801658822e+00,5.138547450108359449e-01,9.922633171081542969e-01,-4.136342555284500122e-03,-1.203348208218812943e-02,1.234974414110183716e-01,0.000000000000000000e+00,0.000000000000000000e+00,5.068091154098510742e-01,-7.333720485356192142e-01,-6.661352515220642090e-01,0.000000000000000000e+00,-2.549131631851196289e+00,1.113435784962515385e-01,1.506358861923217773e+00,1.967622280120849609e+00,-1.948403269052505493e-01,4.740316271781921387e-01,2.062766402959823608e-01,5.349530577659606934e-01,-1.428735405206680298e-01,-2.719925642013549805e-01,-3.251717686653137207e-01,-8.881882429122924805e-01,-4.120834469795227051e-01,1.094525575637817383e+00,9.202791005373001099e-02,-4.474980011582374573e-02
-1.671706567388592246e-01,-1.542652621991706718e+00,5.232731078316767981e-01,9.890196919441223145e-01,-2.152568846940994263e-02,-9.219521656632423401e-03,1.459167152643203735e-01,0.000000000000000000e+00,0.000000000000000000e+00,4.543631970882415771e-01,-7.439184943821768314e-01,-5.957875847816467285e-01,0.000000000000000000e+00,-2.541344165802001953e+00,1.835265914585928471e-01,1.570631504058837891e+00,1.947227597236633301e+00,-2.259963899850845337e-01,5.661372542381286621e-01,2.001162469387054443e-01,3.974487781524658203e-01,9.564276039600372314e-02,-2.551596462726593018e-01,-2.190289646387100220e-01,-6.933968067169189453e-01,-3.989732563495635986e-01,9.987556934356689453e-01,1.741534173488616943e-01,6.170545890927314758e-02
-1.684873271953653273e-01,-1.588517167074511738e+00,5.275367248622756522e-01,9.854747056961059570e-01,-2.441692352294921875e-02,-3.357816953212022781e-03,1.680241823196411133e-01,0.000000000000000000e+00,0.000000000000000000e+00,4.000090956687927246e-01,-7.556179920819143803e-01,-5.509040951728820801e-01,0.000000000000000000e+00,-2.570366144180297852e+00,2.397913495686392338e-01,1.617625951766967773e+00,1.940858602523803711e+00,-3.022989928722381592e-01,6.529138088226318359e-01,2.988567650318145752e-01,4.905202090740203857e-01,1.516734063625335693e-01,-1.758780777454376221e-01,-4.623623564839363098e-02,-5.094455480575561523e-01,-4.928520619869232178e-01,7.658802866935729980e-01,3.030386008322238922e-02,2.501344978809356689e-01
-1.727186733491793968e-01,-1.636413334599047031e+00,5.266962496499822954e-01,9.823327660560607910e-01,-1.019464805722236633e-03,-1.140440290328115225e-04,1.871396899223327637e-01,0.000000000000000000e+00,0.000000000000000000e+00,3.627124726772308350e-01,-7.481875578549246342e-01,-5.348116755485534668e-01,0.000000000000000000e+00,-2.615829944610595703e+00,3.010301152851919682e-01,1.653833746910095215e+00,1.963154792785644531e+00,-3.227583765983581543e-01,7.041170001029968262e-01,5.137748718261718750e-01,7.520137429237365723e-01,3.517720848321914673e-02,-6.166141107678413391e-02,4.655934497714042664e-02,-4.524990022182464600e-01,-6.186271309852600098e-01,6.446306705474853516e-01,-2.390963137149810791e-01,2.571383416652679443e-01
-1.788502644961982024e-01,-1.680171854652539709e+00,5.272522346110958269e-01,9.858006834983825684e-01,-2.396053867414593697e-03,-8.078643120825290680e-03,1.677080690860748291e-01,0.000000000000000000e+00,0.000000000000000000e+00,3.285140395164489746e-01,-7.399507919934134037e-01,-5.242012739181518555e-01,0.000000000000000000e+00,-2.638768434524536133e+00,2.973931590702871830e-01,1.619955539703369141e+00,1.942359209060668945e+00,-3.107687830924987793e-01,7.750748395919799805e-01,6.010239124298095703e-01,1.148160457611083984e+00,-6.668775528669357300e-02,5.485622212290763855e-02,3.322560712695121765e-02,-3.344749510288238525e-01,-6.411318778991699219e-01,5.852410793304443359e-01,-3.579197227954864502e-01,2.019636332988739014e-01
-1.869748028559666819e-01,-1.717667769404372713e+00,5.323025178397544632e-01,9.903375506401062012e-01,1.055026333779096603e-02,-1.583337783813476562e-02,1.373664885759353638e-01,0.000000000000000000e+00,0.000000000000000000e+00,3.573935031890869141e-01,-7.253208915379385502e-01,-4.783398509025573730e-01,0.000000000000000000e+00,-2.597599267959594727e+00,2.508482495930532963e-01,1.562827467918395996e+00,1.893622279167175293e+00,-2.655241787433624268e-01,6.006056070327758789e-01,5.700774192810058594e-01,1.287302851676940918e+00,-6.404630839824676514e-02,-1.845598220825195312e-02,-5.386325344443321228e-02,-3.109031915664672852e-01,-5.713897347450256348e-01,6.883926987648010254e-01,-3.648346960544586182e-01,1.518106907606124878e-01
-1.962717632403729040e-01,-1.752269622791897241e+00,5.406462365900627232e-01,9.936995506286621094e-01,1.239758729934692383e-02,-2.073293551802635193e-02,1.094426363706588745e-01,0.000000000000000000e+00,0.000000000000000000e+00,4.084234833717346191e-01,-7.169028679516653568e-01,-3.944797813892364502e-01,0.000000000000000000e+00,-2.546087980270385742e+00,2.194642583515982182e-01,1.529737472534179688e+00,1.816855549812316895e+00,-2.349877208471298218e-01,3.648732900619506836e-01,5.358312129974365234e-01,1.273014903068542480e+00,1.075318641960620880e-02,-1.587483733892440796e-01,-2.096214890480041504e-01,-2.728542089462280273e-01,-4.605190753936767578e-01,8.510060310363769531e-01,-1.727509349584579468e-01,1.470780372619628906e-01
-2.054321874030912709e-01,-1.787749858513624890e+00,5.454946944960440414e-01,9.963879585266113281e-01,-1.447200123220682144e-02,-2.404433116316795349e-02,8.014667779207229614e-02,0.000000000000000000e+00,0.000000000000000000e+00,4.537903964519500732e-01,-7.141093174603323490e-01,-3.245221674442291260e-01,0.000000000000000000e+00,-2.508147239685058594e+00,2.135694781926016361e-01,1.519595742225646973e+00,1.743424415588378906e+00,-2.337852269411087036e-01,2.130428701639175415e-01,4.633584618568420410e-01,1.191903471946716309e+00,4.667383059859275818e-02,-2.407245188951492310e-01,-3.497806191444396973e-01,-1.398442238569259644e-01,-3.485741913318634033e-01,9.187037348747253418e-01,1.089409291744232178e-01,2.506569325923919678e-01
-2.113846227658366939e-01,-1.823255670124834138e+00,5.436588355590297184e-01,9.968608021736145020e-01,-4.570771381258964539e-02,-3.109547309577465057e-02,5.667776986956596375e-02,0.000000000000000000e+00,0.000000000000000000e+00,4.764173328876495361e-01,-6.967400471356253178e-01,-2.962262034416198730e-01,0.000000000000000000e+00,-2.483271121978759766e+00,2.374146739628653080e-01,1.524052977561950684e+00,1.673883438110351562e+00,-2.031468302011489868e-01,2.241765260696411133e-01,4.332615733146667480e-01,1.123574733734130859e+00,1.512481365352869034e-02,-2.147392332553863525e-01,-3.429650366306304932e-01,-1.640415042638778687e-01,-4.393632709980010986e-01,9.264985918998718262e-01,1.136177256703376770e-01,2.410664558410644531e-01
-2.159519950033287894e-01,-1.858239833236944749e+00,5.347845416598849821e-01,9.967185258865356445e-01,-5.533963069319725037e-02,-3.466012701392173767e-02,4.783675819635391235e-02,0.000000000000000000e+00,0.000000000000000000e+00,4.880587458610534668e-01,-6.611646572735647709e-01,-2.879403233528137207e-01,0.000000000000000000e+00,-2.473974466323852539e+00,2.554207603123526127e-01,1.514498710632324219e+00,1.641220092773437500e+00,-1.329905837774276733e-01,2.760684490203857422e-01,4.616996645927429199e-01,1.046452522277832031e+00,-2.022582441568374634e-01,-8.900161087512969971e-02,-3.345411419868469238e-01,-3.717786669731140137e-01,-5.472117662429809570e-01,1.065081596374511719e+00,-3.729489445686340332e-02,7.100368291139602661e-02
-2.197623043044498459e-01,-1.892605690916981276e+00,5.220210102682161235e-01,9.970150589942932129e-01,-6.123680993914604187e-02,-3.226605057716369629e-02,3.420392423868179321e-02,0.000000000000000000e+00,0.000000000000000000e+00,5.249868035316467285e-01,-6.258677403118948490e-01,-2.971477210521697998e-01,0.000000000000000000e+00,-2.461590290069580078e+00,2.488723556187490971e-01,1.490981340408325195e+00,1.624181866645812988e+00,-7.290611416101455688e-02,3.199404776096343994e-01,4.564964473247528076e-01,9.447641372680664062e-01,-4.832488298416137695e-01,-1.068264394998550415e-01,-3.694243729114532471e-01,-5.336605310440063477e-01,-5.287680625915527344e-01,1.127438068389892578e+00,-7.663246989250183105e-02,-3.703612089157104492e-02
-2.242391437058798009e-01,-1.927632868025037860e+00,5.079149937945784954e-01,9.982976913452148438e-01,-4.714070633053779602e-02,-2.414401620626449585e-02,2.442568354308605194e-02,0.000000000000000000e+00,0.000000000000000000e+00,5.706424117088317871e-01,-5.954138199475149662e-01,-3.136917650699615479e-01,0.000000000000000000e+00,-2.475629568099975586e+00,2.384132901814322025e-01,1.475511550903320312e+00,1.642406940460205078e+00,-7.481567561626434326e-02,3.518301546573638916e-01,4.547098875045776367e-01,9.109277129173278809e-01,-6.285724043846130371e-01,-1.409130990505218506e-01,-4.618511497974395752e-01,-6.848964691162109375e-01,-4.112699627876281738e-01,1.136567831039428711e+00,-6.186623126268386841e-02,-4.555721953511238098e-02
-2.294860208252764711e-01,-1.963596554488846735e+00,4.974408366659072711e-01,9.993705153465270996e-01,-2.478442899882793427e-02,-1.209707744419574738e-02,2.231463976204395294e-02,0.000000000000000000e+00,0.000000000000000000e+00,6.397032737731933594e-01,-5.686037103321890385e-01,-3.120403587818145752e-01,0.000000000000000000e+00,-2.521690130233764648e+00,2.164148847248892338e-01,1.474615573883056641e+00,1.707702755928039551e+00,-1.504916250705718994e-01,3.915289938449859619e-01,4.247576594352722168e-01,9.749146699905395508e-01,-6.518543362617492676e-01,-1.726479083299636841e-01,-5.582820177078247070e-01,-8.042213320732116699e-01,-2.623335421085357666e-01,1.084228634834289551e+00,-1.337722409516572952e-02,-2.503361320123076439e-03
-2.337356043321014709e-01,-1.999381043649081091e+00,4.918877547008521645e-01,9.997112751007080078e-01,-1.053176354616880417e-02,-2.152756322175264359e-03,2.149156294763088226e-02,0.000000000000000000e+00,0.000000000000000000e+00,7.118170857429504395e-01,-5.653360644963125736e-01,-3.071654140949249268e-01,0.000000000000000000e+00,-2.567486763000488281e+00,2.110101739552359135e-01,1.497003316879272461e+00,1.766313314437866211e+00,-2.202385216951370239e-01,4.400673508644104004e-01,3.738123774528503418e-01,1.013466835021972656e+00,-6.118223667144775391e-01,-2.101396471261978149e-01,-5.850856304168701172e-01,-8.567013144493103027e-01,-1.541762501001358032e-01,9.767018556594848633e-01,5.188785493373870850e-02,6.322190910577774048e-02
-2.365665355990781982e-01,-2.035623241584710197e+00,4.899102319084634449e-01,9.997804760932922363e-01,-6.521346978843212128e-03,6.841941270977258682e-03,1.869806274771690369e-02,0.000000000000000000e+00,0.000000000000000000e+00,7.776092290878295898e-01,-5.850801626828054935e-01,-3.086410760879516602e-01,0.000000000000000000e+00,-2.599716186523437500e+00,2.146874229100088627e-01,1.526812195777893066e+00,1.798956871032714844e+00,-2.686714231967926025e-01,4.980833828449249268e-01,3.181863725185394287e-01,9.944514036178588867e-01,-5.356581211090087891e-01,-2.393060028553009033e-01,-5.475432872772216797e-01,-8.567930459976196289e-01,-1.005308255553245544e-01,8.528558015823364258e-01,1.138347238302230835e-01,1.249714493751525879e-01
-2.386790791586643479e-01,-2.076132627210833803e+00,4.912740994305020426e-01,9.996444582939147949e-01,-1.820162520743906498e-03,1.642812602221965790e-02,2.092068828642368317e-02,0.000000000000000000e+00,0.000000000000000000e+00,8.323807120323181152e-01,-6.115295449879507572e-01,-3.160890042781829834e-01,0.000000000000000000e+00,-2.614125967025756836e+00,2.264703075077871830e-01,1.553659439086914062e+00,1.814710497856140137e+00,-2.818608283996582031e-01,5.430598855018615723e-01,2.813040912151336670e-01,8.873932361602783203e-01,-4.145053625106811523e-01,-2.557390928268432617e-01,-4.845005869865417480e-01,-8.319184184074401855e-01,-6.055291369557380676e-02,7.660610079765319824e-01,1.572047919034957886e-01,1.483091413974761963e-01
-2.405755770349442269e-01,-2.121550922845349074e+00,4.955225203968960934e-01,9.992452263832092285e-01,-2.230700803920626640e-03,2.820977009832859039e-02,2.661198005080223083e-02,0.000000000000000000e+00,0.000000000000000000e+00,8.568530678749084473e-01,-6.335032741215567142e-01,-3.203579783439636230e-01,0.000000000000000000e+00,-2.621780395507812500e+00,2.354584495213369877e-01,1.560835123062133789e+00,1.815929293632507324e+00,-2.954210638999938965e-01,5.988805890083312988e-01,2.570509612560272217e-01,7.312829494476318359e-01,-2.165671139955520630e-01,-2.580665946006774902e-01,-4.089394211769104004e-01,-7.531336545944213867e-01,-5.948533117771148682e-02,7.008697986602783203e-01,1.819547414779663086e-01,1.655705422163009644e-01
-2.406187155887936080e-01,-2.172641087165384732e+00,5.010508983777930414e-01,9.985355734825134277e-01,-1.449170615524053574e-02,4.006217792630195618e-02,3.334353119134902954e-02,0.000000000000000000e+00,0.000000000000000000e+00,8.243657946586608887e-01,-6.324311057713369877e-01,-3.004775047302246094e-01,0.000000000000000000e+00,-2.642171144485473633e+00,2.394877235081533939e-01,1.557916283607482910e+00,1.770133972167968750e+00,-2.950079143047332764e-01,6.817231178283691406e-01,2.242580801248550415e-01,5.234580636024475098e-01,7.452487200498580933e-02,-2.636690437793731689e-01,-2.223164886236190796e-01,-6.043948531150817871e-01,-2.066399306058883667e-01,4.955823719501495361e-01,1.004405915737152100e-01,2.625380456447601318e-01
-2.428286841884255420e-01,-2.225095741796975002e+00,5.046892762530331700e-01,9.972283840179443359e-01,-4.875923041254281998e-03,4.374488443136215210e-02,5.998429656028747559e-02,0.000000000000000000e+00,0.000000000000000000e+00,7.388852238655090332e-01,-5.796888033535818607e-01,-2.580690979957580566e-01,0.000000000000000000e+00,-2.636190176010131836e+00,2.329822341587881596e-01,1.530648708343505859e+00,1.719232320785522461e+00,-3.449847996234893799e-01,6.933259963989257812e-01,1.285952627658843994e-01,3.936088681221008301e-01,3.449999999999999734e-01,-2.368976920843124390e-01,-1.667363941669464111e-01,-5.598657131195068359e-01,-3.198446035385131836e-01,5.398889183998107910e-01,-1.543537825345993042e-01,2.796499729156494141e-01
-2.477484307344062220e-01,-2.271086173400734598e+00,5.040485919176629359e-01,9.960615634918212891e-01,7.465300615876913071e-03,2.595607191324234009e-02,8.445014059543609619e-02,0.000000000000000000e+00,0.000000000000000000e+00,6.230672597885131836e-01,-4.898086349156240971e-01,-2.214096337556838989e-01,0.000000000000000000e+00,-2.625493288040161133e+00,2.288395921376089603e-01,1.487831354141235352e+00,1.684711933135986328e+00,-3.877297639846801758e-01,6.591814756393432617e-01,2.295575104653835297e-02,4.355830252170562744e-01,3.449999999999999734e-01,-2.320233434438705444e-01,-1.671991497278213501e-01,-5.280982851982116699e-01,-3.415608108043670654e-01,6.938875317573547363e-01,-3.513832688331604004e-01,2.813417911529541016e-01
-2.541053056092274498e-01,-2.311963253957454612e+00,5.054704619033468793e-01,9.944975972175598145e-01,9.272425435483455658e-03,4.053215030580759048e-03,1.042693331837654114e-01,0.000000000000000000e+00,0.000000000000000000e+00,4.965312480926513672e-01,-3.875594894078115971e-01,-1.784413158893585205e-01,0.000000000000000000e+00,-2.615367889404296875e+00,2.450921098378042728e-01,1.462399363517761230e+00,1.668644547462463379e+00,-4.201951026916503906e-01,6.886228919029235840e-01,9.341121464967727661e-02,6.192589402198791504e-01,2.904768288135528564e-01,-2.252143770456314087e-01,-1.655531376600265503e-01,-4.660006761550903320e-01,-3.622095286846160889e-01,8.217211961746215820e-01,-4.653073549270629883e-01,2.514333426952362061e-01
-2.590378400999488462e-01,-2.350040272847570666e+00,5.119551124273225007e-01,9.937064051628112793e-01,-8.424177649430930614e-04,-1.708834432065486908e-02,1.107015386223793030e-01,0.000000000000000000e+00,0.000000000000000000e+00,3.970840871334075928e-01,-3.196159164097647221e-01,-1.451244205236434937e-01,0.000000000000000000e+00,-2.562095165252685547e+00,2.441893378880362064e-01,1.425845623016357422e+00,1.629614472389221191e+00,-4.181892871856689453e-01,8.137922883033752441e-01,2.765478789806365967e-01,9.440065026283264160e-01,9.755113720893859863e-02,-1.468459069728851318e-01,-1.224476695060729980e-01,-3.551053106784820557e-01,-4.110083878040313721e-01,8.137215971946716309e-01,-4.957989454269409180e-01,1.930157095193862915e-01
-2.634288798656427288e-01,-2.386807108671978206e+00,5.218622404607859977e-01,9.935978651046752930e-01,-1.415211358107626438e-03,-3.384243696928024292e-02,1.077773198485374451e-01,0.000000000000000000e+00,0.000000000000000000e+00,3.655773699283599854e-01,-2.983920137074331791e-01,-1.320019364356994629e-01,0.000000000000000000e+00,-2.463016986846923828e+00,2.329147617009024174e-01,1.395812869071960449e+00,1.568075180053710938e+00,-3.340244293212890625e-01,8.400315046310424805e-01,4.144357740879058838e-01,1.221307396888732910e+00,-4.401326179504394531e-02,-6.530381739139556885e-02,-7.612697035074234009e-02,-2.532917559146881104e-01,-4.386385977268218994e-01,7.346834540367126465e-01,-4.691859781742095947e-01,1.169935762882232666e-01
-2.673501910182713437e-01,-2.422231708530223848e+00,5.349954181902035755e-01,9.940094947814941406e-01,-5.283177597448229790e-04,-4.219565168023109436e-02,1.008185222744941711e-01,0.000000000000000000e+00,0.000000000000000000e+00,3.886109292507171631e-01,-2.994039813664297611e-01,-1.415271461009979248e-01,0.000000000000000000e+00,-2.394599437713623047e+00,2.281267205860952885e-01,1.387003183364868164e+00,1.527979373931884766e+00,-2.176284939050674438e-01,7.373080253601074219e-01,5.024346113204956055e-01,1.379536271095275879e+00,-9.354352205991744995e-02,-7.350362837314605713e-02,-4.693154990673065186e-02,-1.565631479024887085e-01,-4.476581513881683350e-01,6.256266236305236816e-01,-3.685546517372131348e-01,4.746407642960548401e-02
-2.718989833685183655e-01,-2.455396994099472430e+00,5.494668045135761014e-01,9.944354295730590820e-01,-5.501538980752229691e-03,-4.070666059851646423e-02,9.700939804315567017e-02,0.000000000000000000e+00,0.000000000000000000e+00,4.322591423988342285e-01,-3.097592155125479252e-01,-1.531041860580444336e-01,0.000000000000000000e+00,-2.384585857391357422e+00,2.269100705769400150e-01,1.409998297691345215e+00,1.524853706359863281e+00,-1.429835408926010132e-01,5.682875514030456543e-01,5.538986921310424805e-01,1.423254370689392090e+00,-8.342403173446655273e-02,-1.284265965223312378e-01,-6.340568512678146362e-02,-6.745195388793945312e-02,-4.414261281490325928e-01,5.527025461196899414e-01,-1.802985072135925293e-01,7.337526418268680573e-03
-2.784409928069722651e-01,-2.487665960996439996e+00,5.628902436770273354e-01,9.944599270820617676e-01,-1.648489572107791901e-02,-3.125432878732681274e-02,9.899954497814178467e-02,0.000000000000000000e+00,0.000000000000000000e+00,4.691582918167114258e-01,-3.170815269139151127e-01,-1.662074178457260132e-01,0.000000000000000000e+00,-2.397319078445434570e+00,2.260963479664663822e-01,1.443588256835937500e+00,1.538946747779846191e+00,-1.138123497366905212e-01,3.938453197479248047e-01,5.739771723747253418e-01,1.361778259277343750e+00,-3.233191370964050293e-02,-1.848747283220291138e-01,-1.260041296482086182e-01,2.042916603386402130e-02,-3.998408317565917969e-01,5.084107518196105957e-01,7.168711721897125244e-02,4.824482649564743042e-02
-2.862631045774829408e-01,-2.520955970546211677e+00,5.722649281931043719e-01,9.937465190887451172e-01,-2.993142791092395782e-02,-1.796584203839302063e-02,1.060617864131927490e-01,0.000000000000000000e+00,0.000000000000000000e+00,4.909573495388031006e-01,-3.291208306935171635e-01,-1.904952377080917358e-01,0.000000000000000000e+00,-2.394331455230712891e+00,2.379492084172110111e-01,1.499605894088745117e+00,1.527128219604492188e+00,-9.866507351398468018e-02,2.415856122970581055e-01,5.692191123962402344e-01,1.207072854042053223e+00,3.272093087434768677e-02,-2.183968722820281982e-01,-1.835689544677734375e-01,1.066240146756172180e-01,-3.121819496154785156e-01,4.257425069808959961e-01,3.019799590110778809e-01,2.035552412271499634e-01
-2.948207100074399789e-01,-2.552952736905127029e+00,5.752534874867308856e-01,9.919722676277160645e-01,-5.102317035198211670e-02,-5.462169647216796875e-03,1.155758425593376160e-01,0.000000000000000000e+00,0.000000000000000000e+00,4.830687940120697021e-01,-3.463860313084463627e-01,-2.317020595073699951e-01,0.000000000000000000e+00,-2.391760349273681641e+00,2.641173164036612064e-01,1.563446998596191406e+00,1.501828789710998535e+00,-9.647703170776367188e-02,1.615046709775924683e-01,5.339949131011962891e-01,1.032957792282104492e+00,7.652611285448074341e-02,-2.133798152208328247e-01,-2.429865151643753052e-01,1.310645639896392822e-01,-2.903906106948852539e-01,4.141990542411804199e-01,3.324902057647705078e-01,2.535580694675445557e-01
-3.034866392939831181e-01,-2.582644849898237283e+00,5.711713928405685037e-01,9.888616800308227539e-01,-7.462600618600845337e-02,6.041558459401130676e-03,1.286351531744003296e-01,0.000000000000000000e+00,0.000000000000000000e+00,4.549572467803955078e-01,-3.759051124241690189e-01,-2.769669592380523682e-01,0.000000000000000000e+00,-2.385922431945800781e+00,2.824254790928701908e-01,1.621776819229125977e+00,1.477974653244018555e+00,-8.427185565233230591e-02,1.643712669610977173e-01,5.179862976074218750e-01,8.806608319282531738e-01,4.826804623007774353e-02,-1.435910314321517944e-01,-3.149850964546203613e-01,7.060950249433517456e-02,-3.185713589191436768e-01,4.914292991161346436e-01,2.547769546508789062e-01,2.520766556262969971e-01
-3.115163060507238346e-01,-2.612283984263136016e+00,5.598294407994759414e-01,9.849292635917663574e-01,-9.445544332265853882e-02,1.644112542271614075e-02,1.439521014690399170e-01,0.000000000000000000e+00,0.000000000000000000e+00,4.242148697376251221e-01,-4.189372817662100346e-01,-2.985924780368804932e-01,0.000000000000000000e+00,-2.367908000946044922e+00,2.780383388188223392e-01,1.667860746383666992e+00,1.459450721740722656e+00,-4.973990842700004578e-02,2.129131555557250977e-01,5.564941167831420898e-01,7.573342919349670410e-01,-1.539120525121688843e-01,-1.159835793077945709e-02,-3.823149204254150391e-01,-5.808846652507781982e-02,-3.570688664913177490e-01,6.092739701271057129e-01,1.704756319522857666e-01,2.267142087221145630e-01
-3.187882040429747543e-01,-2.640963690618071791e+00,5.441987525506152279e-01,9.825702905654907227e-01,-9.942673146724700928e-02,2.340941131114959717e-02,1.553124338388442993e-01,0.000000000000000000e+00,0.000000000000000000e+00,4.034801423549652100e-01,-4.692240516331533939e-01,-2.922632098197937012e-01,0.000000000000000000e+00,-2.327955484390258789e+00,2.535318891194204838e-01,1.689456820487976074e+00,1.448341965675354004e+00,-3.089183382689952850e-02,2.450652122497558594e-01,5.783203840255737305e-01,6.844764947891235352e-01,-4.130658805370330811e-01,2.185041643679141998e-02,-4.283286333084106445e-01,-2.392282783985137939e-01,-3.680286109447479248e-01,7.356113791465759277e-01,1.076204627752304077e-01,1.848003566265106201e-01
-3.260858024826103763e-01,-2.668367425811410953e+00,5.275805692442439021e-01,9.827833771705627441e-01,-9.054560959339141846e-02,2.742333151400089264e-02,1.587020009756088257e-01,0.000000000000000000e+00,0.000000000000000000e+00,3.774448335170745850e-01,-5.271840850499014408e-01,-2.472609579563140869e-01,0.000000000000000000e+00,-2.261311531066894531e+00,2.118049422886709721e-01,1.703161478042602539e+00,1.428300976753234863e+00,-7.336958497762680054e-02,2.934185564517974854e-01,5.845071673393249512e-01,7.534270882606506348e-01,-5.857896804809570312e-01,3.143453272059559822e-03,-4.661755859851837158e-01,-4.152687489986419678e-01,-3.037544786930084229e-01,8.208811879158020020e-01,7.296724617481231689e-02,1.584885567426681519e-01
-3.334847910555474582e-01,-2.695371081019290571e+00,5.131469654848780371e-01,9.850046038627624512e-01,-8.002508431673049927e-02,3.051177412271499634e-02,1.497698873281478882e-01,0.000000000000000000e+00,0.000000000000000000e+00,3.477855622768402100e-01,-5.883919755604605228e-01,-1.610545068979263306e-01,0.000000000000000000e+00,-2.131187915802001953e+00,1.440399448063711674e-01,1.690463900566101074e+00,1.359322309494018555e+00,-1.567772775888442993e-01,3.743705749511718750e-01,5.869352221488952637e-01,9.157336354255676270e-01,-6.820231676101684570e-01,-2.840780466794967651e-02,-5.002591013908386230e-01,-5.424065589904785156e-01,-1.986045390367507935e-01,8.369579911231994629e-01,7.043123990297317505e-02,1.821845024824142456e-01
-3.402682767492352101e-01,-2.724058094771221405e+00,5.028556178389775866e-01,9.882929921150207520e-01,-7.823081314563751221e-02,3.015271760523319244e-02,1.274662911891937256e-01,0.000000000000000000e+00,0.000000000000000000e+00,3.195248544216156006e-01,-6.558313528683523685e-01,-6.645908951759338379e-02,0.000000000000000000e+00,-1.837446689605712891e+00,8.029134670761628456e-02,1.645323514938354492e+00,1.140466332435607910e+00,-2.318628430366516113e-01,4.778313934803009033e-01,5.806385874748229980e-01,1.055353760719299316e+00,-7.235090732574462891e-01,-7.246830314397811890e-02,-5.185043811798095703e-01,-6.097950339317321777e-01,-1.170207709074020386e-01,8.160480260848999023e-01,9.318426996469497681e-02,2.219361960887908936e-01
-3.456350823698772223e-01,-2.756764176870235339e+00,4.974955175854641753e-01,9.908621907234191895e-01,-7.769400626420974731e-02,2.831881679594516754e-02,1.065543442964553833e-01,0.000000000000000000e+00,0.000000000000000000e+00,2.976544499397277832e-01,-7.245192090657095463e-01,2.630217373371124268e-02,0.000000000000000000e+00,-1.337728857994079590e+00,6.620343128708405800e-02,1.571810483932495117e+00,7.604159712791442871e-01,-2.843500971794128418e-01,5.743437409400939941e-01,5.626673698425292969e-01,1.129056334495544434e+00,-7.173873186111450195e-01,-1.192465275526046753e-01,-5.231932401657104492e-01,-6.616427898406982422e-01,-5.464985966682434082e-02,8.128173351287841797e-01,1.113944649696350098e-01,2.253321111202239990e-01
-3.490565011371867810e-01,-2.792593506875664211e+00,4.967249608762336344e-01,9.919542074203491211e-01,-7.925722748041152954e-02,2.633487991988658905e-02,9.514007717370986938e-02,0.000000000000000000e+00,0.000000000000000000e+00,2.902413308620452881e-01,-7.764675776150564701e-01,1.141848787665367126e-01,0.000000000000000000e+00,-8.112467527389526367e-01,1.618181029942373783e-01,1.456387042999267578e+00,3.619367480278015137e-01,-3.276070654392242432e-01,6.617090702056884766e-01,5.287696719169616699e-01,1.143013954162597656e+00,-6.636087298393249512e-01,-1.644537150859832764e-01,-4.907958805561065674e-01,-6.733379960060119629e-01,7.950612343847751617e-03,8.064193725585937500e-01,1.243902370333671570e-01,2.242951542139053345e-01
-3.504734718453402231e-01,-2.830306318456476511e+00,4.992597142087690787e-01,9.919182658195495605e-01,-8.554056286811828613e-02,2.648827619850635529e-02,8.988507837057113647e-02,0.000000000000000000e+00,0.000000000000000000e+00,2.962515056133270264e-01,-8.058408657696585209e-01,1.991268843412399292e-01,0.000000000000000000e+00,-4.000642299652099609e-01,3.513117591526846439e-01,1.294567942619323730e+00,8.743673563003540039e-02,-3.693136274814605713e-01,7.437322139739990234e-01,4.845363199710845947e-01,1.105587840080261230e+00,-5.677906274795532227e-01,-2.070989459753036499e-01,-4.256069958209991455e-01,-6.385658383369445801e-01,5.302558466792106628e-02,7.750797867774963379e-01,1.463069170713424683e-01,2.282553762197494507e-01
-3.501159076242134072e-01,-2.869560326494351887e+00,5.029106724322444100e-01,9.913350939750671387e-01,-9.423720091581344604e-02,3.102895617485046387e-02,8.608890324831008911e-02,0.000000000000000000e+00,0.000000000000000000e+00,3.130369782447814941e-01,-8.255667249348501713e-01,2.772808969020843506e-01,0.000000000000000000e+00,-8.589681982994079590e-02,5.686884681370596439e-01,1.104057312011718750e+00,0.000000000000000000e+00,-4.031851589679718018e-01,8.147630095481872559e-01,4.480393826961517334e-01,1.019113063812255859e+00,-4.453267157077789307e-01,-2.426468878984451294e-01,-3.513185083866119385e-01,-5.866621732711791992e-01,4.582470282912254333e-02,7.045989036560058594e-01,1.905284970998764038e-01,2.255905568599700928e-01
-3.491854185671216526e-01,-2.909584600606350158e+00,5.049099513384127658e-01,9.908219575881958008e-01,-1.014511510729789734e-01,4.114547744393348694e-02,7.928765565156936646e-02,0.000000000000000000e+00,0.000000000000000000e+00,3.303542435169219971e-01,-8.496230999615530521e-01,3.528728783130645752e-01,0.000000000000000000e+00,1.457840353250503540e-01,7.747334996846060307e-01,9.235084056854248047e-01,0.000000000000000000e+00,-4.173857271671295166e-01,8.788725733757019043e-01,4.436337351799011230e-01,9.010427594184875488e-01,-3.049325942993164062e-01,-2.586397826671600342e-01,-2.869592905044555664e-01,-5.197363495826721191e-01,-8.290030993521213531e-03,5.976831316947937012e-01,2.559529542922973633e-01,2.327063679695129395e-01
-3.492115342075174378e-01,-2.949799531349027948e+00,5.038414936437449754e-01,9.907074570655822754e-01,-1.103331446647644043e-01,4.626265168190002441e-02,6.469272077083587646e-02,0.000000000000000000e+00,0.000000000000000000e+00,3.434632420539855957e-01,-8.828705708172659428e-01,4.269089698791503906e-01,0.000000000000000000e+00,2.824832201004028320e-01,9.501522342350821049e-01,7.993684411048889160e-01,0.000000000000000000e+00,-4.236579835414886475e-01,9.529765844345092773e-01,4.408287107944488525e-01,8.040581345558166504e-01,-1.899768859148025513e-01,-2.523780465126037598e-01,-2.308288514614105225e-01,-4.339597821235656738e-01,-1.093357801437377930e-01,4.983782470226287842e-01,2.852862179279327393e-01,2.490294724702835083e-01
-3.510610114752945043e-01,-2.985993068663761019e+00,4.971219269141103347e-01,9.925926327705383301e-01,-1.038739383220672607e-01,4.498087987303733826e-02,4.412168264389038086e-02,0.000000000000000000e+00,0.000000000000000000e+00,3.325402736663818359e-01,-9.104035655644278080e-01,4.953945875167846680e-01,0.000000000000000000e+00,3.589489161968231201e-01,1.078853921094212964e+00,7.306460738182067871e-01,0.000000000000000000e+00,-4.318952560424804688e-01,9.929001927375793457e-01,3.879947662353515625e-01,7.670222520828247070e-01,-1.404286324977874756e-01,-2.311475276947021484e-01,-1.453295499086380005e-01,-3.800665140151977539e-01,-2.390977591276168823e-01,4.055888950824737549e-01,8.301109075546264648e-02,2.780427932739257812e-01
-3.570792341706427453e-01,-3.018323650203569741e+00,4.876785694740035093e-01,9.958274960517883301e-01,-7.746751606464385986e-02,3.547292575240135193e-02,3.268094360828399658e-02,0.000000000000000000e+00,0.000000000000000000e+00,3.197518587112426758e-01,-9.324122826245169193e-01,5.739083290100097656e-01,0.000000000000000000e+00,3.932469487190246582e-01,1.167291269698415235e+00,6.882706880569458008e-01,6.409538537263870239e-02,-4.455907940864562988e-01,9.671066999435424805e-01,3.037050068378448486e-01,7.905883789062500000e-01,-1.177722439169883728e-01,-2.076489925384521484e-01,-1.701525002717971802e-01,-3.904614150524139404e-01,-2.260750532150268555e-01,5.135407447814941406e-01,-1.909156292676925659e-01,2.833429872989654541e-01
-3.640288178284059595e-01,-3.046496987162214509e+00,4.830013371657843613e-01,9.964488744735717773e-01,-8.121697604656219482e-02,1.874529197812080383e-02,1.191578712314367294e-02,0.000000000000000000e+00,0.000000000000000000e+00,2.860402762889862061e-01,-9.859388629582266361e-01,6.589446663856506348e-01,0.000000000000000000e+00,3.475251495838165283e-01,1.202242300906453565e+00,6.902701854705810547e-01,1.405193060636520386e-01,-4.803858399391174316e-01,1.015247941017150879e+00,2.309598624706268311e-01,8.938915729522705078e-01,-1.407104432582855225e-01,-1.703496724367141724e-01,-2.501882612705230713e-01,-3.315968513488769531e-01,-1.712861508131027222e-01,6.950631141662597656e-01,-3.287580907344818115e-01,2.769899368286132812e-01
-3.697182491782939895e-01,-3.068919070531623383e+00,4.820608834764271156e-01,9.980685710906982422e-01,-6.066987290978431702e-02,9.698609821498394012e-03,-9.176163002848625183e-03,0.000000000000000000e+00,0.000000000000000000e+00,2.701443135738372803e-01,-1.051447586217198804e+00,7.279284000396728516e-01,-3.942663781344890594e-03,2.713503539562225342e-01,1.217653797068868116e+00,7.357838153839111328e-01,2.125000357627868652e-01,-4.577528536319732666e-01,9.702525734901428223e-01,2.414960265159606934e-01,9.822165369987487793e-01,-2.000931650400161743e-01,-1.310559958219528198e-01,-3.227501213550567627e-01,-3.309980332851409912e-01,-1.198288351297378540e-01,8.113307356834411621e-01,-3.980247378349304199e-01,2.748234868049621582e-01
-3.739122383409377304e-01,-3.086453169620398285e+00,4.854225767290953342e-01,9.988638758659362793e-01,-3.785631805658340454e-02,4.409717395901679993e-03,-2.860753238201141357e-02,0.000000000000000000e+00,0.000000000000000000e+00,2.638104259967803955e-01,-1.120182649293218091e+00,7.745226621627807617e-01,-2.524156682193279266e-02,1.977315247058868408e-01,1.226382062831197217e+00,7.954316735267639160e-01,2.639998495578765869e-01,-4.176853299140930176e-01,8.843159079551696777e-01,2.820804715156555176e-01,1.021753072738647461e+00,-2.504895329475402832e-01,-1.163052842020988464e-01,-3.705917596817016602e-01,-3.343521952629089355e-01,-7.602030038833618164e-02,8.623012900352478027e-01,-4.184693396091461182e-01,2.693452239036560059e-01
-3.763934732943472472e-01,-3.100863356493940071e+00,4.924671150284885002e-01,9.988372921943664551e-01,-1.342316903173923492e-02,1.968937460333108902e-03,-4.626047238707542419e-02,0.000000000000000000e+00,0.000000000000000000e+00,2.659071683883666992e-01,-1.191590980687413648e+00,8.054088950157165527e-01,-3.609656915068626404e-02,1.415324807167053223e-01,1.229745046296391919e+00,8.543179631233215332e-01,3.151585161685943604e-01,-3.650967478752136230e-01,7.971355915069580078e-01,3.590375185012817383e-01,1.011304616928100586e+00,-2.896066606044769287e-01,-8.676402270793914795e-02,-3.911891579627990723e-01,-3.421877920627593994e-01,-3.977866470813751221e-02,8.534713387489318848e-01,-4.106159210205078125e-01,2.663113474845886230e-01
-3.773236301970301354e-01,-3.112417347605782147e+00,5.018006123978682176e-01,9.978743195533752441e-01,8.106804452836513519e-03,9.004372986964881420e-04,-6.465575098991394043e-02,0.000000000000000000e+00,0.000000000000000000e+00,2.710952460765838623e-01,-1.258556650080953077e+00,8.276464939117431641e-01,-4.314504563808441162e-02,9.733483940362930298e-02,1.225613431134496167e+00,9.136747717857360840e-01,3.834129273891448975e-01,-3.107109963893890381e-01,7.123471498489379883e-01,4.208372235298156738e-01,9.572786688804626465e-01,-3.069423437118530273e-01,-6.656980514526367188e-02,-3.903806805610656738e-01,-3.444041013717651367e-01,-1.056202594190835953e-02,8.038216233253479004e-01,-3.833848536014556885e-01,2.640205025672912598e-01
-3.778384695307474006e-01,-3.122430142260561148e+00,5.120677542912237534e-01,9.962542653083801270e-01,2.722821570932865143e-02,9.226567926816642284e-04,-8.206823468208312988e-02,0.000000000000000000e+00,0.000000000000000000e+00,2.784774601459503174e-01,-1.313918517031941846e+00,8.409729003906250000e-01,-5.403732880949974060e-02,6.108454242348670959e-02,1.218931869664464429e+00,9.706419110298156738e-01,4.630170464515686035e-01,-2.786937952041625977e-01,6.117759943008422852e-01,4.179818928241729736e-01,8.769651651382446289e-01,-2.910776138305664062e-01,-7.132206112146377563e-02,-3.765973746776580811e-01,-3.445271849632263184e-01,1.399174705147743225e-02,7.329722642898559570e-01,-3.465414643287658691e-01,2.624388635158538818e-01
-3.785916296528144542e-01,-3.132552880024669140e+00,5.219092818289393643e-01,9.944694042205810547e-01,4.213619604706764221e-02,3.159085521474480629e-03,-9.615125507116317749e-02,0.000000000000000000e+00,0.000000000000000000e+00,2.875846028327941895e-01,-1.354442582526479200e+00,8.465032577514648438e-01,-6.248425319790840149e-02,3.193096444010734558e-02,1.215729043879781202e+00,1.021999955177307129e+00,5.451244711875915527e-01,-2.536751329898834229e-01,5.242316126823425293e-01,3.894148170948028564e-01,7.955349683761596680e-01,-2.587080895900726318e-01,-8.904774487018585205e-02,-3.554229438304901123e-01,-3.399571776390075684e-01,3.087980486452579498e-02,6.498062610626220703e-01,-3.079198598861694336e-01,2.620947659015655518e-01
-3.797488971325483909e-01,-3.143558152053091082e+00,5.304329867495430895e-01,9.929509758949279785e-01,5.259294807910919189e-02,7.673293352127075195e-03,-1.059407219290733337e-01,0.000000000000000000e+00,0.000000000000000000e+00,2.965896725654602051e-01,-1.379906983175549939e+00,8.476766943931579590e-01,-6.694187968969345093e-02,8.616629987955093384e-03,1.221312717595372632e+00,1.065051555633544922e+00,6.225797533988952637e-01,-2.265005409717559814e-01,4.696700274944305420e-01,3.762840330600738525e-01,7.234781384468078613e-01,-2.270330935716629028e-01,-9.796117246150970459e-02,-3.306235373020172119e-01,-3.315035700798034668e-01,3.494327142834663391e-02,5.612851977348327637e-01,-2.728713750839233398e-01,2.622860074043273926e-01
-3.811494261974638365e-01,-3.154665063330621244e+00,5.370766146774544891e-01,9.918721318244934082e-01,5.938867852091789246e-02,1.320704165846109390e-02,-1.117508783936500549e-01,0.000000000000000000e+00,0.000000000000000000e+00,3.031024634838104248e-01,-1.392267466583524183e+00,8.461754322052001953e-01,-6.905829906463623047e-02,-1.287794951349496841e-02,1.236241565146718457e+00,1.100174069404602051e+00,6.896249055862426758e-01,-1.916268318891525269e-01,4.384427666664123535e-01,3.865714073181152344e-01,6.432439684867858887e-01,-1.967685967683792114e-01,-1.076746955513954163e-01,-3.053245544433593750e-01,-3.201577961444854736e-01,2.830684185028076172e-02,4.770534038543701172e-01,-2.428850382566452026e-01,2.616113126277923584e-01
-3.828411716403383180e-01,-3.164626706206437490e+00,5.418231426992199395e-01,9.910808205604553223e-01,6.326875835657119751e-02,1.857242919504642487e-02,-1.158053129911422729e-01,0.000000000000000000e+00,0.000000000000000000e+00,3.071764707565307617e-01,-1.397094101705823377e+00,8.406373858451843262e-01,-7.114927470684051514e-02,-3.778682649135589600e-02,1.254777834811482862e+00,1.127097845077514648e+00,7.460128068923950195e-01,-1.615891456604003906e-01,4.137681424617767334e-01,3.970142304897308350e-01,5.599422454833984375e-01,-1.637513637542724609e-01,-1.231291666626930237e-01,-2.863499820232391357e-01,-3.046633303165435791e-01,2.173468284308910370e-02,4.095024466514587402e-01,-2.177321612834930420e-01,2.598719298839569092e-01
-3.850276195558935410e-01,-3.173797489434781571e+00,5.452452465349977295e-01,9.902523159980773926e-01,6.617925316095352173e-02,2.295545116066932678e-02,-1.203896030783653259e-01,0.000000000000000000e+00,0.000000000000000000e+00,3.079580068588256836e-01,-1.399628222980771497e+00,8.315752148628234863e-01,-7.328077405691146851e-02,-6.941482424736022949e-02,1.271569297709737256e+00,1.149381518363952637e+00,7.948216199874877930e-01,-1.355648040771484375e-01,3.932755887508392334e-01,4.134521186351776123e-01,4.885111749172210693e-01,-1.292400062084197998e-01,-1.367457956075668335e-01,-2.751776278018951416e-01,-2.883271872997283936e-01,1.934512890875339508e-02,3.590215742588043213e-01,-1.975598335266113281e-01,2.588118612766265869e-01
-3.876718592854461187e-01,-3.182600909886938112e+00,5.477480300056813967e-01,9.892790317535400391e-01,6.828606128692626953e-02,2.631392329931259155e-02,-1.263789236545562744e-01,0.000000000000000000e+00,0.000000000000000000e+00,3.038752973079681396e-01,-1.402520389356885389e+00,8.204835653305053711e-01,-7.463052123785018921e-02,-1.056378930807113647e-01,1.284069762625966504e+00,1.169899702072143555e+00,8.351379036903381348e-01,-1.113250181078910828e-01,3.773834407329559326e-01,4.426778256893157959e-01,4.357138276100158691e-01,-1.008870303630828857e-01,-1.521099209785461426e-01,-2.717487514019012451e-01,-2.713498473167419434e-01,2.167548984289169312e-02,3.249410092830657959e-01,-1.824196577072143555e-01,2.582161128520965576e-01
-3.904294882263197874e-01,-3.189482152775080515e+00,5.494275687740306502e-01,9.883165359497070312e-01,6.900577247142791748e-02,2.905656397342681885e-02,-1.327566504478454590e-01,0.000000000000000000e+00,0.000000000000000000e+00,2.974178791046142578e-01,-1.404422015943799451e+00,8.100540637969970703e-01,-7.676646858453750610e-02,-1.413671970367431641e-01,1.292030380168233350e+00,1.188235044479370117e+00,8.654125928878784180e-01,-9.607108682394027710e-02,3.736972808837890625e-01,4.814764857292175293e-01,4.211832582950592041e-01,-8.658955991268157959e-02,-1.571825891733169556e-01,-2.731792032718658447e-01,-2.525828778743743896e-01,2.432524040341377258e-02,3.030093312263488770e-01,-1.702693700790405273e-01,2.563346326351165771e-01
-3.931998220733319838e-01,-3.194180144733852700e+00,5.502742718814900291e-01,9.873989820480346680e-01,7.001370936632156372e-02,3.092202357947826385e-02,-1.385107934474945068e-01,0.000000000000000000e+00,0.000000000000000000e+00,2.878630459308624268e-01,-1.403830573954854444e+00,8.020455837249755859e-01,-8.104314655065536499e-02,-1.772866398096084595e-01,1.295731321969304517e+00,1.204048395156860352e+00,8.857552409172058105e-01,-8.429116755723953247e-02,3.690957129001617432e-01,5.229096412658691406e-01,4.255255162715911865e-01,-8.063288778066635132e-02,-1.568851470947265625e-01,-2.848764061927795410e-01,-2.347712963819503784e-01,3.129417821764945984e-02,3.019393682479858398e-01,-1.654350012540817261e-01,2.531664669513702393e-01
