1.439554872494567227e-02,3.021356946544138423e-03,5.517161126510061742e-01,9.996446967124938965e-01,1.533172931522130966e-02,2.158414758741855621e-02,-3.091690130531787872e-03,0.000000000000000000e+00,0.000000000000000000e+00,-2.640876173973083496e-01,-1.299513683715138868e+00,8.607227802276611328e-01,-5.037948489189147949e-01,5.462709665298461914e-01,1.456870683529649213e+00,1.058480501174926758e+00,1.590428501367568970e-02,2.872969210147857666e-01,-2.921596169471740723e-01,-1.169189214706420898e-01,1.568113863468170166e-01,3.076682612299919128e-02,-2.563328742980957031e-01,-3.600935935974121094e-01,2.147615849971771240e-01,-3.005408048629760742e-01,4.941342473030090332e-01,2.500132322311401367e-01,2.342628389596939087e-01
2.431599926415153358e-03,-2.468532123236042222e-02,5.496719928996430804e-01,9.997497797012329102e-01,9.874741546809673309e-03,1.929181441664695740e-02,-5.538895726203918457e-03,0.000000000000000000e+00,0.000000000000000000e+00,-2.753903269767761230e-01,-1.308723644414220288e+00,8.462296128273010254e-01,-5.095111131668090820e-01,5.466903448104858398e-01,1.456435740986142591e+00,1.067420482635498047e+00,2.586824819445610046e-02,1.707412898540496826e-01,-3.038591146469116211e-01,-4.479783028364181519e-02,3.215415179729461670e-01,3.606564551591873169e-02,-2.032680213451385498e-01,-4.001682996749877930e-01,2.287059724330902100e-01,-2.880344688892364502e-01,5.595765709877014160e-01,2.542643845081329346e-01,2.521912455558776855e-01
-1.080562192787924182e-02,-6.089287650112928246e-02,5.428424000220768431e-01,9.999303817749023438e-01,6.335192359983921051e-03,9.900784119963645935e-03,1.020378316752612591e-03,0.000000000000000000e+00,0.000000000000000000e+00,-2.702687084674835205e-01,-1.313279883065495923e+00,8.082177042961120605e-01,-5.077469944953918457e-01,5.163003802299499512e-01,1.439603732028279737e+00,1.057096481323242188e+00,4.127415642142295837e-02,5.365575477480888367e-02,-2.273734360933303833e-01,1.207264736294746399e-01,5.530151724815368652e-01,-7.788679003715515137e-02,6.243456527590751648e-02,-4.963146150112152100e-01,1.695949733257293701e-01,-2.587924897670745850e-01,8.351343870162963867e-01,1.188910305500030518e-01,2.481880784034729004e-01
-2.269075476686761850e-02,-9.150020463843688834e-02,5.316497929070633788e-01,9.999179244041442871e-01,2.061961451545357704e-03,-7.678070687688887119e-04,1.262163743376731873e-02,0.000000000000000000e+00,0.000000000000000000e+00,-2.246440500020980835e-01,-1.308434263863835767e+00,7.885841131210327148e-01,-5.115135908126831055e-01,4.724939763545989990e-01,1.411753417053494886e+00,1.026971817016601562e+00,6.211170926690101624e-02,1.123236771672964096e-02,-1.587195992469787598e-01,1.282386928796768188e-01,6.910996437072753906e-01,-2.921778857707977295e-01,1.303730607032775879e-01,-5.898913741111755371e-01,7.944025844335556030e-02,-1.860802918672561646e-01,1.131832242012023926e+00,-3.537416830658912659e-02,2.364708632230758667e-01
-3.335444231517612629e-02,-1.190182943668479931e-01,5.199647253616289655e-01,9.998192191123962402e-01,2.588618372101336718e-04,-7.536818273365497589e-03,1.745316758751869202e-02,0.000000000000000000e+00,0.000000000000000000e+00,-1.620682775974273682e-01,-1.300399647155080274e+00,7.976232767105102539e-01,-5.052879452705383301e-01,4.144670367240905762e-01,1.366181240477834180e+00,9.867056608200073242e-01,6.469675153493881226e-02,-3.039042279124259949e-02,-9.765518456697463989e-02,1.014130637049674988e-01,7.982111573219299316e-01,-4.560232758522033691e-01,1.011237427592277527e-01,-6.674011945724487305e-01,-7.983087562024593353e-03,-6.857987493276596069e-02,1.377643465995788574e+00,-1.530400067567825317e-01,2.160163372755050659e-01
-4.277207335833497354e-02,-1.462266604888318722e-01,5.105951892388890245e-01,9.998331665992736816e-01,1.905031618662178516e-03,-1.066265068948268890e-02,1.471015345305204391e-02,0.000000000000000000e+00,0.000000000000000000e+00,-9.452877938747406006e-02,-1.299118415513310865e+00,8.360102772712707520e-01,-4.810615479946136475e-01,3.547905385494232178e-01,1.306650535264287427e+00,9.392017722129821777e-01,4.414496570825576782e-02,-6.669438630342483521e-02,-3.649713099002838135e-02,8.536797016859054565e-02,8.666554689407348633e-01,-5.599783658981323242e-01,3.768866509199142456e-02,-7.203672528266906738e-01,-9.468298405408859253e-02,7.302999496459960938e-02,1.536258816719055176e+00,-2.321193069219589233e-01,1.734324693679809570e-01
-4.982424082930642095e-02,-1.740227011784986344e-01,5.056667651589771273e-01,9.998012185096740723e-01,1.158466469496488571e-02,-1.274052355438470840e-02,1.005032006651163101e-02,0.000000000000000000e+00,0.000000000000000000e+00,-3.312213346362113953e-02,-1.305739031234059766e+00,8.927555084228515625e-01,-4.398466050624847412e-01,3.054654598236083984e-01,1.244568453231130079e+00,8.902627229690551758e-01,9.521014057099819183e-03,-7.552971690893173218e-02,9.221062064170837402e-03,7.384949922561645508e-02,8.659939169883728027e-01,-6.068332791328430176e-01,-3.778608888387680054e-02,-7.460971474647521973e-01,-2.254780828952789307e-01,2.024635821580886841e-01,1.591379165649414062e+00,-2.797214090824127197e-01,8.970827609300613403e-02
-5.426282019476697666e-02,-2.025068620050495261e-01,5.064490718304207606e-01,9.995436668395996094e-01,2.580622769892215729e-02,-1.440230850130319595e-02,6.247920449823141098e-03,0.000000000000000000e+00,0.000000000000000000e+00,1.499771885573863983e-02,-1.317127541699681714e+00,9.618013501167297363e-01,-4.056918621063232422e-01,2.618355453014373779e-01,1.191233531632695630e+00,8.445903658866882324e-01,0.000000000000000000e+00,-6.411018967628479004e-02,4.202604293823242188e-02,5.639946088194847107e-02,8.101447820663452148e-01,-5.841648578643798828e-01,-1.144905090332031250e-01,-7.502753734588623047e-01,-3.856014609336853027e-01,2.949254810810089111e-01,1.542129874229431152e+00,-2.896298766136169434e-01,-1.822770386934280396e-02
-5.732551739043132560e-02,-2.340763117169792074e-01,5.133155338473692764e-01,9.991362690925598145e-01,3.929162025451660156e-02,-1.289602927863597870e-02,4.068550653755664825e-03,0.000000000000000000e+00,0.000000000000000000e+00,4.742975905537605286e-02,-1.326265485086713269e+00,1.034340620040893555e+00,-3.942569494247436523e-01,2.141547352075576782e-01,1.153573141494069532e+00,8.132007718086242676e-01,0.000000000000000000e+00,-3.706672415137290955e-02,7.475332915782928467e-02,3.414914384484291077e-02,6.979283690452575684e-01,-4.907474815845489502e-01,-1.825790405273437500e-01,-7.184035181999206543e-01,-5.021766424179077148e-01,3.490265011787414551e-01,1.409292817115783691e+00,-2.740673422813415527e-01,-8.318325877189636230e-02
-5.861974666468949824e-02,-2.660931734176296137e-01,5.234550869284254615e-01,9.987821578979492188e-01,4.891312867403030396e-02,-5.662943236529827118e-03,3.102214308455586433e-03,0.000000000000000000e+00,0.000000000000000000e+00,7.133149355649948120e-02,-1.322823912897382215e+00,1.099962234497070312e+00,-3.999731540679931641e-01,1.666571348905563354e-01,1.132105604806218579e+00,8.006548285484313965e-01,0.000000000000000000e+00,-1.710760779678821564e-02,1.138774529099464417e-01,-8.064493886195123196e-04,5.687721371650695801e-01,-3.380952477455139160e-01,-2.280595451593399048e-01,-6.505959033966064453e-01,-5.485374927520751953e-01,3.684984743595123291e-01,1.228387117385864258e+00,-2.462144345045089722e-01,-8.910591155290603638e-02
-5.976369682859365706e-02,-3.017962432283946006e-01,5.341069466658312503e-01,9.983777999877929688e-01,5.607150122523307800e-02,8.829923346638679504e-03,4.444695077836513519e-03,0.000000000000000000e+00,0.000000000000000000e+00,9.201560914516448975e-02,-1.305804119506154493e+00,1.149614691734313965e+00,-4.058960676193237305e-01,1.208004653453826904e-01,1.128015265860829786e+00,8.029188513755798340e-01,3.933354467153549194e-02,-2.887841127812862396e-02,1.576152741909027100e-01,-4.913552477955818176e-02,4.614529311656951904e-01,-1.409006118774414062e-01,-2.443909198045730591e-01,-5.862782597541809082e-01,-5.624162554740905762e-01,3.495353460311889648e-01,1.043042182922363281e+00,-2.002436220645904541e-01,-8.822744339704513550e-02
-6.161361004903235378e-02,-3.410501267083666521e-01,5.425254831967329938e-01,9.977749586105346680e-01,5.991079658269882202e-02,2.790908701717853546e-02,8.764797821640968323e-03,0.000000000000000000e+00,0.000000000000000000e+00,1.068432629108428955e-01,-1.278312520184789136e+00,1.167047381401062012e+00,-3.915148079395294189e-01,8.381120115518569946e-02,1.139302865662846997e+00,8.095536231994628906e-01,9.034109860658645630e-02,-8.026450872421264648e-02,2.095974832773208618e-01,-1.039930358529090881e-01,4.033965170383453369e-01,3.652163594961166382e-02,-2.252380847930908203e-01,-5.411748886108398438e-01,-5.444790124893188477e-01,3.043991625308990479e-01,8.992431163787841797e-01,-1.400382220745086670e-01,-7.538920640945434570e-02
-6.507771065787910925e-02,-3.837277332768596616e-01,5.455369611445701761e-01,9.969676733016967773e-01,6.167605146765708923e-02,4.534427076578140259e-02,1.398069970309734344e-02,0.000000000000000000e+00,0.000000000000000000e+00,1.110836640000343323e-01,-1.243035719790730909e+00,1.148076653480529785e+00,-3.499062061309814453e-01,6.106924265623092651e-02,1.156519250073705152e+00,8.102923035621643066e-01,1.344719231128692627e-01,-1.489253938198089600e-01,2.693538367748260498e-01,-1.404011994600296021e-01,4.170742034912109375e-01,1.158159449696540833e-01,-1.533274054527282715e-01,-4.991005659103393555e-01,-4.993158876895904541e-01,2.416406869888305664e-01,7.950339913368225098e-01,-1.013332307338714600e-01,8.473679423332214355e-03
-6.940242852996846012e-02,-4.259118414324040147e-01,5.427166380590260353e-01,9.960597157478332520e-01,6.511417776346206665e-02,5.681689828634262085e-02,1.992475427687168121e-02,0.000000000000000000e+00,0.000000000000000000e+00,9.593753516674041748e-02,-1.207207218804631665e+00,1.110587000846862793e+00,-2.857139408588409424e-01,5.722724273800849915e-02,1.173671797910008863e+00,8.067797422409057617e-01,1.639426499605178833e-01,-1.951137185096740723e-01,3.371240794658660889e-01,-1.181657388806343079e-01,4.750692248344421387e-01,5.935835465788841248e-02,-3.939381241798400879e-02,-4.565679132938385010e-01,-4.776200652122497559e-01,1.152682453393936157e-01,7.305341958999633789e-01,-1.418431103229522705e-01,1.538314074277877808e-01
-7.467569635513078563e-02,-4.661952790219073273e-01,5.357535191091021831e-01,9.955439567565917969e-01,6.870570778846740723e-02,5.897160992026329041e-02,2.634579688310623169e-02,0.000000000000000000e+00,0.000000000000000000e+00,5.686696246266365051e-02,-1.176607207455907300e+00,1.081206321716308594e+00,-2.150492221117019653e-01,7.128036767244338989e-02,1.191460506120000318e+00,8.129444122314453125e-01,1.741246432065963745e-01,-1.966816782951354980e-01,3.831175267696380615e-01,-6.567817926406860352e-02,5.373088717460632324e-01,-6.188653409481048584e-02,2.412185072898864746e-02,-4.627418220043182373e-01,-4.449917674064636230e-01,1.602113619446754456e-02,7.835964560508728027e-01,-2.503923177719116211e-01,1.945479810237884521e-01
-8.107753663305004854e-02,-5.053221134404943804e-01,5.280868140826321389e-01,9.962213635444641113e-01,6.516264379024505615e-02,5.026013404130935669e-02,2.776223793625831604e-02,0.000000000000000000e+00,0.000000000000000000e+00,1.217221003025770187e-02,-1.155643061795506910e+00,1.051031112670898438e+00,-1.566645652055740356e-01,9.271428734064102173e-02,1.206422344842229322e+00,8.467957973480224609e-01,1.681379079818725586e-01,-1.636722832918167114e-01,3.993879854679107666e-01,-2.263814210891723633e-02,6.228362917900085449e-01,-1.779891103506088257e-01,2.503208070993423462e-02,-5.087116956710815430e-01,-3.791005313396453857e-01,-3.010627441108226776e-02,9.296128153800964355e-01,-3.397110104560852051e-01,1.306532919406890869e-01
-8.674587098806343932e-02,-5.422022139183199085e-01,5.222886852024480886e-01,9.964731931686401367e-01,6.889601051807403564e-02,3.579236194491386414e-02,3.183404356241226196e-02,0.000000000000000000e+00,0.000000000000000000e+00,-3.842349350452423096e-02,-1.149451510110173658e+00,1.016438841819763184e+00,-1.408068537712097168e-01,1.353726834058761597e-01,1.225522355237279370e+00,8.959664702415466309e-01,1.387762427330017090e-01,-1.062940806150436401e-01,3.804454207420349121e-01,7.431992888450622559e-02,7.218434214591979980e-01,-2.771648466587066650e-01,3.320341557264328003e-02,-5.192143917083740234e-01,-3.316923081874847412e-01,-7.795798033475875854e-02,1.022697687149047852e+00,-4.015871584415435791e-01,6.463339924812316895e-02
-9.121124068256279693e-02,-5.771053313546710140e-01,5.203345792958832261e-01,9.963607192039489746e-01,7.075102627277374268e-02,2.310074865818023682e-02,4.154487699270248413e-02,0.000000000000000000e+00,0.000000000000000000e+00,-9.563224017620086670e-02,-1.155133471884999707e+00,9.901075363159179688e-01,-1.757995337247848511e-01,2.054836153984069824e-01,1.248720155158315137e+00,9.466538429260253906e-01,8.767277002334594727e-02,-4.923487454652786255e-02,3.496803641319274902e-01,1.932797282934188843e-01,8.337067365646362305e-01,-3.515012264251708984e-01,5.585983768105506897e-02,-4.935054779052734375e-01,-2.833530902862548828e-01,-1.470883488655090332e-01,1.038535356521606445e+00,-4.383022785186767578e-01,-1.417250465601682663e-02
-9.594901851162013218e-02,-6.107585932698214037e-01,5.232673366488230782e-01,9.959081411361694336e-01,7.065107673406600952e-02,1.582076586782932281e-02,5.408380925655364990e-02,0.000000000000000000e+00,0.000000000000000000e+00,-1.599282920360565186e-01,-1.170248583951268628e+00,9.789858460426330566e-01,-2.516472041606903076e-01,2.854963839054107666e-01,1.274249539771352246e+00,9.899746179580688477e-01,4.040629789233207703e-02,6.074582692235708237e-03,2.666906416416168213e-01,2.760282456874847412e-01,8.950824737548828125e-01,-3.665482401847839355e-01,5.142696201801300049e-02,-4.643036127090454102e-01,-2.272376269102096558e-01,-2.194989174604415894e-01,1.000613808631896973e+00,-4.259222447872161865e-01,-8.933518826961517334e-02
-1.018050356773716053e-01,-6.448172496409729781e-01,5.296380582105632007e-01,9.958834052085876465e-01,6.288921087980270386e-02,1.138455048203468323e-02,6.427808105945587158e-02,0.000000000000000000e+00,0.000000000000000000e+00,-2.206568121910095215e-01,-1.192776010432515577e+00,9.758180975914001465e-01,-3.428885042667388916e-01,3.631493449211120605e-01,1.297894791760716870e+00,1.019891262054443359e+00,1.276328321546316147e-02,5.629423633217811584e-02,1.355691701173782349e-01,2.838254868984222412e-01,8.736272454261779785e-01,-3.256382942199707031e-01,-1.936820335686206818e-02,-4.396711885929107666e-01,-1.548484265804290771e-01,-2.946415841579437256e-01,9.286790490150451660e-01,-3.351934254169464111e-01,-1.548761427402496338e-01
-1.089517633566124827e-01,-6.779536377766517408e-01,5.379826903854957321e-01,9.960830807685852051e-01,5.289385095238685608e-02,9.570589289069175720e-03,7.020729035139083862e-02,0.000000000000000000e+00,0.000000000000000000e+00,-2.765773832798004150e-01,-1.222702459492955640e+00,9.769356846809387207e-01,-4.293353855609893799e-01,4.328760504722595215e-01,1.324074820676122144e+00,1.036408185958862305e+00,0.000000000000000000e+00,1.041166484355926514e-01,-3.535564988851547241e-02,2.178073674440383911e-01,7.581703662872314453e-01,-2.385428994894027710e-01,-1.422797888517379761e-01,-4.252856671810150146e-01,-8.471888303756713867e-02,-3.654102385044097900e-01,8.365561962127685547e-01,-1.687891036272048950e-01,-1.913445740938186646e-01
-1.173374581203391470e-01,-7.092097828424338557e-01,5.453490863070644679e-01,9.966608285903930664e-01,4.099280014634132385e-02,1.262883469462394714e-02,6.947886198759078979e-02,0.000000000000000000e+00,0.000000000000000000e+00,-3.200736045837402344e-01,-1.255935982861791089e+00,9.726423621177673340e-01,-4.920244812965393066e-01,4.869352877140045166e-01,1.353606388964925245e+00,1.044887065887451172e+00,0.000000000000000000e+00,1.551529914140701294e-01,-1.990524381399154663e-01,1.134624853730201721e-01,5.707774758338928223e-01,-1.210401877760887146e-01,-2.329425662755966187e-01,-4.285936653614044189e-01,-6.711472524330019951e-04,-3.918699026107788086e-01,7.242243289947509766e-01,4.665507376194000244e-02,-1.513443589210510254e-01
-1.270828788558190647e-01,-7.445162187697309530e-01,5.484652344129904433e-01,9.974524378776550293e-01,2.748640440404415131e-02,1.692397147417068481e-02,6.361389905214309692e-02,0.000000000000000000e+00,0.000000000000000000e+00,-3.452688455581665039e-01,-1.285264299311910108e+00,9.469017386436462402e-01,-5.338781476020812988e-01,5.321598649024963379e-01,1.385423974194798902e+00,1.045438528060913086e+00,0.000000000000000000e+00,2.040865570306777954e-01,-3.090690672397613525e-01,7.063518743962049484e-03,3.638691306114196777e-01,1.278592552989721298e-02,-2.557109296321868896e-01,-4.228548109531402588e-01,1.256841570138931274e-01,-3.273878395557403564e-01,5.483560562133789062e-01,2.306258678436279297e-01,6.638768315315246582e-02
-1.384477599309475171e-01,-7.782819564715780514e-01,5.470095677162060133e-01,9.981429576873779297e-01,1.135909091681241989e-02,1.564870588481426239e-02,5.776454508304595947e-02,0.000000000000000000e+00,0.000000000000000000e+00,-3.528499305248260498e-01,-1.308820442357335523e+00,8.976990580558776855e-01,-5.528869628906250000e-01,5.519904494285583496e-01,1.410241813459668592e+00,1.034920454025268555e+00,0.000000000000000000e+00,1.763436496257781982e-01,-3.188505768775939941e-01,-1.242857705801725388e-02,3.539998531341552734e-01,6.736957281827926636e-02,-2.256324589252471924e-01,-4.138019979000091553e-01,2.554940879344940186e-01,-1.950370371341705322e-01,4.226526916027069092e-01,3.139359056949615479e-01,2.441880851984024048e-01
-1.521407112577045917e-01,-8.121988244294517933e-01,5.418047911681309614e-01,9.980952739715576172e-01,1.192557159811258316e-03,4.226915538311004639e-03,6.153520569205284119e-02,0.000000000000000000e+00,0.000000000000000000e+00,-3.533005118370056152e-01,-1.317860529818807080e+00,8.405429124832153320e-01,-5.542094111442565918e-01,5.372992157936096191e-01,1.426455856361661390e+00,1.015791893005371094e+00,0.000000000000000000e+00,7.565122842788696289e-02,-2.567273080348968506e-01,5.857823044061660767e-02,5.598571300506591797e-01,-2.055485174059867859e-02,3.462809696793556213e-02,-4.784051775932312012e-01,2.593357861042022705e-01,-1.487615108489990234e-01,6.454434394836425781e-01,1.717916131019592285e-01,2.533725500106811523e-01
-1.662530282852851260e-01,-8.460474346563069403e-01,5.310311968398816473e-01,9.970923662185668945e-01,-7.280336227267980576e-03,-5.274590104818344116e-03,7.567039877176284790e-02,0.000000000000000000e+00,0.000000000000000000e+00,-3.307936787605285645e-01,-1.313056782880101636e+00,8.032628893852233887e-01,-5.636951923370361328e-01,5.050528049468994141e-01,1.428397164740834668e+00,9.759377241134643555e-01,0.000000000000000000e+00,3.545925393700599670e-02,-1.770106852054595947e-01,7.232070714235305786e-02,6.834437847137451172e-01,-2.765422463417053223e-01,1.629073470830917358e-01,-5.578836798667907715e-01,1.920291930437088013e-01,-1.260135024785995483e-01,9.553110003471374512e-01,-1.262757275253534317e-02,2.546966373920440674e-01
-1.789251030364421846e-01,-8.796206888782255318e-01,5.203220404669491872e-01,9.958475232124328613e-01,-3.949560690671205521e-03,-1.157236285507678986e-02,9.021162986755371094e-02,0.000000000000000000e+00,0.000000000000000000e+00,-2.932264208793640137e-01,-1.298824087777409986e+00,7.947345972061157227e-01,-5.679415464401245117e-01,4.484718441963195801e-01,1.419475839534078077e+00,9.314278364181518555e-01,0.000000000000000000e+00,5.486394744366407394e-03,-1.282179951667785645e-01,3.650462254881858826e-02,7.480589151382446289e-01,-4.637915194034576416e-01,1.443127542734146118e-01,-6.042648553848266602e-01,6.128970906138420105e-02,-7.522328943014144897e-02,1.215945720672607422e+00,-1.727735698223114014e-01,2.448483109474182129e-01
-1.896270973299338247e-01,-9.126484625222105462e-01,5.123454353770222625e-01,9.954353570938110352e-01,2.538001397624611855e-03,-1.563338562846183777e-02,9.411498904228210449e-02,0.000000000000000000e+00,0.000000000000000000e+00,-2.410731464624404907e-01,-1.283932701745305494e+00,8.188926577568054199e-01,-5.530660152435302734e-01,3.690980672836303711e-01,1.392448634901318982e+00,8.828129768371582031e-01,0.000000000000000000e+00,-4.296246916055679321e-02,-8.190392702817916870e-02,5.991840735077857971e-03,8.251014351844787598e-01,-5.713165402412414551e-01,8.247922360897064209e-02,-6.187591552734375000e-01,-5.867093056440353394e-02,2.092518098652362823e-02,1.367079973220825195e+00,-2.865012586116790771e-01,2.124817222356796265e-01
-1.985545359344945970e-01,-9.458753627343009507e-01,5.075125887282568860e-01,9.965694546699523926e-01,7.621440105140209198e-03,-1.920269988477230072e-02,8.013991266489028931e-02,0.000000000000000000e+00,0.000000000000000000e+00,-1.709277033805847168e-01,-1.273543790974889234e+00,8.598428964614868164e-01,-5.152809619903564453e-01,2.693406641483306885e-01,1.339706257977757886e+00,8.280158042907714844e-01,0.000000000000000000e+00,-9.012801945209503174e-02,-2.533509023487567902e-02,-4.150262102484703064e-03,8.950369954109191895e-01,-6.076138019561767578e-01,-8.340109139680862427e-03,-6.192185878753662109e-01,-1.717362552881240845e-01,1.243692710995674133e-01,1.416647195816040039e+00,-3.440695703029632568e-01,1.347860097885131836e-01
-2.048515814964217419e-01,-9.780465101578620368e-01,5.066856072888229479e-01,9.980333447456359863e-01,1.759119890630245209e-02,-2.301554940640926361e-02,5.559026077389717102e-02,0.000000000000000000e+00,0.000000000000000000e+00,-8.682119101285934448e-02,-1.268674985566411451e+00,9.015098214149475098e-01,-4.745076596736907959e-01,1.706358194351196289e-01,1.265791610875401929e+00,7.711048126220703125e-01,0.000000000000000000e+00,-8.640588074922561646e-02,2.942350693047046661e-02,2.457591705024242401e-03,8.750192523002624512e-01,-5.980264544486999512e-01,-1.048514172434806824e-01,-6.128425002098083496e-01,-3.195379376411437988e-01,2.028435021638870239e-01,1.384912133216857910e+00,-3.650250136852264404e-01,2.126352116465568542e-02
-2.089143281482686854e-01,-1.010514437545730670e+00,5.102669376443431659e-01,9.987161755561828613e-01,3.043529391288757324e-02,-2.267510443925857544e-02,3.354790434241294861e-02,0.000000000000000000e+00,0.000000000000000000e+00,-8.191348053514957428e-03,-1.267897651591573194e+00,9.510576725006103516e-01,-4.478673338890075684e-01,8.231313526630401611e-02,1.195350603261266187e+00,7.263780236244201660e-01,2.645069919526576996e-02,-4.795582592487335205e-02,7.699985802173614502e-02,5.403907038271427155e-03,7.657017111778259277e-01,-5.403203368186950684e-01,-1.880631297826766968e-01,-5.955723524093627930e-01,-4.409893453121185303e-01,2.709439098834991455e-01,1.289113044738769531e+00,-3.534929752349853516e-01,-6.455506384372711182e-02
-2.118483933591932822e-01,-1.046307313604788236e+00,5.177086910974196821e-01,9.987785220146179199e-01,4.149860516190528870e-02,-1.527158450335264206e-02,2.204902656376361847e-02,0.000000000000000000e+00,0.000000000000000000e+00,4.645306617021560669e-02,-1.260012344517980054e+00,1.013747215270996094e+00,-4.399387836456298828e-01,1.095712836831808090e-02,1.148832128443990186e+00,7.014258503913879395e-01,6.883250176906585693e-02,-8.699959143996238708e-03,1.223664060235023499e-01,-5.869481712579727173e-03,6.071065664291381836e-01,-4.167149662971496582e-01,-2.443041652441024780e-01,-5.550125837326049805e-01,-4.915687441825866699e-01,3.375146985054016113e-01,1.152907133102416992e+00,-3.082532882690429688e-01,-7.788948714733123779e-02
-2.146638586865079468e-01,-1.086111120227912563e+00,5.269383486947326611e-01,9.986454844474792480e-01,4.621481150388717651e-02,2.082743216305971146e-03,2.381321974098682404e-02,0.000000000000000000e+00,0.000000000000000000e+00,8.506799489259719849e-02,-1.235104517140660718e+00,1.073947191238403320e+00,-4.346416592597961426e-01,-3.187292441725730896e-02,1.131821618476186231e+00,6.891022324562072754e-01,9.896729886531829834e-02,1.931109582073986530e-03,1.783902198076248169e-01,-3.898642957210540771e-02,4.382174611091613770e-01,-2.289275377988815308e-01,-2.691919803619384766e-01,-5.095303058624267578e-01,-5.083956122398376465e-01,3.472536802291870117e-01,1.015710830688476562e+00,-2.554041147232055664e-01,-8.233326673507690430e-02
-2.177593301804830184e-01,-1.127986573899033118e+00,5.353120028611385584e-01,9.979292750358581543e-01,4.686094820499420166e-02,2.748401463031768799e-02,3.443595767021179199e-02,0.000000000000000000e+00,0.000000000000000000e+00,1.048092767596244812e-01,-1.194765762486730054e+00,1.109693288803100586e+00,-4.161106348037719727e-01,-5.301771685481071472e-02,1.138499395051274732e+00,6.913264989852905273e-01,1.104886382818222046e-01,-3.742810338735580444e-02,2.393641918897628784e-01,-9.758000075817108154e-02,3.033844232559204102e-01,-8.889338932931423187e-03,-2.662930786609649658e-01,-4.797359704971313477e-01,-4.980334639549255371e-01,3.110494017601013184e-01,9.030828475952148438e-01,-1.771013587713241577e-01,-6.206910312175750732e-02
-2.218206028971407007e-01,-1.173044897192957459e+00,5.400406360641272219e-01,9.968778491020202637e-01,4.079651460051536560e-02,5.084671080112457275e-02,4.455125704407691956e-02,0.000000000000000000e+00,0.000000000000000000e+00,1.013224571943283081e-01,-1.140958444276128247e+00,1.106021046638488770e+00,-3.870742321014404297e-01,-5.229450017213821411e-02,1.155447886386189893e+00,7.027065157890319824e-01,1.104959249496459961e-01,-1.295026838779449463e-01,3.289324343204498291e-01,-1.284897476434707642e-01,3.068656325340270996e-01,9.652867168188095093e-02,-2.003735899925231934e-01,-4.373332262039184570e-01,-4.273002743721008301e-01,2.719813585281372070e-01,7.827460765838623047e-01,-1.090517491102218628e-01,7.777377963066101074e-02
-2.267431312362954976e-01,-1.217571607355517616e+00,5.387826012406083942e-01,9.957519769668579102e-01,4.085678607225418091e-02,6.313947588205337524e-02,5.312412604689598083e-02,0.000000000000000000e+00,0.000000000000000000e+00,7.253573089838027954e-02,-1.079929039874349073e+00,1.077164530754089355e+00,-3.608156442642211914e-01,-3.463390097022056580e-02,1.167405770221028760e+00,7.248065471649169922e-01,1.180876344442367554e-01,-2.105611264705657959e-01,4.501762688159942627e-01,-3.151734126731753349e-03,4.266007542610168457e-01,-1.955099590122699738e-02,-2.070865128189325333e-03,-4.164128303527832031e-01,-3.940159678459167480e-01,1.463879197835922241e-01,7.467466592788696289e-01,-1.981643289327621460e-01,1.875535845756530762e-01
-2.328239027587602761e-01,-1.260391459049600593e+00,5.331862976831016621e-01,9.950420260429382324e-01,5.125894770026206970e-02,6.264702230691909790e-02,5.778576061129570007e-02,0.000000000000000000e+00,0.000000000000000000e+00,2.249573916196823120e-02,-1.011150733628545240e+00,1.054198980331420898e+00,-3.379897177219390869e-01,3.251685295253992081e-03,1.177701012292180494e+00,7.597180604934692383e-01,1.269133090972900391e-01,-1.840218007564544678e-01,4.657188355922698975e-01,5.430078878998756409e-02,4.762682914733886719e-01,-1.348591744899749756e-01,3.734385222196578979e-02,-4.666022956371307373e-01,-3.659158349037170410e-01,6.493614614009857178e-02,8.586193919181823730e-01,-3.151140213012695312e-01,1.637099236249923706e-01
-2.389871108535714939e-01,-1.302178144454956055e+00,5.275851363673655925e-01,9.954053759574890137e-01,5.430398881435394287e-02,5.424633249640464783e-02,5.724045634269714355e-02,0.000000000000000000e+00,0.000000000000000000e+00,-3.891552984714508057e-02,-9.506384293225149662e-01,1.034103155136108398e+00,-3.184813261032104492e-01,6.337139010429382324e-02,1.191824094453130201e+00,8.285562992095947266e-01,1.275333613157272339e-01,-1.371939778327941895e-01,4.439424276351928711e-01,7.718240469694137573e-02,5.776113271713256836e-01,-2.297935485839843750e-01,3.708628565073013306e-02,-4.996262788772583008e-01,-3.050522804260253906e-01,6.360399536788463593e-03,9.526385068893432617e-01,-3.917468786239624023e-01,1.011304408311843872e-01
-2.445043616617719184e-01,-1.342994274677652200e+00,5.248696910364157864e-01,9.956955313682556152e-01,5.692473426461219788e-02,4.252649843692779541e-02,5.951048806309700012e-02,0.000000000000000000e+00,0.000000000000000000e+00,-1.077377349138259888e-01,-9.219861785557608158e-01,1.018352031707763672e+00,-3.047432303428649902e-01,1.451396197080612183e-01,1.208766476311955884e+00,9.290534257888793945e-01,1.084014177322387695e-01,-8.908934891223907471e-02,4.037111401557922363e-01,1.424976289272308350e-01,7.135493159294128418e-01,-3.119511604309082031e-01,4.916897788643836975e-02,-4.986024796962738037e-01,-2.449547648429870605e-01,-5.031664296984672546e-02,9.899914860725402832e-01,-4.322642982006072998e-01,2.646416984498500824e-02
-2.497784131637426353e-01,-1.382807215547019686e+00,5.262858728778482265e-01,9.959430098533630371e-01,5.411104485392570496e-02,3.158105537295341492e-02,6.459252536296844482e-02,0.000000000000000000e+00,0.000000000000000000e+00,-1.794162243604660034e-01,-9.347861568119864017e-01,9.946059584617614746e-01,-3.091286420822143555e-01,2.405233979225158691e-01,1.226421044268880323e+00,1.032386183738708496e+00,7.289069145917892456e-02,-3.462337329983711243e-02,3.500292003154754639e-01,2.335325926542282104e-01,8.413574695587158203e-01,-3.622501790523529053e-01,5.313634872436523438e-02,-4.864333570003509521e-01,-1.726147830486297607e-01,-1.161821186542510986e-01,9.865411520004272461e-01,-4.126597344875335693e-01,-5.458242446184158325e-02
-2.548118395561521643e-01,-1.418223262429237463e+00,5.314388333381426799e-01,9.961269497871398926e-01,4.901282116770744324e-02,2.238053455948829651e-02,6.948362290859222412e-02,0.000000000000000000e+00,0.000000000000000000e+00,-2.484209537506103516e-01,-9.810454408314566166e-01,9.631814956665039062e-01,-3.377084136009216309e-01,3.428301811218261719e-01,1.240061448016438916e+00,1.107674717903137207e+00,4.224219918251037598e-02,3.430322557687759399e-02,2.444269955158233643e-01,3.048924505710601807e-01,8.920148611068725586e-01,-3.638519048690795898e-01,2.050083316862583160e-02,-4.703436493873596191e-01,-9.821747243404388428e-02,-1.847327947616577148e-01,9.414694905281066895e-01,-3.277736008167266846e-01,-1.192080900073051453e-01
-2.599991779977625095e-01,-1.452692918362039398e+00,5.391527458099705239e-01,9.963593482971191406e-01,4.179856553673744202e-02,1.547249499708414078e-02,7.267396897077560425e-02,0.000000000000000000e+00,0.000000000000000000e+00,-3.139508366584777832e-01,-1.045482353368077710e+00,9.406575560569763184e-01,-3.844605088233947754e-01,4.410665333271026611e-01,1.250787333646092847e+00,1.148392796516418457e+00,2.865578979253768921e-02,1.043461784720420837e-01,9.539078921079635620e-02,3.266257047653198242e-01,8.429359793663024902e-01,-3.077667951583862305e-01,-5.784066766500473022e-02,-4.582456350326538086e-01,-2.992704324424266815e-02,-2.563956677913665771e-01,8.708055019378662109e-01,-1.661120653152465820e-01,-1.541351824998855591e-01
-2.655001117206282069e-01,-1.488165680609568220e+00,5.471214207133860974e-01,9.968785643577575684e-01,2.954803779721260071e-02,9.216485545039176941e-03,7.262948155403137207e-02,0.000000000000000000e+00,0.000000000000000000e+00,-3.736057579517364502e-01,-1.114297823109898999e+00,9.319763183593750000e-01,-4.373221695423126221e-01,5.369476675987243652e-01,1.263501898446355298e+00,1.162705302238464355e+00,2.226266078650951385e-02,1.733629405498504639e-01,-7.567288726568222046e-02,2.653834521770477295e-01,6.939730048179626465e-01,-2.105271965265274048e-01,-1.776534020900726318e-01,-4.349519610404968262e-01,4.770117253065109253e-02,-3.178982436656951904e-01,7.603796720504760742e-01,4.830390214920043945e-02,-1.146549656987190247e-01
-2.723765383698422693e-01,-1.525741146342320942e+00,5.512191266167645320e-01,9.972605109214782715e-01,1.615033484995365143e-02,3.992134239524602890e-03,7.207404822111129761e-02,0.000000000000000000e+00,0.000000000000000000e+00,-4.282467067241668701e-01,-1.182744548716817334e+00,9.218402504920959473e-01,-4.891729950904846191e-01,6.255115866661071777e-01,1.283004329600606397e+00,1.160566210746765137e+00,2.427476271986961365e-02,2.485068738460540771e-01,-2.214917987585067749e-01,1.601259410381317139e-01,4.907536506652832031e-01,-9.982471913099288940e-02,-2.282046824693679810e-01,-3.821082711219787598e-01,1.440010070800781250e-01,-3.418339490890502930e-01,5.783934593200683594e-01,2.326403409242630005e-01,7.908891141414642334e-02
-2.814724622982920921e-01,-1.564425675646223146e+00,5.489691956898178349e-01,9.971470236778259277e-01,-3.504999447613954544e-03,1.477254088968038559e-03,7.538853585720062256e-02,0.000000000000000000e+00,0.000000000000000000e+00,-4.771916866302490234e-01,-1.246832833686147168e+00,8.982300758361816406e-01,-5.308495759963989258e-01,6.892870664596557617e-01,1.309693590798650220e+00,1.143411278724670410e+00,3.792135417461395264e-02,2.980312407016754150e-01,-2.692193984985351562e-01,8.792584389448165894e-02,3.134772777557373047e-01,-1.498916000127792358e-02,-2.294552326202392578e-01,-3.363899588584899902e-01,2.429073601961135864e-01,-3.364039361476898193e-01,4.102580249309539795e-01,3.313234150409698486e-01,2.329022735357284546e-01
-2.934383248771079700e-01,-1.605507861550408144e+00,5.449993692338466200e-01,9.960739612579345703e-01,-2.257451228797435760e-02,-5.874922499060630798e-03,8.539600670337677002e-02,0.000000000000000000e+00,0.000000000000000000e+00,-5.117447972297668457e-01,-1.304785982766423658e+00,8.293727636337280273e-01,-5.532761812210083008e-01,7.141399979591369629e-01,1.353604287901196912e+00,1.118758201599121094e+00,5.702697485685348511e-02,2.745771408081054688e-01,-2.290672212839126587e-01,6.195338070392608643e-02,3.334152698516845703e-01,-1.210253406316041946e-02,-1.539984047412872314e-01,-3.958145081996917725e-01,2.693989872932434082e-01,-2.909989356994628906e-01,5.499694943428039551e-01,2.249959111213684082e-01,2.388222515583038330e-01
-3.060495842319697068e-01,-1.645235189620894545e+00,5.361026549121045148e-01,9.937589168548583984e-01,-2.823130600154399872e-02,-2.347287908196449280e-02,1.053336858749389648e-01,0.000000000000000000e+00,0.000000000000000000e+00,-5.308982729911804199e-01,-1.352217272916112378e+00,7.362509369850158691e-01,-5.642268657684326172e-01,7.055042982101440430e-01,1.409197778501782850e+00,1.089005827903747559e+00,8.564706891775131226e-02,1.869556754827499390e-01,-1.539628803730010986e-01,1.156435683369636536e-01,5.735204219818115234e-01,-2.183894962072372437e-01,1.798890233039855957e-01,-4.621964693069458008e-01,2.126257717609405518e-01,-2.287964373826980591e-01,8.417606949806213379e-01,1.887232437729835510e-02,2.414059340953826904e-01
-3.179891443335347567e-01,-1.683946955586322680e+00,5.232272705232555721e-01,9.910550713539123535e-01,-3.239123523235321045e-02,-3.322159126400947571e-02,1.251278370618820190e-01,0.000000000000000000e+00,0.000000000000000000e+00,-5.290268659591674805e-01,-1.381278649964604810e+00,6.540873050689697266e-01,-5.831556320190429688e-01,6.591810584068298340e-01,1.457548142471585706e+00,1.056724071502685547e+00,1.096474528312683105e-01,1.321229189634323120e-01,-7.769403606653213501e-02,8.127915859222412109e-02,6.967898011207580566e-01,-4.455299079418182373e-01,1.937810182571411133e-01,-5.087791085243225098e-01,9.305750578641891479e-02,-1.887634396553039551e-01,1.099792599678039551e+00,-1.400045603513717651e-01,2.278669625520706177e-01
-3.278452866652397102e-01,-1.720220708190792758e+00,5.130433748286179485e-01,9.892394542694091797e-01,-2.141253836452960968e-02,-3.717010468244552612e-02,1.398757100105285645e-01,0.000000000000000000e+00,0.000000000000000000e+00,-5.021262168884277344e-01,-1.395256892838750318e+00,5.867481827735900879e-01,-6.018710136413574219e-01,5.625993013381958008e-01,1.485327267148766950e+00,1.024634838104248047e+00,1.162532567977905273e-01,8.017514646053314209e-02,-3.199952095746994019e-02,4.041885212063789368e-02,7.737316489219665527e-01,-5.933060050010681152e-01,1.410532891750335693e-01,-5.353783965110778809e-01,-9.237632900476455688e-02,-1.155544891953468323e-01,1.282910585403442383e+00,-2.667694985866546631e-01,1.792489588260650635e-01
-3.357849395771821399e-01,-1.756053359740310293e+00,5.069720074278537547e-01,9.893904924392700195e-01,-9.001936763525009155e-03,-3.790146112442016602e-02,1.399602890014648438e-01,0.000000000000000000e+00,0.000000000000000000e+00,-4.521944522857666016e-01,-1.396144480505261853e+00,5.595467686653137207e-01,-6.011681556701660156e-01,4.438535273075103760e-01,1.475732640424046949e+00,9.899428486824035645e-01,9.598495066165924072e-02,2.700907923281192780e-02,1.845234259963035583e-02,1.945987157523632050e-02,8.316161632537841797e-01,-6.637362837791442871e-01,6.047829985618591309e-02,-5.464352369308471680e-01,-2.734581530094146729e-01,-2.081998810172080994e-02,1.350481748580932617e+00,-3.428861498832702637e-01,8.416028320789337158e-02
-3.412909386547827717e-01,-1.791390769066232513e+00,5.064445047072990702e-01,9.916640520095825195e-01,-2.862427500076591969e-04,-3.798600286245346069e-02,1.231235191226005554e-01,0.000000000000000000e+00,0.000000000000000000e+00,-3.876173496246337891e-01,-1.383328215279851392e+00,5.842786431312561035e-01,-5.858206152915954590e-01,3.171798884868621826e-01,1.430170984068189100e+00,9.431563019752502441e-01,6.430419534444808960e-02,-9.200253523886203766e-03,8.063645660877227783e-02,1.425910554826259613e-02,8.485624194145202637e-01,-6.506888866424560547e-01,-4.147728532552719116e-02,-5.507317781448364258e-01,-4.023214578628540039e-01,8.227406442165374756e-02,1.320214867591857910e+00,-3.517718613147735596e-01,-6.797735113650560379e-03
-3.443444341353394944e-01,-1.827905001462710066e+00,5.109899962731081491e-01,9.942938089370727539e-01,1.284373085945844650e-02,-3.760121390223503113e-02,9.899993985891342163e-02,0.000000000000000000e+00,0.000000000000000000e+00,-3.167606592178344727e-01,-1.359498472013745740e+00,6.567467451095581055e-01,-5.658645033836364746e-01,1.942936629056930542e-01,1.364339158931050733e+00,8.819114565849304199e-01,4.225800558924674988e-02,5.175422411412000656e-03,1.350492089986801147e-01,2.255035005509853363e-02,7.705646157264709473e-01,-5.720047354698181152e-01,-1.433045715093612671e-01,-5.452468991279602051e-01,-4.864177107810974121e-01,1.968787759542465210e-01,1.239046812057495117e+00,-3.225134313106536865e-01,-5.946826562285423279e-02
-3.455007466711479958e-01,-1.866678880302592880e+00,5.190402981224987444e-01,9.961307644844055176e-01,2.374257147312164307e-02,-3.081988357007503510e-02,7.880307734012603760e-02,0.000000000000000000e+00,0.000000000000000000e+00,-2.453303784132003784e-01,-1.323851645984921888e+00,7.566137313842773438e-01,-5.483481287956237793e-01,8.801857382059097290e-02,1.305884257951055005e+00,8.168759942054748535e-01,4.334426298737525940e-02,3.502032533288002014e-02,1.866301000118255615e-01,1.659378036856651306e-02,6.284069418907165527e-01,-4.346868693828582764e-01,-2.247801870107650757e-01,-5.242894291877746582e-01,-5.263774394989013672e-01,2.867450714111328125e-01,1.133571028709411621e+00,-2.830606997013092041e-01,-8.669874072074890137e-02
-3.458100239450883628e-01,-1.910055588863112774e+00,5.285796897060642818e-01,9.968688488006591797e-01,3.184724971652030945e-02,-1.450009178370237350e-02,7.090873271226882935e-02,0.000000000000000000e+00,0.000000000000000000e+00,-1.708740890026092529e-01,-1.276736215749059156e+00,8.556970953941345215e-01,-5.351278781890869141e-01,4.690869711339473724e-03,1.266587213673863843e+00,7.591114044189453125e-01,6.132208183407783508e-02,4.097938910126686096e-02,2.366694658994674683e-01,-8.823257870972156525e-03,4.733991026878356934e-01,-2.246380448341369629e-01,-2.630926072597503662e-01,-4.950177967548370361e-01,-5.282382965087890625e-01,3.429522216320037842e-01,1.031350135803222656e+00,-2.267318516969680786e-01,-9.653367847204208374e-02
-3.458389421383088469e-01,-1.957057928873433106e+00,5.378516139519033956e-01,9.961304068565368652e-01,3.788904100656509399e-02,9.328505955636501312e-03,7.875069230794906616e-02,0.000000000000000000e+00,0.000000000000000000e+00,-1.090901494026184082e-01,-1.222391293444905713e+00,9.308239817619323730e-01,-5.104435086250305176e-01,-3.853451833128929138e-02,1.238639072575841382e+00,7.097017168998718262e-01,7.857768237590789795e-02,-1.099107228219509125e-02,2.899648547172546387e-01,-5.274082347750663757e-02,3.604022562503814697e-01,1.376995723694562912e-02,-2.548924088478088379e-01,-4.686306715011596680e-01,-4.998144805431365967e-01,3.758854866027832031e-01,9.593459963798522949e-01,-1.645497083663940430e-01,-9.181725978851318359e-02
-3.467989098991859920e-01,-2.008305866537672291e+00,5.438120832994128850e-01,9.938511848449707031e-01,4.038755223155021667e-02,3.298020362854003906e-02,9.767806529998779297e-02,0.000000000000000000e+00,0.000000000000000000e+00,-6.444058567285537720e-02,-1.162871942916188672e+00,9.785742163658142090e-01,-4.774136841297149658e-01,-4.358514770865440369e-02,1.213867173590932325e+00,6.679508090019226074e-01,8.624118566513061523e-02,-1.426219642162322998e-01,3.562066853046417236e-01,-9.856177866458892822e-02,3.843873441219329834e-01,1.647338718175888062e-01,-1.538227349519729614e-01,-4.388938844203948975e-01,-4.568966925144195557e-01,3.680080175399780273e-01,8.971815109252929688e-01,-1.105263009667396545e-01,-6.469106674194335938e-02
-3.478572161247333039e-01,-2.058145137353978971e+00,5.420468071742792215e-01,9.911592006683349609e-01,3.760926797986030579e-02,4.626778885722160339e-02,1.185251548886299133e-01,0.000000000000000000e+00,0.000000000000000000e+00,-4.150772467255592346e-02,-1.097942189374242261e+00,1.011584758758544922e+00,-4.510130584239959717e-01,-1.365847326815128326e-02,1.190343157449040845e+00,6.381133198738098145e-01,8.355403691530227661e-02,-2.406959235668182373e-01,4.189491271972656250e-01,-1.321848779916763306e-01,4.562915563583374023e-01,9.670244902372360229e-02,-4.414755851030349731e-02,-3.652401566505432129e-01,-3.981903493404388428e-01,3.124196827411651611e-01,8.000410795211791992e-01,-1.009681746363639832e-01,1.038896515965461731e-01
-3.491461828275762569e-01,-2.106627889564542944e+00,5.340579954098270132e-01,9.883344769477844238e-01,4.062328115105628967e-02,4.557729884982109070e-02,1.395258307456970215e-01,0.000000000000000000e+00,0.000000000000000000e+00,-4.527110978960990906e-02,-1.032085911431584790e+00,1.049773931503295898e+00,-4.294439256191253662e-01,4.585629329085350037e-02,1.180716113248143628e+00,6.370325088500976562e-01,7.246505469083786011e-02,-2.577119171619415283e-01,4.780650436878204346e-01,-7.779822498559951782e-02,5.202295184135437012e-01,-4.353334009647369385e-02,6.252428516745567322e-03,-3.206643462181091309e-01,-3.841299116611480713e-01,1.698905229568481445e-01,7.901301980018615723e-01,-2.595762908458709717e-01,2.037639170885086060e-01
-3.519254848436273453e-01,-2.154142909904923187e+00,5.242157620439926724e-01,9.878108501434326172e-01,3.914638236165046692e-02,3.592051565647125244e-02,1.463117748498916626e-01,0.000000000000000000e+00,0.000000000000000000e+00,-5.802871286869049072e-02,-9.824654618885855228e-01,1.076466798782348633e+00,-3.954247832298278809e-01,9.935984015464782715e-02,1.190162257352147535e+00,6.890492439270019531e-01,6.527600437402725220e-02,-2.406755238771438599e-01,5.325508713722229004e-01,-1.099391467869281769e-02,6.494175791740417480e-01,-1.755755394697189331e-01,2.358696237206459045e-02,-3.426835834980010986e-01,-3.265833854675292969e-01,6.705931574106216431e-02,8.868939876556396484e-01,-4.090883433818817139e-01,1.701055765151977539e-01
-3.557117959887090564e-01,-2.198388368321789521e+00,5.167157985307652135e-01,9.892113208770751953e-01,4.260745644569396973e-02,2.152044139802455902e-02,1.385009437799453735e-01,0.000000000000000000e+00,0.000000000000000000e+00,-7.067948579788208008e-02,-9.621016542103628666e-01,1.073912858963012695e+00,-3.608640134334564209e-01,1.534052342176437378e-01,1.218280539908681348e+00,8.071813583374023438e-01,5.285007506608963013e-02,-1.838783919811248779e-01,4.994922876358032227e-01,9.053857065737247467e-03,8.083962798118591309e-01,-2.723341286182403564e-01,5.607698578387498856e-03,-3.837756812572479248e-01,-2.511563301086425781e-01,2.656008303165435791e-02,9.830170869827270508e-01,-4.962507188320159912e-01,1.038935184478759766e-01
-3.586055667179100515e-01,-2.236992848413159152e+00,5.161182942685454966e-01,9.911804199218750000e-01,3.963077440857887268e-02,1.006201561540365219e-02,1.260534822940826416e-01,0.000000000000000000e+00,0.000000000000000000e+00,-8.372078090906143188e-02,-9.817764321949820072e-01,1.043936491012573242e+00,-3.457942605018615723e-01,2.157397717237472534e-01,1.250034377970967725e+00,9.564546942710876465e-01,3.619079291820526123e-02,-1.202248185873031616e-01,4.401702284812927246e-01,5.482587963342666626e-02,9.594599008560180664e-01,-3.410222828388214111e-01,2.856235718354582787e-03,-4.134320616722106934e-01,-1.546760648488998413e-01,-1.099871098995208740e-02,1.025411128997802734e+00,-4.919076263904571533e-01,1.239620987325906754e-02
-3.616058759737496575e-01,-2.273194855665317871e+00,5.215746362620230503e-01,9.918712973594665527e-01,3.458100184798240662e-02,3.998333588242530823e-03,1.223905831575393677e-01,0.000000000000000000e+00,0.000000000000000000e+00,-1.117641776800155640e-01,-1.029990450539861158e+00,1.005305767059326172e+00,-3.858205080032348633e-01,2.947098314762115479e-01,1.271965370574269727e+00,1.077503681182861328e+00,1.820360869169235229e-02,-5.343085527420043945e-02,3.637852668762207031e-01,1.465780586004257202e-01,1.046503543853759766e+00,-3.753914535045623779e-01,-1.435449812561273575e-03,-4.178859293460845947e-01,-6.541488319635391235e-02,-6.887491047382354736e-02,9.875248074531555176e-01,-4.276326596736907959e-01,-7.775329053401947021e-02
-3.656432958519217902e-01,-2.310267771777480661e+00,5.310868327033639869e-01,9.910606741905212402e-01,2.906318195164203644e-02,1.376692671328783035e-03,1.302003562450408936e-01,0.000000000000000000e+00,0.000000000000000000e+00,-1.534082442522048950e-01,-1.085810468592915967e+00,9.656913876533508301e-01,-4.814753532409667969e-01,3.861543238162994385e-01,1.282161072888646558e+00,1.130494952201843262e+00,8.372111245989799500e-03,1.016421709209680557e-02,2.540159821510314941e-01,2.224549502134323120e-01,1.043001890182495117e+00,-3.635433614253997803e-01,-2.870275638997554779e-02,-4.038257896900177002e-01,9.316563606262207031e-03,-1.327770352363586426e-01,8.824925422668457031e-01,-3.060953319072723389e-01,-1.424708366394042969e-01
-3.701761240308935053e-01,-2.348178547385967097e+00,5.427278482703247198e-01,9.899808764457702637e-01,2.230755984783172607e-02,-2.379223587922751904e-04,1.394278109073638916e-01,0.000000000000000000e+00,0.000000000000000000e+00,-2.033641636371612549e-01,-1.142726586261067823e+00,9.347473382949829102e-01,-6.000036001205444336e-01,4.817562103271484375e-01,1.292228327193532422e+00,1.131118655204772949e+00,4.555568564683198929e-03,6.297211349010467529e-02,8.396407961845397949e-02,2.110736370086669922e-01,9.257121682167053223e-01,-2.867825925350189209e-01,-1.308627724647521973e-01,-3.799326717853546143e-01,7.515195012092590332e-02,-1.915736496448516846e-01,7.318766117095947266e-01,-1.109959185123443604e-01,-1.578294634819030762e-01
-3.752235424277758358e-01,-2.387283252017064594e+00,5.526630848706370891e-01,9.898660778999328613e-01,1.978011801838874817e-02,1.014703186228871346e-03,1.406162083148956299e-01,0.000000000000000000e+00,0.000000000000000000e+00,-2.515857517719268799e-01,-1.201023803153310254e+00,9.145647883415222168e-01,-6.852784156799316406e-01,5.653004646301269531e-01,1.301526562371526197e+00,1.102880120277404785e+00,3.868581028655171394e-03,1.205065771937370300e-01,-1.066145673394203186e-01,1.620272547006607056e-01,7.257469296455383301e-01,-1.750929057598114014e-01,-2.212879061698913574e-01,-3.503741621971130371e-01,1.461074203252792358e-01,-1.876796633005142212e-01,5.439538955688476562e-01,1.217613965272903442e-01,-4.542702436447143555e-02
-3.824570350665034701e-01,-2.428272932918384974e+00,5.556984779359114279e-01,9.905164241790771484e-01,1.780939847230911255e-02,6.158501375466585159e-03,1.360958814620971680e-01,0.000000000000000000e+00,0.000000000000000000e+00,-2.879773676395416260e-01,-1.254404292502675489e+00,8.861247897148132324e-01,-7.152500748634338379e-01,6.338015794754028320e-01,1.307757780947957471e+00,1.068425059318542480e+00,1.407222729176282883e-02,1.989177465438842773e-01,-2.372290045022964478e-01,1.453833132982254028e-01,4.752363562583923340e-01,-5.081636458635330200e-02,-2.311201840639114380e-01,-2.882781326770782471e-01,2.262756675481796265e-01,-1.078288555145263672e-01,2.717180550098419189e-01,3.201007544994354248e-01,2.277614027261734009e-01
-3.920102525773373481e-01,-2.469179575217492761e+00,5.521218807807173334e-01,9.912305474281311035e-01,1.328098820522427559e-03,1.161072403192520142e-02,1.316257864236831665e-01,0.000000000000000000e+00,0.000000000000000000e+00,-3.120444118976593018e-01,-1.297907934584889844e+00,8.395739197731018066e-01,-7.026258111000061035e-01,6.619115471839904785e-01,1.320863709845815137e+00,1.036927938461303711e+00,1.961595192551612854e-02,2.326975166797637939e-01,-2.845233976840972900e-01,8.990642428398132324e-02,2.776245772838592529e-01,7.289820909500122070e-02,-2.308984398841857910e-01,-2.848994433879852295e-01,2.667379379272460938e-01,-1.380395293235778809e-01,1.698800474405288696e-01,3.340822160243988037e-01,2.667558491230010986e-01
-4.051061044550604007e-01,-2.511062917555823670e+00,5.477391448752446657e-01,9.904404282569885254e-01,-1.098120491951704025e-02,4.012377001345157623e-03,1.374446302652359009e-01,0.000000000000000000e+00,0.000000000000000000e+00,-3.307090699672698975e-01,-1.326422468819890454e+00,7.683042883872985840e-01,-6.540127992630004883e-01,6.490464210510253906e-01,1.360289023318562940e+00,1.025721311569213867e+00,3.037390857934951782e-02,1.802914887666702271e-01,-2.572941482067108154e-01,9.265284240245819092e-02,3.615041971206665039e-01,6.558950990438461304e-02,-5.851212516427040100e-02,-4.214908480644226074e-01,2.201418727636337280e-01,-1.627791523933410645e-01,5.295445322990417480e-01,9.923394024372100830e-02,2.503601014614105225e-01
-4.181540430593069235e-01,-2.551396427422460977e+00,5.360060810177313950e-01,9.880450963973999023e-01,-2.491149306297302246e-02,-7.767928764224052429e-03,1.519405096769332886e-01,0.000000000000000000e+00,0.000000000000000000e+00,-3.268194794654846191e-01,-1.333821774521146253e+00,7.193924784660339355e-01,-6.239829063415527344e-01,6.167129278182983398e-01,1.395790205397878125e+00,1.002820730209350586e+00,3.964236006140708923e-02,1.028830334544181824e-01,-1.806035786867141724e-01,1.076998412609100342e-01,5.598003268241882324e-01,-2.052288651466369629e-01,1.984153091907501221e-01,-4.874581694602966309e-01,1.161328405141830444e-01,-2.090036422014236450e-01,8.198769092559814453e-01,-6.727547198534011841e-02,2.448575496673583984e-01
-4.303445250571075187e-01,-2.591076257412481709e+00,5.235309426915465414e-01,9.848577380180358887e-01,-2.412613853812217712e-02,-1.516462676227092743e-02,1.710065454244613647e-01,0.000000000000000000e+00,0.000000000000000000e+00,-3.051817715167999268e-01,-1.326794491210256055e+00,6.956548690795898438e-01,-6.119276881217956543e-01,5.687497258186340332e-01,1.422200397649083570e+00,9.670940041542053223e-01,4.917456582188606262e-02,4.171568900346755981e-02,-1.222663894295692444e-01,7.673073559999465942e-02,6.926822066307067871e-01,-4.302190542221069336e-01,2.188108563423156738e-01,-5.360630750656127930e-01,-3.884101286530494690e-02,-1.770395934581756592e-01,1.094602942466735840e+00,-2.042182385921478271e-01,2.271171808242797852e-01
-4.404272382149491682e-01,-2.628865298430124842e+00,5.145825783592281599e-01,9.834068417549133301e-01,-1.574666239321231842e-02,-1.982236467301845551e-02,1.796386837959289551e-01,0.000000000000000000e+00,0.000000000000000000e+00,-2.636946439743041992e-01,-1.308161781230245069e+00,7.041789889335632324e-01,-6.005241870880126953e-01,5.005986094474792480e-01,1.426130280890737012e+00,9.186123609542846680e-01,4.707916453480720520e-02,-3.254045918583869934e-02,-7.189945876598358154e-02,5.330784246325492859e-02,8.141606450080871582e-01,-5.579247474670410156e-01,1.795083880424499512e-01,-5.413290858268737793e-01,-2.148722708225250244e-01,-1.105576604604721069e-01,1.254997014999389648e+00,-3.030121326446533203e-01,1.630922108888626099e-01
-4.478223654928833453e-01,-2.665138386725777409e+00,5.107592319975597928e-01,9.850921630859375000e-01,-1.022246014326810837e-02,-2.277787961065769196e-02,1.702063828706741333e-01,0.000000000000000000e+00,0.000000000000000000e+00,-2.004595398902893066e-01,-1.286934987702641919e+00,7.365308403968811035e-01,-5.646827220916748047e-01,4.214034974575042725e-01,1.397753284373555616e+00,8.594261407852172852e-01,4.364277422428131104e-02,-9.407200664281845093e-02,-3.191285533830523491e-03,4.795354232192039490e-02,8.887850046157836914e-01,-6.107560992240905762e-01,1.047614961862564087e-01,-5.221976637840270996e-01,-3.428140580654144287e-01,-7.435721810907125473e-03,1.284344196319580078e+00,-3.434976041316986084e-01,8.143398910760879517e-02
-4.527790642168485480e-01,-2.700034362842338442e+00,5.120394381278693396e-01,9.888126254081726074e-01,-3.916159272193908691e-03,-2.415590919554233551e-02,1.471416950225830078e-01,0.000000000000000000e+00,0.000000000000000000e+00,-1.173119917511940002e-01,-1.270392493405614331e+00,7.718852758407592773e-01,-4.971396923065185547e-01,3.298333585262298584e-01,1.342945576706204847e+00,7.887894511222839355e-01,4.927952215075492859e-02,-1.247815117239952087e-01,7.005912810564041138e-02,5.350906774401664734e-02,8.939837217330932617e-01,-5.916348695755004883e-01,1.035185623914003372e-02,-4.939347803592681885e-01,-4.275862276554107666e-01,1.092535778880119324e-01,1.220878362655639648e+00,-3.197224736213684082e-01,2.517188526690006256e-02
-4.559361503536653037e-01,-2.736752039814235982e+00,5.183060708017360740e-01,9.924344420433044434e-01,5.703655537217855453e-03,-2.121116593480110168e-02,1.207956075668334961e-01,0.000000000000000000e+00,0.000000000000000000e+00,-2.819287218153476715e-02,-1.256918267407689527e+00,8.085620999336242676e-01,-4.185861647129058838e-01,2.298395037651062012e-01,1.282821730771336988e+00,7.142285704612731934e-01,6.479601562023162842e-02,-1.171723231673240662e-01,1.342482715845108032e-01,6.310750544071197510e-02,8.077127337455749512e-01,-5.123749971389770508e-01,-8.783049881458282471e-02,-4.579912424087524414e-01,-5.002191662788391113e-01,1.939586848020553589e-01,1.103403568267822266e+00,-2.607925236225128174e-01,-1.081876084208488464e-02
-4.582951109653169430e-01,-2.776802554124533362e+00,5.281744613272674194e-01,9.948024749755859375e-01,1.426010765135288239e-02,-1.140401698648929596e-02,1.001726686954498291e-01,0.000000000000000000e+00,0.000000000000000000e+00,5.215386301279067993e-02,-1.240499244132314161e+00,8.603106737136840820e-01,-3.446865379810333252e-01,1.372087597846984863e-01,1.244812117018971875e+00,6.474755406379699707e-01,8.252469450235366821e-02,-9.422218054533004761e-02,1.916444599628448486e-01,6.441058963537216187e-02,6.493907570838928223e-01,-3.664932250976562500e-01,-1.761815696954727173e-01,-4.222284257411956787e-01,-5.591793656349182129e-01,2.163952291011810303e-01,9.704827666282653809e-01,-1.902939379215240479e-01,-4.797578230500221252e-02
-4.603468702680835745e-01,-2.816880969405174184e+00,5.394793366324720507e-01,9.956147670745849609e-01,1.915373094379901886e-02,5.451178643852472305e-03,9.140376001596450806e-02,0.000000000000000000e+00,0.000000000000000000e+00,1.182748749852180481e-01,-1.218191281953130201e+00,9.242314100265502930e-01,-2.869992554187774658e-01,5.641024187207221985e-02,1.240903005996022657e+00,5.974937081336975098e-01,8.313591033220291138e-02,-9.777998179197311401e-02,2.490216642618179321e-01,4.975619167089462280e-02,4.877588450908660889e-01,-1.442246586084365845e-01,-2.318724393844604492e-01,-3.899188041687011719e-01,-5.738493204116821289e-01,2.032824456691741943e-01,8.565694689750671387e-01,-1.125323027372360229e-01,-7.350499182939529419e-02
-4.634720695816507141e-01,-2.857835608016360940e+00,5.489343609961897519e-01,9.949528574943542480e-01,2.240621112287044525e-02,2.489062212407588959e-02,9.458989650011062622e-02,0.000000000000000000e+00,0.000000000000000000e+00,1.558098644018173218e-01,-1.186400667825017408e+00,9.771106839179992676e-01,-2.480746060609817505e-01,-2.358719008043408394e-03,1.260045097270284131e+00,5.579319596290588379e-01,6.763415783643722534e-02,-1.550738811492919922e-01,3.013108968734741211e-01,3.512760158628225327e-03,3.955472409725189209e-01,7.604265213012695312e-02,-2.278165072202682495e-01,-3.646138012409210205e-01,-5.364948511123657227e-01,2.043195962905883789e-01,7.914224267005920410e-01,-5.165917053818702698e-02,-5.701395869255065918e-02
-4.678387375175953045e-01,-2.900427103554359398e+00,5.530989129743492105e-01,9.938747882843017578e-01,2.313634939491748810e-02,4.027942940592765808e-02,1.002755388617515564e-01,0.000000000000000000e+00,0.000000000000000000e+00,1.701369881629943848e-01,-1.147159055867467359e+00,9.952636957168579102e-01,-2.238206714391708374e-01,-4.199926927685737610e-02,1.282101498046193555e+00,5.256784558296203613e-01,4.181598126888275146e-02,-2.479614317417144775e-01,3.678409457206726074e-01,-2.132014930248260498e-02,4.224661886692047119e-01,1.504321396350860596e-01,-1.313555836677551270e-01,-3.418388664722442627e-01,-4.814604520797729492e-01,1.799131631851196289e-01,7.489032745361328125e-01,-2.650652453303337097e-02,6.862602662295103073e-03
-4.720981195794813345e-01,-2.943366032604015192e+00,5.498055189720006952e-01,9.936792254447937012e-01,2.383905649185180664e-02,4.610498249530792236e-02,9.953700006008148193e-02,0.000000000000000000e+00,0.000000000000000000e+00,1.603911519050598145e-01,-1.109874711432729200e+00,9.767035841941833496e-01,-2.080263495445251465e-01,-5.236672982573509216e-02,1.288980201878819898e+00,5.163551568984985352e-01,2.452568709850311279e-02,-2.638740539550781250e-01,4.411279857158660889e-01,1.763064600527286530e-02,4.741626977920532227e-01,5.023124068975448608e-02,-5.570448562502861023e-02,-2.810418307781219482e-01,-4.262897372245788574e-01,1.186160966753959656e-01,6.572709679603576660e-01,-5.150897800922393799e-02,1.987107098102569580e-01
-4.772497929414414308e-01,-2.987040019360455378e+00,5.419667579617464259e-01,9.945072531700134277e-01,3.008284978568553925e-02,4.147651046514511108e-02,9.126879274845123291e-02,0.000000000000000000e+00,0.000000000000000000e+00,1.243992522358894348e-01,-1.079186336198125318e+00,9.339814782142639160e-01,-1.955948323011398315e-01,-4.062440246343612671e-02,1.284705356755528882e+00,5.495876669883728027e-01,2.912530675530433655e-02,-2.313778400421142578e-01,4.629154801368713379e-01,4.649635776877403259e-02,5.848752856254577637e-01,-6.758816540241241455e-02,-2.307416312396526337e-02,-2.959073185920715332e-01,-3.839093446731567383e-01,6.028074026107788086e-02,7.013133168220520020e-01,-1.651067882776260376e-01,2.386583834886550903e-01
-4.837222783101929324e-01,-3.030565865250548718e+00,5.338425102370857322e-01,9.958505034446716309e-01,3.538418188691139221e-02,3.068332560360431671e-02,7.802801579236984253e-02,0.000000000000000000e+00,0.000000000000000000e+00,6.918850541114807129e-02,-1.062203482785497144e+00,8.622425198554992676e-01,-2.025351524353027344e-01,-1.158129610121250153e-02,1.269031391539845899e+00,6.365280151367187500e-01,5.793508887290954590e-02,-1.835193634033203125e-01,4.538669288158416748e-01,7.553371787071228027e-02,7.652076482772827148e-01,-1.844039857387542725e-01,9.094316512346267700e-03,-3.533664941787719727e-01,-3.281474709510803223e-01,2.686553634703159332e-02,8.211795687675476074e-01,-2.859261035919189453e-01,2.005835473537445068e-01
-4.898130767438748645e-01,-3.071091028211092588e+00,5.285712612879396310e-01,9.964686036109924316e-01,4.079143330454826355e-02,2.159194089472293854e-02,7.014366984367370605e-02,0.000000000000000000e+00,0.000000000000000000e+00,-9.021669626235961914e-03,-1.064597503342900708e+00,7.736895084381103516e-01,-2.517400085926055908e-01,5.273219943046569824e-02,1.247550414004598096e+00,7.751247286796569824e-01,8.145242929458618164e-02,-1.240174844861030579e-01,4.180537462234497070e-01,1.424741148948669434e-01,9.398552775382995605e-01,-2.806243002414703369e-01,5.933757871389389038e-02,-3.824990391731262207e-01,-2.709205150604248047e-01,-1.130495127290487289e-02,8.899415731430053711e-01,-3.676979243755340576e-01,1.411955803632736206e-01
-4.950589989193461271e-01,-3.109037344341326392e+00,5.292734772275493604e-01,9.966235160827636719e-01,3.720621764659881592e-02,1.675916463136672974e-02,7.124835997819900513e-02,0.000000000000000000e+00,0.000000000000000000e+00,-1.078515946865081787e-01,-1.087118581929479078e+00,6.937862634658813477e-01,-3.407582044601440430e-01,1.514439582824707031e-01,1.227835522094045118e+00,9.307901859283447266e-01,6.988110393285751343e-02,-6.253394484519958496e-02,3.762213885784149170e-01,2.321898490190505981e-01,1.061029195785522461e+00,-3.345952033996582031e-01,9.662214666604995728e-02,-3.975209593772888184e-01,-1.983772516250610352e-01,-6.812838464975357056e-02,9.096598625183105469e-01,-3.761028051376342773e-01,5.991286411881446838e-02
-5.004256177031332076e-01,-3.143711275235570923e+00,5.349375818037624963e-01,9.964244365692138672e-01,2.767974697053432465e-02,1.357664354145526886e-02,7.866340130567550659e-02,0.000000000000000000e+00,0.000000000000000000e+00,-2.032853066921234131e-01,-1.122589753070149854e+00,6.349084973335266113e-01,-4.471993744373321533e-01,2.734460532665252686e-01,1.215255872407231763e+00,1.048954010009765625e+00,1.887043565511703491e-02,-1.907411147840321064e-03,2.902088165283203125e-01,2.862599194049835205e-01,1.082365274429321289e+00,-3.315900862216949463e-01,6.895838677883148193e-02,-3.926354944705963135e-01,-1.154351532459259033e-01,-1.296209394931793213e-01,8.696223497390747070e-01,-3.182779848575592041e-01,-7.986278273165225983e-03
-5.063214414988201906e-01,-3.176377332728318681e+00,5.441963859504521661e-01,9.963086843490600586e-01,1.711230725049972534e-02,1.173144858330488205e-02,8.329804986715316772e-02,0.000000000000000000e+00,0.000000000000000000e+00,-2.851058840751647949e-01,-1.163219676413808301e+00,5.930905938148498535e-01,-5.454301834106445312e-01,3.966481685638427734e-01,1.215177939334187940e+00,1.101523876190185547e+00,0.000000000000000000e+00,4.540116339921951294e-02,1.496541202068328857e-01,2.753534317016601562e-01,1.004286289215087891e+00,-2.688963115215301514e-01,-2.708698622882366180e-02,-3.861932754516601562e-01,-3.245509043335914612e-02,-1.851383000612258911e-01,7.886713743209838867e-01,-1.772591024637222290e-01,-4.955348372459411621e-02
-5.137905146520246324e-01,-3.209085573830989802e+00,5.546990668389832901e-01,9.968603253364562988e-01,1.086682453751564026e-02,1.126580126583576202e-02,7.761791348457336426e-02,0.000000000000000000e+00,0.000000000000000000e+00,-3.470150232315063477e-01,-1.201369152465138868e+00,5.505108833312988281e-01,-6.133835315704345703e-01,5.069866776466369629e-01,1.230122820534978345e+00,1.103781700134277344e+00,0.000000000000000000e+00,9.645675122737884521e-02,-3.140891343355178833e-02,2.122562527656555176e-01,8.162286877632141113e-01,-1.643256098031997681e-01,-1.623478829860687256e-01,-3.964885175228118896e-01,4.463794082403182983e-02,-1.996854245662689209e-01,7.038302421569824219e-01,4.708770290017127991e-02,-2.037193998694419861e-02
-5.228574581083023087e-01,-3.246290189166261886e+00,5.623471296992567092e-01,9.979743957519531250e-01,2.957947086542844772e-03,1.043963804841041565e-02,6.268423795700073242e-02,0.000000000000000000e+00,0.000000000000000000e+00,-3.801745176315307617e-01,-1.234998540082250074e+00,4.840120077133178711e-01,-6.443413496017456055e-01,6.072571277618408203e-01,1.259981022277150586e+00,1.079367995262145996e+00,0.000000000000000000e+00,1.579612940549850464e-01,-1.706613451242446899e-01,1.394737958908081055e-01,5.934724807739257812e-01,-4.812894761562347412e-02,-2.325760871171951294e-01,-3.930035829544067383e-01,1.493543386459350586e-01,-1.421948522329330444e-01,5.752177238464355469e-01,2.714416682720184326e-01,1.672169864177703857e-01
-5.331060408740633250e-01,-3.283419737605133282e+00,5.634941834309185049e-01,9.988498687744140625e-01,-1.539210323244333267e-02,5.791404284536838531e-03,4.503736644983291626e-02,0.000000000000000000e+00,0.000000000000000000e+00,-3.799752891063690186e-01,-1.266150907674107984e+00,3.926825821399688721e-01,-6.372435688972473145e-01,6.852089166641235352e-01,1.292507664361272290e+00,1.045229673385620117e+00,0.000000000000000000e+00,1.713150739669799805e-01,-2.005226165056228638e-01,9.424420446157455444e-02,5.065899491310119629e-01,2.551069296896457672e-02,-2.368189543485641479e-01,-3.486615717411041260e-01,2.499132305383682251e-01,-9.023608267307281494e-02,4.229143559932708740e-01,3.449999999999999734e-01,2.639054656028747559e-01
-5.456559969808416621e-01,-3.322504014740086387e+00,5.605761239105704341e-01,9.990479350090026855e-01,-2.248404547572135925e-02,2.185738412663340569e-03,3.732095658779144287e-02,0.000000000000000000e+00,0.000000000000000000e+00,-3.616947531700134277e-01,-1.296788708367619947e+00,2.627478241920471191e-01,-5.998106002807617188e-01,7.318846583366394043e-01,1.336505473652158216e+00,1.015293836593627930e+00,0.000000000000000000e+00,1.657365560531616211e-01,-1.922112703323364258e-01,1.017412319779396057e-01,4.530265033245086670e-01,1.086701899766921997e-01,-1.727905869483947754e-01,-4.137749969959259033e-01,2.196230739355087280e-01,-1.145712137222290039e-01,5.906344652175903320e-01,2.392116785049438477e-01,2.586293816566467285e-01
-5.580645798673533609e-01,-3.359112412911472667e+00,5.511293618877728395e-01,9.987406730651855469e-01,-2.716209739446640015e-02,-3.985275048762559891e-03,4.199358075857162476e-02,0.000000000000000000e+00,0.000000000000000000e+00,-3.299313187599182129e-01,-1.319437162080083326e+00,1.362932771444320679e-01,-5.542509555816650391e-01,7.351711988449096680e-01,1.382635445394788221e+00,9.916601181030273438e-01,0.000000000000000000e+00,1.412511765956878662e-01,-1.281127929687500000e-01,1.562612503767013550e-01,5.155867934226989746e-01,5.063250660896301270e-03,4.683636501431465149e-02,-4.942045509815216064e-01,1.063215807080268860e-01,-1.473684459924697876e-01,8.527219295501708984e-01,6.896624714136123657e-02,2.478440403938293457e-01
-5.700886940256212343e-01,-3.394593811173631792e+00,5.366978340934623892e-01,9.978400468826293945e-01,-3.507318720221519470e-02,-6.632405333220958710e-03,5.514711141586303711e-02,0.000000000000000000e+00,0.000000000000000000e+00,-2.794569730758666992e-01,-1.321249649920735791e+00,5.716167762875556946e-02,-5.195555686950683594e-01,7.034482955932617188e-01,1.425354511537824109e+00,9.665166735649108887e-01,0.000000000000000000e+00,1.170346885919570923e-01,-5.096506327390670776e-02,1.337068825960159302e-01,6.017032861709594727e-01,-2.735572159290313721e-01,1.332232952117919922e-01,-5.536851286888122559e-01,-3.956944867968559265e-02,-1.545649766921997070e-01,1.091859221458435059e+00,-6.865607202053070068e-02,2.227970212697982788e-01
-5.809055929849243904e-01,-3.430628246526525427e+00,5.233781516634755659e-01,9.971452951431274414e-01,-2.593458443880081177e-02,-6.057679653167724609e-03,7.065356522798538208e-02,0.000000000000000000e+00,0.000000000000000000e+00,-2.215833663940429688e-01,-1.304771826663289502e+00,5.294391885399818420e-02,-4.954108297824859619e-01,6.386833190917968750e-01,1.462080047526631787e+00,9.348977208137512207e-01,3.998860251158475876e-03,1.029671430587768555e-01,-6.611840333789587021e-03,8.981161564588546753e-02,6.143450140953063965e-01,-4.757468402385711670e-01,8.800847828388214111e-02,-6.035600900650024414e-01,-2.071707993745803833e-01,-7.219704240560531616e-02,1.265887618064880371e+00,-1.710895895957946777e-01,1.893567889928817749e-01
-5.901887689613634080e-01,-3.466544767064277721e+00,5.151631842658976890e-01,9.969667196273803711e-01,-1.127265021204948425e-02,-1.815335126593708992e-03,7.698702067136764526e-02,0.000000000000000000e+00,0.000000000000000000e+00,-1.635889858007431030e-01,-1.277283386388097242e+00,1.519423723220825195e-01,-4.607030153274536133e-01,5.511484146118164062e-01,1.477694154777799085e+00,8.948385119438171387e-01,0.000000000000000000e+00,7.055380940437316895e-02,3.460682183504104614e-02,6.480757892131805420e-02,6.256561279296875000e-01,-5.725659728050231934e-01,1.789660006761550903e-02,-6.365071535110473633e-01,-3.589217662811279297e-01,4.236970096826553345e-02,1.321570396423339844e+00,-2.218140214681625366e-01,1.317484378814697266e-01
-5.968877421176493892e-01,-3.502502142594318357e+00,5.134204531212647193e-01,9.977084398269653320e-01,-2.834232291206717491e-03,2.347436733543872833e-03,6.755954027175903320e-02,0.000000000000000000e+00,0.000000000000000000e+00,-1.024841591715812683e-01,-1.256787584224019483e+00,3.279229402542114258e-01,-4.104758501052856445e-01,4.487420320510864258e-01,1.462956884005341962e+00,8.439902067184448242e-01,0.000000000000000000e+00,2.922419458627700806e-02,9.154219925403594971e-02,5.361884459853172302e-02,6.401429176330566406e-01,-5.702415704727172852e-01,-7.149518281221389771e-02,-6.529732942581176758e-01,-4.430232048034667969e-01,1.590721309185028076e-01,1.280613422393798828e+00,-2.162152081727981567e-01,6.293326616287231445e-02
-5.997293646046609750e-01,-3.537674305101837557e+00,5.180516405245570999e-01,9.986729025840759277e-01,3.913033287972211838e-03,5.131041631102561951e-03,5.109562352299690247e-02,0.000000000000000000e+00,0.000000000000000000e+00,-4.022191092371940613e-02,-1.253464684882436231e+00,5.221310853958129883e-01,-3.489564657211303711e-01,3.497980535030364990e-01,1.423731596269879773e+00,7.834104895591735840e-01,0.000000000000000000e+00,3.457487002015113831e-02,1.529871225357055664e-01,4.559045657515525818e-02,5.711546540260314941e-01,-4.867314100265502930e-01,-1.657223999500274658e-01,-6.355638504028320312e-01,-4.616773724555969238e-01,2.786958515644073486e-01,1.187715530395507812e+00,-1.825967580080032349e-01,2.388656325638294220e-02
-6.001255832951176705e-01,-3.574819796952334094e+00,5.264020438823434622e-01,9.990720748901367188e-01,9.024406783282756805e-03,1.200262643396854401e-02,4.036837443709373474e-02,0.000000000000000000e+00,0.000000000000000000e+00,2.527933008968830109e-02,-1.252396480241094068e+00,6.946979165077209473e-01,-2.871614098548889160e-01,2.752299606800079346e-01,1.382999018826756910e+00,7.239910960197448730e-01,0.000000000000000000e+00,5.311705544590950012e-02,2.102552056312561035e-01,1.708794198930263519e-02,4.513175487518310547e-01,-3.309683203697204590e-01,-2.378878444433212280e-01,-5.901433229446411133e-01,-4.607993066310882568e-01,3.537593185901641846e-01,1.076039910316467285e+00,-1.471467912197113037e-01,-8.048005402088165283e-03
-6.002312083971319545e-01,-3.615556874425724487e+00,5.358818552688215942e-01,9.986915588378906250e-01,1.650469005107879639e-02,2.638433501124382019e-02,4.057832062244415283e-02,0.000000000000000000e+00,0.000000000000000000e+00,9.536106884479522705e-02,-1.243519769110951856e+00,8.368690013885498047e-01,-2.376773506402969360e-01,2.223171740770339966e-01,1.352480039992604688e+00,6.719503402709960938e-01,0.000000000000000000e+00,4.788191244006156921e-02,2.582278847694396973e-01,-3.132050856947898865e-02,3.272423446178436279e-01,-9.881080687046051025e-02,-2.688895165920257568e-01,-5.435389280319213867e-01,-4.644611179828643799e-01,3.772706687450408936e-01,9.597139358520507812e-01,-1.007447987794876099e-01,-2.798771113157272339e-02
-6.011686311775085167e-01,-3.659691891501648087e+00,5.450378161066710136e-01,9.975535869598388672e-01,2.439969033002853394e-02,4.407544061541557312e-02,4.846500605344772339e-02,0.000000000000000000e+00,0.000000000000000000e+00,1.494602411985397339e-01,-1.226289914050374463e+00,9.433435797691345215e-01,-1.958751976490020752e-01,1.892539113759994507e-01,1.327432618537221387e+00,6.277803182601928711e-01,0.000000000000000000e+00,-2.027888409793376923e-02,3.095341920852661133e-01,-9.021577239036560059e-02,2.962983846664428711e-01,1.192028969526290894e-01,-2.523415386676788330e-01,-5.102912783622741699e-01,-4.599344730377197266e-01,3.704543709754943848e-01,8.677529692649841309e-01,-5.996220186352729797e-02,-4.250775650143623352e-02
-6.029465291701784357e-01,-3.707500204185042669e+00,5.504408473175282923e-01,9.964036345481872559e-01,2.755934931337833405e-02,5.726137757301330566e-02,5.604838952422142029e-02,0.000000000000000000e+00,0.000000000000000000e+00,1.895868033170700073e-01,-1.201942847171102002e+00,1.014946222305297852e+00,-1.526629626750946045e-01,1.596750020980834961e-01,1.304312632479939893e+00,5.862274765968322754e-01,0.000000000000000000e+00,-1.511041671037673950e-01,3.929062187671661377e-01,-1.005453094840049744e-01,4.227979183197021484e-01,1.707375347614288330e-01,-1.276885569095611572e-01,-4.847187697887420654e-01,-4.327740073204040527e-01,3.343002498149871826e-01,8.077581524848937988e-01,-3.977858647704124451e-02,-5.807098373770713806e-02
-6.039315745889237697e-01,-3.752746277758569615e+00,5.476353466224790356e-01,9.957242012023925781e-01,3.115692362189292908e-02,6.140046566724777222e-02,6.158406659960746765e-02,0.000000000000000000e+00,0.000000000000000000e+00,2.172559499740600586e-01,-1.170117453732762769e+00,1.055118083953857422e+00,-1.089616417884826660e-01,1.432949751615524292e-01,1.282142535844121412e+00,5.410974025726318359e-01,0.000000000000000000e+00,-2.078285515308380127e-01,4.737171530723571777e-01,-6.623862683773040771e-02,5.143088102340698242e-01,5.385199934244155884e-02,-1.210204232484102249e-02,-4.086410701274871826e-01,-3.883989155292510986e-01,2.920805513858795166e-01,7.204222679138183594e-01,-5.626796931028366089e-02,8.632177859544754028e-02
-6.054225326916484740e-01,-3.796352837170013039e+00,5.382960780702455983e-01,9.954518079757690430e-01,4.070368036627769470e-02,5.443185940384864807e-02,6.675419956445693970e-02,0.000000000000000000e+00,0.000000000000000000e+00,2.280407249927520752e-01,-1.133130655684743360e+00,1.090001344680786133e+00,-6.287233531475067139e-02,1.456132978200912476e-01,1.275818095603261426e+00,5.212979316711425781e-01,0.000000000000000000e+00,-1.986908316612243652e-01,5.218656063079833984e-01,-7.872997783124446869e-03,5.912773013114929199e-01,-6.462150067090988159e-02,4.780223220586776733e-02,-3.684615790843963623e-01,-3.680425584316253662e-01,2.096128463745117188e-01,7.355638146400451660e-01,-2.295405715703964233e-01,1.732982993125915527e-01
-6.090804246384086129e-01,-3.840044095955713832e+00,5.278483272170779728e-01,9.966793656349182129e-01,3.810293227434158325e-02,3.954191878437995911e-02,6.012352183461189270e-02,0.000000000000000000e+00,0.000000000000000000e+00,2.181003689765930176e-01,-1.108855472007070020e+00,1.108347058296203613e+00,-2.719477564096450806e-02,1.483439058065414429e-01,1.286711410680089429e+00,5.629506707191467285e-01,0.000000000000000000e+00,-1.595777124166488647e-01,5.869765877723693848e-01,7.394020259380340576e-02,7.284956574440002441e-01,-1.745440959930419922e-01,8.851636201143264771e-02,-3.808164000511169434e-01,-2.865784466266632080e-01,1.496466547250747681e-01,8.392461538314819336e-01,-3.675304949283599854e-01,1.634528785943984985e-01
-6.128741677383883202e-01,-3.880767222943932282e+00,5.210206442273626060e-01,9.978335499763488770e-01,3.617117553949356079e-02,2.611886896193027496e-02,4.834963753819465637e-02,0.000000000000000000e+00,0.000000000000000000e+00,1.916939765214920044e-01,-1.099657581248555616e+00,1.097568750381469727e+00,-1.715610362589359283e-02,1.580606400966644287e-01,1.308828369775090650e+00,6.609885692596435547e-01,0.000000000000000000e+00,-1.047412753105163574e-01,6.094637513160705566e-01,1.592423021793365479e-01,8.880063891410827637e-01,-2.580506205558776855e-01,1.245048940181732178e-01,-3.947819769382476807e-01,-1.991158723831176758e-01,1.045632362365722656e-01,9.080323576927185059e-01,-4.575060307979583740e-01,1.090790629386901855e-01
-6.165152443682003769e-01,-3.920110248363379402e+00,5.200127216737077118e-01,9.981704354286193848e-01,3.393545001745223999e-02,1.950263604521751404e-02,4.608507826924324036e-02,0.000000000000000000e+00,0.000000000000000000e+00,1.456813067197799683e-01,-1.098223672309194043e+00,1.066760540008544922e+00,-5.457815155386924744e-02,1.967055946588516235e-01,1.334032983579907850e+00,7.772175073623657227e-01,0.000000000000000000e+00,-5.829042196273803711e-02,5.812278985977172852e-01,2.421442568302154541e-01,1.017439842224121094e+00,-3.243375122547149658e-01,1.452732682228088379e-01,-3.778479993343353271e-01,-1.244797185063362122e-01,4.734999313950538635e-02,8.815464973449707031e-01,-4.940986037254333496e-01,4.460551589727401733e-02
-6.201181647602957980e-01,-3.955904203924265783e+00,5.268756960693633529e-01,9.982287287712097168e-01,2.488605491816997528e-02,1.524622086435556412e-02,5.184214189648628235e-02,0.000000000000000000e+00,0.000000000000000000e+00,7.748266309499740601e-02,-1.111504928269658521e+00,1.023502469062805176e+00,-1.437770575284957886e-01,2.575501501560211182e-01,1.353728936114583448e+00,8.947075009346008301e-01,0.000000000000000000e+00,-1.021904498338699341e-02,5.248467922210693359e-01,3.349165916442871094e-01,1.085754871368408203e+00,-3.665890693664550781e-01,1.528062522411346436e-01,-3.531489968299865723e-01,-3.699110448360443115e-02,-1.224213931709527969e-02,8.102854490280151367e-01,-4.276443719863891602e-01,-2.181015908718109131e-02
-6.241237808538205867e-01,-3.989926447868346937e+00,5.392105406771103837e-01,9.978124499320983887e-01,1.802871190011501312e-02,1.033661421388387680e-02,6.275685876607894897e-02,0.000000000000000000e+00,0.000000000000000000e+00,-5.887770093977451324e-03,-1.133851156630788282e+00,9.684039354324340820e-01,-2.667963802814483643e-01,3.337002396583557129e-01,1.369312048950467542e+00,9.997779130935668945e-01,0.000000000000000000e+00,4.200371354818344116e-02,4.037597775459289551e-01,4.028436839580535889e-01,1.067347288131713867e+00,-3.632973730564117432e-01,1.414473950862884521e-01,-3.245050013065338135e-01,3.874734416604042053e-02,-6.655713915824890137e-02,7.060832381248474121e-01,-2.756136059761047363e-01,-5.551381409168243408e-02
-6.296479238660046551e-01,-4.022435728480117767e+00,5.526790282822618972e-01,9.975890517234802246e-01,1.462140493094921112e-02,4.282698966562747955e-03,6.770480424165725708e-02,0.000000000000000000e+00,0.000000000000000000e+00,-9.396658092737197876e-02,-1.162829057374272779e+00,8.949598073959350586e-01,-3.831852972507476807e-01,4.217316806316375732e-01,1.382720605531011060e+00,1.073744297027587891e+00,0.000000000000000000e+00,9.235887229442596436e-02,2.117880135774612427e-01,4.050058722496032715e-01,9.479374885559082031e-01,-2.914885282516479492e-01,7.811216264963150024e-02,-3.175517320632934570e-01,1.092678457498550415e-01,-7.659530639648437500e-02,6.112784147262573242e-01,-4.035442695021629333e-02,5.163589958101511002e-03
-6.364397341795642316e-01,-4.059055752055813926e+00,5.607229776785831454e-01,9.979874491691589355e-01,9.976902976632118225e-03,-3.355820896103978157e-03,6.253220885992050171e-02,0.000000000000000000e+00,0.000000000000000000e+00,-1.667781770229339600e-01,-1.194793687262807325e+00,7.993853688240051270e-01,-4.652675390243530273e-01,5.187970995903015137e-01,1.394283146658215955e+00,1.104091167449951172e+00,0.000000000000000000e+00,1.455513238906860352e-01,-6.582793314009904861e-03,3.195739984512329102e-01,7.530583143234252930e-01,-2.016886025667190552e-01,-5.274109169840812683e-02,-2.833107113838195801e-01,1.866378337144851685e-01,-3.234574943780899048e-02,4.709044098854064941e-01,2.012890577316284180e-01,2.191353291273117065e-01
-6.428408893890151798e-01,-4.095398426700119998e+00,5.609066175473760296e-01,9.986244440078735352e-01,-1.421792805194854736e-02,-9.437548927962779999e-03,4.957797005772590637e-02,0.000000000000000000e+00,0.000000000000000000e+00,-2.387315779924392700e-01,-1.236292348304067090e+00,6.892244219779968262e-01,-5.257693529129028320e-01,6.061530709266662598e-01,1.392203019061360791e+00,1.106601476669311523e+00,0.000000000000000000e+00,1.833860725164413452e-01,-1.613444983959197998e-01,1.347148716449737549e-01,5.569579601287841797e-01,-1.203908473253250122e-01,-1.951651871204376221e-01,-2.355081140995025635e-01,2.587197124958038330e-01,-7.358059287071228027e-02,3.267317414283752441e-01,3.449999999999999734e-01,2.825343608856201172e-01
-6.506384217332710218e-01,-4.127870838172507995e+00,5.572116903840291791e-01,9.983925819396972656e-01,-2.969812415540218353e-02,-8.714574389159679413e-03,4.747913405299186707e-02,0.000000000000000000e+00,0.000000000000000000e+00,-3.097100257873535156e-01,-1.274818823733602002e+00,5.659363865852355957e-01,-5.750377774238586426e-01,6.906240582466125488e-01,1.402673319974217847e+00,1.096455097198486328e+00,0.000000000000000000e+00,2.366660684347152710e-01,-2.362422198057174683e-01,6.188708357512950897e-03,2.996529936790466309e-01,1.104113552719354630e-02,-2.081272602081298828e-01,-3.641105294227600098e-01,2.242812514305114746e-01,-1.542364209890365601e-01,6.252030730247497559e-01,1.737332791090011597e-01,2.610793113708496094e-01
-6.588792556554380342e-01,-4.160284790468938176e+00,5.501106027965292355e-01,9.976375102996826172e-01,-4.318603128194808960e-02,-9.920842014253139496e-03,5.249727889895439148e-02,0.000000000000000000e+00,0.000000000000000000e+00,-3.717576861381530762e-01,-1.302568332352910474e+00,4.347749352455139160e-01,-6.090052127838134766e-01,7.297783493995666504e-01,1.423146979012761548e+00,1.077159643173217773e+00,0.000000000000000000e+00,2.038850933313369751e-01,-2.278498262166976929e-01,-1.094658486545085907e-02,2.837173342704772949e-01,9.021712094545364380e-02,-1.094963103532791138e-01,-4.414617717266082764e-01,1.340226382017135620e-01,-1.967699378728866577e-01,8.398833870887756348e-01,1.290940307080745697e-02,2.469043731689453125e-01
-6.682034527013699376e-01,-4.192004540050872308e+00,5.387397948411678517e-01,9.961511492729187012e-01,-5.598242953419685364e-02,-1.676492951810359955e-02,6.532781571149826050e-02,0.000000000000000000e+00,0.000000000000000000e+00,-4.042980372905731201e-01,-1.318894193568501905e+00,3.465202152729034424e-01,-6.387352943420410156e-01,7.227281332015991211e-01,1.446137533583913282e+00,1.058262944221496582e+00,0.000000000000000000e+00,9.343618154525756836e-02,-1.473564505577087402e-01,9.402621537446975708e-02,5.700788497924804688e-01,-2.026563733816146851e-01,2.567120790481567383e-01,-4.807819128036499023e-01,2.856505103409290314e-02,-1.990811824798583984e-01,1.004356026649475098e+00,-1.172429546713829041e-01,2.276338785886764526e-01
-6.780604254190969460e-01,-4.224020903519909886e+00,5.256913580053080848e-01,9.951919913291931152e-01,-5.717683210968971252e-02,-2.042808197438716888e-02,7.685372978448867798e-02,0.000000000000000000e+00,0.000000000000000000e+00,-4.120239615440368652e-01,-1.332880706587109998e+00,2.972934544086456299e-01,-6.651349663734436035e-01,6.847839951515197754e-01,1.480204732218060926e+00,1.038889408111572266e+00,0.000000000000000000e+00,6.389440596103668213e-02,-8.738754689693450928e-02,8.293522149324417114e-02,6.593717932701110840e-01,-4.348284006118774414e-01,2.492838799953460693e-01,-5.202586650848388672e-01,-7.076808065176010132e-02,-9.729178249835968018e-02,1.132485628128051758e+00,-2.032620608806610107e-01,2.251120358705520630e-01
-6.866681654051397521e-01,-4.255670568521576769e+00,5.166866935006897421e-01,9.953458309173583984e-01,-4.642143845558166504e-02,-1.857730187475681305e-02,8.238079398870468140e-02,0.000000000000000000e+00,0.000000000000000000e+00,-3.938734531402587891e-01,-1.346222625174794629e+00,2.993835508823394775e-01,-6.765609383583068848e-01,6.096461415290832520e-01,1.505322896936212018e+00,1.017077922821044922e+00,0.000000000000000000e+00,2.884566970169544220e-02,-4.887612909078598022e-02,7.260780036449432373e-02,7.061594128608703613e-01,-5.731746554374694824e-01,2.123467922210693359e-01,-5.338629484176635742e-01,-1.662807911634445190e-01,4.842301458120346069e-02,1.164185404777526855e+00,-2.426587790250778198e-01,2.321925014257431030e-01
-6.927123791829805644e-01,-4.284882884471103104e+00,5.138949772136078842e-01,9.959645271301269531e-01,-3.694586083292961121e-02,-1.160430628806352615e-02,8.096267282962799072e-02,0.000000000000000000e+00,0.000000000000000000e+00,-3.490754365921020508e-01,-1.357588217654500440e+00,3.566659688949584961e-01,-6.599666476249694824e-01,5.206233859062194824e-01,1.509293944635663465e+00,9.752820134162902832e-01,0.000000000000000000e+00,-2.381309866905212402e-02,-4.467951133847236633e-03,6.228337809443473816e-02,7.460280656814575195e-01,-6.271026134490966797e-01,1.557754129171371460e-01,-5.240888595581054688e-01,-2.663187086582183838e-01,1.580777019262313843e-01,1.103911042213439941e+00,-2.312007546424865723e-01,2.065402120351791382e-01
-6.969380060530672161e-01,-4.312160068834670845e+00,5.164756508931668266e-01,9.967948794364929199e-01,-2.908140979707241058e-02,-3.273301292210817337e-03,7.445418089628219604e-02,0.000000000000000000e+00,0.000000000000000000e+00,-2.762438356876373291e-01,-1.364245624342236951e+00,4.360196888446807861e-01,-6.100541949272155762e-01,4.333633482456207275e-01,1.497617618241582349e+00,9.114665389060974121e-01,0.000000000000000000e+00,-7.301248610019683838e-02,4.413854703307151794e-02,4.832735285162925720e-02,7.600378990173339844e-01,-6.067616343498229980e-01,8.035788685083389282e-02,-5.028121471405029297e-01,-3.539131879806518555e-01,2.322786897420883179e-01,9.951767325401306152e-01,-1.826843768358230591e-01,1.476427763700485229e-01
-6.991698345647315849e-01,-4.339874036245875644e+00,5.231817238499419931e-01,9.975423812866210938e-01,-1.895629428327083588e-02,5.752115510404109955e-03,6.720671057701110840e-02,0.000000000000000000e+00,0.000000000000000000e+00,-1.940086930990219116e-01,-1.363530353703771070e+00,5.118308067321777344e-01,-5.336712598800659180e-01,3.525291085243225098e-01,1.477660783627305463e+00,8.385608196258544922e-01,0.000000000000000000e+00,-9.370525926351547241e-02,8.889988064765930176e-02,3.563627973198890686e-02,7.100768089294433594e-01,-5.301116108894348145e-01,-1.128763542510569096e-03,-4.701640009880065918e-01,-4.298114776611328125e-01,2.756783962249755859e-01,8.659385442733764648e-01,-1.054579839110374451e-01,9.892471134662628174e-02
-7.007704866609789640e-01,-4.370713576644358334e+00,5.314966697245836480e-01,9.978116750717163086e-01,-1.098285056650638580e-02,1.658288389444351196e-02,6.305762380361557007e-02,0.000000000000000000e+00,0.000000000000000000e+00,-1.241286396980285645e-01,-1.350015879669461683e+00,5.917800664901733398e-01,-4.518077075481414795e-01,2.876800894737243652e-01,1.456453741588864759e+00,7.688197493553161621e-01,0.000000000000000000e+00,-1.035974398255348206e-01,1.325832158327102661e-01,1.110425963997840881e-02,6.230617761611938477e-01,-4.201948642730712891e-01,-7.238195836544036865e-02,-4.336351454257965088e-01,-4.762910604476928711e-01,2.844939529895782471e-01,7.409240603446960449e-01,-2.323907800018787384e-02,8.228934556245803833e-02
-7.026856889824072416e-01,-4.405523690846231410e+00,5.393889075946627365e-01,9.975111484527587891e-01,-1.041073538362979889e-02,2.828969620168209076e-02,6.374070048332214355e-02,0.000000000000000000e+00,0.000000000000000000e+00,-7.281188666820526123e-02,-1.318801567950520948e+00,6.834414601325988770e-01,-3.917123973369598389e-01,2.360098361968994141e-01,1.438469902673039869e+00,7.153697609901428223e-01,0.000000000000000000e+00,-1.270467340946197510e-01,1.883070021867752075e-01,-3.032069467008113861e-02,5.465226769447326660e-01,-2.914567291736602783e-01,-1.281898319721221924e-01,-4.029172956943511963e-01,-4.917856752872467041e-01,2.467635422945022583e-01,6.503337621688842773e-01,3.661499917507171631e-02,7.332576811313629150e-02
-7.046498010405386481e-01,-4.442392165919747171e+00,5.435049235098289300e-01,9.970672130584716797e-01,-1.330829318612813950e-02,3.780753165483474731e-02,6.519488990306854248e-02,0.000000000000000000e+00,0.000000000000000000e+00,-3.587040305137634277e-02,-1.274383382001195386e+00,7.617156505584716797e-01,-3.540062606334686279e-01,2.033531069755554199e-01,1.422438071170125440e+00,6.821506023406982422e-01,0.000000000000000000e+00,-1.701466441154479980e-01,2.487846463918685913e-01,-7.506993412971496582e-02,5.231012701988220215e-01,-1.872790753841400146e-01,-1.567882746458053589e-01,-3.631763160228729248e-01,-4.711610078811645508e-01,2.098593562841415405e-01,5.776766538619995117e-01,7.096338272094726562e-02,9.920161217451095581e-02
