1.083793627018240710e-02,3.668818529333091327e-02,5.417576252420743810e-01,9.999961853027343750e-01,1.186063629575073719e-03,-1.943825394846498966e-03,-1.526022795587778091e-03,0.000000000000000000e+00,0.000000000000000000e+00,-9.973321855068206787e-02,-1.294925824799809888e+00,1.088152170181274414e+00,-8.250360488891601562e-01,-7.727876305580139160e-02,1.330549270906720594e+00,1.051431179046630859e+00,6.027349233627319336e-01,2.846869640052318573e-02,1.771861463785171509e-01,1.853637695312500000e-01,1.526444256305694580e-01,-1.441538035869598389e-01,-2.044669985771179199e-01,1.382828783243894577e-02,-1.438466012477874756e-01,-1.490188539028167725e-01,1.683405786752700806e-01,-2.085707932710647583e-01,1.781351119279861450e-01
1.041254313456863555e-02,3.691893140418511104e-02,5.415161905061416370e-01,9.999905228614807129e-01,1.139668864198029041e-03,-1.185875735245645046e-03,-4.020694643259048462e-03,0.000000000000000000e+00,0.000000000000000000e+00,-9.868561476469039917e-02,-1.295062081017766431e+00,1.083306074142456055e+00,-8.183509111404418945e-01,-7.233136147260665894e-02,1.331639827289853528e+00,1.042040824890136719e+00,5.986819267272949219e-01,1.901166699826717377e-02,1.797283291816711426e-01,1.863845735788345337e-01,1.696900427341461182e-01,-1.543584018945693970e-01,-2.053594291210174561e-01,3.293453250080347061e-03,-1.434869319200515747e-01,-1.435547322034835815e-01,1.880894154310226440e-01,-2.200414687395095825e-01,1.779381632804870605e-01
9.707843821761527603e-03,3.704779174508094491e-02,5.408542898079060635e-01,9.999793767929077148e-01,8.171959780156612396e-04,-8.580510038882493973e-04,-6.305515300482511520e-03,0.000000000000000000e+00,0.000000000000000000e+00,-9.938168525695800781e-02,-1.291835979619298413e+00,1.078304529190063477e+00,-8.092352747917175293e-01,-6.743781268596649170e-02,1.330750272670064405e+00,1.029929518699645996e+00,5.954902768135070801e-01,7.031466229818761349e-04,1.848898530006408691e-01,1.843605190515518188e-01,2.062859237194061279e-01,-1.734197139739990234e-01,-2.056896686553955078e-01,-1.676596514880657196e-02,-1.444436311721801758e-01,-1.391330063343048096e-01,2.268804460763931274e-01,-2.387706190347671509e-01,1.735871285200119019e-01
8.570061220288879497e-03,3.690419205229240190e-02,5.395435669912834742e-01,9.999622106552124023e-01,1.890902203740552068e-04,-1.981223700568079948e-03,-8.459150791168212891e-03,0.000000000000000000e+00,0.000000000000000000e+00,-1.039818450808525085e-01,-1.283008233704839185e+00,1.075814485549926758e+00,-8.010529875755310059e-01,-6.366839259862899780e-02,1.325878174104962781e+00,1.014363765716552734e+00,5.912728905677795410e-01,-2.447413839399814606e-02,1.927448362112045288e-01,1.801038980484008789e-01,2.636614143848419189e-01,-2.020435482263565063e-01,-2.062163650989532471e-01,-4.273212328553199768e-02,-1.453777104616165161e-01,-1.338124424219131470e-01,2.823399007320404053e-01,-2.629293799400329590e-01,1.671296358108520508e-01
6.856327415044146355e-03,3.643721668788166279e-02,5.375013571277712510e-01,9.999431967735290527e-01,-1.228986307978630066e-03,-4.607914946973323822e-03,-9.531757794320583344e-03,0.000000000000000000e+00,0.000000000000000000e+00,-1.146699115633964539e-01,-1.261927739777837232e+00,1.070872545242309570e+00,-7.925834059715270996e-01,-5.948090553283691406e-02,1.312764928736958936e+00,9.884896278381347656e-01,5.778965353965759277e-01,-5.683216080069541931e-02,2.036150395870208740e-01,1.713071763515472412e-01,3.393955826759338379e-01,-2.381353378295898438e-01,-2.074194848537445068e-01,-7.079271227121353149e-02,-1.452510505914688110e-01,-1.310773640871047974e-01,3.481022715568542480e-01,-2.906288802623748779e-01,1.600067913532257080e-01
4.727472933144496493e-03,3.599763108741943496e-02,5.346990534189072219e-01,9.999117255210876465e-01,-4.235566128045320511e-03,-8.719187229871749878e-03,-9.089667350053787231e-03,0.000000000000000000e+00,0.000000000000000000e+00,-1.342428922653198242e-01,-1.216809378066335157e+00,1.041543006896972656e+00,-7.757688760757446289e-01,-5.194352567195892334e-02,1.285971061387334302e+00,9.448229670524597168e-01,5.416564345359802246e-01,-9.435566514730453491e-02,2.179408818483352661e-01,1.557399183511734009e-01,4.274379909038543701e-01,-2.778603136539459229e-01,-2.087266743183135986e-01,-9.498851746320724487e-02,-1.432950347661972046e-01,-1.347794383764266968e-01,4.132675528526306152e-01,-3.186614513397216797e-01,1.545660942792892456e-01
2.438303671696110363e-03,3.629823601734118860e-02,5.314825531622074939e-01,9.998309612274169922e-01,-8.763936348259449005e-03,-1.346772816032171249e-02,-8.933890610933303833e-03,0.000000000000000000e+00,0.000000000000000000e+00,-1.648004055023193359e-01,-1.142673627534184888e+00,9.590626358985900879e-01,-7.345331907272338867e-01,-4.033009707927703857e-02,1.239979461827550367e+00,8.804925084114074707e-01,4.740239679813385010e-01,-1.334642171859741211e-01,2.349541634321212769e-01,1.383453905582427979e-01,5.182190537452697754e-01,-3.141826093196868896e-01,-2.113577276468276978e-01,-1.140844151377677917e-01,-1.395727694034576416e-01,-1.425058692693710327e-01,4.687307178974151611e-01,-3.429262042045593262e-01,1.524519324302673340e-01
-3.698043057147056109e-04,3.722450308050170159e-02,5.282299726328464340e-01,9.996812343597412109e-01,-1.422502379864454269e-02,-1.728978566825389862e-02,-1.166999619454145432e-02,0.000000000000000000e+00,0.000000000000000000e+00,-2.081257551908493042e-01,-1.036636368432317212e+00,8.188493251800537109e-01,-6.593942642211914062e-01,-2.989535406231880188e-02,1.165407375493321851e+00,7.916646003723144531e-01,3.718497753143310547e-01,-1.750619858503341675e-01,2.552652657032012939e-01,1.306600272655487061e-01,6.112318038940429688e-01,-3.434990942478179932e-01,-2.124734371900558472e-01,-1.342826634645462036e-01,-1.344258785247802734e-01,-1.479362696409225464e-01,5.153908729553222656e-01,-3.606284260749816895e-01,1.548473089933395386e-01
-3.718898072344900031e-03,3.909427550165076731e-02,5.259721945579907132e-01,9.994959235191345215e-01,-1.754594594240188599e-02,-1.874255388975143433e-02,-1.867422275245189667e-02,0.000000000000000000e+00,0.000000000000000000e+00,-2.489705234766006470e-01,-9.030327955868582279e-01,6.361528635025024414e-01,-5.345770120620727539e-01,-2.260027639567852020e-02,1.057098583379064038e+00,6.921611428260803223e-01,2.401940822601318359e-01,-2.196822911500930786e-01,2.715378999710083008e-01,1.341554075479507446e-01,6.987421512603759766e-01,-3.577572703361511230e-01,-2.072781920433044434e-01,-1.603699624538421631e-01,-1.330684572458267212e-01,-1.448701322078704834e-01,5.480732321739196777e-01,-3.683553636074066162e-01,1.613602042198181152e-01
-6.586485043546711805e-03,4.199034795710684942e-02,5.254901554721473911e-01,9.992972612380981445e-01,-1.398307923227548599e-02,-1.688215322792530060e-02,-3.040350042283535004e-02,0.000000000000000000e+00,0.000000000000000000e+00,-3.026643395423889160e-01,-7.505620876934866459e-01,4.603102803230285645e-01,-3.851364254951477051e-01,-3.850414231419563293e-02,9.138378659870962650e-01,6.114015579223632812e-01,9.399800002574920654e-02,-2.475869059562683105e-01,2.746454477310180664e-01,1.641296446323394775e-01,7.505295872688293457e-01,-3.465532064437866211e-01,-2.071416378021240234e-01,-1.900048255920410156e-01,-1.449048221111297607e-01,-1.281991600990295410e-01,5.654571652412414551e-01,-3.617416620254516602e-01,1.768217086791992188e-01
-9.020953694172674162e-03,4.614994356869672743e-02,5.272325544623714944e-01,9.988522529602050781e-01,-5.360207287594676018e-04,-1.170916203409433365e-02,-4.644202068448066711e-02,0.000000000000000000e+00,0.000000000000000000e+00,-3.792597055435180664e-01,-5.836382667210440189e-01,3.322155475616455078e-01,-2.271548211574554443e-01,-7.399795204401016235e-02,7.329902211811880619e-01,5.720238685607910156e-01,0.000000000000000000e+00,-2.605595290660858154e-01,2.574903070926666260e-01,2.197356969118118286e-01,7.673506736755371094e-01,-3.148900866508483887e-01,-2.065786123275756836e-01,-2.237307429313659668e-01,-1.764632761478424072e-01,-9.404341131448745728e-02,5.666224360466003418e-01,-3.414430618286132812e-01,2.000870853662490845e-01
-1.036796243374489904e-02,5.153327906109166773e-02,5.303178952468765583e-01,9.977602362632751465e-01,1.985083147883415222e-02,-3.134644823148846626e-03,-6.380163878202438354e-02,0.000000000000000000e+00,0.000000000000000000e+00,-4.865361452102661133e-01,-3.982523242619375736e-01,2.864256203174591064e-01,-1.051046997308731079e-01,-1.392816603183746338e-01,5.222628871586660892e-01,6.045765876770019531e-01,0.000000000000000000e+00,-2.571687400341033936e-01,2.298294454813003540e-01,3.022642433643341064e-01,7.466366291046142578e-01,-2.767456173896789551e-01,-2.030307799577713013e-01,-2.625756859779357910e-01,-2.227133959531784058e-01,-5.179805681109428406e-02,5.550535917282104492e-01,-3.134287595748901367e-01,2.272387295961380005e-01
-1.008392759739900994e-02,5.772103544268192971e-02,5.339419489632351024e-01,9.962311983108520508e-01,3.955231606960296631e-02,6.359613500535488129e-03,-7.693213969469070435e-02,0.000000000000000000e+00,0.000000000000000000e+00,-6.335896849632263184e-01,-1.981131593373159916e-01,3.308220803737640381e-01,-3.986853361129760742e-02,-2.569111585617065430e-01,2.961362163212637455e-01,7.078335285186767578e-01,0.000000000000000000e+00,-2.315844148397445679e-01,2.393674403429031372e-01,4.263599812984466553e-01,7.265927791595458984e-01,-2.772173285484313965e-01,-1.607297062873840332e-01,-2.937247157096862793e-01,-2.727763950824737549e-01,-2.308285981416702271e-02,5.298656225204467773e-01,-2.797587215900421143e-01,2.465915679931640625e-01
-7.972447969903699583e-03,6.417694423046678420e-02,5.371134838168367676e-01,9.949283599853515625e-01,5.473271384835243225e-02,1.388136204332113266e-02,-8.324171602725982666e-02,0.000000000000000000e+00,0.000000000000000000e+00,-8.644950389862060547e-01,-1.986940304306550331e-02,4.471716880798339844e-01,-5.642469599843025208e-02,-4.443898200988769531e-01,7.762904564407868691e-02,8.617825508117675781e-01,0.000000000000000000e+00,-1.829272061586380005e-01,2.763074338436126709e-01,5.538052916526794434e-01,7.019260525703430176e-01,-3.072909116744995117e-01,-9.894619882106781006e-02,-3.112801313400268555e-01,-3.196999728679656982e-01,-8.580802008509635925e-03,5.003259778022766113e-01,-2.444442659616470337e-01,2.550301849842071533e-01
-4.360873398483928499e-03,7.039311019383898138e-02,5.391036699960629619e-01,9.945175647735595703e-01,6.541855633258819580e-02,1.801502332091331482e-02,-7.956612110137939453e-02,0.000000000000000000e+00,0.000000000000000000e+00,-1.209015965461730957e+00,5.814950068923430138e-02,5.607286691665649414e-01,-2.014065384864807129e-01,-6.497213244438171387e-01,-5.036835273238615684e-02,1.009725332260131836e+00,8.634798228740692139e-02,-1.341777145862579346e-01,3.074356317520141602e-01,6.268812417984008789e-01,6.573976278305053711e-01,-3.213505744934082031e-01,-5.968344584107398987e-02,-3.119763135910034180e-01,-3.623195886611938477e-01,-7.995917461812496185e-03,4.795016050338745117e-01,-2.182520329952239990e-01,2.599055767059326172e-01
2.111256461251865798e-04,7.615090307299837713e-02,5.392347049103541901e-01,9.951285123825073242e-01,7.064551115036010742e-02,1.994300447404384613e-02,-6.580834835767745972e-02,0.000000000000000000e+00,0.000000000000000000e+00,-1.683917045593261719e+00,6.359915336104826622e-02,6.537497639656066895e-01,-5.182367563247680664e-01,-8.357077836990356445e-01,-8.496431907149748497e-02,1.147559642791748047e+00,2.507608234882354736e-01,-1.047104820609092712e-01,3.400512337684631348e-01,6.496534943580627441e-01,5.959830880165100098e-01,-3.096815645694732666e-01,-4.151191934943199158e-02,-3.035982847213745117e-01,-4.018369913101196289e-01,-2.878390438854694366e-02,4.825346469879150391e-01,-2.105506360530853271e-01,2.629449367523193359e-01
5.219229806033480121e-03,8.201405117871483907e-02,5.366223935233522813e-01,9.961833953857421875e-01,7.008579373359680176e-02,2.110710926353931427e-02,-4.755169898271560669e-02,0.000000000000000000e+00,0.000000000000000000e+00,-2.212799549102783203e+00,-6.741599240575268936e-03,7.658203840255737305e-01,-8.898025751113891602e-01,-1.038303494453430176e+00,-7.653753360244230919e-02,1.288506150245666504e+00,4.144157469272613525e-01,-1.023556739091873169e-01,3.777955770492553711e-01,6.230614781379699707e-01,5.308542251586914062e-01,-2.885296344757080078e-01,-4.408806189894676208e-02,-2.975198328495025635e-01,-4.371024668216705322e-01,-6.300555914640426636e-02,5.165635347366333008e-01,-2.268838882446289062e-01,2.631737887859344482e-01
9.867874777962857766e-03,8.795214162292805393e-02,5.309050196838198676e-01,9.971631765365600586e-01,6.590973585844039917e-02,2.156069315969944000e-02,-2.926811203360557556e-02,0.000000000000000000e+00,0.000000000000000000e+00,-2.524290800094604492e+00,-1.365758935597281010e-01,9.078212380409240723e-01,-1.081218242645263672e+00,-1.247606039047241211e+00,-5.380289157363371544e-02,1.418015718460083008e+00,5.757529735565185547e-01,-1.222187876701354980e-01,4.267932772636413574e-01,5.681872367858886719e-01,4.894687235355377197e-01,-2.796000540256500244e-01,-5.950550734996795654e-02,-3.035015761852264404e-01,-4.686030745506286621e-01,-9.318034350872039795e-02,5.823225975036621094e-01,-2.678572237491607666e-01,2.623929381370544434e-01
1.365103499733400817e-02,9.408675329910233531e-02,5.222285237351451670e-01,9.979401826858520508e-01,5.960763990879058838e-02,2.099704928696155548e-02,-1.102058775722980499e-02,0.000000000000000000e+00,0.000000000000000000e+00,-2.681794166564941406e+00,-2.711659232762198002e-01,1.063177466392517090e+00,-1.188230037689208984e+00,-1.432197809219360352e+00,-2.927474578353361778e-02,1.526931285858154297e+00,7.243428826332092285e-01,-1.639805287122726440e-01,4.937902987003326416e-01,5.039409995079040527e-01,5.021097064018249512e-01,-2.989882826805114746e-01,-7.260431349277496338e-02,-3.187491297721862793e-01,-4.991964399814605713e-01,-1.143647730350494385e-01,6.708726882934570312e-01,-3.251451551914215088e-01,2.617797553539276123e-01
1.631033844831917060e-02,1.013501813539275653e-01,5.109185830752054347e-01,9.984834790229797363e-01,5.133254081010818481e-02,1.802396215498447418e-02,8.417706936597824097e-03,0.000000000000000000e+00,0.000000000000000000e+00,-2.767315149307250977e+00,-3.792466680195669682e-01,1.213615894317626953e+00,-1.284556388854980469e+00,-1.558790087699890137e+00,-5.914851031031176376e-03,1.607065200805664062e+00,8.316166400909423828e-01,-2.307537645101547241e-01,5.831899046897888184e-01,4.492833912372589111e-01,5.931831598281860352e-01,-3.551098704338073730e-01,-6.258228421211242676e-02,-3.364177346229553223e-01,-5.303772687911987305e-01,-1.308787614107131958e-01,7.772067785263061523e-01,-3.870667517185211182e-01,2.602793276309967041e-01
1.771031738249491047e-02,1.103601914685633373e-01,4.980325697452733236e-01,9.985768795013427734e-01,4.261488094925880432e-02,1.237220875918865204e-02,2.958242595195770264e-02,0.000000000000000000e+00,0.000000000000000000e+00,-2.812817573547363281e+00,-4.633018533375601322e-01,1.349955439567565918e+00,-1.377535462379455566e+00,-1.640351891517639160e+00,1.108332077530427284e-02,1.652268528938293457e+00,9.060629606246948242e-01,-3.186534643173217773e-01,6.624823808670043945e-01,3.972394168376922607e-01,7.304062247276306152e-01,-4.096326828002929688e-01,-3.883693367242813110e-02,-3.491538465023040771e-01,-5.661313533782958984e-01,-1.423047930002212524e-01,8.843955397605895996e-01,-4.353975355625152588e-01,2.629277706146240234e-01
1.773917978415453719e-02,1.223663900484039252e-01,4.842382386650400661e-01,9.981565475463867188e-01,3.363249823451042175e-02,3.910555038601160049e-03,5.036928132176399231e-02,0.000000000000000000e+00,0.000000000000000000e+00,-2.834199666976928711e+00,-5.052841464665274174e-01,1.478647470474243164e+00,-1.469238996505737305e+00,-1.675028443336486816e+00,7.119969525609448624e-03,1.675032615661621094e+00,9.297658801078796387e-01,-3.982904553413391113e-01,7.171604633331298828e-01,3.558399379253387451e-01,8.583653569221496582e-01,-4.243301749229431152e-01,-5.639922618865966797e-02,-3.432083427906036377e-01,-6.022353768348693848e-01,-1.577409803867340088e-01,9.679637551307678223e-01,-4.709761142730712891e-01,2.658370137214660645e-01
1.706485703001927798e-02,1.404766524786298931e-01,4.725437047189534057e-01,9.970629215240478516e-01,2.366514503955841064e-02,-4.923786502331495285e-03,7.267181575298309326e-02,0.000000000000000000e+00,0.000000000000000000e+00,-2.827741622924804688e+00,-5.337661067631582767e-01,1.578758120536804199e+00,-1.518940448760986328e+00,-1.686298966407775879e+00,-1.406673987838225059e-02,1.687919735908508301e+00,9.372825026512145996e-01,-4.808612167835235596e-01,7.629470825195312500e-01,3.319858610630035400e-01,1.006663322448730469e+00,-4.307134747505187988e-01,-5.543536320328712463e-02,-3.241786062717437744e-01,-6.427040100097656250e-01,-1.779483556747436523e-01,1.027940034866333008e+00,-4.818213284015655518e-01,2.694274187088012695e-01
1.618418334938604569e-02,1.596791527832321922e-01,4.637225555252246223e-01,9.954439401626586914e-01,1.199743151664733887e-02,-1.432182174175977707e-02,9.350004792213439941e-02,0.000000000000000000e+00,0.000000000000000000e+00,-2.804418563842773438e+00,-5.489425222065786869e-01,1.648749470710754395e+00,-1.533075094223022461e+00,-1.647887349128723145e+00,-5.089823802443937950e-02,1.689631938934326172e+00,9.092339277267456055e-01,-5.515967607498168945e-01,7.845805883407592773e-01,3.062554895877838135e-01,1.145543813705444336e+00,-4.171141684055328369e-01,-5.393098294734954834e-02,-2.826449871063232422e-01,-6.784707903861999512e-01,-2.024197876453399658e-01,1.043322563171386719e+00,-4.631847143173217773e-01,2.734465599060058594e-01
1.596180986509554769e-02,1.836651125279339936e-01,4.580087108262861362e-01,9.935140013694763184e-01,-3.297463408671319485e-04,-2.259758487343788147e-02,1.114414036273956299e-01,0.000000000000000000e+00,0.000000000000000000e+00,-2.762081146240234375e+00,-5.526300231602530033e-01,1.691379308700561523e+00,-1.518508672714233398e+00,-1.546996355056762695e+00,-1.007763584468026608e-01,1.682548284530639648e+00,8.375560641288757324e-01,-5.685240626335144043e-01,7.821551561355590820e-01,3.157738745212554932e-01,1.229728460311889648e+00,-4.057553112506866455e-01,-9.850907325744628906e-02,-2.190213054418563843e-01,-7.060371637344360352e-01,-2.318652421236038208e-01,1.005620241165161133e+00,-4.130521714687347412e-01,2.761454880237579346e-01
1.612381688053390535e-02,2.126920240383708138e-01,4.570159012982339397e-01,9.920434951782226562e-01,-1.354613155126571655e-02,-2.936302684247493744e-02,1.216715052723884583e-01,0.000000000000000000e+00,0.000000000000000000e+00,-2.709551095962524414e+00,-5.462332526829580814e-01,1.719646811485290527e+00,-1.471719741821289062e+00,-1.350879669189453125e+00,-1.445165117594857662e-01,1.667212605476379395e+00,6.757929325103759766e-01,-5.301992297172546387e-01,7.730370759963989258e-01,3.661615848541259766e-01,1.270830631256103516e+00,-4.920394420623779297e-01,-1.318646967411041260e-01,-1.583583503961563110e-01,-7.192525863647460938e-01,-2.384247928857803345e-01,9.316456317901611328e-01,-3.112651705741882324e-01,2.770650684833526611e-01
1.505792430018761466e-02,2.442073118220073891e-01,4.612335564625082429e-01,9.925135374069213867e-01,-1.724532805383205414e-02,-2.917889133095741272e-02,1.173378229141235352e-01,0.000000000000000000e+00,0.000000000000000000e+00,-2.665822029113769531e+00,-5.117141763356070072e-01,1.750005841255187988e+00,-1.446399331092834473e+00,-1.014992713928222656e+00,-1.677809198710580318e-01,1.648488283157348633e+00,4.084295928478240967e-01,-4.552041888236999512e-01,7.424162030220031738e-01,4.495123922824859619e-01,1.280826807022094727e+00,-5.748742222785949707e-01,-1.233121380209922791e-01,-1.944335550069808960e-01,-7.593371272087097168e-01,-1.879231184720993042e-01,9.205127954483032227e-01,-1.722623258829116821e-01,2.625232636928558350e-01
1.223741827022303136e-02,2.756183861598673346e-01,4.684077180199550661e-01,9.944110512733459473e-01,-1.325785554945468903e-02,-2.500019222497940063e-02,1.017144992947578430e-01,0.000000000000000000e+00,0.000000000000000000e+00,-2.598346710205078125e+00,-4.484779397633413822e-01,1.765083789825439453e+00,-1.407980561256408691e+00,-6.137959361076354980e-01,-1.398442228648324459e-01,1.630887389183044434e+00,8.161654323339462280e-02,-3.851799070835113525e-01,6.824179887771606445e-01,5.447500348091125488e-01,1.271254062652587891e+00,-6.293177008628845215e-01,-9.156441688537597656e-02,-3.650762438774108887e-01,-8.065401315689086914e-01,-9.180954098701477051e-02,1.019573926925659180e+00,-9.688367694616317749e-02,1.931879818439483643e-01
9.048059959143324449e-03,3.037234031085414010e-01,4.796388135270939768e-01,9.964373707771301270e-01,-2.590953186154365540e-02,-2.363877184689044952e-02,7.669745385646820068e-02,0.000000000000000000e+00,0.000000000000000000e+00,-2.500993013381958008e+00,-3.438281575825552494e-01,1.780306816101074219e+00,-1.350165128707885742e+00,-3.271839618682861328e-01,-8.478049834701018028e-02,1.649439811706542969e+00,0.000000000000000000e+00,-3.082460761070251465e-01,6.601631641387939453e-01,6.263553500175476074e-01,1.235096573829650879e+00,-6.250611543655395508e-01,-7.112697511911392212e-02,-4.440760314464569092e-01,-6.944064497947692871e-01,-6.770445406436920166e-02,1.065862655639648438e+00,-1.446593999862670898e-01,2.221887260675430298e-01
5.999856891999529387e-03,3.298206712136214636e-01,4.917562215549476368e-01,9.974243044853210449e-01,-3.942417353391647339e-02,-2.235258743166923523e-02,5.559535697102546692e-02,0.000000000000000000e+00,0.000000000000000000e+00,-2.350627660751342773e+00,-2.207898656514029057e-01,1.805714607238769531e+00,-1.257090806961059570e+00,-2.020120769739151001e-01,-2.076332171889738731e-02,1.719647169113159180e+00,0.000000000000000000e+00,-2.842256128787994385e-01,6.607256531715393066e-01,6.731951236724853516e-01,1.249680042266845703e+00,-5.417239069938659668e-01,-3.227512910962104797e-02,-4.947767555713653564e-01,-5.488877296447753906e-01,-9.952632337808609009e-02,1.105539321899414062e+00,-1.635488271713256836e-01,2.375415861606597900e-01
3.481664570692851249e-03,3.521347836405038789e-01,5.006875629738123390e-01,9.972963929176330566e-01,-5.407245829701423645e-02,-2.176044322550296783e-02,4.474932327866554260e-02,0.000000000000000000e+00,0.000000000000000000e+00,-2.154515504837036133e+00,-1.191887418415884525e-01,1.838937044143676758e+00,-1.131550192832946777e+00,-1.436582803726196289e-01,3.380425373581452675e-02,1.805008411407470703e+00,0.000000000000000000e+00,-3.610949218273162842e-01,6.894742250442504883e-01,5.976634621620178223e-01,1.321458339691162109e+00,-4.359829127788543701e-01,8.640839718282222748e-03,-5.179136395454406738e-01,-3.976413011550903320e-01,-1.423469781875610352e-01,1.118559360504150391e+00,-1.347545236349105835e-01,2.547383010387420654e-01
3.902241467378299560e-03,3.730966331900069100e-01,5.021439354987156101e-01,9.969474673271179199e-01,-5.374166741967201233e-02,-2.456303127110004425e-02,5.103170499205589294e-02,0.000000000000000000e+00,0.000000000000000000e+00,-1.953730106353759766e+00,-6.637866894272370644e-02,1.869865536689758301e+00,-9.960291385650634766e-01,-8.242257684469223022e-02,7.552011410263581581e-02,1.857825040817260742e+00,0.000000000000000000e+00,-4.029962122440338135e-01,6.979323625564575195e-01,5.021354556083679199e-01,1.312507510185241699e+00,-4.462996721267700195e-01,-1.044916175305843353e-02,-4.999753832817077637e-01,-3.177322745323181152e-01,-1.326133161783218384e-01,1.122069716453552246e+00,-1.934327334165573120e-01,2.541636526584625244e-01
7.024841283452744334e-03,3.968822934463469565e-01,4.964391420074183436e-01,9.961323142051696777e-01,-4.627405107021331787e-02,-2.423735707998275757e-02,7.065210491418838501e-02,0.000000000000000000e+00,0.000000000000000000e+00,-1.813713908195495605e+00,-2.494175831345124550e-02,1.873973250389099121e+00,-9.201966524124145508e-01,1.679487340152263641e-02,1.154077808049063236e-01,1.872951269149780273e+00,0.000000000000000000e+00,-4.506606161594390869e-01,7.450113892555236816e-01,4.239597320556640625e-01,1.261704206466674805e+00,-5.083841681480407715e-01,1.688467711210250854e-02,-4.298872649669647217e-01,-3.439707756042480469e-01,-1.307508796453475952e-01,1.066003084182739258e+00,-2.824076116085052490e-01,2.658285498619079590e-01
1.012189699826065992e-02,4.241759194531524724e-01,4.866016003226090181e-01,9.943943619728088379e-01,-4.839694872498512268e-02,-1.606158725917339325e-02,9.262562543153762817e-02,0.000000000000000000e+00,0.000000000000000000e+00,-1.782464742660522461e+00,2.026720843042895126e-03,1.859707593917846680e+00,-9.142547845840454102e-01,1.384538859128952026e-01,1.605819026615957767e-01,1.825370073318481445e+00,0.000000000000000000e+00,-5.437494516372680664e-01,8.538058400154113770e-01,3.756493330001831055e-01,1.211201310157775879e+00,-5.665729641914367676e-01,8.591924607753753662e-02,-3.818043768405914307e-01,-4.132783412933349609e-01,-1.637783795595169067e-01,1.009257078170776367e+00,-3.348196148872375488e-01,2.745138704776763916e-01
1.154688741891842473e-02,4.557087906608076056e-01,4.778818412621815837e-01,9.932475686073303223e-01,-6.167173758149147034e-02,-5.556524731218814850e-03,9.810744225978851318e-02,0.000000000000000000e+00,0.000000000000000000e+00,-1.821167707443237305e+00,2.184764941665129356e-02,1.813890099525451660e+00,-9.464023709297180176e-01,2.386534214019775391e-01,2.039942304280142338e-01,1.713604927062988281e+00,0.000000000000000000e+00,-6.497997641563415527e-01,9.245945215225219727e-01,2.608472704887390137e-01,1.138149142265319824e+00,-5.576366782188415527e-01,9.807112067937850952e-02,-3.637039661407470703e-01,-4.547181427478790283e-01,-1.839068084955215454e-01,9.355794787406921387e-01,-2.976207733154296875e-01,2.781195938587188721e-01
1.199357281986981535e-02,4.950078886596843697e-01,4.746413013301413186e-01,9.929413795471191406e-01,-7.608127593994140625e-02,1.106473733671009541e-03,9.098261594772338867e-02,0.000000000000000000e+00,0.000000000000000000e+00,-1.886548757553100586e+00,1.840071280929045372e-02,1.775372266769409180e+00,-9.825779199600219727e-01,3.032196760177612305e-01,2.446637908604483158e-01,1.580631732940673828e+00,0.000000000000000000e+00,-7.108134627342224121e-01,9.448706507682800293e-01,1.416365504264831543e-01,1.115192294120788574e+00,-5.180243849754333496e-01,1.183092892169952393e-01,-3.220368921756744385e-01,-4.809526503086090088e-01,-1.910061389207839966e-01,7.931132316589355469e-01,-1.815797388553619385e-01,2.800301909446716309e-01
1.094310855231897008e-02,5.413434286942385709e-01,4.778933421085880262e-01,9.932872056961059570e-01,-8.485697209835052490e-02,6.268681026995182037e-03,7.836089283227920532e-02,0.000000000000000000e+00,0.000000000000000000e+00,-1.925452351570129395e+00,6.270213923182055282e-03,1.739386558532714844e+00,-9.893501400947570801e-01,3.278957307338714600e-01,2.721820632603506596e-01,1.482502341270446777e+00,0.000000000000000000e+00,-7.002956271171569824e-01,9.037089943885803223e-01,1.078357771039009094e-01,1.155020356178283691e+00,-4.296382665634155273e-01,9.974003583192825317e-02,-2.476950138807296753e-01,-5.023698806762695312e-01,-1.634010672569274902e-01,5.662813186645507812e-01,2.992880716919898987e-02,2.820519804954528809e-01
8.191946242592588676e-03,5.941646572352961009e-01,4.817978171846180047e-01,9.949322342872619629e-01,-7.637985795736312866e-02,1.616734080016613007e-02,6.336081027984619141e-02,0.000000000000000000e+00,0.000000000000000000e+00,-1.985443234443664551e+00,-1.156882443700268936e-03,1.724565267562866211e+00,-1.024482250213623047e+00,3.166506290435791016e-01,2.775972644474844486e-01,1.421721458435058594e+00,0.000000000000000000e+00,-5.133127570152282715e-01,8.253086209297180176e-01,3.256592452526092529e-01,1.126872301101684570e+00,-4.948459565639495850e-01,-1.054531931877136230e-01,-2.481902837753295898e-01,-5.616595149040222168e-01,-1.310012787580490112e-01,4.526364803314208984e-01,1.992060691118240356e-01,2.590637505054473877e-01
2.056818170110798465e-03,6.496932763628887608e-01,4.876883265097635145e-01,9.974557757377624512e-01,-4.253086075186729431e-02,2.025008946657180786e-02,5.350823700428009033e-02,0.000000000000000000e+00,0.000000000000000000e+00,-1.995515227317810059e+00,-4.600838818822339249e-03,1.730139374732971191e+00,-1.037758111953735352e+00,2.764728367328643799e-01,2.560466090824942142e-01,1.389324188232421875e+00,0.000000000000000000e+00,-4.308311939239501953e-01,6.720278859138488770e-01,4.823072552680969238e-01,1.158785462379455566e+00,-5.838140249252319336e-01,-8.498006314039230347e-02,-4.449716806411743164e-01,-7.396740317344665527e-01,-1.632928848266601562e-01,7.313275337219238281e-01,1.034586280584335327e-01,1.482616513967514038e-01
-2.984682428885740511e-03,7.049516463595809634e-01,4.994886516350688366e-01,9.983096718788146973e-01,-3.901869431138038635e-02,2.167494595050811768e-02,3.722310066223144531e-02,0.000000000000000000e+00,0.000000000000000000e+00,-2.016973495483398438e+00,1.748843989100024032e-03,1.740003466606140137e+00,-1.044278860092163086e+00,2.253266125917434692e-01,2.037788192417959721e-01,1.391916632652282715e+00,0.000000000000000000e+00,-3.235136270523071289e-01,5.472231507301330566e-01,5.958333015441894531e-01,1.087216973304748535e+00,-6.058859825134277344e-01,-7.290152460336685181e-02,-4.589977562427520752e-01,-7.200375199317932129e-01,-2.919176220893859863e-01,8.550117015838623047e-01,-4.343822225928306580e-02,1.622076779603958130e-01
-8.783493782581780485e-03,7.578307112870794615e-01,5.148772408391790734e-01,9.984812736511230469e-01,-3.996694833040237427e-02,2.894374355673789978e-02,2.449524216353893280e-02,0.000000000000000000e+00,0.000000000000000000e+00,-1.988131880760192871e+00,2.441947062941984825e-02,1.763358831405639648e+00,-1.009689807891845703e+00,1.531673371791839600e-01,1.497433940556387455e-01,1.430614352226257324e+00,0.000000000000000000e+00,-2.857722342014312744e-01,4.251475930213928223e-01,6.460738182067871094e-01,1.022902607917785645e+00,-5.054051280021667480e-01,-6.070791184902191162e-02,-4.630517959594726562e-01,-6.272985935211181641e-01,-4.107699692249298096e-01,9.555484652519226074e-01,-1.771592497825622559e-01,1.016064807772636414e-01
-1.685594098919983644e-02,8.073664760122997164e-01,5.292289270174623805e-01,9.985411763191223145e-01,-2.641933038830757141e-02,3.930051252245903015e-02,2.594295702874660492e-02,0.000000000000000000e+00,0.000000000000000000e+00,-1.945578455924987793e+00,4.654995997878508263e-02,1.804895758628845215e+00,-9.657262563705444336e-01,8.809325844049453735e-02,1.252871314671377689e-01,1.483409643173217773e+00,0.000000000000000000e+00,-3.808483481407165527e-01,2.724938988685607910e-01,5.370339155197143555e-01,1.038439631462097168e+00,-2.456261813640594482e-01,-1.034729629755020142e-01,-4.975941181182861328e-01,-4.480507671833038330e-01,-3.697163462638854980e-01,9.341263771057128906e-01,-2.237137854099273682e-01,1.658644527196884155e-01
-2.459774145658946351e-02,8.568046703799204744e-01,5.398354476780602429e-01,9.977983236312866211e-01,7.220161613076925278e-03,5.103155225515365601e-02,4.173877835273742676e-02,0.000000000000000000e+00,0.000000000000000000e+00,-1.937664151191711426e+00,4.701058467360930138e-02,1.853211879730224609e+00,-9.484357833862304688e-01,5.411304906010627747e-02,1.195987025883535892e-01,1.558094620704650879e+00,0.000000000000000000e+00,-4.525199234485626221e-01,1.829885505139827728e-02,3.279666304588317871e-01,9.474162459373474121e-01,-3.761341422796249390e-02,-2.677117586135864258e-01,-5.244215130805969238e-01,-2.987198531627655029e-01,-2.606160342693328857e-01,8.561817407608032227e-01,-2.382584065198898315e-01,2.699763476848602295e-01
-2.998807554617712381e-02,9.023872994082142718e-01,5.438148235732859215e-01,9.965592026710510254e-01,2.862951904535293579e-02,6.001997366547584534e-02,4.947475716471672058e-02,0.000000000000000000e+00,0.000000000000000000e+00,-1.971382856369018555e+00,4.653589328261809044e-02,1.877905845642089844e+00,-9.682847261428833008e-01,3.098524361848831177e-02,1.075393716481070072e-01,1.610490918159484863e+00,0.000000000000000000e+00,-4.804299175739288330e-01,1.750627718865871429e-02,2.554976046085357666e-01,9.513499736785888672e-01,-5.359293520450592041e-02,-2.810105383396148682e-01,-5.235278010368347168e-01,-2.618636786937713623e-01,-3.078614175319671631e-01,8.287513852119445801e-01,-1.846855431795120239e-01,2.735088467597961426e-01
-3.231678675201655332e-02,9.482884645145950309e-01,5.390250739590688456e-01,9.958296418190002441e-01,4.321097955107688904e-02,6.459936499595642090e-02,4.778087511658668518e-02,0.000000000000000000e+00,0.000000000000000000e+00,-2.058616161346435547e+00,6.082396110030607872e-02,1.860077977180480957e+00,-1.036422610282897949e+00,1.948062330484390259e-02,8.847494522598786659e-02,1.612235546112060547e+00,0.000000000000000000e+00,-4.692946374416351318e-01,2.192212939262390137e-01,3.358748853206634521e-01,1.002965211868286133e+00,-1.258420497179031372e-01,-2.324643135070800781e-01,-5.338449478149414062e-01,-3.865071535110473633e-01,-4.562337994575500488e-01,9.498607516288757324e-01,-2.188180088996887207e-01,3.168433159589767456e-02
-2.950289137327498021e-02,9.942827989326582516e-01,5.272916779471467086e-01,9.940991997718811035e-01,7.038422673940658569e-02,6.229883804917335510e-02,5.414538457989692688e-02,0.000000000000000000e+00,0.000000000000000000e+00,-2.254753828048706055e+00,3.245966037246184044e-02,1.830160379409790039e+00,-1.207702636718750000e+00,4.939055442810058594e-02,9.422047535446687050e-02,1.598921656608581543e+00,0.000000000000000000e+00,-4.119875133037567139e-01,4.002055525779724121e-01,4.274988472461700439e-01,9.914182424545288086e-01,-1.872830539941787720e-01,-9.506573528051376343e-02,-4.516870975494384766e-01,-5.261734724044799805e-01,-4.982497394084930420e-01,8.813231587409973145e-01,-4.245209693908691406e-01,1.100406423211097717e-01
-2.694560344006414684e-02,1.041373242899926055e+00,5.165246021491710637e-01,9.939546585083007812e-01,7.237099856138229370e-02,6.471654027700424194e-02,5.126722902059555054e-02,0.000000000000000000e+00,0.000000000000000000e+00,-2.450599431991577148e+00,1.765684684249357872e-02,1.769424319267272949e+00,-1.367505669593811035e+00,8.388502895832061768e-02,9.593685070541901894e-02,1.558573365211486816e+00,0.000000000000000000e+00,-4.089560210704803467e-01,5.394642949104309082e-01,4.006639719009399414e-01,8.772910833358764648e-01,-1.440714001655578613e-01,-4.949661716818809509e-02,-5.122226476669311523e-01,-6.390961408615112305e-01,-4.134423732757568359e-01,9.199651479721069336e-01,-3.818961977958679199e-01,1.490350514650344849e-01
-2.446551286239139270e-02,1.089257535904344820e+00,5.091585383820111943e-01,9.946902990341186523e-01,6.271687150001525879e-02,6.672022491693496704e-02,4.697059094905853271e-02,0.000000000000000000e+00,0.000000000000000000e+00,-2.606416702270507812e+00,2.250238260950609970e-03,1.708892822265625000e+00,-1.503591656684875488e+00,9.871821850538253784e-02,1.024343530323843510e-01,1.515107512474060059e+00,0.000000000000000000e+00,-4.003066122531890869e-01,5.779654979705810547e-01,2.870680689811706543e-01,6.620045304298400879e-01,-3.593576326966285706e-02,-1.149905472993850708e-01,-5.428531169891357422e-01,-7.147116065025329590e-01,-3.458747863769531250e-01,8.902887701988220215e-01,-2.745012938976287842e-01,2.109380364418029785e-01
-2.289962280099515357e-02,1.140799181104609428e+00,5.050079368890234566e-01,9.949153065681457520e-01,5.221759155392646790e-02,6.860052794218063354e-02,5.206611752510070801e-02,0.000000000000000000e+00,0.000000000000000000e+00,-2.664580583572387695e+00,-2.580292622116608925e-02,1.676768064498901367e+00,-1.576897501945495605e+00,1.182267665863037109e-01,1.238573352482656986e-01,1.503091812133789062e+00,0.000000000000000000e+00,-4.149002432823181152e-01,6.005700826644897461e-01,1.995303034782409668e-01,5.736013650894165039e-01,6.033986061811447144e-02,-1.201585307717323303e-01,-5.188005566596984863e-01,-7.912701368331909180e-01,-3.255142271518707275e-01,7.953032851219177246e-01,-1.184422075748443604e-01,2.497064322233200073e-01
-2.358765989927706641e-02,1.200751972400178724e+00,5.018482350362371003e-01,9.952234029769897461e-01,4.070816934108734131e-02,6.788469105958938599e-02,5.713912844657897949e-02,0.000000000000000000e+00,0.000000000000000000e+00,-2.699002504348754883e+00,-3.372402588394685097e-02,1.637742996215820312e+00,-1.635482430458068848e+00,1.657772064208984375e-01,1.491332809117178471e-01,1.478566169738769531e+00,0.000000000000000000e+00,-4.492360055446624756e-01,6.188136935234069824e-01,2.555625736713409424e-01,6.697614789009094238e-01,2.558219060301780701e-02,-9.367132186889648438e-02,-4.962129592895507812e-01,-8.613830804824829102e-01,-3.046312034130096436e-01,6.762413382530212402e-01,8.574365079402923584e-02,2.509347498416900635e-01
-2.098386126648013605e-02,1.263786326223852674e+00,4.987974798295534140e-01,9.956369996070861816e-01,3.043029829859733582e-02,6.460707634687423706e-02,6.005740165710449219e-02,0.000000000000000000e+00,0.000000000000000000e+00,-2.681755542755126953e+00,-4.118009010819001503e-02,1.635780692100524902e+00,-1.684956550598144531e+00,2.424489855766296387e-01,1.569838086750845463e-01,1.463294148445129395e+00,0.000000000000000000e+00,-2.580890953540802002e-01,5.788455605506896973e-01,5.455428957939147949e-01,6.081137061119079590e-01,-2.981637120246887207e-01,-2.656955122947692871e-01,-4.149704277515411377e-01,-8.604982495307922363e-01,-2.807038128376007080e-01,4.836131334304809570e-01,2.036190629005432129e-01,2.412199079990386963e-01
-2.329334254851658792e-02,1.320610804258271820e+00,4.952388190124372147e-01,9.956534504890441895e-01,3.951544687151908875e-02,6.227787584066390991e-02,5.687001347541809082e-02,0.000000000000000000e+00,0.000000000000000000e+00,-2.719420433044433594e+00,-5.529625813034577675e-02,1.671185493469238281e+00,-1.772711396217346191e+00,2.647376060485839844e-01,1.591183702137808353e-01,1.480844616889953613e+00,0.000000000000000000e+00,-3.219424486160278320e-01,5.200638771057128906e-01,5.437012314796447754e-01,8.324018716812133789e-01,-3.884813785552978516e-01,-2.505042552947998047e-01,-4.237752258777618408e-01,-8.727980852127075195e-01,-2.426879256963729858e-01,5.008423328399658203e-01,1.092675030231475830e-01,2.664759457111358643e-01
-2.642404576443662528e-02,1.375276942943984837e+00,4.983654715015430892e-01,9.981320500373840332e-01,2.590901963412761688e-02,4.589492455124855042e-02,3.090066276490688324e-02,0.000000000000000000e+00,0.000000000000000000e+00,-2.677867412567138672e+00,-4.093511501816315956e-02,1.680984377861022949e+00,-1.770466923713684082e+00,2.362753450870513916e-01,1.552023450520376713e-01,1.486403107643127441e+00,0.000000000000000000e+00,-2.584238648414611816e-01,4.927847981452941895e-01,6.170918345451354980e-01,9.254350662231445312e-01,-4.976359903812408447e-01,-2.376980930566787720e-01,-4.737935066223144531e-01,-8.215488791465759277e-01,-2.578184604644775391e-01,7.099061608314514160e-01,2.679405733942985535e-02,2.695584297180175781e-01
-3.046282799467632529e-02,1.425460408766462406e+00,5.051031821657612220e-01,9.990336298942565918e-01,4.767230246216058731e-03,4.264996200799942017e-02,-9.487088769674301147e-03,0.000000000000000000e+00,0.000000000000000000e+00,-2.617282867431640625e+00,-3.782467046056225968e-03,1.704612135887145996e+00,-1.729325771331787109e+00,1.556438207626342773e-01,1.543930331852774174e-01,1.481692314147949219e+00,0.000000000000000000e+00,-1.809678673744201660e-01,4.730623662471771240e-01,7.547938227653503418e-01,9.532030224800109863e-01,-5.547819137573242188e-01,-2.049298584461212158e-01,-5.231155753135681152e-01,-7.136602997779846191e-01,-3.201652467250823975e-01,9.426484704017639160e-01,-9.425957500934600830e-02,2.591746449470520020e-01
-3.670266255463539018e-02,1.472544292684155209e+00,5.132992998006368213e-01,9.975810647010803223e-01,-8.179581724107265472e-03,5.167797580361366272e-02,-4.576622322201728821e-02,0.000000000000000000e+00,0.000000000000000000e+00,-2.537330627441406250e+00,4.934124549361662559e-02,1.775628566741943359e+00,-1.651374101638793945e+00,6.343306601047515869e-02,1.626947681095938236e-01,1.489364981651306152e+00,0.000000000000000000e+00,-2.157987207174301147e-01,4.712860882282257080e-01,8.243666887283325195e-01,1.077696561813354492e+00,-4.688293337821960449e-01,-1.643901765346527100e-01,-5.932805538177490234e-01,-5.624963045120239258e-01,-3.456819653511047363e-01,1.125009298324584961e+00,-1.710747480392456055e-01,2.449769675731658936e-01
-4.459577233003772512e-02,1.517722938912685393e+00,5.187250420691991160e-01,9.971027970314025879e-01,-3.390192752704024315e-03,5.523571744561195374e-02,-5.218777433037757874e-02,0.000000000000000000e+00,0.000000000000000000e+00,-2.512036561965942383e+00,9.294800361129240684e-02,1.850188851356506348e+00,-1.593761682510375977e+00,2.896594256162643433e-02,1.836070577290396244e-01,1.496028661727905273e+00,0.000000000000000000e+00,-4.179904162883758545e-01,4.432392418384552002e-01,6.803562045097351074e-01,1.299469709396362305e+00,-2.458508908748626709e-01,-1.577922999858856201e-01,-6.476241946220397949e-01,-3.848158717155456543e-01,-2.640702128410339355e-01,1.167341470718383789e+00,-2.101223766803741455e-01,2.297683358192443848e-01
-4.667402613682277573e-02,1.560086576526213076e+00,5.175649927962909791e-01,9.980559349060058594e-01,3.800987079739570618e-02,4.709407687187194824e-02,-1.489284075796604156e-02,0.000000000000000000e+00,0.000000000000000000e+00,-2.542778015136718750e+00,8.452634414168791466e-02,1.902455449104309082e+00,-1.594424009323120117e+00,3.789072111248970032e-02,2.077506343510489017e-01,1.487413525581359863e+00,0.000000000000000000e+00,-4.812973737716674805e-01,3.683134615421295166e-01,6.028391718864440918e-01,1.457549095153808594e+00,-2.936352789402008057e-01,-1.561573296785354614e-01,-5.625023841857910156e-01,-4.602037966251373291e-01,-2.429816871881484985e-01,1.033387780189514160e+00,-3.714449405670166016e-01,2.501435875892639160e-01
-4.535957177301323112e-02,1.606922839332108444e+00,5.074550844962247842e-01,9.972773194313049316e-01,5.211664736270904541e-02,4.047486931085586548e-02,3.291802108287811279e-02,0.000000000000000000e+00,0.000000000000000000e+00,-2.575007915496826172e+00,2.819697459670500450e-02,1.925040483474731445e+00,-1.588078022003173828e+00,8.066083490848541260e-02,1.878809491780142338e-01,1.481516361236572266e+00,0.000000000000000000e+00,-5.341129302978515625e-01,5.605410337448120117e-01,6.043524742126464844e-01,1.653427124023437500e+00,-4.580466449260711670e-01,5.508694052696228027e-02,-5.272579789161682129e-01,-6.200062632560729980e-01,-2.555783390998840332e-01,1.041769981384277344e+00,-4.043849110603332520e-01,2.432946413755416870e-01
-4.081419438528216537e-02,1.653311191917669953e+00,5.010820793729238165e-01,9.971684217453002930e-01,2.968066185712814331e-02,3.665476664900779724e-02,5.857082083821296692e-02,0.000000000000000000e+00,0.000000000000000000e+00,-2.592592000961303711e+00,-2.571089664963288612e-02,1.938729047775268555e+00,-1.583980679512023926e+00,1.194567903876304626e-01,1.456883708622793705e-01,1.457878351211547852e+00,0.000000000000000000e+00,-6.915991902351379395e-01,7.932713031768798828e-01,4.854465723037719727e-01,1.697845697402954102e+00,-5.240435600280761719e-01,1.487245708703994751e-01,-4.657649993896484375e-01,-6.753798127174377441e-01,-2.790268361568450928e-01,1.001615762710571289e+00,-3.229212462902069092e-01,2.514923214912414551e-01
-3.326046597207849009e-02,1.704286430812243180e+00,5.033101711474885498e-01,9.962326884269714355e-01,6.498500239104032516e-03,3.359897434711456299e-02,7.968264073133468628e-02,0.000000000000000000e+00,0.000000000000000000e+00,-2.535226583480834961e+00,-8.096511761215730019e-02,1.966646194458007812e+00,-1.545172691345214844e+00,2.079261988401412964e-01,1.540844003346304447e-01,1.413457274436950684e+00,0.000000000000000000e+00,-7.719191908836364746e-01,9.275458455085754395e-01,4.814268946647644043e-01,1.541691541671752930e+00,-4.513285458087921143e-01,2.238005250692367554e-01,-3.242903947830200195e-01,-6.977057456970214844e-01,-3.343795537948608398e-01,8.293872475624084473e-01,-1.803611665964126587e-01,2.578754425048828125e-01
-2.596105884788840051e-02,1.755129472252094480e+00,5.111290028932118368e-01,9.938507676124572754e-01,5.961153656244277954e-03,4.402589052915573120e-02,1.014238372445106506e-01,0.000000000000000000e+00,0.000000000000000000e+00,-2.414461612701416016e+00,-1.006890098240713627e-01,1.951129436492919922e+00,-1.471771717071533203e+00,3.089483678340911865e-01,1.718287030842642338e-01,1.396779298782348633e+00,0.000000000000000000e+00,-6.745130419731140137e-01,8.212623596191406250e-01,6.022871732711791992e-01,1.243643760681152344e+00,-1.348435282707214355e-01,1.996534019708633423e-01,-2.241825759410858154e-01,-7.192083001136779785e-01,-3.317423760890960693e-01,6.105238795280456543e-01,-5.262716440483927727e-04,2.431705296039581299e-01
-1.790123480628479785e-02,1.809689985835793102e+00,5.168533934946313302e-01,9.942865967750549316e-01,-5.474872305057942867e-04,4.533883556723594666e-02,9.663458913564682007e-02,0.000000000000000000e+00,0.000000000000000000e+00,-2.335034608840942383e+00,-1.197696487095694096e-01,1.965922832489013672e+00,-1.452635288238525391e+00,4.148665070533752441e-01,1.487382213261465580e-01,1.437954306602478027e+00,0.000000000000000000e+00,-3.931621909141540527e-01,6.021877527236938477e-01,8.032948970794677734e-01,8.847122192382812500e-01,-2.509416639804840088e-01,2.068363875150680542e-02,-2.263175994157791138e-01,-7.167667150497436523e-01,-3.264241218566894531e-01,5.885081291198730469e-01,-6.069064885377883911e-02,1.830085963010787964e-01
-1.849326760310566684e-02,1.863177308524497811e+00,5.203690818351025538e-01,9.966714978218078613e-01,-3.704129904508590698e-02,4.234818741679191589e-02,5.899577960371971130e-02,0.000000000000000000e+00,0.000000000000000000e+00,-2.385682582855224609e+00,-8.716364304092927284e-02,1.977108240127563477e+00,-1.533117532730102539e+00,4.059560000896453857e-01,8.734531799820466347e-02,1.470805644989013672e+00,0.000000000000000000e+00,-2.774798572063446045e-01,5.923043489456176758e-01,9.256542325019836426e-01,9.307667016983032227e-01,-4.509083330631256104e-01,1.603055931627750397e-02,-3.050798773765563965e-01,-5.638016462326049805e-01,-3.673778474330902100e-01,6.912000775337219238e-01,-6.883837282657623291e-02,2.353750914335250854e-01
-2.240065162516942376e-02,1.918783942418869071e+00,5.276228774120711451e-01,9.981952309608459473e-01,-2.519243396818637848e-02,4.317225143313407898e-02,3.328444436192512512e-02,0.000000000000000000e+00,0.000000000000000000e+00,-2.362575531005859375e+00,-3.736265102890534706e-02,1.991685152053833008e+00,-1.513574004173278809e+00,2.993261516094207764e-01,6.080372730759187050e-02,1.507529735565185547e+00,0.000000000000000000e+00,-2.446811348199844360e-01,5.295171141624450684e-01,1.000000000000000000e+00,1.029033660888671875e+00,-3.718659877777099609e-01,5.889285355806350708e-02,-4.497746229171752930e-01,-4.545729160308837891e-01,-2.940296232700347900e-01,8.621544241905212402e-01,-1.492092758417129517e-01,2.349166572093963623e-01
-2.643330975849595213e-02,1.978317305734663245e+00,5.354776648725524391e-01,9.991899132728576660e-01,-7.246895227581262589e-03,3.635410591959953308e-02,1.566281728446483612e-02,0.000000000000000000e+00,0.000000000000000000e+00,-2.292403459548950195e+00,-4.400924840245679093e-03,2.019263982772827148e+00,-1.438349723815917969e+00,2.271292209625244141e-01,6.379874149826569862e-02,1.545525670051574707e+00,0.000000000000000000e+00,-3.746306002140045166e-01,5.271400809288024902e-01,8.801931142807006836e-01,1.246067166328430176e+00,-8.141776919364929199e-02,7.774787396192550659e-02,-5.495673418045043945e-01,-3.064297735691070557e-01,-2.284133881330490112e-01,9.906497597694396973e-01,-1.531306952238082886e-01,2.646802365779876709e-01
-2.832083946573689046e-02,2.035907565758686033e+00,5.418295366715902839e-01,9.994198679924011230e-01,1.510649640113115311e-02,3.018654882907867432e-02,4.530431702733039856e-03,0.000000000000000000e+00,0.000000000000000000e+00,-2.211013078689575195e+00,1.659993728133635216e-02,2.039417743682861328e+00,-1.347458600997924805e+00,1.873603314161300659e-01,6.638176838425202675e-02,1.600682616233825684e+00,0.000000000000000000e+00,-5.033733248710632324e-01,4.116332232952117920e-01,6.411200165748596191e-01,1.328375935554504395e+00,-1.456874422729015350e-03,-9.512981772422790527e-02,-5.403417348861694336e-01,-2.083857357501983643e-01,-2.619400322437286377e-01,9.947571754455566406e-01,-7.021852582693099976e-02,2.811302840709686279e-01
-2.771270107252128342e-02,2.090150207573115093e+00,5.405132917879206245e-01,9.989849925041198730e-01,3.614450618624687195e-02,2.505441755056381226e-02,9.735231287777423859e-03,0.000000000000000000e+00,0.000000000000000000e+00,-2.161339759826660156e+00,1.865677436324553184e-02,2.010035753250122070e+00,-1.275041460990905762e+00,1.865450441837310791e-01,7.010741631058259316e-02,1.622798800468444824e+00,0.000000000000000000e+00,-4.824226200580596924e-01,4.580911397933959961e-01,6.031484007835388184e-01,1.368323802947998047e+00,-1.511220335960388184e-01,-3.729344159364700317e-02,-4.336420893669128418e-01,-2.850261628627777100e-01,-4.693740308284759521e-01,9.177052974700927734e-01,-1.162863373756408691e-01,2.343188822269439697e-01
-2.638082157702871869e-02,2.145190684277602067e+00,5.317962730013662265e-01,9.982094764709472656e-01,5.080160498619079590e-02,2.139831334352493286e-02,2.321988902986049652e-02,0.000000000000000000e+00,0.000000000000000000e+00,-2.198319911956787109e+00,-1.841024556432202530e-03,1.961094260215759277e+00,-1.279616117477416992e+00,2.481766045093536377e-01,8.717484871414704628e-02,1.630363345146179199e+00,0.000000000000000000e+00,-4.336715936660766602e-01,6.183269619941711426e-01,6.349424719810485840e-01,1.383926987648010254e+00,-2.961366176605224609e-01,1.288016438484191895e-01,-3.015919923782348633e-01,-4.514200687408447266e-01,-7.193195819854736328e-01,8.858504295349121094e-01,-3.778367340564727783e-01,4.061201214790344238e-02
-2.598859133443447156e-02,2.201021854552355883e+00,5.219378471081004278e-01,9.986004829406738281e-01,4.129033163189888000e-02,2.048954181373119354e-02,2.593019045889377594e-02,0.000000000000000000e+00,0.000000000000000000e+00,-2.302825212478637695e+00,-2.422101894882722206e-02,1.911885738372802734e+00,-1.330507993698120117e+00,2.990164756774902344e-01,8.748133579758210487e-02,1.610780119895935059e+00,0.000000000000000000e+00,-4.484258592128753662e-01,7.965595126152038574e-01,6.077966690063476562e-01,1.344578385353088379e+00,-3.484553992748260498e-01,1.976109147071838379e-01,-3.126883506774902344e-01,-5.477272868156433105e-01,-6.769281625747680664e-01,9.125037789344787598e-01,-3.940177559852600098e-01,5.831723287701606750e-02
-2.658479292858203710e-02,2.258595506855935575e+00,5.135570101026031287e-01,9.993854761123657227e-01,1.705339923501014709e-02,2.332541719079017639e-02,1.984380371868610382e-02,0.000000000000000000e+00,0.000000000000000000e+00,-2.425533533096313477e+00,-4.208417336014314003e-02,1.878178477287292480e+00,-1.397700428962707520e+00,2.982355654239654541e-01,7.213623920944733925e-02,1.567024946212768555e+00,0.000000000000000000e+00,-5.059089660644531250e-01,9.221460819244384766e-01,5.233058929443359375e-01,1.226527690887451172e+00,-2.840037345886230469e-01,2.091946154832839966e-01,-3.620012104511260986e-01,-6.106549501419067383e-01,-5.792878270149230957e-01,9.150288701057434082e-01,-2.862268984317779541e-01,1.218241006135940552e-01
-2.605009698911071522e-02,2.314847848921111062e+00,5.063639157438518668e-01,9.993643164634704590e-01,3.651801263913512230e-03,2.711997181177139282e-02,2.284946106374263763e-02,0.000000000000000000e+00,0.000000000000000000e+00,-2.492772817611694336e+00,-7.656414906052155800e-02,1.889723777770996094e+00,-1.452762365341186523e+00,2.881380021572113037e-01,5.861039558914704628e-02,1.515763044357299805e+00,0.000000000000000000e+00,-5.686259865760803223e-01,8.971324563026428223e-01,3.947484195232391357e-01,1.067073583602905273e+00,-1.025455668568611145e-01,1.614832282066345215e-01,-3.463730812072753906e-01,-6.583194136619567871e-01,-5.023365616798400879e-01,7.826760411262512207e-01,-1.617029607295989990e-01,2.232891321182250977e-01
-2.531353420766089407e-02,2.371501765666585992e+00,4.999810290268876245e-01,9.989984035491943359e-01,2.981712808832526207e-03,3.283725306391716003e-02,3.024986386299133301e-02,0.000000000000000000e+00,0.000000000000000000e+00,-2.478656291961669922e+00,-7.984979549912019081e-02,1.897802352905273438e+00,-1.477025747299194336e+00,3.165796101093292236e-01,5.202503601578278847e-02,1.473839402198791504e+00,0.000000000000000000e+00,-5.442342758178710938e-01,7.567376494407653809e-01,3.194995522499084473e-01,9.482111930847167969e-01,4.457024391740560532e-03,-3.879655897617340088e-02,-3.165580332279205322e-01,-7.093037366867065430e-01,-4.056906998157501221e-01,5.935007929801940918e-01,2.754882536828517914e-02,2.824794650077819824e-01
-2.552636993000039281e-02,2.431624536980884432e+00,4.962409703832383334e-01,9.991189837455749512e-01,1.225322298705577850e-02,3.198295086622238159e-02,2.425305917859077454e-02,0.000000000000000000e+00,0.000000000000000000e+00,-2.408182382583618164e+00,-2.969582478073640175e-02,1.879238486289978027e+00,-1.441065311431884766e+00,3.603609502315521240e-01,3.285129467514558144e-02,1.458804965019226074e+00,0.000000000000000000e+00,-3.468176424503326416e-01,6.370315551757812500e-01,5.362254977226257324e-01,8.987271189689636230e-01,-3.331761658191680908e-01,-2.037790268659591675e-01,-4.179330766201019287e-01,-7.832671999931335449e-01,-2.495568245649337769e-01,5.631256699562072754e-01,2.307294607162475586e-01,2.584205269813537598e-01
-3.096795440689105450e-02,2.493319229035064311e+00,4.969004629620096813e-01,9.996115565299987793e-01,1.168764103204011917e-02,2.529525198042392731e-02,5.240985192358493805e-04,0.000000000000000000e+00,0.000000000000000000e+00,-2.354659557342529297e+00,3.264387461801021573e-04,1.871281981468200684e+00,-1.407232522964477539e+00,3.190982639789581299e-01,1.152248779800935097e-02,1.463723301887512207e+00,0.000000000000000000e+00,-3.120632171630859375e-01,5.768846869468688965e-01,6.344025135040283203e-01,1.008270978927612305e+00,-4.809213280677795410e-01,-1.723561733961105347e-01,-4.985031187534332275e-01,-7.785784006118774414e-01,-2.134952396154403687e-01,6.831929087638854980e-01,1.579956114292144775e-01,2.554472088813781738e-01
-3.622184569321836023e-02,2.553800228879307355e+00,5.049609370401711983e-01,9.991773366928100586e-01,1.195498369634151459e-02,2.344218268990516663e-02,-3.085617721080780029e-02,0.000000000000000000e+00,0.000000000000000000e+00,-2.247063159942626953e+00,4.133371909591154747e-02,1.882992744445800781e+00,-1.294818878173828125e+00,2.282739579677581787e-01,6.326512494359448624e-03,1.466101884841918945e+00,0.000000000000000000e+00,-2.144268453121185303e-01,4.766460955142974854e-01,7.782019376754760742e-01,9.952889680862426758e-01,-5.156297683715820312e-01,-1.636548936367034912e-01,-5.545112490653991699e-01,-7.418079376220703125e-01,-2.713818848133087158e-01,8.713123798370361328e-01,1.292817760258913040e-02,2.391276061534881592e-01
-4.296966630725584935e-02,2.609313859539200475e+00,5.139106715094260425e-01,9.973862171173095703e-01,1.228675711899995804e-02,3.309313580393791199e-02,-6.304463744163513184e-02,0.000000000000000000e+00,0.000000000000000000e+00,-2.116205215454101562e+00,8.446447452041105919e-02,1.923016309738159180e+00,-1.140568971633911133e+00,1.170534715056419373e-01,2.096279064682526894e-02,1.474730730056762695e+00,0.000000000000000000e+00,-2.739738523960113525e-01,4.194585680961608887e-01,7.771109938621520996e-01,1.105091333389282227e+00,-3.988342881202697754e-01,-1.752246767282485962e-01,-6.416229605674743652e-01,-6.660289168357849121e-01,-3.064732253551483154e-01,1.087368130683898926e+00,-1.085189431905746460e-01,2.114894688129425049e-01
-5.052580283992368776e-02,2.660887806755725560e+00,5.189913468664945073e-01,9.963341355323791504e-01,3.284622356295585632e-02,4.377298429608345032e-02,-6.575144827365875244e-02,0.000000000000000000e+00,0.000000000000000000e+00,-2.017545938491821289e+00,1.095312078807015865e-01,1.955715179443359375e+00,-1.037296414375305176e+00,6.705942749977111816e-02,3.530307213333649941e-02,1.485477924346923828e+00,0.000000000000000000e+00,-4.532574117183685303e-01,3.158920705318450928e-01,6.156164407730102539e-01,1.247176527976989746e+00,-2.207859903573989868e-01,-2.431597858667373657e-01,-7.228888273239135742e-01,-5.460267066955566406e-01,-2.341129183769226074e-01,1.244210004806518555e+00,-1.728399544954299927e-01,2.365909069776535034e-01
-5.406142563483856689e-02,2.707579084162158090e+00,5.172618603789144176e-01,9.970988631248474121e-01,5.010944977402687073e-02,4.387899488210678101e-02,-3.684373572468757629e-02,0.000000000000000000e+00,0.000000000000000000e+00,-2.066646337509155273e+00,1.323653896662850826e-01,1.928776741027832031e+00,-1.075822830200195312e+00,8.421587944030761719e-02,4.376228252914948769e-02,1.490309357643127441e+00,0.000000000000000000e+00,-4.940292239189147949e-01,3.499904572963714600e-01,5.827306509017944336e-01,1.331269502639770508e+00,-2.941013276576995850e-01,-2.366760820150375366e-01,-6.524630784988403320e-01,-5.135021805763244629e-01,-2.883961796760559082e-01,1.211173534393310547e+00,-2.181797623634338379e-01,2.570848464965820312e-01
-5.338032744975403088e-02,2.752516586289863287e+00,5.084160902396296366e-01,9.975762367248535156e-01,5.864677578210830688e-02,3.678728267550468445e-02,6.989353336393833160e-03,0.000000000000000000e+00,0.000000000000000000e+00,-2.260421276092529297e+00,1.222931583735604733e-01,1.876138210296630859e+00,-1.263427019119262695e+00,2.176621705293655396e-01,6.305034557846589394e-02,1.471425533294677734e+00,0.000000000000000000e+00,-4.445974528789520264e-01,5.408018231391906738e-01,6.533212065696716309e-01,1.371648311614990234e+00,-3.936533033847808838e-01,-7.727766036987304688e-02,-4.710986018180847168e-01,-6.687105894088745117e-01,-4.859361648559570312e-01,1.099596738815307617e+00,-4.448098838329315186e-01,1.925160884857177734e-01
-5.169589978369949768e-02,2.799290071912486244e+00,4.996155346192494573e-01,9.978373646736145020e-01,4.240401461720466614e-02,3.476396948099136353e-02,3.624890744686126709e-02,0.000000000000000000e+00,0.000000000000000000e+00,-2.413663625717163086e+00,6.525365909072355919e-02,1.827636003494262695e+00,-1.418226838111877441e+00,3.580594658851623535e-01,6.917579571274323769e-02,1.432619571685791016e+00,0.000000000000000000e+00,-4.646326899528503418e-01,7.518773674964904785e-01,6.544659137725830078e-01,1.326521635055541992e+00,-4.383481144905090332e-01,5.074577033519744873e-02,-4.383273422718048096e-01,-7.603263854980468750e-01,-4.917225539684295654e-01,1.085339546203613281e+00,-3.946856558322906494e-01,2.022815495729446411e-01
-4.973070303382672031e-02,2.852889164559768709e+00,4.956203398703023510e-01,9.975879788398742676e-01,2.491658926010131836e-02,3.711332008242607117e-02,5.310402438044548035e-02,0.000000000000000000e+00,0.000000000000000000e+00,-2.464575052261352539e+00,8.427902064051195907e-03,1.796126604080200195e+00,-1.484174728393554688e+00,4.724240601062774658e-01,8.765776554611726112e-02,1.388497710227966309e+00,0.000000000000000000e+00,-5.212807059288024902e-01,8.108232021331787109e-01,5.658022165298461914e-01,1.143802642822265625e+00,-3.078028261661529541e-01,4.882786422967910767e-02,-4.489994049072265625e-01,-8.406469821929931641e-01,-4.397080540657043457e-01,1.024671554565429688e+00,-2.224596738815307617e-01,2.275777161121368408e-01
-4.829196064215567075e-02,2.909782896788433160e+00,4.955211917792606835e-01,9.973215460777282715e-01,1.580044627189636230e-02,3.907218948006629944e-02,5.977808311581611633e-02,0.000000000000000000e+00,0.000000000000000000e+00,-2.429904937744140625e+00,-1.452465454605622597e-02,1.779055356979370117e+00,-1.495203733444213867e+00,5.902709960937500000e-01,1.150731603291372807e-01,1.352395057678222656e+00,0.000000000000000000e+00,-4.926821589469909668e-01,6.913588047027587891e-01,4.412977695465087891e-01,9.337476491928100586e-01,-1.382028311491012573e-01,-1.784303039312362671e-01,-4.547857940196990967e-01,-8.914603590965270996e-01,-3.768833577632904053e-01,8.850688934326171875e-01,-5.416319519281387329e-02,2.011466175317764282e-01
-4.780865521762858728e-02,2.969189377120046824e+00,4.950452560306799477e-01,9.979514479637145996e-01,6.704979110509157181e-03,3.786795213818550110e-02,5.112678930163383484e-02,0.000000000000000000e+00,0.000000000000000000e+00,-2.386149168014526367e+00,-2.382464806107087441e-02,1.773300051689147949e+00,-1.471830010414123535e+00,6.730149984359741211e-01,1.259543458607534916e-01,1.338512539863586426e+00,0.000000000000000000e+00,-3.761653304100036621e-01,6.320335268974304199e-01,5.557603836059570312e-01,9.210467338562011719e-01,-4.149556159973144531e-01,-2.484106123447418213e-01,-5.330158472061157227e-01,-8.810367584228515625e-01,-2.238757014274597168e-01,8.305894732475280762e-01,2.843794226646423340e-02,5.472316592931747437e-02
-5.159077810321115870e-02,3.025568602169403043e+00,4.957921052189788180e-01,9.983190298080444336e-01,1.952549628913402557e-02,3.325797989964485168e-02,4.326457902789115906e-02,0.000000000000000000e+00,0.000000000000000000e+00,-2.339981079101562500e+00,-4.467205205235913468e-03,1.761748552322387695e+00,-1.420232415199279785e+00,7.031342387199401855e-01,1.427727500584463627e-01,1.334728121757507324e+00,0.000000000000000000e+00,-3.656118810176849365e-01,5.442501902580261230e-01,6.323419213294982910e-01,1.024155139923095703e+00,-5.079662203788757324e-01,-1.727783083915710449e-01,-5.870777368545532227e-01,-7.402092814445495605e-01,-7.791382726281881332e-03,8.782885074615478516e-01,2.275305055081844330e-02,2.168991714715957642e-01
-5.592646226070520366e-02,3.082454362692255145e+00,5.057169619940146132e-01,9.993925094604492188e-01,1.391118112951517105e-02,2.829798124730587006e-02,1.484215445816516876e-02,0.000000000000000000e+00,0.000000000000000000e+00,-2.208000183105468750e+00,4.398421843978361778e-02,1.804706096649169922e+00,-1.290512084960937500e+00,6.462856531143188477e-01,1.269771615650991947e-01,1.333184957504272461e+00,0.000000000000000000e+00,-2.804885208606719971e-01,4.747377932071685791e-01,7.297236323356628418e-01,1.015632390975952148e+00,-5.134925246238708496e-01,-1.678449511528015137e-01,-6.294208168983459473e-01,-6.394091844558715820e-01,-8.503820747137069702e-02,1.022799849510192871e+00,-5.693383142352104187e-02,1.498244404792785645e-01
-6.223890629343011016e-02,3.137299698681542459e+00,5.179115128833235993e-01,9.990121722221374512e-01,2.175780385732650757e-02,3.218000382184982300e-02,-2.158234268426895142e-02,0.000000000000000000e+00,0.000000000000000000e+00,-2.003809452056884766e+00,7.719223102065519981e-02,1.881440520286560059e+00,-1.057468414306640625e+00,5.136928558349609375e-01,8.492072025803132362e-02,1.333874702453613281e+00,0.000000000000000000e+00,-2.861642539501190186e-01,4.124777913093566895e-01,7.736501693725585938e-01,1.072746396064758301e+00,-3.725554645061492920e-01,-1.488141864538192749e-01,-6.874473094940185547e-01,-5.602339506149291992e-01,-2.074525803327560425e-01,1.148504257202148438e+00,-1.074528992176055908e-01,8.929670602083206177e-02
-6.835683240047232823e-02,3.185629493786831024e+00,5.291804739930714430e-01,9.972525238990783691e-01,3.949582949280738831e-02,4.058568179607391357e-02,-4.775311052799224854e-02,0.000000000000000000e+00,0.000000000000000000e+00,-1.761326909065246582e+00,8.321730693313078575e-02,1.951182603836059570e+00,-7.806194424629211426e-01,3.212158381938934326e-01,4.772408405808015175e-02,1.333863973617553711e+00,0.000000000000000000e+00,-4.032854735851287842e-01,3.236058950424194336e-01,6.301864385604858398e-01,1.123571395874023438e+00,-1.175833195447921753e-01,-2.224168181419372559e-01,-7.176185846328735352e-01,-4.349415302276611328e-01,-2.773642838001251221e-01,1.171899676322937012e+00,-6.800789386034011841e-02,1.428185403347015381e-01
-7.388549063665171557e-02,3.229246349984949305e+00,5.352439112073242855e-01,9.951874613761901855e-01,7.495884597301483154e-02,4.153437167406082153e-02,-4.751838371157646179e-02,0.000000000000000000e+00,0.000000000000000000e+00,-1.561261296272277832e+00,5.207423766585783653e-02,1.994140386581420898e+00,-5.420792698860168457e-01,1.720607280731201172e-01,3.170354763535065956e-02,1.341389417648315430e+00,0.000000000000000000e+00,-4.993585348129272461e-01,1.336474716663360596e-01,3.715954720973968506e-01,1.102868080139160156e+00,-4.291765019297599792e-02,-2.826136946678161621e-01,-7.567787766456604004e-01,-1.958788335323333740e-01,-9.049233794212341309e-02,1.149616479873657227e+00,8.062272332608699799e-03,2.683843076229095459e-01
-7.603387054300518588e-02,3.271247274984013131e+00,5.337627516596605837e-01,9.945931434631347656e-01,8.557547628879547119e-02,4.171826690435409546e-02,-4.148275405168533325e-02,0.000000000000000000e+00,0.000000000000000000e+00,-1.484198808670043945e+00,3.943197329970793419e-02,1.969468355178833008e+00,-4.113232493400573730e-01,7.300031930208206177e-02,2.645845810440583534e-02,1.337178587913513184e+00,0.000000000000000000e+00,-4.905903935432434082e-01,3.094882071018218994e-01,3.984023332595825195e-01,1.165923595428466797e+00,-1.453672945499420166e-01,-2.037087380886077881e-01,-7.354966402053833008e-01,-1.395254731178283691e-01,-9.938166290521621704e-02,1.133120536804199219e+00,1.224750801920890808e-01,2.717038094997406006e-01
-7.622902163802974806e-02,3.315288624516641303e+00,5.247796771916175551e-01,9.923236966133117676e-01,1.151108741760253906e-01,4.079393297433853149e-02,-1.946710236370563507e-02,0.000000000000000000e+00,0.000000000000000000e+00,-1.502204418182373047e+00,3.245012362929777794e-02,1.923439741134643555e+00,-3.726884126663208008e-01,4.389785602688789368e-02,3.378577629593415566e-02,1.333108305931091309e+00,0.000000000000000000e+00,-3.768484592437744141e-01,5.210434794425964355e-01,5.981541275978088379e-01,1.116757869720458984e+00,-2.668014466762542725e-01,6.773622334003448486e-02,-7.240734100341796875e-01,-3.574299812316894531e-01,-2.074802219867706299e-01,1.228453040122985840e+00,-7.214047014713287354e-02,1.369584202766418457e-01
-7.729143827438655912e-02,3.361474030758395237e+00,5.119380895138689880e-01,9.921610355377197266e-01,1.190567016601562500e-01,3.682245314121246338e-02,-9.280674159526824951e-03,0.000000000000000000e+00,0.000000000000000000e+00,-1.591989517211914062e+00,3.107683261367277794e-02,1.880290508270263672e+00,-4.448867142200469971e-01,5.152797326445579529e-02,2.713652054337067909e-02,1.321316361427307129e+00,0.000000000000000000e+00,-2.999861240386962891e-01,6.635115742683410645e-01,6.510618329048156738e-01,9.936656355857849121e-01,-3.273867666721343994e-01,1.776864528656005859e-01,-7.058103084564208984e-01,-4.779026508331298828e-01,-2.272448986768722534e-01,1.265642166137695312e+00,-3.281670808792114258e-01,2.387439459562301636e-02
-8.056324224015980195e-02,3.411303503019641248e+00,4.960636829675146853e-01,9.932392835617065430e-01,1.084994226694107056e-01,3.572889044880867004e-02,-2.066710591316223145e-02,0.000000000000000000e+00,0.000000000000000000e+00,-1.728801727294921875e+00,3.406827052566008263e-02,1.855589509010314941e+00,-5.696708559989929199e-01,6.326041370630264282e-02,5.479613926748783115e-04,1.292679190635681152e+00,0.000000000000000000e+00,-3.058264255523681641e-01,7.485066056251525879e-01,5.049377679824829102e-01,8.788788914680480957e-01,-2.263852506875991821e-01,1.757391691207885742e-01,-7.504218220710754395e-01,-5.209494829177856445e-01,-1.588696986436843872e-01,1.299136877059936523e+00,-4.289124310016632080e-01,3.210859000682830811e-02
-8.482921549109648240e-02,3.462385197402250814e+00,4.806479401404809559e-01,9.924173951148986816e-01,1.111058294773101807e-01,3.300167992711067200e-02,-4.091592878103256226e-02,0.000000000000000000e+00,0.000000000000000000e+00,-1.847383856773376465e+00,2.538077434035734825e-02,1.845370173454284668e+00,-6.850991249084472656e-01,2.662053890526294708e-02,-3.457216819259123497e-02,1.256225109100341797e+00,0.000000000000000000e+00,-2.952150702476501465e-01,6.885571479797363281e-01,2.677217125892639160e-01,7.703316211700439453e-01,8.763253688812255859e-02,8.309461176395416260e-02,-8.251069188117980957e-01,-5.759540200233459473e-01,-3.974784910678863525e-02,1.310717821121215820e+00,-4.753721654415130615e-01,1.110998839139938354e-01
-8.805464239753406364e-02,3.513010843781509962e+00,4.678731985375134683e-01,9.896209239959716797e-01,1.299491971731185913e-01,2.686931006610393524e-02,-5.515138804912567139e-02,0.000000000000000000e+00,0.000000000000000000e+00,-1.864435553550720215e+00,1.970486243697600059e-02,1.810615539550781250e+00,-7.148960828781127930e-01,-2.272224053740501404e-03,-5.796949466201262169e-02,1.216406822204589844e+00,0.000000000000000000e+00,-1.338961869478225708e-01,5.210346579551696777e-01,2.088508158922195435e-01,6.163250207901000977e-01,1.798493117094039917e-01,-1.638126373291015625e-01,-9.130570292472839355e-01,-6.674648523330688477e-01,1.063073724508285522e-01,1.280584216117858887e+00,-4.704917371273040771e-01,1.933624297380447388e-01
-9.045253773379807738e-02,3.558761127747670727e+00,4.584034763412042079e-01,9.890394210815429688e-01,1.329294741153717041e-01,1.739796251058578491e-02,-6.187057867646217346e-02,0.000000000000000000e+00,0.000000000000000000e+00,-1.812909841537475586e+00,5.398540099593596153e-02,1.738026380538940430e+00,-7.140634655952453613e-01,4.539408162236213684e-02,-7.333640655013518028e-02,1.174436330795288086e+00,0.000000000000000000e+00,3.951688483357429504e-02,4.340527653694152832e-01,3.923252224922180176e-01,4.837434887886047363e-01,-7.782019674777984619e-02,-2.695780992507934570e-01,-9.617680907249450684e-01,-7.216104865074157715e-01,2.138102054595947266e-01,1.211437106132507324e+00,-3.826121389865875244e-01,2.198770940303802490e-01
-9.489862171293358961e-02,3.598664497654847416e+00,4.546000177247656593e-01,9.901432991027832031e-01,1.259893327951431274e-01,7.084974553436040878e-03,-6.076829135417938232e-02,0.000000000000000000e+00,0.000000000000000000e+00,-1.734576106071472168e+00,6.270389159652189903e-02,1.642188549041748047e+00,-6.685345172882080078e-01,8.039509505033493042e-02,-5.335001548263029747e-02,1.138517379760742188e+00,0.000000000000000000e+00,3.099169023334980011e-02,4.093266427516937256e-01,4.541176557540893555e-01,5.728336572647094727e-01,-2.625850439071655273e-01,-2.843031883239746094e-01,-9.608467221260070801e-01,-7.474316358566284180e-01,2.752035260200500488e-01,1.102340459823608398e+00,-2.779353857040405273e-01,2.257856726646423340e-01
-1.013199241632463943e-01,3.630832655688728927e+00,4.551733577537416253e-01,9.917903542518615723e-01,1.145051196217536926e-01,-1.186060835607349873e-03,-5.691353604197502136e-02,0.000000000000000000e+00,0.000000000000000000e+00,-1.602199912071228027e+00,5.690853198501066856e-02,1.506754994392395020e+00,-5.548635721206665039e-01,1.192846447229385376e-01,-1.062612136336760216e-02,1.110650777816772461e+00,0.000000000000000000e+00,-7.879304140806198120e-02,4.155701100826263428e-01,4.095827043056488037e-01,8.070728182792663574e-01,-3.948654234409332275e-01,-2.735939025878906250e-01,-9.333850145339965820e-01,-7.435892224311828613e-01,3.243269324302673340e-01,1.004864454269409180e+00,-1.774721294641494751e-01,2.160715758800506592e-01
-1.074492836478307400e-01,3.658508093188507448e+00,4.608906070353707696e-01,9.942726492881774902e-01,9.106849133968353271e-02,-2.691086381673812866e-03,-5.586759001016616821e-02,0.000000000000000000e+00,0.000000000000000000e+00,-1.439962625503540039e+00,5.134384234878019981e-02,1.340202808380126953e+00,-3.801597654819488525e-01,1.406471580266952515e-01,4.574091831711335487e-02,1.082273960113525391e+00,0.000000000000000000e+00,-1.488767564296722412e-01,4.269670248031616211e-01,3.671695590019226074e-01,9.050455689430236816e-01,-4.643568396568298340e-01,-2.722601294517517090e-01,-8.800387978553771973e-01,-7.097147107124328613e-01,2.988941371440887451e-01,9.281129240989685059e-01,-1.164256930351257324e-01,1.993539929389953613e-01
-1.130706648632056194e-01,3.680750481022728948e+00,4.713621069287711740e-01,9.963120818138122559e-01,6.126711517572402954e-02,3.039726521819829941e-03,-5.999453738331794739e-02,0.000000000000000000e+00,0.000000000000000000e+00,-1.291471004486083984e+00,6.103829940291838341e-02,1.155165195465087891e+00,-2.037422358989715576e-01,1.617362201213836670e-01,1.055910150196890385e-01,1.062412023544311523e+00,0.000000000000000000e+00,-1.802417337894439697e-01,4.494057595729827881e-01,3.481402397155761719e-01,9.053547382354736328e-01,-4.960911273956298828e-01,-2.703024148941040039e-01,-8.211037516593933105e-01,-6.485818028450012207e-01,1.894131749868392944e-01,8.875418305397033691e-01,-1.267216950654983521e-01,1.719120293855667114e-01
-1.180849508578051821e-01,3.695660892435998601e+00,4.855693474585058844e-01,9.970779418945312500e-01,3.669153526425361633e-02,1.122566591948270798e-02,-6.605562567710876465e-02,0.000000000000000000e+00,0.000000000000000000e+00,-1.125406503677368164e+00,8.736579020949797325e-02,9.615504145622253418e-01,-2.931637130677700043e-02,1.917202323675155640e-01,1.889147321369986088e-01,1.028784155845642090e+00,0.000000000000000000e+00,-1.768432706594467163e-01,4.590930044651031494e-01,3.546506166458129883e-01,8.317292928695678711e-01,-4.828631579875946045e-01,-2.637846171855926514e-01,-7.615765929222106934e-01,-5.777902007102966309e-01,4.785948246717453003e-02,8.874203562736511230e-01,-1.703198403120040894e-01,1.605220884084701538e-01
-1.220306545998336711e-01,3.703766124320752695e+00,5.012644736626834518e-01,9.972144365310668945e-01,1.691080816090106964e-02,1.975718326866626740e-02,-6.990708410739898682e-02,0.000000000000000000e+00,0.000000000000000000e+00,-9.239766597747802734e-01,1.069859703395028561e-01,7.625282406806945801e-01,0.000000000000000000e+00,2.181793600320816040e-01,3.108191053059439213e-01,9.624328017234802246e-01,0.000000000000000000e+00,-1.527907848358154297e-01,4.569734632968902588e-01,3.712770938873291016e-01,7.125475406646728516e-01,-4.345476031303405762e-01,-2.582993209362030029e-01,-6.961911320686340332e-01,-4.978362917900085449e-01,-8.686356991529464722e-02,9.093674421310424805e-01,-2.133021354675292969e-01,1.768372505903244019e-01
-1.246198812554204643e-01,3.708549479962599538e+00,5.159130228438763011e-01,9.970875978469848633e-01,2.310070209205150604e-03,2.867081947624683380e-02,-7.063238322734832764e-02,0.000000000000000000e+00,0.000000000000000000e+00,-7.054076194763183594e-01,1.023235758158822506e-01,5.694477558135986328e-01,0.000000000000000000e+00,2.411285191774368286e-01,4.610014716770987064e-01,8.754324316978454590e-01,0.000000000000000000e+00,-1.169836297631263733e-01,4.424429833889007568e-01,3.905374705791473389e-01,5.657363533973693848e-01,-3.652526140213012695e-01,-2.563529312610626221e-01,-6.338517069816589355e-01,-4.093973040580749512e-01,-1.831810623407363892e-01,9.331893920898437500e-01,-2.532408535480499268e-01,2.075129747390747070e-01
-1.264401808343451339e-01,3.713228206965658362e+00,5.279906553812701020e-01,9.967420697212219238e-01,-9.343964047729969025e-03,3.890448808670043945e-02,-7.003113627433776855e-02,0.000000000000000000e+00,0.000000000000000000e+00,-4.730266034603118896e-01,5.800788005324797325e-02,3.960735797882080078e-01,0.000000000000000000e+00,2.571173310279846191e-01,6.200120011952261478e-01,7.972662448883056641e-01,0.000000000000000000e+00,-8.062653988599777222e-02,4.215962588787078857e-01,4.075130224227905273e-01,4.108396172523498535e-01,-2.863755226135253906e-01,-2.567957937717437744e-01,-5.817910432815551758e-01,-3.154135942459106445e-01,-2.423512935638427734e-01,9.348422884941101074e-01,-2.788117825984954834e-01,2.285754829645156860e-01
-1.276265948634557057e-01,3.719091728745084868e+00,5.366166223404985613e-01,9.964225888252258301e-01,-1.816852390766143799e-02,4.771177470684051514e-02,-6.734678149223327637e-02,0.000000000000000000e+00,0.000000000000000000e+00,-2.824523448944091797e-01,-2.947349945572419472e-02,2.450673580169677734e-01,0.000000000000000000e+00,2.666477560997009277e-01,7.701879898693899662e-01,7.445256710052490234e-01,0.000000000000000000e+00,-4.991757869720458984e-02,3.994233906269073486e-01,4.180825650691986084e-01,2.732307016849517822e-01,-2.124333679676055908e-01,-2.581116855144500732e-01,-5.266125798225402832e-01,-2.412017881870269775e-01,-2.904343307018280029e-01,8.985150456428527832e-01,-2.872126996517181396e-01,2.259370535612106323e-01
-1.286683245080363358e-01,3.724304560037574152e+00,5.413936255292759459e-01,9.965158700942993164e-01,-2.211921103298664093e-02,5.209087207913398743e-02,-6.126489862799644470e-02,0.000000000000000000e+00,0.000000000000000000e+00,-1.664508134126663208e-01,-1.541016856816153080e-01,1.276787072420120239e-01,0.000000000000000000e+00,2.692999243736267090e-01,9.007761637356619389e-01,7.247955203056335449e-01,0.000000000000000000e+00,-2.988215163350105286e-02,3.770551681518554688e-01,4.188114106655120850e-01,1.776909679174423218e-01,-1.603371202945709229e-01,-2.587778270244598389e-01,-4.515306055545806885e-01,-1.884729266166687012e-01,-3.224353492259979248e-01,8.014376759529113770e-01,-2.791103720664978027e-01,2.131856232881546021e-01
-1.291414784634429269e-01,3.728086137982329795e+00,5.425921631943095846e-01,9.971718192100524902e-01,-1.916165649890899658e-02,5.108705908060073853e-02,-5.168436467647552490e-02,0.000000000000000000e+00,0.000000000000000000e+00,-1.110885888338088989e-01,-2.982807914402823002e-01,7.466025650501251221e-02,0.000000000000000000e+00,2.660288214683532715e-01,1.009652094044957593e+00,7.399697303771972656e-01,0.000000000000000000e+00,-2.110002189874649048e-02,3.526804745197296143e-01,4.060234427452087402e-01,1.358434110879898071e-01,-1.380735039710998535e-01,-2.604216635227203369e-01,-3.531464040279388428e-01,-1.509312838315963745e-01,-3.285409510135650635e-01,6.318016648292541504e-01,-2.416073828935623169e-01,1.944549083709716797e-01
-1.289779235565602089e-01,3.730707168422564113e+00,5.411223799351490005e-01,9.980458021163940430e-01,-7.087646052241325378e-03,4.586281254887580872e-02,-4.184383898973464966e-02,0.000000000000000000e+00,0.000000000000000000e+00,-7.674289494752883911e-02,-4.577291766789297611e-01,1.078338697552680969e-01,0.000000000000000000e+00,2.539567053318023682e-01,1.101613746085439161e+00,7.948461771011352539e-01,0.000000000000000000e+00,-1.438203360885381699e-02,3.164077699184417725e-01,3.909751474857330322e-01,1.319269090890884399e-01,-1.323928534984588623e-01,-2.632492482662200928e-01,-2.481614798307418823e-01,-1.462610363960266113e-01,-3.243789374828338623e-01,4.488725662231445312e-01,-2.452483922243118286e-01,1.447460949420928955e-01
-1.296087574377430274e-01,3.732507113164121648e+00,5.399573483461080903e-01,9.982629418373107910e-01,-1.865134072431828827e-05,4.144032672047615051e-02,-4.187853261828422546e-02,0.000000000000000000e+00,0.000000000000000000e+00,-3.579171374440193176e-02,-6.361845294621328861e-01,2.187377661466598511e-01,-5.787854082882404327e-03,2.195663303136825562e-01,1.178960428633962110e+00,8.892409205436706543e-01,0.000000000000000000e+00,-2.346174232661724091e-02,3.060130476951599121e-01,3.782234191894531250e-01,1.816743165254592896e-01,-1.454700082540512085e-01,-2.584632933139801025e-01,-1.836748868227005005e-01,-1.403430104255676270e-01,-3.110193312168121338e-01,3.375932574272155762e-01,-2.594467699527740479e-01,1.107330918312072754e-01
-1.308562774982566790e-01,3.735547986777141727e+00,5.402420461937935681e-01,9.974752664566040039e-01,-1.146939489990472794e-02,3.631737828254699707e-02,-5.993865430355072021e-02,0.000000000000000000e+00,0.000000000000000000e+00,-1.156520564109086990e-03,-8.349948088314871342e-01,3.944933712482452393e-01,-1.979780569672584534e-02,1.661023497581481934e-01,1.232406542697225049e+00,9.894933104515075684e-01,2.570596523582935333e-02,-4.574291035532951355e-02,3.507526218891143799e-01,3.761139810085296631e-01,2.851872742176055908e-01,-1.922479718923568726e-01,-2.578801810741424561e-01,-1.720417439937591553e-01,-1.043586879968643188e-01,-2.796742022037506104e-01,3.115504086017608643e-01,-2.271336764097213745e-01,7.921802997589111328e-02
-1.316317438648430260e-01,3.738469616957385000e+00,5.405540637416068606e-01,9.964081645011901855e-01,-1.167523115873336792e-02,2.969050034880638123e-02,-7.844082266092300415e-02,0.000000000000000000e+00,0.000000000000000000e+00,2.532370947301387787e-02,-1.033071176209721997e+00,6.210386753082275391e-01,-1.321679167449474335e-02,1.165070310235023499e-01,1.278909371295247510e+00,1.069171428680419922e+00,1.408930569887161255e-01,-3.076127544045448303e-02,3.541693389415740967e-01,3.993431031703948975e-01,3.160952925682067871e-01,-2.106261849403381348e-01,-2.548013031482696533e-01,-1.773834079504013062e-01,-1.030142158269882202e-01,-2.414475530385971069e-01,3.336360156536102295e-01,-2.227228581905364990e-01,7.546767592430114746e-02
-1.312774285290277398e-01,3.741054110412645795e+00,5.405849956209309859e-01,9.955950379371643066e-01,-6.709439214318990707e-03,2.550489082932472229e-02,-8.997249603271484375e-02,0.000000000000000000e+00,0.000000000000000000e+00,5.450149998068809509e-02,-1.197819040217671827e+00,8.607665896415710449e-01,-1.516114640980958939e-02,8.555069565773010254e-02,1.323722333708081678e+00,1.101294398307800293e+00,2.308365404605865479e-01,-5.592522677034139633e-03,3.350509107112884521e-01,4.227488338947296143e-01,3.030005395412445068e-01,-2.098292261362075806e-01,-2.538858950138092041e-01,-1.861412525177001953e-01,-1.168625429272651672e-01,-2.156665325164794922e-01,3.570394217967987061e-01,-2.291970551013946533e-01,7.901595532894134521e-02
-1.304930355127035257e-01,3.743898680770036069e+00,5.405382033685842691e-01,9.951933026313781738e-01,-3.839252516627311707e-03,2.453749068081378937e-02,-9.472890198230743408e-02,0.000000000000000000e+00,0.000000000000000000e+00,9.263182431459426880e-02,-1.305326924720082715e+00,1.049937129020690918e+00,-6.621544808149337769e-02,7.167825847864151001e-02,1.358722076812062696e+00,1.093324065208435059e+00,2.913965284824371338e-01,8.501624688506126404e-03,3.192237019538879395e-01,4.322047829627990723e-01,2.855360507965087891e-01,-2.057059705257415771e-01,-2.534290552139282227e-01,-1.897602379322052002e-01,-1.256080418825149536e-01,-2.016706168651580811e-01,3.624874949455261230e-01,-2.304986268281936646e-01,8.234275877475738525e-02
-1.297273261818771284e-01,3.747042190095390968e+00,5.404358582913574294e-01,9.951156973838806152e-01,-3.498512785881757736e-03,2.490776032209396362e-02,-9.545770287513732910e-02,0.000000000000000000e+00,0.000000000000000000e+00,1.362884938716888428e-01,-1.371395574012074903e+00,1.157166004180908203e+00,-1.624822318553924561e-01,6.821516156196594238e-02,1.380882651605878308e+00,1.067780494689941406e+00,3.374939560890197754e-01,1.571969501674175262e-02,3.098140656948089600e-01,4.335759282112121582e-01,2.697573006153106689e-01,-2.025952488183975220e-01,-2.543187141418457031e-01,-1.853925138711929321e-01,-1.285029798746109009e-01,-1.963109225034713745e-01,3.528108596801757812e-01,-2.265468537807464600e-01,8.629180490970611572e-02
-1.291911355475660050e-01,3.750232201037984936e+00,5.405316017997083833e-01,9.951134324073791504e-01,-4.478585440665483475e-03,2.467921562492847443e-02,-9.549952298402786255e-02,0.000000000000000000e+00,0.000000000000000000e+00,1.787334233522415161e-01,-1.413041950264249280e+00,1.186276912689208984e+00,-2.485694587230682373e-01,7.383050769567489624e-02,1.391796038546834424e+00,1.039888381958007812e+00,3.747014403343200684e-01,2.240661904215812683e-02,3.041579723358154297e-01,4.354075193405151367e-01,2.541702687740325928e-01,-2.002440840005874634e-01,-2.550893425941467285e-01,-1.759558767080307007e-01,-1.285792738199234009e-01,-1.952207684516906738e-01,3.359348773956298828e-01,-2.190807163715362549e-01,9.029386937618255615e-02
-1.290382095817664554e-01,3.753159477843178493e+00,5.409159459700487727e-01,9.951981902122497559e-01,-5.202899221330881119e-03,2.316945791244506836e-02,-9.495642781257629395e-02,0.000000000000000000e+00,0.000000000000000000e+00,2.096991837024688721e-01,-1.436698840060506299e+00,1.184919595718383789e+00,-2.959724664688110352e-01,8.298878371715545654e-02,1.393541143336568311e+00,1.019371509552001953e+00,4.036375880241394043e-01,2.767051383852958679e-02,2.982013821601867676e-01,4.354365766048431396e-01,2.427283078432083130e-01,-1.976876854896545410e-01,-2.521114647388458252e-01,-1.649127155542373657e-01,-1.305506825447082520e-01,-1.980437487363815308e-01,3.191870450973510742e-01,-2.122877836227416992e-01,9.583777189254760742e-02
-1.294787501261541462e-01,3.755546339425173574e+00,5.412767486966619801e-01,9.954900741577148438e-01,-6.238391157239675522e-03,2.079058997333049774e-02,-9.234856069087982178e-02,0.000000000000000000e+00,0.000000000000000000e+00,2.206205427646636963e-01,-1.444467515745435193e+00,1.184029340744018555e+00,-3.167429268360137939e-01,8.780109882354736328e-02,1.389005259671483472e+00,1.011853933334350586e+00,4.242948889732360840e-01,2.883406914770603180e-02,2.948062121868133545e-01,4.313661158084869385e-01,2.404983490705490112e-01,-1.975713819265365601e-01,-2.464222013950347900e-01,-1.526649147272109985e-01,-1.332337558269500732e-01,-2.060156315565109253e-01,3.037092983722686768e-01,-2.074121832847595215e-01,1.019313782453536987e-01
-1.305375857227905334e-01,3.756997522037438753e+00,5.415474130205735204e-01,9.959914088249206543e-01,-7.984281517565250397e-03,1.864561252295970917e-02,-8.711917698383331299e-02,0.000000000000000000e+00,0.000000000000000000e+00,2.108113020658493042e-01,-1.438631550469670728e+00,1.190072059631347656e+00,-3.281415700912475586e-01,8.507125824689865112e-02,1.382465885081563428e+00,1.015134334564208984e+00,4.385457038879394531e-01,2.257714048027992249e-02,2.951301932334899902e-01,4.203184247016906738e-01,2.481793165206909180e-01,-1.997372657060623169e-01,-2.399045825004577637e-01,-1.409278362989425659e-01,-1.346401125192642212e-01,-2.180176377296447754e-01,2.894535362720489502e-01,-2.020604461431503296e-01,1.059990525245666504e-01
-1.320490854997375951e-01,3.757751512545527639e+00,5.418497150519279160e-01,9.966030120849609375e-01,-9.419632144272327423e-03,1.695672050118446350e-02,-8.003908395767211914e-02,0.000000000000000000e+00,0.000000000000000000e+00,1.846964955329895020e-01,-1.422179580726895765e+00,1.201537132263183594e+00,-3.385555446147918701e-01,7.582161575555801392e-02,1.377255381145749524e+00,1.023649692535400391e+00,4.473636448383331299e-01,1.105882506817579269e-02,2.958841621875762939e-01,4.044855833053588867e-01,2.598283588886260986e-01,-2.010776102542877197e-01,-2.336329221725463867e-01,-1.319823861122131348e-01,-1.366936713457107544e-01,-2.313521653413772583e-01,2.796027064323425293e-01,-1.966170668601989746e-01,1.086988449096679688e-01
-1.338189391278181983e-01,3.758549347435585108e+00,5.421251125761655798e-01,9.971919655799865723e-01,-1.052112691104412079e-02,1.566687598824501038e-02,-7.247124612331390381e-02,0.000000000000000000e+00,0.000000000000000000e+00,1.512418538331985474e-01,-1.397961453595433667e+00,1.213960886001586914e+00,-3.492799103260040283e-01,6.357071548700332642e-02,1.374095813432012037e+00,1.031497955322265625e+00,4.523554444313049316e-01,-2.674452727660536766e-03,2.965347468852996826e-01,3.876680433750152588e-01,2.724730670452117920e-01,-2.021685391664505005e-01,-2.288200259208679199e-01,-1.269628405570983887e-01,-1.395560950040817261e-01,-2.441731244325637817e-01,2.763968706130981445e-01,-1.932570338249206543e-01,1.104332432150840759e-01
-1.354604877356552772e-01,3.759778318748329795e+00,5.423049326692567229e-01,9.976336956024169922e-01,-1.112346164882183075e-02,1.493644434958696365e-02,-6.618306040763854980e-02,0.000000000000000000e+00,0.000000000000000000e+00,1.204842180013656616e-01,-1.371001751222882703e+00,1.222445011138916016e+00,-3.555888533592224121e-01,5.185965448617935181e-02,1.372571633258138135e+00,1.033765316009521484e+00,4.533615708351135254e-01,-1.423318590968847275e-02,2.958099246025085449e-01,3.749910891056060791e-01,2.805268466472625732e-01,-2.029785960912704468e-01,-2.256044298410415649e-01,-1.269038766622543335e-01,-1.433845013380050659e-01,-2.539413571357727051e-01,2.806017398834228516e-01,-1.929154843091964722e-01,1.115453764796257019e-01
