-3.359410005932053633e-02,-1.112587585838304902e-02,5.001075811270211391e-01,9.967929124832153320e-01,-1.929531805217266083e-02,7.740075141191482544e-02,-6.381332408636808395e-03,0.000000000000000000e+00,0.000000000000000000e+00,-2.629523873329162598e-01,-1.293444917598042920e+00,-3.189049661159515381e-01,-7.048842906951904297e-01,2.690130472183227539e-01,1.180094734826360181e+00,5.076593756675720215e-01,3.741551041603088379e-01,-1.308850105851888657e-02,-5.265944171696901321e-03,-2.325861304998397827e-01,1.128171205520629883e+00,1.185398772358894348e-01,-1.198934391140937805e-01,-5.142911076545715332e-01,1.348804566077888012e-03,-1.399003565311431885e-01,8.403969407081604004e-01,-4.559386670589447021e-01,-9.471270255744457245e-03
-1.058417462122937178e-02,-1.944083055895236278e-02,4.868832712123792317e-01,9.964294433593750000e-01,-3.532580286264419556e-02,7.482060790061950684e-02,-1.680169254541397095e-02,0.000000000000000000e+00,0.000000000000000000e+00,-1.878116726875305176e-01,-1.304889903464589551e+00,-2.703802585601806641e-01,-6.677237749099731445e-01,1.462773084640502930e-01,1.197279409566197828e+00,5.168738365173339844e-01,3.813493251800537109e-01,-1.323279291391372681e-01,4.191226139664649963e-02,-2.054792642593383789e-01,1.389015436172485352e+00,-1.307365763932466507e-02,-8.794818073511123657e-02,-4.769046008586883545e-01,5.286416038870811462e-02,-1.630312949419021606e-01,9.159154295921325684e-01,-5.646370053291320801e-01,-3.920847922563552856e-02
1.793013777583837842e-02,-2.813014896483057720e-02,4.780453210903539696e-01,9.958234429359436035e-01,-5.113587900996208191e-02,7.146868854761123657e-02,-2.475931681692600250e-02,0.000000000000000000e+00,0.000000000000000000e+00,-9.605184942483901978e-02,-1.325503394999776319e+00,-2.267155349254608154e-01,-6.080442667007446289e-01,1.229588128626346588e-02,1.223441378274236158e+00,4.672480821609497070e-01,3.691006302833557129e-01,-2.919484078884124756e-01,9.654764086008071899e-02,-1.847838610410690308e-01,1.615593314170837402e+00,-1.274713426828384399e-01,-5.283365026116371155e-02,-4.099259376525878906e-01,1.076343581080436707e-01,-1.808955818414688110e-01,9.382302165031433105e-01,-6.379720568656921387e-01,-4.958401620388031006e-02
4.485293614885046271e-02,-3.529630656819791185e-02,4.753419091469712754e-01,9.958819746971130371e-01,-5.346313491463661194e-02,6.626227498054504395e-02,-3.114569187164306641e-02,0.000000000000000000e+00,0.000000000000000000e+00,1.824443601071834564e-02,-1.326685086884770826e+00,-2.516482472419738770e-01,-5.412971377372741699e-01,-1.031635701656341553e-01,1.250824854769978955e+00,3.529586791992187500e-01,3.414806723594665527e-01,-4.500087499618530273e-01,1.291559040546417236e-01,-1.428730636835098267e-01,1.743276596069335938e+00,-2.126796692609786987e-01,-2.764752507209777832e-02,-3.029049634933471680e-01,1.332319378852844238e-01,-1.804274022579193115e-01,9.010876417160034180e-01,-6.810358166694641113e-01,-4.440574347972869873e-02
7.521232356213862491e-02,-4.174783132866853597e-02,4.785290368232463232e-01,9.966498613357543945e-01,-3.440303727984428406e-02,6.438814103603363037e-02,-3.687253221869468689e-02,0.000000000000000000e+00,0.000000000000000000e+00,1.442336887121200562e-01,-1.290816203751836255e+00,-3.434241414070129395e-01,-4.933834969997406006e-01,-1.907481998205184937e-01,1.276566551127706006e+00,2.142932564020156860e-01,3.236725330352783203e-01,-5.869916081428527832e-01,1.206260025501251221e-01,-5.915303900837898254e-02,1.744226336479187012e+00,-2.642687857151031494e-01,-9.021208388730883598e-04,-1.807149946689605713e-01,1.104361936450004578e-01,-1.528920382261276245e-01,8.182057142257690430e-01,-6.969211101531982422e-01,-2.715887501835823059e-02
1.102799370181229560e-01,-4.756712728697393838e-02,4.873050280329254691e-01,9.971397519111633301e-01,-1.894225133582949638e-04,6.692914664745330811e-02,-3.511146456003189087e-02,0.000000000000000000e+00,0.000000000000000000e+00,2.637888491153717041e-01,-1.223176733651433423e+00,-4.466559290885925293e-01,-4.653751850128173828e-01,-2.447239309549331665e-01,1.292149857678685620e+00,8.971539884805679321e-02,3.258398473262786865e-01,-6.819913983345031738e-01,6.617707014083862305e-02,4.500136524438858032e-02,1.608829975128173828e+00,-2.674882709980010986e-01,2.856117114424705505e-02,-5.119156837463378906e-02,5.002804473042488098e-02,-1.230917945504188538e-01,6.855350136756896973e-01,-6.544454097747802734e-01,-7.205414120107889175e-03
1.491419380965332553e-01,-5.353593345317576857e-02,4.999483216802280139e-01,9.966348409652709961e-01,2.950343675911426544e-02,7.228071987628936768e-02,-2.497921511530876160e-02,0.000000000000000000e+00,0.000000000000000000e+00,3.638410270214080811e-01,-1.151371643939290479e+00,-5.308670997619628906e-01,-4.438048303127288818e-01,-2.639906704425811768e-01,1.288994030156407788e+00,-2.123995125293731689e-02,3.494071662425994873e-01,-7.330508232116699219e-01,-3.011044673621654510e-02,1.045993119478225708e-01,1.355263471603393555e+00,-2.186449766159057617e-01,2.335381694138050079e-02,7.092651724815368652e-02,-6.009239004924893379e-04,-1.120756193995475769e-01,5.350335836410522461e-01,-5.066651105880737305e-01,6.990783382207155228e-03
1.904243152133293093e-01,-6.007524932734669559e-02,5.133451794915729893e-01,9.960235357284545898e-01,4.178528115153312683e-02,7.793767750263214111e-02,-1.080267410725355148e-02,0.000000000000000000e+00,0.000000000000000000e+00,4.389838874340057373e-01,-1.101012335219655469e+00,-5.938479304313659668e-01,-4.247956871986389160e-01,-2.558114230632781982e-01,1.266776100793157056e+00,-1.263492107391357422e-01,3.866319358348846436e-01,-7.322738170623779297e-01,-1.381663978099822998e-01,7.760187983512878418e-02,1.012998580932617188e+00,-1.173328757286071777e-01,-3.947994112968444824e-02,1.584574729204177856e-01,-1.117558777332305908e-02,-1.155501008033752441e-01,4.355303943157196045e-01,-2.516400218009948730e-01,2.787998877465724945e-02
2.337535276181168520e-01,-6.808990626492435194e-02,5.244000388847458449e-01,9.963530302047729492e-01,3.337172418832778931e-02,7.851910591125488281e-02,1.306116464547812939e-03,0.000000000000000000e+00,0.000000000000000000e+00,4.827677905559539795e-01,-1.076642558970723584e+00,-6.342403292655944824e-01,-4.052962958812713623e-01,-2.284542471170425415e-01,1.237766013541493848e+00,-2.237868458032608032e-01,4.324357211589813232e-01,-6.709936857223510742e-01,-2.006505429744720459e-01,-2.078215405344963074e-02,6.421793699264526367e-01,1.508461404591798782e-02,-1.141456067562103271e-01,2.090787738561630249e-01,1.899134553968906403e-02,-1.181753426790237427e-01,4.121057391166687012e-01,2.340235933661460876e-02,5.263996124267578125e-02
2.756800613345372075e-01,-7.684438957315353758e-02,5.302376266568900043e-01,9.974217414855957031e-01,1.105139218270778656e-02,7.068324089050292969e-02,5.626075901091098785e-03,0.000000000000000000e+00,0.000000000000000000e+00,4.985552728176116943e-01,-1.085394934811864331e+00,-6.418994665145874023e-01,-3.883471786975860596e-01,-1.930979639291763306e-01,1.216572151580129102e+00,-3.024605214595794678e-01,4.737030267715454102e-01,-5.927122235298156738e-01,-1.817494332790374756e-01,-1.004211232066154480e-01,4.216928780078887939e-01,8.631181716918945312e-02,-1.421906799077987671e-01,2.087654918432235718e-01,7.385849207639694214e-02,-1.002914011478424072e-01,5.041136145591735840e-01,1.968495696783065796e-01,5.583630874752998352e-02
3.147730249621802368e-01,-8.458497223133844278e-02,5.299008109006617673e-01,9.981872439384460449e-01,5.068254657089710236e-03,5.943652242422103882e-02,7.988000288605690002e-03,0.000000000000000000e+00,0.000000000000000000e+00,4.763896465301513672e-01,-1.115840659537587598e+00,-6.091917753219604492e-01,-3.844687044620513916e-01,-1.646375656127929688e-01,1.214223311343465284e+00,-3.405054509639739990e-01,4.981405436992645264e-01,-5.327847599983215332e-01,-1.610963493585586548e-01,-8.539868891239166260e-02,4.136177301406860352e-01,8.083432912826538086e-02,-9.257728606462478638e-02,1.559190005064010620e-01,9.370259195566177368e-02,-7.054366171360015869e-02,7.033244371414184570e-01,1.780350208282470703e-01,8.790451288223266602e-02
3.532798629336887375e-01,-9.119463307989969514e-02,5.236718802981907839e-01,9.988670945167541504e-01,1.094211917370557785e-02,4.551159217953681946e-02,8.571032434701919556e-03,0.000000000000000000e+00,0.000000000000000000e+00,4.146563708782196045e-01,-1.152008608975682691e+00,-5.431495308876037598e-01,-3.968120515346527100e-01,-1.356343775987625122e-01,1.231201634803090528e+00,-3.358055055141448975e-01,4.984064698219299316e-01,-4.830191135406494141e-01,-1.626131683588027954e-01,-4.882853105664253235e-02,5.492909550666809082e-01,-2.680910192430019379e-02,1.125482190400362015e-02,8.350073546171188354e-02,4.301818832755088806e-02,-9.679738432168960571e-02,9.388465285301208496e-01,4.854711145162582397e-02,9.038478881120681763e-02
3.924633415043354834e-01,-9.737446912046937575e-02,5.118492797017097917e-01,9.994005560874938965e-01,1.788681559264659882e-02,2.933258190751075745e-02,4.264852497726678848e-03,0.000000000000000000e+00,0.000000000000000000e+00,3.165758550167083740e-01,-1.181871668496404126e+00,-4.664613604545593262e-01,-4.268481135368347168e-01,-8.829563111066818237e-02,1.260920689502034620e+00,-3.081116080284118652e-01,4.744969308376312256e-01,-4.278610050678253174e-01,-1.680357307195663452e-01,-2.316251769661903381e-02,7.253801822662353516e-01,-2.553614377975463867e-01,6.802501529455184937e-02,-1.014019455760717392e-02,-9.368366748094558716e-02,-1.715392619371414185e-01,1.193700790405273438e+00,-1.197724044322967529e-01,1.906930655241012573e-02
4.309316672053603026e-01,-1.037362034411894174e-01,5.003588095721271944e-01,9.993057250976562500e-01,3.059742227196693420e-02,2.108807489275932312e-02,-2.688078209757804871e-03,0.000000000000000000e+00,0.000000000000000000e+00,1.816529184579849243e-01,-1.197372213998113111e+00,-3.972283601760864258e-01,-4.678542315959930420e-01,-3.107840381562709808e-02,1.293739573159490064e+00,-2.863567173480987549e-01,4.323638379573822021e-01,-3.612493574619293213e-01,-1.845057159662246704e-01,-1.068371115252375603e-03,8.260232210159301758e-01,-4.054238498210906982e-01,8.698298037052154541e-02,-1.698894798755645752e-01,-2.340967506170272827e-01,-1.756977289915084839e-01,1.437323331832885742e+00,-2.604486346244812012e-01,-6.517930328845977783e-02
4.680143993679021230e-01,-1.101459114895098901e-01,4.941283037430710956e-01,9.991407990455627441e-01,3.397425636649131775e-02,1.935256831347942352e-02,-1.374384108930826187e-02,0.000000000000000000e+00,0.000000000000000000e+00,3.937685117125511169e-02,-1.197240517535481885e+00,-3.596370518207550049e-01,-4.987656772136688232e-01,4.703729599714279175e-02,1.317326114573750928e+00,-2.888741493225097656e-01,3.807697892189025879e-01,-2.656106352806091309e-01,-1.737498044967651367e-01,7.421425078064203262e-03,8.422526717185974121e-01,-5.083973407745361328e-01,9.146745502948760986e-02,-3.697220981121063232e-01,-2.768180668354034424e-01,-1.238765493035316467e-01,1.569204449653625488e+00,-3.323419690132141113e-01,-9.934623539447784424e-02
5.036507504019472892e-01,-1.166885444273551564e-01,4.942212421115902421e-01,9.991096258163452148e-01,2.655894681811332703e-02,2.303618565201759338e-02,-2.332178130745887756e-02,0.000000000000000000e+00,0.000000000000000000e+00,-8.544662594795227051e-02,-1.196065739789281324e+00,-3.654025197029113770e-01,-5.074788331985473633e-01,1.365978866815567017e-01,1.324625984826360181e+00,-3.074123561382293701e-01,3.354631960391998291e-01,-1.481705456972122192e-01,-1.386816203594207764e-01,2.732375869527459145e-04,7.776154875755310059e-01,-5.541714429855346680e-01,8.462912589311599731e-02,-5.530760884284973145e-01,-2.361276745796203613e-01,-8.317780494689941406e-02,1.547118425369262695e+00,-3.467180430889129639e-01,-7.900360971689224243e-02
5.437715695715613640e-01,-1.242321530791620637e-01,5.015302126854659370e-01,9.989035725593566895e-01,1.676804944872856140e-02,3.184540942311286926e-02,-2.993782050907611847e-02,0.000000000000000000e+00,0.000000000000000000e+00,-1.765342801809310913e-01,-1.199456677832875684e+00,-4.050552248954772949e-01,-4.956973493099212646e-01,2.247094511985778809e-01,1.316368834176335767e+00,-3.164177536964416504e-01,3.093849718570709229e-01,-2.742402255535125732e-02,-9.934881329536437988e-02,-9.318570606410503387e-03,6.575807332992553711e-01,-4.935876429080963135e-01,7.937608659267425537e-02,-6.758964657783508301e-01,-1.767571270465850830e-01,-7.729618251323699951e-02,1.389565825462341309e+00,-3.275556862354278564e-01,-2.913005277514457703e-02
5.888188493003448931e-01,-1.328895075122515645e-01,5.136020625962152142e-01,9.984042048454284668e-01,8.139528334140777588e-03,4.193163290619850159e-02,-3.693915903568267822e-02,0.000000000000000000e+00,0.000000000000000000e+00,-2.310875505208969116e-01,-1.207560108104024366e+00,-4.677961766719818115e-01,-4.814940989017486572e-01,3.087052702903747559e-01,1.301979945102010205e+00,-3.061519563198089600e-01,3.013252019882202148e-01,7.020537555217742920e-02,-6.446626782417297363e-02,-1.244960632175207138e-02,5.614612698554992676e-01,-3.169077336788177490e-01,7.675103843212127686e-02,-7.202861309051513672e-01,-1.245200335979461670e-01,-8.961369842290878296e-02,1.121416687965393066e+00,-2.675366699695587158e-01,3.458191826939582825e-02
6.364075349768003598e-01,-1.419782821751303381e-01,5.259322092764908696e-01,9.980052113533020020e-01,2.637811470776796341e-03,4.567887261509895325e-02,-4.349832236766815186e-02,0.000000000000000000e+00,0.000000000000000000e+00,-2.526341080665588379e-01,-1.223446355262074903e+00,-5.377043485641479492e-01,-4.747402071952819824e-01,3.930342495441436768e-01,1.294286863007817701e+00,-2.911341488361358643e-01,3.058827221393585205e-01,1.369037032127380371e-01,-3.679995611310005188e-02,-5.499189719557762146e-03,5.341655015945434570e-01,-8.241422474384307861e-02,7.168851047754287720e-02,-6.814927458763122559e-01,-7.241828739643096924e-02,-9.374831616878509521e-02,7.890605330467224121e-01,-1.673551052808761597e-01,9.663835912942886353e-02
6.834535752899117966e-01,-1.503846707008779371e-01,5.357983784543144390e-01,9.980384111404418945e-01,9.924054145812988281e-03,4.107161983847618103e-02,-4.619429260492324829e-02,0.000000000000000000e+00,0.000000000000000000e+00,-2.538107633590698242e-01,-1.244701759019170240e+00,-6.001195311546325684e-01,-4.852751493453979492e-01,4.703997075557708740e-01,1.294167653718266919e+00,-2.843809723854064941e-01,3.106330037117004395e-01,1.721400469541549683e-01,-4.222590476274490356e-02,-5.676461849361658096e-03,5.638560056686401367e-01,1.731033325195312500e-01,6.187830865383148193e-02,-5.973112583160400391e-01,-5.509332194924354553e-02,-8.878577500581741333e-02,4.913835823535919189e-01,-6.979952752590179443e-02,1.407572627067565918e-01
7.273845444454088982e-01,-1.588133749365806813e-01,5.396644287887547575e-01,9.982097148895263672e-01,2.472794428467750549e-02,3.154608234763145447e-02,-4.439317435026168823e-02,0.000000000000000000e+00,0.000000000000000000e+00,-2.485241889953613281e-01,-1.270987049737248853e+00,-6.358920931816101074e-01,-5.116892457008361816e-01,5.310370326042175293e-01,1.302253113189015821e+00,-2.897714376449584961e-01,3.131090700626373291e-01,1.870186775922775269e-01,-7.662624120712280273e-02,-2.194261550903320312e-02,6.394928097724914551e-01,3.085507154464721680e-01,2.542583271861076355e-02,-5.146338939666748047e-01,-7.100332528352737427e-02,-8.854711055755615234e-02,3.318037390708923340e-01,-8.911569602787494659e-03,1.595987230539321899e-01
7.698413438598316061e-01,-1.668470810084707601e-01,5.372697208656206369e-01,9.983286857604980469e-01,3.302506357431411743e-02,2.098453976213932037e-02,-4.253017902374267578e-02,0.000000000000000000e+00,0.000000000000000000e+00,-2.322739809751510620e-01,-1.301034824052129224e+00,-6.349547505378723145e-01,-5.461769104003906250e-01,5.577643513679504395e-01,1.313840703168187574e+00,-2.917759120464324951e-01,3.178664147853851318e-01,1.691569536924362183e-01,-1.055427938699722290e-01,-3.164811059832572937e-02,7.911638617515563965e-01,2.722341418266296387e-01,-1.598472334444522858e-02,-4.582704305648803711e-01,-8.301632106304168701e-02,-9.102674573659896851e-02,3.406588137149810791e-01,2.530254237353801727e-02,1.561073362827301025e-01
8.156603230535985904e-01,-1.764696656291683818e-01,5.286683778547579537e-01,9.986434578895568848e-01,2.487951330840587616e-02,1.255785673856735229e-02,-4.398369416594505310e-02,0.000000000000000000e+00,0.000000000000000000e+00,-1.914398670196533203e-01,-1.328095451989446119e+00,-6.028558611869812012e-01,-5.731683969497680664e-01,5.297988653182983398e-01,1.314043478169713453e+00,-2.797712087631225586e-01,3.309846520423889160e-01,9.650763869285583496e-02,-7.209859788417816162e-02,-3.553385031409561634e-04,1.024520635604858398e+00,1.169992387294769287e-01,-1.819588802754878998e-02,-4.369517862796783447e-01,-5.195555463433265686e-02,-7.320522516965866089e-02,5.055770874023437500e-01,-2.645226009190082550e-02,4.446990787982940674e-02
8.568441778255835306e-01,-1.859318295783466968e-01,5.142344958749083261e-01,9.989622235298156738e-01,7.841647602617740631e-03,2.387914108112454414e-03,-4.480166733264923096e-02,0.000000000000000000e+00,0.000000000000000000e+00,-1.275229901075363159e-01,-1.344849468269620374e+00,-5.467970371246337891e-01,-5.896183848381042480e-01,4.670842289924621582e-01,1.306624339022908643e+00,-2.661938369274139404e-01,3.479657769203186035e-01,-1.270708721131086349e-02,1.280262414366006851e-02,2.650089003145694733e-02,1.286474466323852539e+00,-3.488216549158096313e-02,-7.768961368128657341e-04,-3.906919658184051514e-01,-6.777892354875802994e-03,-9.703990072011947632e-02,6.837838292121887207e-01,-2.908306717872619629e-01,-4.741650819778442383e-02
8.953608104752170949e-01,-1.947549968047274926e-01,5.020205120576753943e-01,9.988479018211364746e-01,-1.233835797756910324e-02,-3.956069704145193100e-03,-4.620618745684623718e-02,0.000000000000000000e+00,0.000000000000000000e+00,-4.988110810518264771e-02,-1.345425249138150647e+00,-4.747266769409179688e-01,-5.820052027702331543e-01,3.400315046310424805e-01,1.287145630517278150e+00,-2.312878221273422241e-01,3.729338645935058594e-01,-1.687301844358444214e-01,7.952851057052612305e-02,1.206178683787584305e-02,1.506510734558105469e+00,-1.440031826496124268e-01,1.815287210047245026e-02,-3.266932964324951172e-01,4.508080333471298218e-02,-1.297024190425872803e-01,7.936521172523498535e-01,-4.579350948333740234e-01,-7.717219740152359009e-02
9.344762715697290112e-01,-2.022271043062210394e-01,4.960887338138290081e-01,9.987320899963378906e-01,-1.161178480833768845e-02,-1.097493991255760193e-02,-4.773934930562973022e-02,0.000000000000000000e+00,0.000000000000000000e+00,4.764891415834426880e-02,-1.327855826416287854e+00,-4.177851378917694092e-01,-5.538621544837951660e-01,1.866654157638549805e-01,1.265244172015462354e+00,-2.007476985454559326e-01,3.897246718406677246e-01,-3.230439126491546631e-01,7.542358338832855225e-02,1.233944855630397797e-02,1.603553295135498047e+00,-1.988404989242553711e-01,3.986494988203048706e-02,-2.193181067705154419e-01,5.233285576105117798e-02,-1.325374245643615723e-01,8.243240714073181152e-01,-5.662716031074523926e-01,-6.942700594663619995e-02
9.774215527872246456e-01,-2.096031229860253198e-01,4.954956811997626720e-01,9.986857175827026367e-01,6.663370295427739620e-04,-1.302145235240459442e-02,-4.956695064902305603e-02,0.000000000000000000e+00,0.000000000000000000e+00,1.579196453094482422e-01,-1.290383205809865430e+00,-4.382755458354949951e-01,-5.150817632675170898e-01,7.408888638019561768e-02,1.260143862166676954e+00,-2.380470633506774902e-01,3.832829892635345459e-01,-4.604171812534332275e-01,5.427595227956771851e-02,4.298957064747810364e-02,1.568560123443603516e+00,-2.173616141080856323e-01,6.301018595695495605e-02,-9.285892546176910400e-02,3.512381762266159058e-02,-1.237046271562576294e-01,7.833101153373718262e-01,-6.192934513092041016e-01,-5.473269149661064148e-02
1.022418748388687959e+00,-2.169156479173236785e-01,5.009840129646990770e-01,9.984977841377258301e-01,1.804115995764732361e-02,-8.067080751061439514e-03,-5.110423266887664795e-02,0.000000000000000000e+00,0.000000000000000000e+00,2.802690863609313965e-01,-1.240011529126439527e+00,-5.336132645606994629e-01,-4.712245762348175049e-01,4.569570999592542648e-03,1.266503647961888745e+00,-3.144545555114746094e-01,3.642137050628662109e-01,-5.503284335136413574e-01,9.811514057219028473e-03,8.016230911016464233e-02,1.393080115318298340e+00,-2.009233981370925903e-01,7.062064856290817261e-02,3.348334878683090210e-02,6.900705397129058838e-03,-1.101283580064773560e-01,6.892532706260681152e-01,-5.885143280029296875e-01,-4.441766813397407532e-02
1.068921941386328900e+00,-2.241044771712687733e-01,5.115984551608563358e-01,9.983302950859069824e-01,3.342663124203681946e-02,6.846564356237649918e-04,-4.710425436496734619e-02,0.000000000000000000e+00,0.000000000000000000e+00,4.037930965423583984e-01,-1.197023944058690503e+00,-6.423648595809936523e-01,-4.278817176818847656e-01,-3.143399953842163086e-02,1.269621447720799878e+00,-3.940933048725128174e-01,3.456932604312896729e-01,-5.777496099472045898e-01,-5.626869201660156250e-02,9.174234420061111450e-02,1.080910921096801758e+00,-1.279581785202026367e-01,4.129294678568840027e-02,1.423931270837783813e-01,-1.914598792791366577e-02,-1.057185083627700806e-01,5.945078730583190918e-01,-4.445671737194061279e-01,-3.213148564100265503e-02
1.117520831988917607e+00,-2.318953862993254067e-01,5.231493493666252714e-01,9.986255764961242676e-01,3.514264523983001709e-02,9.097941219806671143e-03,-3.780454397201538086e-02,0.000000000000000000e+00,0.000000000000000000e+00,5.141549706459045410e-01,-1.172032670178685620e+00,-7.286844849586486816e-01,-3.898986876010894775e-01,-3.541791439056396484e-02,1.261643395819936231e+00,-4.637251794338226318e-01,3.381064236164093018e-01,-5.468211174011230469e-01,-1.110096499323844910e-01,5.551548302173614502e-02,6.716654300689697266e-01,1.945779286324977875e-02,-1.904476992785930634e-02,2.149841934442520142e-01,-1.776888594031333923e-02,-1.201957315206527710e-01,5.519855618476867676e-01,-2.027490884065628052e-01,-1.530789677053689957e-02
1.167038766327831656e+00,-2.404219666330351113e-01,5.315487806416221428e-01,9.992517828941345215e-01,1.565019786357879639e-02,1.280230749398469925e-02,-3.297171369194984436e-02,0.000000000000000000e+00,0.000000000000000000e+00,5.945292711257934570e-01,-1.170704827704701856e+00,-7.792315483093261719e-01,-3.597004413604736328e-01,-1.472133491188287735e-02,1.250566438832555249e+00,-5.135247707366943359e-01,3.492520153522491455e-01,-4.716434180736541748e-01,-1.133653819561004639e-01,-2.367260307073593140e-02,2.820249795913696289e-01,1.877240389585494995e-01,-1.044298484921455383e-01,2.531203031539916992e-01,2.580893971025943756e-02,-1.283859014511108398e-01,5.606114864349365234e-01,6.053923815488815308e-02,5.357535555958747864e-03
1.216346508893701994e+00,-2.487203410640359269e-01,5.347102200074329570e-01,9.993185400962829590e-01,-5.978298839181661606e-03,1.219150610268115997e-02,-3.432392328977584839e-02,0.000000000000000000e+00,0.000000000000000000e+00,6.394692063331604004e-01,-1.193775014081273511e+00,-7.900626659393310547e-01,-3.441458642482757568e-01,2.948943292722105980e-03,1.245376066365514234e+00,-5.304721593856811523e-01,3.820316791534423828e-01,-4.191091060638427734e-01,-7.356700301170349121e-02,-5.218977481126785278e-02,1.235966458916664124e-01,2.395146787166595459e-01,-1.347569674253463745e-01,2.392954826354980469e-01,6.480901688337326050e-02,-1.211749762296676636e-01,6.697897911071777344e-01,2.068753689527511597e-01,4.479344934225082397e-02
1.264263528337081555e+00,-2.555748991585440333e-01,5.324691168715557366e-01,9.993176460266113281e-01,-6.298501510173082352e-03,6.741752382367849350e-03,-3.576552495360374451e-02,0.000000000000000000e+00,0.000000000000000000e+00,6.277710795402526855e-01,-1.224425719180379346e+00,-7.538084983825683594e-01,-3.453177213668823242e-01,1.527370605617761612e-02,1.253171817460332349e+00,-4.956839382648468018e-01,4.190813601016998291e-01,-3.995969295501708984e-01,-7.575836032629013062e-02,-3.596119582653045654e-02,1.949011832475662231e-01,2.139569818973541260e-01,-1.094709858298301697e-01,1.783981323242187500e-01,2.960693836212158203e-02,-1.489251703023910522e-01,8.870003819465637207e-01,1.435156017541885376e-01,5.915324017405509949e-02
1.308140535884433575e+00,-2.602771524671051440e-01,5.241503452757995118e-01,9.992367625236511230e-01,7.353276014328002930e-03,-4.557054024189710617e-03,-3.809267282485961914e-02,0.000000000000000000e+00,0.000000000000000000e+00,5.705554485321044922e-01,-1.249658213057790235e+00,-6.745012402534484863e-01,-3.581322431564331055e-01,2.251006662845611572e-02,1.270144448676381543e+00,-4.150677621364593506e-01,4.467113316059112549e-01,-4.118082523345947266e-01,-1.094536408782005310e-01,-2.352430950850248337e-03,4.528325200080871582e-01,6.669212132692337036e-02,2.632649987936019897e-02,1.031290963292121887e-01,-1.056315079331398010e-01,-2.214449644088745117e-01,1.145121574401855469e+00,-9.778762236237525940e-03,1.033282745629549026e-02
1.349991559700833621e+00,-2.655757704046037837e-01,5.116073410544131894e-01,9.986440539360046387e-01,2.168474905192852020e-02,-1.888856291770935059e-02,-4.339370504021644592e-02,0.000000000000000000e+00,0.000000000000000000e+00,4.610984027385711670e-01,-1.258749858536992505e+00,-5.679481625556945801e-01,-3.843282461166381836e-01,5.167236924171447754e-02,1.288607434430394605e+00,-3.280177712440490723e-01,4.572278261184692383e-01,-3.838636875152587891e-01,-1.407651454210281372e-01,3.019216284155845642e-02,6.926243901252746582e-01,-1.941782981157302856e-01,9.311085939407348633e-02,-6.631348514929413795e-04,-2.607693970203399658e-01,-2.480305731296539307e-01,1.401476621627807617e+00,-1.583684384822845459e-01,-6.664980202913284302e-02
1.390296438038349347e+00,-2.716826411419445142e-01,5.022995291153591335e-01,9.974808096885681152e-01,3.941440954804420471e-02,-2.567812614142894745e-02,-5.309535935521125793e-02,0.000000000000000000e+00,0.000000000000000000e+00,3.124054372310638428e-01,-1.248092339434895948e+00,-4.530441462993621826e-01,-4.229429364204406738e-01,9.423031657934188843e-02,1.308041260638509229e+00,-2.614316344261169434e-01,4.458841383457183838e-01,-3.097828328609466553e-01,-1.717932075262069702e-01,6.246271729469299316e-02,7.945091128349304199e-01,-3.509380817413330078e-01,1.102913543581962585e-01,-1.786952018737792969e-01,-3.379389941692352295e-01,-1.713157445192337036e-01,1.588303804397583008e+00,-2.685427069664001465e-01,-9.924063831567764282e-02
1.432055937151114344e+00,-2.784566607284877371e-01,4.986837782462438806e-01,9.968518018722534180e-01,3.637922927737236023e-02,-2.566700428724288940e-02,-6.560667604207992554e-02,0.000000000000000000e+00,0.000000000000000000e+00,1.688236892223358154e-01,-1.227346197762761548e+00,-3.898330628871917725e-01,-4.501350820064544678e-01,1.619336456060409546e-01,1.315804735818181470e+00,-2.405557781457901001e-01,4.269037544727325439e-01,-2.008456885814666748e-01,-1.545444130897521973e-01,6.884469836950302124e-02,8.079826831817626953e-01,-4.646902084350585938e-01,1.060826405882835388e-01,-3.615532517433166504e-01,-3.100385367870330811e-01,-1.166766956448554993e-01,1.631063699722290039e+00,-3.160766959190368652e-01,-1.040954440832138062e-01
1.477061857084433605e+00,-2.867460078994433781e-01,5.009329998575979825e-01,9.970045089721679688e-01,2.803089283406734467e-02,-1.720406301319599152e-02,-7.000211626291275024e-02,0.000000000000000000e+00,0.000000000000000000e+00,4.675571620464324951e-02,-1.216517762341771558e+00,-3.978738188743591309e-01,-4.525775313377380371e-01,2.537082135677337646e-01,1.303908453383717969e+00,-2.724784612655639648e-01,4.121751785278320312e-01,-8.399974554777145386e-02,-1.330467015504837036e-01,5.330920591950416565e-02,7.412765622138977051e-01,-4.972257018089294434e-01,9.837120771408081055e-02,-5.139693617820739746e-01,-2.536637187004089355e-01,-1.096784323453903198e-01,1.529860854148864746e+00,-3.208923935890197754e-01,-7.821423560380935669e-02
1.523951263328393591e+00,-2.959124735453063093e-01,5.096285333401627815e-01,9.974794983863830566e-01,1.903413794934749603e-02,-5.169340409338474274e-03,-6.815936416387557983e-02,0.000000000000000000e+00,0.000000000000000000e+00,-4.654651507735252380e-02,-1.212111310162816480e+00,-4.455912411212921143e-01,-4.419608712196350098e-01,3.567339777946472168e-01,1.275269077220235303e+00,-3.173541724681854248e-01,4.016268253326416016e-01,3.049375489354133606e-02,-1.104384511709213257e-01,2.692357078194618225e-02,6.388093829154968262e-01,-4.150168895721435547e-01,9.406319260597229004e-02,-5.933594107627868652e-01,-1.982553154230117798e-01,-1.409624218940734863e-01,1.295149087905883789e+00,-2.967266142368316650e-01,-3.210871666669845581e-02
1.572390530970361855e+00,-3.053954587587052738e-01,5.214329986357028046e-01,9.976435899734497070e-01,1.124779973179101944e-02,4.932796582579612732e-03,-6.750072538852691650e-02,0.000000000000000000e+00,0.000000000000000000e+00,-1.076938956975936890e-01,-1.211436376967702344e+00,-5.052167177200317383e-01,-4.390240609645843506e-01,4.622207283973693848e-01,1.242712453999791578e+00,-3.528819382190704346e-01,3.942608535289764404e-01,1.274227648973464966e-01,-8.433410525321960449e-02,1.102898176759481430e-02,5.600809454917907715e-01,-2.366717606782913208e-01,8.026800304651260376e-02,-5.906671285629272461e-01,-1.377970129251480103e-01,-1.715864539146423340e-01,9.505433440208435059e-01,-2.401518821716308594e-01,1.771533675491809845e-02
1.622205011811521658e+00,-3.142793327942491333e-01,5.327448219143683383e-01,9.975639581680297852e-01,1.514717936515808105e-02,6.354547571390867233e-03,-6.779632717370986938e-02,0.000000000000000000e+00,0.000000000000000000e+00,-1.446831375360488892e-01,-1.208754853406224683e+00,-5.607028007507324219e-01,-4.476222395896911621e-01,5.664253234863281250e-01,1.218773142495427564e+00,-3.804066181182861328e-01,3.862301111221313477e-01,2.033130526542663574e-01,-8.664641529321670532e-02,-3.764222376048564911e-03,5.223039388656616211e-01,1.579594798386096954e-02,5.072703212499618530e-02,-5.196549296379089355e-01,-8.434686064720153809e-02,-1.591791808605194092e-01,5.629043579101562500e-01,-1.490705609321594238e-01,8.039677888154983521e-02
1.670990829302205327e+00,-3.231170405737228690e-01,5.397915374570423364e-01,9.973285198211669922e-01,3.464509919285774231e-02,3.019594878423959017e-04,-6.430707126855850220e-02,0.000000000000000000e+00,0.000000000000000000e+00,-1.633117049932479858e-01,-1.203129724660191968e+00,-6.180192828178405762e-01,-4.673031866550445557e-01,6.541208624839782715e-01,1.209980980553899244e+00,-4.103734195232391357e-01,3.772425353527069092e-01,2.500658333301544189e-01,-1.257217228412628174e-01,-2.338825352489948273e-02,5.281442403793334961e-01,2.715272307395935059e-01,-1.044367905706167221e-02,-4.390985071659088135e-01,-8.599564433097839355e-02,-1.399358361959457397e-01,2.781631648540496826e-01,-8.698224276304244995e-02,1.143847554922103882e-01
1.716953679190742044e+00,-3.319413387320108710e-01,5.404325335058901558e-01,9.968159794807434082e-01,5.231690406799316406e-02,-7.597696501761674881e-03,-5.969221517443656921e-02,0.000000000000000000e+00,0.000000000000000000e+00,-1.719288825988769531e-01,-1.198318467536244825e+00,-6.695214509963989258e-01,-4.917754530906677246e-01,6.968341469764709473e-01,1.215829239287648633e+00,-4.304071664810180664e-01,3.692514896392822266e-01,2.595478892326354980e-01,-1.563250720500946045e-01,-1.875150017440319061e-02,6.232281923294067383e-01,3.449999999999999734e-01,-5.938167124986648560e-02,-3.835598528385162354e-01,-1.076942458748817444e-01,-1.391939222812652588e-01,1.671770811080932617e-01,-7.267795503139495850e-02,1.164252683520317078e-01
1.762528942558500900e+00,-3.406755864371856513e-01,5.360153558188015532e-01,9.965847134590148926e-01,5.500473082065582275e-02,-1.432768069207668304e-02,-5.990044027566909790e-02,0.000000000000000000e+00,0.000000000000000000e+00,-1.585770249366760254e-01,-1.201002136864934400e+00,-6.947463750839233398e-01,-5.161487460136413574e-01,6.739506721496582031e-01,1.227879361310277417e+00,-4.142278730869293213e-01,3.672245144844055176e-01,2.168725281953811646e-01,-1.301226913928985596e-01,3.352495655417442322e-02,8.282551765441894531e-01,2.753961086273193359e-01,-4.973690584301948547e-02,-3.618041872978210449e-01,-1.037907302379608154e-01,-1.317694336175918579e-01,2.218404412269592285e-01,-8.900532871484756470e-02,7.781435549259185791e-02
1.806929167674647729e+00,-3.492821802033319045e-01,5.259518390231663343e-01,9.969217181205749512e-01,4.084296897053718567e-02,-1.985156722366809845e-02,-6.391333043575286865e-02,0.000000000000000000e+00,0.000000000000000000e+00,-1.128506511449813843e-01,-1.212609008946690992e+00,-6.840905547142028809e-01,-5.376361012458801270e-01,5.821630954742431641e-01,1.237199232974324659e+00,-3.498019278049468994e-01,3.708501458168029785e-01,1.356037706136703491e-01,-3.254915401339530945e-02,9.516616165637969971e-02,1.086802005767822266e+00,1.068314835429191589e-01,-1.190285664051771164e-03,-3.806912600994110107e-01,-6.229603663086891174e-02,-1.120810061693191528e-01,4.253312945365905762e-01,-9.111053496599197388e-02,-3.556350944563746452e-03
1.853171034620868074e+00,-3.590089216331641686e-01,5.107576476782561548e-01,9.971545338630676270e-01,1.787749864161014557e-02,-2.906538359820842743e-02,-6.721948087215423584e-02,0.000000000000000000e+00,0.000000000000000000e+00,-3.809174895286560059e-02,-1.224722788729939893e+00,-6.331149935722351074e-01,-5.405839085578918457e-01,4.529509544372558594e-01,1.234593407311711744e+00,-2.504750192165374756e-01,3.919527232646942139e-01,2.993937581777572632e-02,1.110556051135063171e-01,1.320650279521942139e-01,1.350578427314758301e+00,-5.326517298817634583e-02,5.713301151990890503e-02,-3.981682956218719482e-01,-8.599330671131610870e-03,-1.190191134810447693e-01,6.972762346267700195e-01,-2.677758038043975830e-01,-9.789378941059112549e-02
1.897498233848148308e+00,-3.684878678040372502e-01,4.982383526364962956e-01,9.967139959335327148e-01,-7.648691534996032715e-03,-3.618957102298736572e-02,-7.206296175718307495e-02,0.000000000000000000e+00,0.000000000000000000e+00,7.292957603931427002e-02,-1.245327607789311841e+00,-5.618951916694641113e-01,-5.089936852455139160e-01,2.638442218303680420e-01,1.213147030272756055e+00,-1.367159783840179443e-01,4.335008859634399414e-01,-1.238453537225723267e-01,1.955434978008270264e-01,8.927917480468750000e-02,1.567116975784301758e+00,-1.737307757139205933e-01,9.189938753843307495e-02,-3.473722636699676514e-01,4.755112156271934509e-02,-1.513166874647140503e-01,8.458124399185180664e-01,-4.427256584167480469e-01,-1.144766807556152344e-01
1.938103374607033524e+00,-3.762431525770161822e-01,4.914888298428721769e-01,9.964873194694519043e-01,-8.063765242695808411e-03,-4.126273840665817261e-02,-7.242520153522491455e-02,0.000000000000000000e+00,0.000000000000000000e+00,1.952704042196273804e-01,-1.266871498027120069e+00,-5.100197792053222656e-01,-4.618623852729797363e-01,7.534880936145782471e-02,1.191913143792424634e+00,-9.134023636579513550e-02,4.609071016311645508e-01,-2.914784848690032959e-01,1.641988307237625122e-01,4.037776216864585876e-02,1.667185306549072266e+00,-2.309979498386383057e-01,1.058502197265625000e-01,-2.507554590702056885e-01,5.069518834352493286e-02,-1.584470719099044800e-01,9.046478867530822754e-01,-5.735156536102294922e-01,-9.800714999437332153e-02
1.979764159520467581e+00,-3.840282858742608552e-01,4.901127280543248754e-01,9.964932203292846680e-01,1.861971104517579079e-03,-4.106320068240165710e-02,-7.288081198930740356e-02,0.000000000000000000e+00,0.000000000000000000e+00,3.063525557518005371e-01,-1.269149468341145948e+00,-5.299077630043029785e-01,-4.176217615604400635e-01,-5.249852314591407776e-02,1.188667313256535962e+00,-1.442360579967498779e-01,4.493501484394073486e-01,-4.395638704299926758e-01,1.138240247964859009e-01,2.870679832994937897e-02,1.642873644828796387e+00,-2.587240934371948242e-01,1.114792004227638245e-01,-1.280288845300674438e-01,3.562154248356819153e-02,-1.544887721538543701e-01,8.795033693313598633e-01,-6.503556370735168457e-01,-7.461950182914733887e-02
2.022947501904435175e+00,-3.924258187992705760e-01,4.949710095756584827e-01,9.965221881866455078e-01,1.543921511620283127e-02,-3.628024458885192871e-02,-7.340896129608154297e-02,0.000000000000000000e+00,0.000000000000000000e+00,4.032441079616546631e-01,-1.253881082930837110e+00,-5.876367688179016113e-01,-3.868917226791381836e-01,-1.323139816522598267e-01,1.196726695695195630e+00,-2.278913706541061401e-01,4.169123470783233643e-01,-5.341969728469848633e-01,6.677668541669845581e-02,5.177782103419303894e-02,1.488738656044006348e+00,-2.620072066783905029e-01,1.223452016711235046e-01,1.244804915040731430e-02,1.522862352430820465e-02,-1.477560847997665405e-01,7.770911455154418945e-01,-6.497992277145385742e-01,-5.719442293047904968e-02
2.068546030157142557e+00,-4.006701508412759405e-01,5.049915105683936423e-01,9.968318939208984375e-01,2.947830595076084137e-02,-2.923833951354026794e-02,-6.784047931432723999e-02,0.000000000000000000e+00,0.000000000000000000e+00,4.828596115112304688e-01,-1.233398453393254712e+00,-6.420469880104064941e-01,-3.686586916446685791e-01,-1.721554249525070190e-01,1.207611546912465528e+00,-3.115789890289306641e-01,3.871874213218688965e-01,-5.632843971252441406e-01,9.974383749067783356e-03,8.298100531101226807e-02,1.210214376449584961e+00,-2.308548986911773682e-01,1.131340488791465759e-01,1.555574685335159302e-01,-7.224214263260364532e-03,-1.499394476413726807e-01,6.452888250350952148e-01,-5.450853705406188965e-01,-3.784099221229553223e-02
2.117182564636071795e+00,-4.092918506264687228e-01,5.169809640116163063e-01,9.976056218147277832e-01,3.481419384479522705e-02,-2.123070880770683289e-02,-5.585904791951179504e-02,0.000000000000000000e+00,0.000000000000000000e+00,5.505508184432983398e-01,-1.216740564503941968e+00,-6.827129125595092773e-01,-3.555561602115631104e-01,-1.799173057079315186e-01,1.215088383355412915e+00,-3.910928964614868164e-01,3.799272477626800537e-01,-5.347962975502014160e-01,-5.638775601983070374e-02,7.836154103279113770e-02,8.257337212562561035e-01,-1.447865813970565796e-01,6.721354275941848755e-02,2.597676813602447510e-01,-9.454874321818351746e-03,-1.616348326206207275e-01,5.608684420585632324e-01,-3.222791254520416260e-01,-1.469025574624538422e-02
2.169471362928550029e+00,-4.196576897551616558e-01,5.265797081838052840e-01,9.985388517379760742e-01,2.470591850578784943e-02,-1.539520453661680222e-02,-4.552682861685752869e-02,0.000000000000000000e+00,0.000000000000000000e+00,5.993188619613647461e-01,-1.210264460244451001e+00,-7.073259949684143066e-01,-3.402578830718994141e-01,-1.658074259757995605e-01,1.218235627808843091e+00,-4.609743654727935791e-01,4.025894999504089355e-01,-4.554260373115539551e-01,-1.028011888265609741e-01,1.501078438013792038e-02,3.941821455955505371e-01,-1.136809960007667542e-02,3.893950022757053375e-03,3.169770240783691406e-01,2.189903520047664642e-02,-1.541117876768112183e-01,5.437772870063781738e-01,-4.884880781173706055e-02,1.889248006045818329e-02
2.222366340723302969e+00,-4.308695871217383955e-01,5.313484037419161643e-01,9.989861845970153809e-01,-2.612735843285918236e-04,-1.386147271841764450e-02,-4.282870888710021973e-02,0.000000000000000000e+00,0.000000000000000000e+00,6.338393688201904297e-01,-1.223450855412755445e+00,-7.130252718925476074e-01,-3.271421492099761963e-01,-1.516118794679641724e-01,1.217361525693211988e+00,-5.180442333221435547e-01,4.523124098777770996e-01,-3.848263323307037354e-01,-8.655041456222534180e-02,-5.583065375685691833e-02,1.280503720045089722e-01,4.992144927382469177e-02,-4.130957275629043579e-02,3.305030763149261475e-01,8.292311429977416992e-02,-1.224017292261123657e-01,5.996708869934082031e-01,1.786514669656753540e-01,8.140639215707778931e-02
2.273762995302677670e+00,-4.410362610634830927e-01,5.306957348601686331e-01,9.989615678787231445e-01,-1.110663823783397675e-02,-1.554242335259914398e-02,-4.136149957776069641e-02,0.000000000000000000e+00,0.000000000000000000e+00,6.292257308959960938e-01,-1.249515400328908399e+00,-6.847063899040222168e-01,-3.188002705574035645e-01,-1.411174237728118896e-01,1.215812162556920484e+00,-5.457293391227722168e-01,5.063492655754089355e-01,-3.702225983142852783e-01,-8.601401746273040771e-02,-8.626934885978698730e-02,1.241392120718955994e-01,4.299836233258247375e-02,-3.652353957295417786e-02,2.850940823554992676e-01,8.784151822328567505e-02,-1.309260725975036621e-01,7.857392430305480957e-01,1.976470351219177246e-01,9.643047302961349487e-02
2.321052266756693960e+00,-4.497866851339738514e-01,5.239139401167631771e-01,9.990668892860412598e-01,-2.969176974147558212e-03,-1.983108930289745331e-02,-3.825299441814422607e-02,0.000000000000000000e+00,0.000000000000000000e+00,5.743717551231384277e-01,-1.274228946366582349e+00,-6.166912913322448730e-01,-3.184975087642669678e-01,-1.269223242998123169e-01,1.214215592541966870e+00,-5.356947779655456543e-01,5.387330055236816406e-01,-3.819796144962310791e-01,-1.217000260949134827e-01,-8.091837167739868164e-02,2.823497354984283447e-01,4.803099483251571655e-02,3.405098570510745049e-03,2.133238762617111206e-01,-1.329929940402507782e-02,-2.146994769573211670e-01,1.032750129699707031e+00,6.500912457704544067e-02,4.954676702618598938e-02
2.365097217692269549e+00,-4.572056388358275991e-01,5.121665464921131283e-01,9.987424612045288086e-01,1.527024526149034500e-02,-2.876171469688415527e-02,-3.811962157487869263e-02,0.000000000000000000e+00,0.000000000000000000e+00,4.800978899002075195e-01,-1.287792460122380689e+00,-5.255987644195556641e-01,-3.291897475719451904e-01,-1.026240736246109009e-01,1.220007793107305005e+00,-5.015786886215209961e-01,5.473969578742980957e-01,-4.142727553844451904e-01,-1.742801815271377563e-01,-5.619147792458534241e-02,5.646710395812988281e-01,-4.460600018501281738e-02,7.809606939554214478e-02,1.222599968314170837e-01,-1.780193448066711426e-01,-2.708726525306701660e-01,1.306849956512451172e+00,-9.053701162338256836e-02,-2.974573150277137756e-02
2.406990974578592901e+00,-4.657232121047047424e-01,5.011763117793534006e-01,9.976825118064880371e-01,4.020365327596664429e-02,-3.874311968684196472e-02,-3.888600319623947144e-02,0.000000000000000000e+00,0.000000000000000000e+00,3.271366953849792480e-01,-1.277337686219487622e+00,-4.118148088455200195e-01,-3.702392280101776123e-01,-5.213348194956779480e-02,1.230660365023885205e+00,-4.632125794887542725e-01,5.335387587547302246e-01,-3.871912360191345215e-01,-2.292004078626632690e-01,-1.780679821968078613e-02,7.599622607231140137e-01,-2.313542068004608154e-01,1.100834906101226807e-01,-2.445997856557369232e-02,-3.015420138835906982e-01,-2.205292135477066040e-01,1.543812274932861328e+00,-2.287093847990036011e-01,-6.916291266679763794e-02
2.447411127189795810e+00,-4.743303713368045571e-01,4.956839813623164503e-01,9.967327117919921875e-01,4.827633500099182129e-02,-4.447351023554801941e-02,-4.706801846623420715e-02,0.000000000000000000e+00,0.000000000000000000e+00,1.533936858177185059e-01,-1.248896108069692090e+00,-2.976853847503662109e-01,-4.314371943473815918e-01,1.868110522627830505e-02,1.248854325213704541e+00,-4.339798986911773682e-01,5.059719681739807129e-01,-2.985592186450958252e-01,-2.384858280420303345e-01,-3.332828637212514877e-03,8.365586996078491211e-01,-3.783682882785797119e-01,1.131127998232841492e-01,-2.004356235265731812e-01,-3.310246169567108154e-01,-1.454892307519912720e-01,1.670339703559875488e+00,-3.178800344467163086e-01,-8.591135591268539429e-02
2.487027671900060799e+00,-4.827142522980770178e-01,4.951511912627353240e-01,9.967633485794067383e-01,4.170193523168563843e-02,-4.174523055553436279e-02,-5.460023880004882812e-02,0.000000000000000000e+00,0.000000000000000000e+00,6.962026003748178482e-03,-1.224615202346120313e+00,-2.522222697734832764e-01,-4.809737205505371094e-01,1.035795956850051880e-01,1.260792450108800367e+00,-4.376269876956939697e-01,4.701689481735229492e-01,-1.898051649332046509e-01,-2.118397355079650879e-01,-1.076348219066858292e-02,8.348081111907958984e-01,-4.796599149703979492e-01,1.091734096407890320e-01,-3.782400190830230713e-01,-3.041001260280609131e-01,-1.118407845497131348e-01,1.666519522666931152e+00,-3.556546270847320557e-01,-9.333920478820800781e-02
2.527947373290857058e+00,-4.915795063475768556e-01,5.004681868437265146e-01,9.974502325057983398e-01,3.314608708024024963e-02,-3.099481947720050812e-02,-5.507935956120491028e-02,0.000000000000000000e+00,0.000000000000000000e+00,-9.829868376255035400e-02,-1.215143189826283887e+00,-2.766866087913513184e-01,-4.988160133361816406e-01,2.019083797931671143e-01,1.261276588835988477e+00,-4.624321162700653076e-01,4.309690296649932861e-01,-7.800958305597305298e-02,-1.819262355566024780e-01,-3.327770903706550598e-02,7.641237378120422363e-01,-4.924550950527191162e-01,1.152548342943191528e-01,-5.188491344451904297e-01,-2.605400383472442627e-01,-1.194373443722724915e-01,1.538127064704895020e+00,-3.583291172981262207e-01,-7.563609629869461060e-02
2.571830116278595924e+00,-5.006329797787799629e-01,5.108046217428314772e-01,9.979916214942932129e-01,2.546674571931362152e-02,-1.797822304069995880e-02,-5.514520406723022461e-02,0.000000000000000000e+00,0.000000000000000000e+00,-1.608969867229461670e-01,-1.218157992759023145e+00,-3.460100591182708740e-01,-4.967478811740875244e-01,3.043525516986846924e-01,1.251322076716695264e+00,-4.795788526535034180e-01,3.916341364383697510e-01,2.829819172620773315e-02,-1.516376435756683350e-01,-5.286979302763938904e-02,6.726434230804443359e-01,-4.020273685455322266e-01,1.201536804437637329e-01,-5.899623036384582520e-01,-2.215709090232849121e-01,-1.561538130044937134e-01,1.298720479011535645e+00,-3.347564935684204102e-01,-4.531685262918472290e-02
2.620056284036901939e+00,-5.106269846525458567e-01,5.227781613585023024e-01,9.979470372200012207e-01,1.880006305873394012e-02,-6.484394893050193787e-03,-6.087842956185340881e-02,0.000000000000000000e+00,0.000000000000000000e+00,-1.868081837892532349e-01,-1.232744024195943311e+00,-4.354990422725677490e-01,-4.903157055377960205e-01,4.071885645389556885e-01,1.239569083848271802e+00,-4.817785620689392090e-01,3.589832186698913574e-01,1.193843781948089600e-01,-1.195692270994186401e-01,-5.340406671166419983e-02,5.995623469352722168e-01,-2.341519296169281006e-01,1.131128147244453430e-01,-5.881769657135009766e-01,-1.711285412311553955e-01,-1.939748823642730713e-01,9.572201371192932129e-01,-2.684944272041320801e-01,-9.281703270971775055e-03
2.671881400247415606e+00,-5.209582899676430401e-01,5.332432397620546771e-01,9.974067211151123047e-01,2.307923696935176849e-02,-1.281575881876051426e-03,-6.815850734710693359e-02,0.000000000000000000e+00,0.000000000000000000e+00,-1.871202588081359863e-01,-1.248719797530446485e+00,-5.263182520866394043e-01,-4.933799505233764648e-01,5.062823295593261719e-01,1.230664656558309034e+00,-4.759977161884307861e-01,3.326315283775329590e-01,1.968614310026168823e-01,-1.202831640839576721e-01,-5.491568893194198608e-02,5.443723797798156738e-01,-8.003789931535720825e-03,7.976465672254562378e-02,-5.197553634643554688e-01,-1.156269684433937073e-01,-1.832952350378036499e-01,5.503578782081604004e-01,-1.675584465265274048e-01,4.812493920326232910e-02
2.724153234561284886e+00,-5.313502617014780327e-01,5.389929783592622980e-01,9.966432452201843262e-01,4.547586292028427124e-02,-3.840553574264049530e-03,-6.796626001596450806e-02,0.000000000000000000e+00,0.000000000000000000e+00,-1.763690710067749023e-01,-1.256628052392278150e+00,-6.007339954376220703e-01,-5.113580822944641113e-01,5.930269956588745117e-01,1.228419558205876783e+00,-4.768295288085937500e-01,3.132233023643493652e-01,2.591611444950103760e-01,-1.649651080369949341e-01,-6.678308546543121338e-02,5.077431797981262207e-01,2.243876457214355469e-01,4.525826778262853622e-03,-4.352366030216217041e-01,-1.137500181794166565e-01,-1.387501657009124756e-01,2.263280153274536133e-01,-9.942371398210525513e-02,1.051509380340576172e-01
2.773532629741563227e+00,-5.412635261151527155e-01,5.395307364811501305e-01,9.959434270858764648e-01,6.324448436498641968e-02,-7.507397793233394623e-03,-6.356441974639892578e-02,0.000000000000000000e+00,0.000000000000000000e+00,-1.622762382030487061e-01,-1.259332493939671949e+00,-6.479869484901428223e-01,-5.369142293930053711e-01,6.364676356315612793e-01,1.232282207408223584e+00,-4.664563238620758057e-01,2.970503270626068115e-01,2.769406735897064209e-01,-1.921933293342590332e-01,-5.211446434259414673e-02,5.730775594711303711e-01,3.267763257026672363e-01,-5.311874300241470337e-02,-3.905546665191650391e-01,-1.371452659368515015e-01,-1.151249259710311890e-01,1.329100430011749268e-01,-1.092071235179901123e-01,1.211181282997131348e-01
2.819976125690672575e+00,-5.510910012655788615e-01,5.351333904928632368e-01,9.960293173789978027e-01,6.112628430128097534e-02,-9.638562798500061035e-03,-6.400302052497863770e-02,0.000000000000000000e+00,0.000000000000000000e+00,-1.350433975458145142e-01,-1.260840133824620679e+00,-6.622217893600463867e-01,-5.625442266464233398e-01,6.203096508979797363e-01,1.235442862906728223e+00,-4.326749145984649658e-01,2.947707474231719971e-01,2.308200448751449585e-01,-1.549765616655349731e-01,1.245770137757062912e-02,7.640088200569152832e-01,2.637854218482971191e-01,-5.877233669161796570e-02,-3.525150418281555176e-01,-1.194582805037498474e-01,-1.059949696063995361e-01,1.633626818656921387e-01,-1.216231957077980042e-01,1.020234152674674988e-01
2.862518229683240989e+00,-5.606033503181405697e-01,5.255960801574920405e-01,9.968966841697692871e-01,3.683346509933471680e-02,-8.881286717951297760e-03,-6.900330632925033569e-02,0.000000000000000000e+00,0.000000000000000000e+00,-9.283541887998580933e-02,-1.265243307748113111e+00,-6.380397081375122070e-01,-5.860074758529663086e-01,5.372557640075683594e-01,1.234212623038564161e+00,-3.683736622333526611e-01,3.094904124736785889e-01,1.373035460710525513e-01,-4.003110900521278381e-02,8.082664757966995239e-02,1.026646733283996582e+00,1.022724583745002747e-01,-2.477638982236385345e-02,-3.753398060798645020e-01,-5.318284407258033752e-02,-9.584150463342666626e-02,3.703281879425048828e-01,-6.389630585908889771e-02,3.478727862238883972e-02
2.906152813898192910e+00,-5.707931275831329421e-01,5.120248568803072997e-01,9.967416524887084961e-01,1.267724670469760895e-02,-1.657878793776035309e-02,-7.791309058666229248e-02,0.000000000000000000e+00,0.000000000000000000e+00,-4.771510139107704163e-02,-1.275650785365376905e+00,-5.735527873039245605e-01,-5.993233919143676758e-01,4.115766882896423340e-01,1.215975419678960279e+00,-2.926585078239440918e-01,3.596287369728088379e-01,2.974046394228935242e-02,6.875875592231750488e-02,1.074560731649398804e-01,1.281139731407165527e+00,-3.121542371809482574e-02,1.092335209250450134e-02,-4.118868708610534668e-01,1.429239404387772083e-03,-1.054672896862030029e-01,6.760749816894531250e-01,-2.607649862766265869e-01,-6.919377297163009644e-02
2.948241898881065026e+00,-5.807525986433029752e-01,5.025505152179136070e-01,9.960132241249084473e-01,-8.984938263893127441e-03,-2.532789856195449829e-02,-8.506181836128234863e-02,0.000000000000000000e+00,0.000000000000000000e+00,1.700092293322086334e-02,-1.292389140525136426e+00,-4.608803391456604004e-01,-5.975360274314880371e-01,2.338293939828872681e-01,1.183630810179982618e+00,-2.266336828470230103e-01,4.295533299446105957e-01,-1.144910380244255066e-01,1.175094321370124817e-01,6.597026437520980835e-02,1.486007213592529297e+00,-1.352417618036270142e-01,2.897496894001960754e-02,-3.488975763320922852e-01,5.415564775466918945e-02,-1.285028606653213501e-01,8.010575771331787109e-01,-4.207695126533508301e-01,-8.707215636968612671e-02
2.989310883283615716e+00,-5.900083473241992671e-01,4.986217789434725378e-01,9.959865808486938477e-01,-8.827168494462966919e-03,-3.103796206414699554e-02,-8.348322659730911255e-02,0.000000000000000000e+00,0.000000000000000000e+00,7.833696901798248291e-02,-1.297139034667287305e+00,-3.389174938201904297e-01,-5.918907523155212402e-01,6.505953520536422729e-02,1.166154668727193311e+00,-2.241903394460678101e-01,4.782269895076751709e-01,-2.729586064815521240e-01,1.041036173701286316e-01,3.874202072620391846e-02,1.586643695831298828e+00,-1.948497742414474487e-01,5.026732757687568665e-02,-2.410225272178649902e-01,5.772758275270462036e-02,-1.317826956510543823e-01,8.345321416854858398e-01,-5.364443659782409668e-01,-8.184149116277694702e-02
3.030216690368122912e+00,-5.993311037205988345e-01,4.999029632326630335e-01,9.963434934616088867e-01,1.500136102549731731e-03,-3.052478656172752380e-02,-7.978459447622299194e-02,0.000000000000000000e+00,0.000000000000000000e+00,1.450045555830001831e-01,-1.269630716243062452e+00,-3.178554177284240723e-01,-5.783556103706359863e-01,-5.068282783031463623e-02,1.182133750119481519e+00,-2.849351465702056885e-01,4.755328893661499023e-01,-4.231772720813751221e-01,8.015031367540359497e-02,4.815327748656272888e-02,1.567634224891662598e+00,-2.244372516870498657e-01,7.275608927011489868e-02,-1.109337955713272095e-01,4.162794724106788635e-02,-1.308277696371078491e-01,7.864588499069213867e-01,-5.947121977806091309e-01,-6.610070168972015381e-02
3.073475158943070884e+00,-6.087394070376953570e-01,5.067239366885689655e-01,9.965012073516845703e-01,1.616923511028289795e-02,-2.728371322154998779e-02,-7.732693850994110107e-02,0.000000000000000000e+00,0.000000000000000000e+00,2.245291024446487427e-01,-1.219174847998891309e+00,-3.774145245552062988e-01,-5.556782484054565430e-01,-1.253888607025146484e-01,1.218766019740376905e+00,-3.596797585487365723e-01,4.504398703575134277e-01,-5.178853273391723633e-01,3.801408782601356506e-02,7.783341407775878906e-02,1.416264772415161133e+00,-2.226324826478958130e-01,8.229614049196243286e-02,2.805612795054912567e-02,1.762901805341243744e-02,-1.276012510061264038e-01,6.843094229698181152e-01,-5.684131979942321777e-01,-5.230152234435081482e-02
3.119914454287953554e+00,-6.180166030344037553e-01,5.174570055637095489e-01,9.967063069343566895e-01,2.750403061509132385e-02,-2.342968806624412537e-02,-7.260230183601379395e-02,0.000000000000000000e+00,0.000000000000000000e+00,3.114029169082641602e-01,-1.169706956544194654e+00,-4.513407051563262939e-01,-5.245433449745178223e-01,-1.711369156837463379e-01,1.255581037202153638e+00,-4.210541248321533203e-01,4.382092654705047607e-01,-5.470570921897888184e-01,-1.891910657286643982e-02,9.600985050201416016e-02,1.146235704421997070e+00,-1.731794774532318115e-01,5.809994414448738098e-02,1.540854126214981079e-01,-3.691336605697870255e-04,-1.291643977165222168e-01,5.877296328544616699e-01,-4.354273378849029541e-01,-3.676543384790420532e-02
3.168262762692239942e+00,-6.280904597789049859e-01,5.286059746477339560e-01,9.972754716873168945e-01,2.794045396149158478e-02,-1.866790652275085449e-02,-6.567002832889556885e-02,0.000000000000000000e+00,0.000000000000000000e+00,4.062897264957427979e-01,-1.135751173892293409e+00,-5.186224579811096191e-01,-4.823685884475708008e-01,-1.949599087238311768e-01,1.279975251355443433e+00,-4.681638777256011963e-01,4.539658427238464355e-01,-5.222965478897094727e-01,-7.231524586677551270e-02,7.845848798751831055e-02,7.782163619995117188e-01,-5.753803253173828125e-02,-8.954094373621046543e-04,2.360751032829284668e-01,4.582209512591362000e-03,-1.310117840766906738e-01,5.504749417304992676e-01,-2.080007046461105347e-01,-1.607797481119632721e-02
3.217775930960973696e+00,-6.384745957702399055e-01,5.361640733646022561e-01,9.978392720222473145e-01,1.297895982861518860e-02,-1.632575318217277527e-02,-6.230366230010986328e-02,0.000000000000000000e+00,0.000000000000000000e+00,5.003781318664550781e-01,-1.122122214236531690e+00,-5.813559889793395996e-01,-4.287727177143096924e-01,-2.002602815628051758e-01,1.294812456765447095e+00,-5.031332373619079590e-01,4.963517487049102783e-01,-4.502656757831573486e-01,-9.730844199657440186e-02,1.296345330774784088e-02,3.822655677795410156e-01,1.077309772372245789e-01,-8.574848622083663940e-02,2.785820364952087402e-01,4.502989724278450012e-02,-1.052494645118713379e-01,5.646312832832336426e-01,4.254423826932907104e-02,2.064811997115612030e-02
3.265084105134010706e+00,-6.473288636240694949e-01,5.384424972534180842e-01,9.976391792297363281e-01,-1.097741257399320602e-02,-1.737751252949237823e-02,-6.552519649267196655e-02,0.000000000000000000e+00,0.000000000000000000e+00,5.846387743949890137e-01,-1.139313803115163282e+00,-6.386079192161560059e-01,-3.730456531047821045e-01,-1.976028829813003540e-01,1.302095905938420728e+00,-5.284444689750671387e-01,5.581430196762084961e-01,-3.754921555519104004e-01,-6.541167944669723511e-02,-3.439630940556526184e-02,1.457199752330780029e-01,1.922270506620407104e-01,-1.418021917343139648e-01,2.844338119029998779e-01,1.069217398762702942e-01,-5.516067892313003540e-02,6.426215767860412598e-01,2.107170373201370239e-01,8.304177969694137573e-02
3.309930725230111559e+00,-6.550053466773696487e-01,5.354191527515650417e-01,9.972924590110778809e-01,-1.578005962073802948e-02,-2.116382122039794922e-02,-6.863561272621154785e-02,0.000000000000000000e+00,0.000000000000000000e+00,6.256355047225952148e-01,-1.177267924943242505e+00,-6.679924130439758301e-01,-3.345093429088592529e-01,-1.858791708946228027e-01,1.307664559283528760e+00,-5.333777666091918945e-01,6.078223586082458496e-01,-3.466202020645141602e-01,-6.528936326503753662e-02,-4.204008728265762329e-02,1.526702046394348145e-01,2.090817093849182129e-01,-1.305613368749618530e-01,2.457203716039657593e-01,1.028610542416572571e-01,-5.037758871912956238e-02,8.250035047531127930e-01,1.630037426948547363e-01,1.093265786767005920e-01
3.353174653251966397e+00,-6.615510593851408050e-01,5.264894355833531492e-01,9.971337318420410156e-01,-8.741041528992354870e-04,-2.845323272049427032e-02,-7.010005414485931396e-02,0.000000000000000000e+00,0.000000000000000000e+00,6.107155680656433105e-01,-1.220767066874776319e+00,-6.497470140457153320e-01,-3.195976018905639648e-01,-1.738091558218002319e-01,1.312631324925694898e+00,-5.073817968368530273e-01,6.301376223564147949e-01,-3.596383035182952881e-01,-1.066061034798622131e-01,-1.747452840209007263e-02,3.500422537326812744e-01,1.738817542791366577e-01,-1.242514979094266891e-02,1.774982362985610962e-01,-1.204678229987621307e-02,-1.166081652045249939e-01,1.060513854026794434e+00,-3.831195179373025894e-03,6.760754436254501343e-02
3.397235437234243260e+00,-6.687754927989510989e-01,5.128493870215284911e-01,9.962778091430664062e-01,1.207783911377191544e-02,-4.233368858695030212e-02,-7.411167025566101074e-02,0.000000000000000000e+00,0.000000000000000000e+00,5.359146595001220703e-01,-1.254336462416921094e+00,-5.837413072586059570e-01,-3.302711546421051025e-01,-1.362115293741226196e-01,1.314434335627828077e+00,-4.634875059127807617e-01,6.245758533477783203e-01,-3.543708026409149170e-01,-1.394720524549484253e-01,1.923504844307899475e-02,6.290507912635803223e-01,-1.377470195293426514e-01,7.905505597591400146e-02,9.353693574666976929e-02,-1.673021614551544189e-01,-1.751540154218673706e-01,1.305058121681213379e+00,-1.612085253000259399e-01,-7.765607908368110657e-03
3.439226292702887378e+00,-6.765914036002425025e-01,5.014793611400658602e-01,9.948650598526000977e-01,3.821923956274986267e-02,-5.389627441763877869e-02,-7.666774839162826538e-02,0.000000000000000000e+00,0.000000000000000000e+00,3.871888518333435059e-01,-1.261704609790120557e+00,-4.544843733310699463e-01,-3.772257864475250244e-01,-8.703339844942092896e-02,1.317553238072667554e+00,-4.061074256896972656e-01,5.976938605308532715e-01,-2.985181808471679688e-01,-2.008136957883834839e-01,5.587195977568626404e-02,7.678250670433044434e-01,-3.089937865734100342e-01,1.124495118856430054e-01,-5.479823425412178040e-02,-2.934844195842742920e-01,-1.297628581523895264e-01,1.523921728134155273e+00,-2.936722338199615479e-01,-5.696666985750198364e-02
3.479359511733055577e+00,-6.846533324817817290e-01,4.954244324896071583e-01,9.941055774688720703e-01,4.145114496350288391e-02,-6.149602681398391724e-02,-7.908304035663604736e-02,0.000000000000000000e+00,0.000000000000000000e+00,2.079319506883621216e-01,-1.239693508544240430e+00,-3.070698678493499756e-01,-4.507860541343688965e-01,-1.449172385036945343e-02,1.324788213768277600e+00,-3.606872558593750000e-01,5.523917078971862793e-01,-2.035667002201080322e-01,-2.109277695417404175e-01,5.425759032368659973e-02,8.319993615150451660e-01,-4.376253187656402588e-01,1.155738532543182373e-01,-2.149251401424407959e-01,-3.087578713893890381e-01,-7.898017019033432007e-02,1.630591273307800293e+00,-3.644491434097290039e-01,-7.972927391529083252e-02
3.519699529740546229e+00,-6.938111343814268306e-01,4.946358498268658144e-01,9.948984980583190918e-01,3.283757343888282776e-02,-5.838986113667488098e-02,-7.542748004198074341e-02,0.000000000000000000e+00,0.000000000000000000e+00,5.078966915607452393e-02,-1.220440135398183301e+00,-2.469957321882247925e-01,-5.051380395889282227e-01,8.084306865930557251e-02,1.323034823932919934e+00,-3.718187212944030762e-01,5.065698623657226562e-01,-1.015161871910095215e-01,-1.923503130674362183e-01,2.805766463279724121e-02,8.269869089126586914e-01,-5.155425071716308594e-01,1.128913238644599915e-01,-3.749328851699829102e-01,-2.772366404533386230e-01,-6.861332058906555176e-02,1.612739920616149902e+00,-3.829484581947326660e-01,-8.134888857603073120e-02
3.561821250187026777e+00,-7.044322006073264753e-01,5.003903544942538417e-01,9.964427351951599121e-01,2.298692055046558380e-02,-4.604662209749221802e-02,-6.673184037208557129e-02,0.000000000000000000e+00,0.000000000000000000e+00,-7.393191009759902954e-02,-1.219036118188176587e+00,-2.684795260429382324e-01,-5.189020037651062012e-01,1.908202618360519409e-01,1.306598321595464185e+00,-4.223681986331939697e-01,4.594104886054992676e-01,-4.871289711445569992e-03,-1.670378744602203369e-01,-1.188730448484420776e-02,7.618950605392456055e-01,-5.045508742332458496e-01,1.158387437462806702e-01,-4.966208040714263916e-01,-2.451086193323135376e-01,-1.002151370048522949e-01,1.476770877838134766e+00,-3.751466572284698486e-01,-7.043000310659408569e-02
3.606684026453230718e+00,-7.152538456850583426e-01,5.116268092393876366e-01,9.975150227546691895e-01,1.330436673015356064e-02,-3.172366693615913391e-02,-6.148494035005569458e-02,0.000000000000000000e+00,0.000000000000000000e+00,-1.638128906488418579e-01,-1.227372960248265699e+00,-3.220865428447723389e-01,-5.145227909088134766e-01,3.038296699523925781e-01,1.279056684174809888e+00,-4.654589593410491943e-01,4.159889519214630127e-01,8.852156996726989746e-02,-1.342879682779312134e-01,-4.479789733886718750e-02,6.767138838768005371e-01,-3.919312357902526855e-01,1.137034520506858826e-01,-5.510621666908264160e-01,-2.022336721420288086e-01,-1.450744569301605225e-01,1.227780699729919434e+00,-3.397779464721679688e-01,-4.097689688205718994e-02
3.652703261375427779e+00,-7.259476954572732232e-01,5.242689719547829474e-01,9.977947473526000977e-01,6.829410325735807419e-03,-2.112686634063720703e-02,-6.255145370960235596e-02,0.000000000000000000e+00,0.000000000000000000e+00,-2.190897315740585327e-01,-1.239440993466649488e+00,-3.859075605869293213e-01,-5.085753798484802246e-01,4.137248694896697998e-01,1.250462220111165479e+00,-4.867678284645080566e-01,3.859312534332275391e-01,1.726193875074386597e-01,-1.021007895469665527e-01,-5.462926998734474182e-02,6.052708625793457031e-01,-2.035728394985198975e-01,9.677587449550628662e-02,-5.333763957023620605e-01,-1.448708772659301758e-01,-1.695373356342315674e-01,8.835870027542114258e-01,-2.588651478290557861e-01,7.876064628362655640e-03
3.699991401897537280e+00,-7.358944031430616484e-01,5.348510614203083602e-01,9.976980090141296387e-01,1.290396507829427719e-02,-1.676879823207855225e-02,-6.442834436893463135e-02,0.000000000000000000e+00,0.000000000000000000e+00,-2.495277971029281616e-01,-1.246907697119985059e+00,-4.551329910755157471e-01,-5.092602372169494629e-01,5.175619721412658691e-01,1.228574083247456983e+00,-4.996027052402496338e-01,3.634240329265594482e-01,2.403060942888259888e-01,-1.030794829130172729e-01,-6.064139306545257568e-02,5.535078644752502441e-01,3.133431822061538696e-02,5.542500317096710205e-02,-4.623863399028778076e-01,-9.258321672677993774e-02,-1.364651471376419067e-01,5.096502900123596191e-01,-1.594837009906768799e-01,7.924779504537582397e-02
3.747575523455938473e+00,-7.452063349054920405e-01,5.405862594644229580e-01,9.973486661911010742e-01,3.403007239103317261e-02,-1.894750446081161499e-02,-6.147008761763572693e-02,0.000000000000000000e+00,0.000000000000000000e+00,-2.700785994529724121e-01,-1.249604926505361036e+00,-5.255877375602722168e-01,-5.147755742073059082e-01,6.096565723419189453e-01,1.220045433440480664e+00,-5.206397771835327148e-01,3.437728285789489746e-01,2.877995371818542480e-01,-1.414230018854141235e-01,-7.132204622030258179e-02,5.367468595504760742e-01,2.569989264011383057e-01,-1.410227268934249878e-02,-3.808995485305786133e-01,-9.117997437715530396e-02,-8.413773775100708008e-02,2.218867391347885132e-01,-9.835973381996154785e-02,1.402995884418487549e-01
3.794614858958456960e+00,-7.542419153783057606e-01,5.404479222579136044e-01,9.966651797294616699e-01,5.319519713521003723e-02,-2.422401867806911469e-02,-5.693805962800979614e-02,0.000000000000000000e+00,0.000000000000000000e+00,-2.840954363346099854e-01,-1.254880026974950269e+00,-5.873270034790039062e-01,-5.199712514877319336e-01,6.689012050628662109e-01,1.228206978240285352e+00,-5.383274555206298828e-01,3.237933218479156494e-01,3.020385205745697021e-01,-1.723912656307220459e-01,-5.915925651788711548e-02,6.078437566757202148e-01,3.449999999999999734e-01,-6.390648335218429565e-02,-3.308923542499542236e-01,-1.170444786548614502e-01,-6.828133016824722290e-02,1.293139457702636719e-01,-1.190574690699577332e-01,1.589506119489669800e-01
3.837600288258659287e+00,-7.635996498829790147e-01,5.349912969768048088e-01,9.964981675148010254e-01,5.438404530286788940e-02,-2.847700193524360657e-02,-5.677006766200065613e-02,0.000000000000000000e+00,0.000000000000000000e+00,-2.818769812583923340e-01,-1.267031566300664380e+00,-6.228346824645996094e-01,-5.239037871360778809e-01,6.783051490783691406e-01,1.247899339595113233e+00,-5.405769944190979004e-01,3.109489083290100098e-01,2.648470699787139893e-01,-1.596438735723495483e-01,-2.489578537642955780e-02,7.833538651466369629e-01,3.006899058818817139e-01,-8.540086448192596436e-02,-2.898762524127960205e-01,-1.060710102319717407e-01,-7.229603826999664307e-02,1.432526856660842896e-01,-1.363198012113571167e-01,1.515410989522933960e-01
3.877931905057695694e+00,-7.727685187591448734e-01,5.255737846427495086e-01,9.971796274185180664e-01,2.870726957917213440e-02,-2.823362872004508972e-02,-6.333644688129425049e-02,0.000000000000000000e+00,0.000000000000000000e+00,-2.542126774787902832e-01,-1.287211821475301221e+00,-6.288253664970397949e-01,-5.231077075004577637e-01,6.149557232856750488e-01,1.271276519694600537e+00,-5.136541724205017090e-01,3.076582252979278564e-01,1.782251745462417603e-01,-8.601748943328857422e-02,-4.474190529435873032e-03,1.022069692611694336e+00,1.364242583513259888e-01,-8.822879195213317871e-02,-3.091121315956115723e-01,-3.138739988207817078e-02,-7.710368931293487549e-02,3.215154111385345459e-01,-7.857844978570938110e-02,8.672489225864410400e-02
3.918188234104051038e+00,-7.819394071565735072e-01,5.107095022913483717e-01,9.968484640121459961e-01,7.630242500454187393e-03,-3.577776998281478882e-02,-7.039155811071395874e-02,0.000000000000000000e+00,0.000000000000000000e+00,-2.097851485013961792e-01,-1.314608798423085645e+00,-5.989373326301574707e-01,-5.214989781379699707e-01,5.129240751266479492e-01,1.289260552325520948e+00,-4.747005105018615723e-01,3.261232972145080566e-01,7.408711314201354980e-02,-5.232032388448715210e-03,1.322216540575027466e-02,1.259669542312622070e+00,2.656734082847833633e-03,-6.083066016435623169e-02,-3.724783957004547119e-01,2.209039218723773956e-02,-8.011927455663681030e-02,6.624383330345153809e-01,-2.339351028203964233e-01,-4.267901554703712463e-02
3.957793469495244132e+00,-7.912569127976896155e-01,4.980489619324605655e-01,9.960588216781616211e-01,-1.284329965710639954e-02,-4.538444057106971741e-02,-7.511426508426666260e-02,0.000000000000000000e+00,0.000000000000000000e+00,-1.394742429256439209e-01,-1.347442419328961805e+00,-5.348374843597412109e-01,-5.250825285911560059e-01,3.542282581329345703e-01,1.288022116818700269e+00,-4.274651408195495605e-01,3.748832345008850098e-01,-6.300915777683258057e-02,5.065380036830902100e-02,-1.960626803338527679e-02,1.479178786277770996e+00,-1.111556440591812134e-01,-3.047314472496509552e-02,-3.384060859680175781e-01,6.738993525505065918e-02,-1.133604720234870911e-01,8.331120014190673828e-01,-4.122660458087921143e-01,-7.256936281919479370e-02
3.997270101772415263e+00,-7.991618844866753557e-01,4.916579849438535987e-01,9.955554604530334473e-01,-2.064189128577709198e-02,-5.263632163405418396e-02,-7.531724125146865845e-02,0.000000000000000000e+00,0.000000000000000000e+00,-5.263694748282432556e-02,-1.367265270152364209e+00,-4.618802368640899658e-01,-5.327581763267517090e-01,1.702307611703872681e-01,1.269047454991612867e+00,-3.974560797214508057e-01,4.435282051563262939e-01,-2.159900814294815063e-01,4.474306851625442505e-02,-6.377056986093521118e-02,1.607112407684326172e+00,-1.814163327217102051e-01,-6.820050766691565514e-04,-2.435181587934494019e-01,8.780568093061447144e-02,-1.279851496219635010e-01,8.843396902084350586e-01,-5.373837947845458984e-01,-7.657461613416671753e-02
4.035939894914627679e+00,-8.067707943585185060e-01,4.908902033501202355e-01,9.954613447189331055e-01,-1.326857879757881165e-02,-5.654037371277809143e-02,-7.539139688014984131e-02,0.000000000000000000e+00,0.000000000000000000e+00,3.116751275956630707e-02,-1.364094407358441785e+00,-4.514915943145751953e-01,-5.442677736282348633e-01,2.920986339449882507e-02,1.255476729073796704e+00,-4.253812730312347412e-01,4.953058063983917236e-01,-3.578492105007171631e-01,1.880168356001377106e-02,-6.824602186679840088e-02,1.615527391433715820e+00,-2.264935821294784546e-01,3.379124775528907776e-02,-1.211834177374839783e-01,7.759226113557815552e-02,-1.224681958556175232e-01,8.633274435997009277e-01,-6.122052073478698730e-01,-6.692063808441162109e-02
4.075835941367680348e+00,-8.149248941904969623e-01,4.958381112251017964e-01,9.955297708511352539e-01,2.106160856783390045e-03,-5.599799752235412598e-02,-7.602816075086593628e-02,0.000000000000000000e+00,0.000000000000000000e+00,1.186832934617996216e-01,-1.337917075553212598e+00,-5.037852525711059570e-01,-5.502595305442810059e-01,-6.227210909128189087e-02,1.252400831380162671e+00,-4.866180121898651123e-01,5.198394656181335449e-01,-4.578481316566467285e-01,-4.888746421784162521e-03,-3.424362093210220337e-02,1.495813727378845215e+00,-2.475596517324447632e-01,6.670682877302169800e-02,9.939091280102729797e-03,4.977643489837646484e-02,-1.125229373574256897e-01,7.868332862854003906e-01,-6.199675202369689941e-01,-5.699751153588294983e-02
4.118294679522515267e+00,-8.228014310201010595e-01,5.052919345514642613e-01,9.956362843513488770e-01,1.975961215794086456e-02,-5.304143205285072327e-02,-7.419265806674957275e-02,0.000000000000000000e+00,0.000000000000000000e+00,2.091838866472244263e-01,-1.301731244721684888e+00,-5.743052363395690918e-01,-5.435453057289123535e-01,-1.169427260756492615e-01,1.256427572169576123e+00,-5.508051514625549316e-01,5.273483991622924805e-01,-4.968407154083251953e-01,-3.629644587635993958e-02,1.814523339271545410e-02,1.260350823402404785e+00,-2.409794330596923828e-01,7.706558704376220703e-02,1.386574208736419678e-01,1.323786098510026932e-02,-1.069460362195968628e-01,6.866738796234130859e-01,-5.435322523117065430e-01,-3.996412828564643860e-02
4.162887970871396170e+00,-8.311615220208964372e-01,5.168413343114985903e-01,9.960067272186279297e-01,2.967090718448162079e-02,-4.863486438989639282e-02,-6.873791664838790894e-02,0.000000000000000000e+00,0.000000000000000000e+00,3.038664758205413818e-01,-1.274372474351201490e+00,-6.314289569854736328e-01,-5.214770436286926270e-01,-1.399426907300949097e-01,1.265037045874867871e+00,-6.004971265792846680e-01,5.288838148117065430e-01,-4.791420698165893555e-01,-6.387154012918472290e-02,6.388643383979797363e-02,9.338848590850830078e-01,-2.053457796573638916e-01,5.333374068140983582e-02,2.394404262304306030e-01,-7.619921583682298660e-03,-1.099512949585914612e-01,6.167655587196350098e-01,-3.600690066814422607e-01,-1.823092252016067505e-02
4.208529474536578441e+00,-8.407644264068869777e-01,5.266585099034840622e-01,9.967050552368164062e-01,2.368945255875587463e-02,-4.401597380638122559e-02,-6.387828290462493896e-02,0.000000000000000000e+00,0.000000000000000000e+00,3.952881395816802979e-01,-1.259093062081609204e+00,-6.726272106170654297e-01,-4.895020127296447754e-01,-1.491897851228713989e-01,1.275477216639790967e+00,-6.311324238777160645e-01,5.361776947975158691e-01,-4.190752208232879639e-01,-8.104882389307022095e-02,7.218024879693984985e-02,5.464227199554443359e-01,-1.214610561728477478e-01,5.855319090187549591e-03,3.006141483783721924e-01,1.074051670730113983e-02,-1.006148904561996460e-01,5.998584628105163574e-01,-1.080212667584419250e-01,1.049939077347517014e-02
4.255477042992910519e+00,-8.502869538466136801e-01,5.314719984432062505e-01,9.970082044601440430e-01,-7.843445637263357639e-04,-4.054998606443405151e-02,-6.579967588186264038e-02,0.000000000000000000e+00,0.000000000000000000e+00,4.690304696559906006e-01,-1.261533246436391309e+00,-6.969513297080993652e-01,-4.561496675014495850e-01,-1.519933789968490601e-01,1.287495122351918653e+00,-6.432892084121704102e-01,5.544445514678955078e-01,-3.450648784637451172e-01,-5.868240445852279663e-02,4.539159685373306274e-02,2.138227671384811401e-01,-5.168795213103294373e-02,-5.615866184234619141e-02,3.278431296348571777e-01,7.288137078285217285e-02,-6.593807041645050049e-02,6.238968372344970703e-01,1.323843002319335938e-01,6.311972439289093018e-02
4.302085331877073315e+00,-8.581394179827638302e-01,5.303293533126514081e-01,9.964032769203186035e-01,-2.258006669580936432e-02,-4.000593721866607666e-02,-7.120528817176818848e-02,0.000000000000000000e+00,0.000000000000000000e+00,5.126073956489562988e-01,-1.279249445596013501e+00,-7.010725140571594238e-01,-4.305123388767242432e-01,-1.576480269432067871e-01,1.299915538230214551e+00,-6.383156776428222656e-01,5.834631919860839844e-01,-3.174543380737304688e-01,-2.102547883987426758e-02,3.084646910429000854e-02,1.093733236193656921e-01,-7.041893899440765381e-02,-7.642057538032531738e-02,3.119431734085083008e-01,1.241104453802108765e-01,-3.291773796081542969e-02,7.402070164680480957e-01,2.195352613925933838e-01,1.133149191737174988e-01
4.345042972564698402e+00,-8.653765743805303945e-01,5.230645294735829509e-01,9.960126876831054688e-01,-2.334319055080413818e-02,-4.175991192460060120e-02,-7.529936730861663818e-02,0.000000000000000000e+00,0.000000000000000000e+00,5.110738873481750488e-01,-1.301266417899404004e+00,-6.874964237213134766e-01,-4.166295826435089111e-01,-1.544304043054580688e-01,1.312053219476018384e+00,-6.219928860664367676e-01,6.081266403198242188e-01,-2.842623293399810791e-01,-1.963608898222446442e-02,4.330897331237792969e-02,1.147345602512359619e-01,-7.881192862987518311e-02,-6.850811839103698730e-02,2.557275295257568359e-01,1.022053286433219910e-01,-4.127546399831771851e-02,9.420947432518005371e-01,1.323740184307098389e-01,1.344797164201736450e-01
4.387644208139843904e+00,-8.716127752595479450e-01,5.107600711037716401e-01,9.961825609207153320e-01,4.883754067122936249e-03,-4.219233989715576172e-02,-7.626453787088394165e-02,0.000000000000000000e+00,0.000000000000000000e+00,4.568634033203125000e-01,-1.318930164971623853e+00,-6.413764357566833496e-01,-4.009392261505126953e-01,-1.492035835981369019e-01,1.320695028701100782e+00,-5.857309103012084961e-01,6.074950695037841797e-01,-3.458840847015380859e-01,-7.746285945177078247e-02,7.363764196634292603e-02,3.307785391807556152e-01,4.444926232099533081e-02,6.335986312478780746e-03,1.613354235887527466e-01,-4.401490092277526855e-02,-9.737090021371841431e-02,1.187152504920959473e+00,-4.830921813845634460e-02,1.034181416034698486e-01
4.425023769537608231e+00,-8.769493198063640360e-01,4.953602924942971386e-01,9.955395460128784180e-01,2.544029802083969116e-02,-5.361738055944442749e-02,-7.334157824516296387e-02,0.000000000000000000e+00,0.000000000000000000e+00,3.710624873638153076e-01,-1.316996024050984815e+00,-5.679606199264526367e-01,-3.994021117687225342e-01,-1.222423762083053589e-01,1.324514926471982434e+00,-5.329410433769226074e-01,5.805647969245910645e-01,-4.456256926059722900e-01,-1.223953217267990112e-01,1.017865315079689026e-01,7.365285158157348633e-01,-1.741594970226287842e-01,1.289934962987899780e-01,6.118567660450935364e-02,-1.977084279060363770e-01,-1.367503851652145386e-01,1.433081269264221191e+00,-2.323410511016845703e-01,3.081412613391876221e-02
4.461893119083510939e+00,-8.828496339089342282e-01,4.851594078623587269e-01,9.942055344581604004e-01,4.100301861763000488e-02,-6.937862187623977661e-02,-7.113842666149139404e-02,0.000000000000000000e+00,0.000000000000000000e+00,2.420734912157058716e-01,-1.292596117654118970e+00,-4.390890002250671387e-01,-4.286593496799468994e-01,-5.267506092786788940e-02,1.337415010729108289e+00,-4.519058465957641602e-01,5.260915756225585938e-01,-3.987492918968200684e-01,-1.600376665592193604e-01,1.189281046390533447e-01,8.939920067787170410e-01,-3.406372368335723877e-01,1.339042931795120239e-01,-5.902481079101562500e-02,-2.603397667407989502e-01,-8.823054283857345581e-02,1.608183622360229492e+00,-3.612748086452484131e-01,-1.331584178842604160e-03
4.499152801699109361e+00,-8.890775951411991063e-01,4.804030313839515731e-01,9.933474659919738770e-01,4.289810359477996826e-02,-7.802674919366836548e-02,-7.302387803792953491e-02,0.000000000000000000e+00,0.000000000000000000e+00,1.246784403920173645e-01,-1.269527093568120435e+00,-3.409054875373840332e-01,-4.655470550060272217e-01,2.802267111837863922e-02,1.359143541255269483e+00,-3.644741177558898926e-01,4.638431966304779053e-01,-3.106853663921356201e-01,-1.673979014158248901e-01,1.228989139199256897e-01,9.607672691345214844e-01,-4.674357771873474121e-01,1.302815377712249756e-01,-2.020266354084014893e-01,-2.524351775646209717e-01,-3.464858978986740112e-02,1.689208984375000000e+00,-4.255962371826171875e-01,-5.918612238019704819e-03
4.535687395400471722e+00,-8.959092316693731961e-01,4.807275684509013103e-01,9.938508868217468262e-01,4.014737159013748169e-02,-7.658579945564270020e-02,-6.916111707687377930e-02,0.000000000000000000e+00,0.000000000000000000e+00,3.009054809808731079e-02,-1.264888868727956250e+00,-3.280665576457977295e-01,-4.884073138236999512e-01,1.193984374403953552e-01,1.371489525833402112e+00,-3.423538208007812500e-01,4.119260013103485107e-01,-2.160493731498718262e-01,-1.645811647176742554e-01,1.134965717792510986e-01,9.606664776802062988e-01,-5.433837175369262695e-01,1.273473054170608521e-01,-3.509005308151245117e-01,-2.331218123435974121e-01,-1.326942350715398788e-02,1.669562220573425293e+00,-4.406025409698486328e-01,-6.791169289499521255e-03
4.572735109064314685e+00,-9.035853512088459771e-01,4.872574077215460764e-01,9.952496886253356934e-01,3.458787500858306885e-02,-6.916458904743194580e-02,-5.914451926946640015e-02,0.000000000000000000e+00,0.000000000000000000e+00,-5.328973382711410522e-02,-1.276947663226399854e+00,-3.605502843856811523e-01,-4.956815540790557861e-01,2.225539386272430420e-01,1.366824016967091993e+00,-3.814461231231689453e-01,3.698095679283142090e-01,-1.222230568528175354e-01,-1.541656255722045898e-01,8.723234385251998901e-02,9.102661609649658203e-01,-5.497794151306152344e-01,1.255200952291488647e-01,-4.682584404945373535e-01,-2.185305804014205933e-01,-2.910353429615497589e-02,1.550772190093994141e+00,-4.272885620594024658e-01,-1.384574640542268753e-02
4.611093411246936391e+00,-9.113026689820821202e-01,4.987140306747622764e-01,9.965438246726989746e-01,2.492172084748744965e-02,-6.074433028697967529e-02,-5.088624358177185059e-02,0.000000000000000000e+00,0.000000000000000000e+00,-1.192328855395317078e-01,-1.294747934737477735e+00,-4.077235758304595947e-01,-5.000216960906982422e-01,3.284441530704498291e-01,1.347050995626721814e+00,-4.309397339820861816e-01,3.394947052001953125e-01,-2.742291614413261414e-02,-1.274206638336181641e-01,5.610773712396621704e-02,8.377463817596435547e-01,-4.826180040836334229e-01,1.159370392560958862e-01,-5.267160534858703613e-01,-1.961901038885116577e-01,-7.093823701143264771e-02,1.340517163276672363e+00,-3.854641318321228027e-01,-1.803135685622692108e-02
4.649987128906780676e+00,-9.187558333741295824e-01,5.122087948769331600e-01,9.972015023231506348e-01,1.602698303759098053e-02,-5.395862087607383728e-02,-4.920154809951782227e-02,0.000000000000000000e+00,0.000000000000000000e+00,-1.666329056024551392e-01,-1.310611323514256910e+00,-4.533103406429290771e-01,-5.040787458419799805e-01,4.248603880405426025e-01,1.319874987998280957e+00,-4.602302312850952148e-01,3.254060447216033936e-01,6.162008643150329590e-02,-9.573531895875930786e-02,3.694282099604606628e-02,7.685177326202392578e-01,-3.424091041088104248e-01,9.612477570772171021e-02,-5.243459939956665039e-01,-1.597951054573059082e-01,-1.081233695149421692e-01,1.053115844726562500e+00,-3.076713979244232178e-01,2.867296105250716209e-03
4.687787396974034237e+00,-9.263069849378534615e-01,5.241860100213024953e-01,9.972865581512451172e-01,1.512369886040687561e-02,-5.080037564039230347e-02,-5.108847469091415405e-02,0.000000000000000000e+00,0.000000000000000000e+00,-2.002130448818206787e-01,-1.320798904695783094e+00,-4.896247386932373047e-01,-5.105854868888854980e-01,5.078672170639038086e-01,1.295833603539739087e+00,-4.744046926498413086e-01,3.245458900928497314e-01,1.370170861482620239e-01,-7.805754244327545166e-02,3.635339066386222839e-02,7.194980978965759277e-01,-1.567012667655944824e-01,6.530799716711044312e-02,-4.766903817653656006e-01,-1.191287115216255188e-01,-1.101489812135696411e-01,7.210300564765930176e-01,-2.132603824138641357e-01,4.791666194796562195e-02
4.726246513658100667e+00,-9.333932427068553084e-01,5.329649901224507991e-01,9.970980882644653320e-01,2.769523486495018005e-02,-5.048929899930953979e-02,-4.979116469621658325e-02,0.000000000000000000e+00,0.000000000000000000e+00,-2.220202833414077759e-01,-1.321672053137097791e+00,-5.229760408401489258e-01,-5.253477096557617188e-01,5.697384476661682129e-01,1.278020099797521070e+00,-4.896688163280487061e-01,3.315690755844116211e-01,1.823697686195373535e-01,-9.301707893610000610e-02,3.444819524884223938e-02,7.080383896827697754e-01,5.319624021649360657e-02,2.697928249835968018e-02,-4.102151095867156982e-01,-1.079489961266517639e-01,-8.264800161123275757e-02,4.137040674686431885e-01,-1.511864513158798218e-01,9.557043015956878662e-02
4.766173256834348670e+00,-9.406545525789262729e-01,5.364423230042061341e-01,9.966551065444946289e-01,4.525788500905036926e-02,-5.231876671314239502e-02,-4.350878298282623291e-02,0.000000000000000000e+00,0.000000000000000000e+00,-2.362916469573974609e-01,-1.320925788083348706e+00,-5.491144061088562012e-01,-5.441323518753051758e-01,6.030164957046508789e-01,1.270086751380238965e+00,-5.106258988380432129e-01,3.418391644954681396e-01,1.911642700433731079e-01,-1.223600432276725769e-01,2.533835917711257935e-02,7.613986134529113770e-01,2.248969227075576782e-01,-1.783228851854801178e-02,-3.558728694915771484e-01,-1.266552805900573730e-01,-5.884944275021553040e-02,2.048851102590560913e-01,-1.363539099693298340e-01,1.176537424325942993e-01
4.806507135497199990e+00,-9.483261483907701184e-01,5.343445654875703665e-01,9.963338971138000488e-01,5.371225252747535706e-02,-5.521300807595252991e-02,-3.721901029348373413e-02,0.000000000000000000e+00,0.000000000000000000e+00,-2.367602288722991943e-01,-1.322880656519208387e+00,-5.632035732269287109e-01,-5.575186610221862793e-01,6.000844240188598633e-01,1.267489627995763257e+00,-5.295886397361755371e-01,3.529191315174102783e-01,1.753830462694168091e-01,-1.204328015446662903e-01,3.636829182505607605e-02,8.779680132865905762e-01,2.734037041664123535e-01,-3.598679602146148682e-02,-3.299477100372314453e-01,-1.418314725160598755e-01,-5.394180119037628174e-02,1.425634175539016724e-01,-1.545766592025756836e-01,1.144554018974304199e-01
4.844400139980846731e+00,-9.570418366955387723e-01,5.268030268450578646e-01,9.961116313934326172e-01,5.549023672938346863e-02,-5.953593552112579346e-02,-3.373398631811141968e-02,0.000000000000000000e+00,0.000000000000000000e+00,-2.214870750904083252e-01,-1.330573932328496412e+00,-5.531324148178100586e-01,-5.664160847663879395e-01,5.665390491485595703e-01,1.264031128087315992e+00,-5.433696508407592773e-01,3.681389391422271729e-01,1.470184177160263062e-01,-5.612897127866744995e-02,1.018089801073074341e-01,1.035148978233337402e+00,2.066224366426467896e-01,9.044875390827655792e-03,-3.089456558227539062e-01,-1.453419476747512817e-01,-5.102697759866714478e-02,1.610448360443115234e-01,-1.488948464393615723e-01,1.286458671092987061e-01
4.883456711835332698e+00,-9.660167507496146833e-01,5.146850106782384637e-01,9.968628883361816406e-01,3.709936141967773438e-02,-6.163216009736061096e-02,-3.300826624035835266e-02,0.000000000000000000e+00,0.000000000000000000e+00,-1.924437284469604492e-01,-1.343427718677792981e+00,-5.228628516197204590e-01,-5.663130283355712891e-01,4.888758659362792969e-01,1.255754903950963453e+00,-5.295635461807250977e-01,3.939586579799652100e-01,9.092304855585098267e-02,8.668334782123565674e-02,1.644479334354400635e-01,1.245498657226562500e+00,2.851746231317520142e-02,8.055227994918823242e-02,-3.592550456523895264e-01,-9.253329038619995117e-02,-4.541464895009994507e-02,3.637586236000061035e-01,-3.563896566629409790e-02,1.177594810724258423e-01
4.913090359038777777e+00,-9.751016075412434203e-01,4.997794089217981739e-01,9.971720576286315918e-01,9.774233214557170868e-03,-6.876902282238006592e-02,-2.868927083909511566e-02,0.000000000000000000e+00,0.000000000000000000e+00,-1.496052742004394531e-01,-1.357407034435544446e+00,-4.476562440395355225e-01,-5.500459671020507812e-01,3.847819268703460693e-01,1.244103954234395459e+00,-4.831504523754119873e-01,4.272025525569915771e-01,-1.895313616842031479e-03,1.888143420219421387e-01,1.382945477962493896e-01,1.452739000320434570e+00,-1.434192955493927002e-01,1.195017024874687195e-01,-4.465267062187194824e-01,-3.484573587775230408e-02,-6.939325481653213501e-02,6.863394379615783691e-01,-1.062747612595558167e-01,3.160357847809791565e-02
4.943967708216773893e+00,-9.823485384219224903e-01,4.926725924263398726e-01,9.962909221649169922e-01,-1.158369611948728561e-02,-8.305547386407852173e-02,-1.928797736763954163e-02,0.000000000000000000e+00,0.000000000000000000e+00,-8.413725346326828003e-02,-1.377685160436902478e+00,-3.443928658962249756e-01,-5.208494663238525391e-01,2.298573106527328491e-01,1.239776597419057325e+00,-4.062534868717193604e-01,4.613035023212432861e-01,-1.138207465410232544e-01,1.987856924533843994e-01,5.881169065833091736e-02,1.567992806434631348e+00,-2.478701770305633545e-01,1.265005320310592651e-01,-4.108632802963256836e-01,-1.052723964676260948e-04,-1.175918355584144592e-01,8.361269235610961914e-01,-2.571905255317687988e-01,1.247710548341274261e-03
4.969837937156360574e+00,-9.887048604256578610e-01,4.891473161098030542e-01,9.957160949707031250e-01,-4.862675908952951431e-03,-9.232757985591888428e-02,-1.223821309395134449e-03,0.000000000000000000e+00,0.000000000000000000e+00,-2.792743407189846039e-02,-1.383123577633176282e+00,-2.299789935350418091e-01,-5.082112550735473633e-01,1.072084680199623108e-01,1.246430144706044629e+00,-3.922916650772094727e-01,4.639866650104522705e-01,-2.253723293542861938e-01,1.437371075153350830e-01,3.991217911243438721e-02,1.590669989585876465e+00,-3.080020248889923096e-01,1.270516961812973022e-01,-3.607414066791534424e-01,-2.638795785605907440e-02,-1.399803757667541504e-01,9.317973256111145020e-01,-3.911057710647583008e-01,-1.838078489527106285e-03
4.992713458405601656e+00,-9.938143300016722970e-01,4.886835128565630293e-01,9.955220222473144531e-01,2.182642696425318718e-03,-9.398257732391357422e-02,9.921880438923835754e-03,0.000000000000000000e+00,0.000000000000000000e+00,2.070874534547328949e-02,-1.373698622980390027e+00,-1.865287274122238159e-01,-4.933033287525177002e-01,9.893394075334072113e-03,1.252001629271779493e+00,-4.342021048069000244e-01,4.339988231658935547e-01,-3.345414400100708008e-01,1.194637939333915710e-01,7.849124073982238770e-02,1.540081739425659180e+00,-3.190894722938537598e-01,1.399202048778533936e-01,-3.100651800632476807e-01,-4.213329404592514038e-02,-1.534061729907989502e-01,9.759684205055236816e-01,-4.658053517341613770e-01,-3.547624917700886726e-03
