4.237010943458763279e-02,2.050427181940205762e-02,4.997048011166278503e-01,9.991616606712341309e-01,9.918845258653163910e-03,3.929356113076210022e-02,-5.805471912026405334e-03,0.000000000000000000e+00,0.000000000000000000e+00,2.890385687351226807e-01,-1.289045528569493726e+00,1.258640289306640625e+00,-6.146992743015289307e-02,6.735228747129440308e-02,1.268076465525899366e+00,1.032258749008178711e+00,1.970300972461700439e-01,-2.696311771869659424e-01,5.911203026771545410e-01,2.587493658065795898e-01,4.942093491554260254e-01,-3.880533389747142792e-03,-2.110073268413543701e-01,-2.231389880180358887e-01,-3.123376965522766113e-01,3.658014535903930664e-01,5.443282723426818848e-01,-4.631605148315429688e-01,2.627070844173431396e-01
3.257401439210757393e-02,-8.239410588625968243e-03,5.060271942118803601e-01,9.985309243202209473e-01,5.166106391698122025e-03,5.180888995528221130e-02,1.500453799962997437e-02,0.000000000000000000e+00,0.000000000000000000e+00,2.615507543087005615e-01,-1.282606677212987378e+00,1.244820117950439453e+00,-4.508315026760101318e-02,7.410273700952529907e-02,1.276443109908376172e+00,1.028501033782958984e+00,2.342561483383178711e-01,-3.396670818328857422e-01,6.315795779228210449e-01,2.221740633249282837e-01,3.947240114212036133e-01,1.571912616491317749e-01,-1.169578582048416138e-01,-3.011524677276611328e-01,-2.368634194135665894e-01,2.828885316848754883e-01,6.455414891242980957e-01,-4.932680428028106689e-01,2.369739413261413574e-01
2.159877119821054098e-02,-4.373089933843173072e-02,5.130084155770865406e-01,9.981119036674499512e-01,7.712334860116243362e-03,4.988849535584449768e-02,3.498988598585128784e-02,0.000000000000000000e+00,0.000000000000000000e+00,2.247201502323150635e-01,-1.281042472520146802e+00,1.235567212104797363e+00,-6.585801392793655396e-02,1.033572405576705933e-01,1.279996351399693921e+00,1.026775598526000977e+00,2.433536499738693237e-01,-2.855539321899414062e-01,5.767581462860107422e-01,2.504943907260894775e-01,2.734486162662506104e-01,1.406345367431640625e-01,-1.829732507467269897e-01,-3.294461071491241455e-01,-1.859449148178100586e-01,2.238434553146362305e-01,7.031830549240112305e-01,-4.823102653026580811e-01,1.700757443904876709e-01
1.211976165323508728e-02,-7.358156416264145794e-02,5.215435798247956001e-01,9.974157214164733887e-01,1.374514587223529816e-02,4.002801701426506042e-02,5.805725604295730591e-02,0.000000000000000000e+00,0.000000000000000000e+00,1.643677055835723877e-01,-1.287343339123998120e+00,1.227765560150146484e+00,-1.263132840394973755e-01,1.523408144712448120e-01,1.286067769923482373e+00,1.032366514205932617e+00,2.224441915750503540e-01,-2.274739593267440796e-01,5.396872162818908691e-01,3.883455395698547363e-01,3.377912342548370361e-01,3.718266263604164124e-02,-1.810694336891174316e-01,-3.195034861564636230e-01,-1.502615064382553101e-01,1.597533971071243286e-01,7.025704979896545410e-01,-4.474256634712219238e-01,7.920427620410919189e-02
3.529075720121688849e-03,-1.013048111376437244e-01,5.297416903861242865e-01,9.957922697067260742e-01,1.867615617811679840e-02,2.848678454756736755e-02,8.507309108972549438e-02,0.000000000000000000e+00,0.000000000000000000e+00,8.873274177312850952e-02,-1.295732067027364209e+00,1.220363378524780273e+00,-2.265701442956924438e-01,2.080382406711578369e-01,1.296881065764699414e+00,1.043787240982055664e+00,1.888159513473510742e-01,-1.894732415676116943e-01,5.325788259506225586e-01,5.226888656616210938e-01,5.615285038948059082e-01,-1.303187012672424316e-01,-1.080843359231948853e-01,-2.886243760585784912e-01,-1.200163066387176514e-01,9.122664481401443481e-02,6.665627956390380859e-01,-4.080770909786224365e-01,-5.871600937098264694e-03
-4.072015835818919294e-03,-1.274259943601609435e-01,5.355666822541241823e-01,9.933024644851684570e-01,2.153218537569046021e-02,1.906398870050907135e-02,1.119071394205093384e-01,0.000000000000000000e+00,0.000000000000000000e+00,6.899301428347826004e-03,-1.305747375884328321e+00,1.208202838897705078e+00,-3.479819893836975098e-01,2.712565362453460693e-01,1.307460264363561109e+00,1.058953404426574707e+00,1.513873785734176636e-01,-1.490052342414855957e-01,4.814946055412292480e-01,5.619270801544189453e-01,7.521800994873046875e-01,-2.400473952293395996e-01,-8.639442175626754761e-02,-2.597393989562988281e-01,-8.832669258117675781e-02,2.978698723018169403e-02,6.200999617576599121e-01,-3.706344962120056152e-01,-6.728939712047576904e-02
-1.116665236190939742e-02,-1.535831332974361696e-01,5.391349340297959536e-01,9.904107451438903809e-01,2.160271070897579193e-02,1.228719204664230347e-02,1.359004527330398560e-01,0.000000000000000000e+00,0.000000000000000000e+00,-7.436046004295349121e-02,-1.319183484711919263e+00,1.188307285308837891e+00,-4.684767723083496094e-01,3.363913595676422119e-01,1.314844713607106641e+00,1.078305363655090332e+00,1.245516091585159302e-01,-1.069354563951492310e-01,3.907776176929473877e-01,5.421928763389587402e-01,8.894904255867004395e-01,-2.857383489608764648e-01,-1.107601970434188843e-01,-2.446343302726745605e-01,-5.052082240581512451e-02,-2.129104174673557281e-02,5.787320733070373535e-01,-3.313313126564025879e-01,-1.115932911634445190e-01
-1.811446366450664494e-02,-1.794621136769501968e-01,5.406480634393113771e-01,9.872307181358337402e-01,1.987010426819324493e-02,7.612666580826044083e-03,1.578693687915802002e-01,0.000000000000000000e+00,0.000000000000000000e+00,-1.538717299699783325e-01,-1.334616840877805188e+00,1.163377642631530762e+00,-5.769964456558227539e-01,3.996736109256744385e-01,1.321609185138020948e+00,1.101291298866271973e+00,1.080608144402503967e-01,-5.271233245730400085e-02,2.688228487968444824e-01,5.039498209953308105e-01,9.509688019752502441e-01,-2.750960290431976318e-01,-1.643197387456893921e-01,-2.433945238590240479e-01,-1.099468767642974854e-02,-6.406226754188537598e-02,5.481402277946472168e-01,-2.871081233024597168e-01,-1.468980610370635986e-01
-2.590684502046894030e-02,-2.055328509486233357e-01,5.400564133985475967e-01,9.836298227310180664e-01,1.812470704317092896e-02,5.066711921244859695e-03,1.792154759168624878e-01,0.000000000000000000e+00,0.000000000000000000e+00,-2.325069010257720947e-01,-1.349650711813245252e+00,1.139142274856567383e+00,-6.748824119567871094e-01,4.561564624309539795e-01,1.331031561889920667e+00,1.124818325042724609e+00,9.907336533069610596e-02,1.103055011481046677e-02,1.316363662481307983e-01,4.537749290466308594e-01,9.359366893768310547e-01,-2.243002206087112427e-01,-2.166638821363449097e-01,-2.589946389198303223e-01,2.336850017309188843e-02,-1.036844477057456970e-01,5.339577198028564453e-01,-2.445880323648452759e-01,-1.774481087923049927e-01
-3.397336534685407861e-02,-2.318137174031951186e-01,5.372135038132017648e-01,9.794263243675231934e-01,1.720395870506763458e-02,4.495551809668540955e-03,2.010170668363571167e-01,0.000000000000000000e+00,0.000000000000000000e+00,-3.123310208320617676e-01,-1.361076057949338391e+00,1.116401553153991699e+00,-7.650541663169860840e-01,5.051592588424682617e-01,1.346627966561589673e+00,1.144545555114746094e+00,9.638112038373947144e-02,8.634091168642044067e-02,-1.837847754359245300e-03,3.881530463695526123e-01,8.560974001884460449e-01,-1.565316468477249146e-01,-2.403489947319030762e-01,-2.911857962608337402e-01,4.941400885581970215e-02,-1.461857855319976807e-01,5.356662869453430176e-01,-2.100545912981033325e-01,-2.052592039108276367e-01
-4.287273430891071907e-02,-2.587713484657984675e-01,5.325674525001132809e-01,9.744918346405029297e-01,1.591438427567481995e-02,5.322811659425497055e-03,2.237945646047592163e-01,0.000000000000000000e+00,0.000000000000000000e+00,-3.904775083065032959e-01,-1.364658028879437879e+00,1.094655871391296387e+00,-8.444713354110717773e-01,5.486773252487182617e-01,1.373315141597066358e+00,1.159845471382141113e+00,9.713710099458694458e-02,1.652229428291320801e-01,-1.204580292105674744e-01,2.882174551486968994e-01,7.208849787712097168e-01,-9.025128185749053955e-02,-2.400883287191390991e-01,-3.310523629188537598e-01,7.202565670013427734e-02,-1.949975788593292236e-01,5.315866470336914062e-01,-1.774120181798934937e-01,-2.325134426355361938e-01
-5.329255564721546018e-02,-2.870313154462009742e-01,5.271838938414749043e-01,9.694555401802062988e-01,1.341233029961585999e-02,8.609873242676258087e-03,2.447487413883209229e-01,0.000000000000000000e+00,0.000000000000000000e+00,-4.639945030212402344e-01,-1.356759415068898633e+00,1.069966077804565430e+00,-9.050003290176391602e-01,5.829446911811828613e-01,1.417818413176808789e+00,1.173559904098510742e+00,9.527365118265151978e-02,2.250349372625350952e-01,-1.932014226913452148e-01,1.788039654493331909e-01,5.703229308128356934e-01,-3.304218873381614685e-02,-2.181472033262252808e-01,-3.771995306015014648e-01,9.828761965036392212e-02,-2.400156855583190918e-01,5.018754601478576660e-01,-1.320186406373977661e-01,-2.580845355987548828e-01
-6.618215001686805765e-02,-3.176176919061878823e-01,5.211053436016193086e-01,9.652650952339172363e-01,9.102011099457740784e-03,1.170943956822156906e-02,2.608513534069061279e-01,0.000000000000000000e+00,0.000000000000000000e+00,-5.384372472763061523e-01,-1.340112031498227552e+00,1.053467988967895508e+00,-9.362301826477050781e-01,5.889375209808349609e-01,1.471986138322625592e+00,1.193101406097412109e+00,9.320124238729476929e-02,2.401868402957916260e-01,-1.646170318126678467e-01,1.953539699316024780e-01,5.457417964935302734e-01,-1.159307956695556641e-01,-3.414546698331832886e-02,-4.345324337482452393e-01,1.311729848384857178e-01,-2.661668062210083008e-01,4.626260995864868164e-01,-4.189432412385940552e-02,-2.747355699539184570e-01
-8.157397253655197800e-02,-3.496023969081314964e-01,5.155525107523708517e-01,9.629473090171813965e-01,2.648039488121867180e-03,1.415919512510299683e-02,2.693046331405639648e-01,0.000000000000000000e+00,0.000000000000000000e+00,-6.158993244171142578e-01,-1.309666381278310254e+00,1.036185741424560547e+00,-9.445850849151611328e-01,5.699985623359680176e-01,1.529745825627122358e+00,1.217830419540405273e+00,1.097892224788665771e-01,2.435227483510971069e-01,-1.072076931595802307e-01,2.791917920112609863e-01,5.099480748176574707e-01,-3.370155096054077148e-01,1.009323820471763611e-01,-5.152723193168640137e-01,1.904482394456863403e-01,-1.936896145343780518e-01,4.469788074493408203e-01,1.213267967104911804e-01,-2.546502947807312012e-01
-9.713216289576857843e-02,-3.814886804068028381e-01,5.115656198636450158e-01,9.643766880035400391e-01,9.032220579683780670e-03,1.141742803156375885e-02,2.641319334506988525e-01,0.000000000000000000e+00,0.000000000000000000e+00,-6.720553040504455566e-01,-1.274109617867742017e+00,1.017855286598205566e+00,-9.396850466728210449e-01,5.321612954139709473e-01,1.578778906786117986e+00,1.246176600456237793e+00,1.511055380105972290e-01,2.339166551828384399e-01,-8.675269782543182373e-02,3.278053104877471924e-01,4.643889665603637695e-01,-4.695152044296264648e-01,9.050722420215606689e-02,-5.213969945907592773e-01,2.660837471485137939e-01,-1.688536070287227631e-02,3.046770691871643066e-01,2.893964648246765137e-01,-7.463512569665908813e-02
-1.109526926549998238e-01,-4.121151852713088592e-01,5.090421182617093088e-01,9.680372476577758789e-01,3.183164075016975403e-02,1.155467820353806019e-03,2.487756013870239258e-01,0.000000000000000000e+00,0.000000000000000000e+00,-7.101090550422668457e-01,-1.238910154500279859e+00,1.012046098709106445e+00,-9.205291271209716797e-01,4.874865710735321045e-01,1.609631815054688886e+00,1.255599737167358398e+00,1.866039484739303589e-01,2.357956469058990479e-01,-9.433766454458236694e-02,3.720859289169311523e-01,4.461478590965270996e-01,-5.257492065429687500e-01,5.426526442170143127e-02,-4.354586601257324219e-01,3.041201531887054443e-01,2.366782277822494507e-01,1.255133450031280518e-01,3.449999999999999734e-01,2.544129490852355957e-01
-1.235148139170022946e-01,-4.414332508807531363e-01,5.103834823225483763e-01,9.760076403617858887e-01,2.521833777427673340e-02,-4.322164226323366165e-03,2.162276059389114380e-01,0.000000000000000000e+00,0.000000000000000000e+00,-6.941686868667602539e-01,-1.193621591725621656e+00,1.002084255218505859e+00,-8.749872446060180664e-01,4.402523338794708252e-01,1.614565518745456174e+00,1.251956462860107422e+00,1.935568749904632568e-01,1.768494099378585815e-01,-2.711612172424793243e-02,4.069402217864990234e-01,5.101591348648071289e-01,-5.550485253334045410e-01,-2.141079492866992950e-02,-4.445188939571380615e-01,3.455590903759002686e-01,2.582602798938751221e-01,2.329825013875961304e-01,2.537895441055297852e-01,2.722972333431243896e-01
-1.346553662082537739e-01,-4.678355405314101323e-01,5.146932272966763255e-01,9.846864938735961914e-01,1.532801333814859390e-02,-3.914736211299896240e-03,1.736150681972503662e-01,0.000000000000000000e+00,0.000000000000000000e+00,-6.260468959808349609e-01,-1.146394209065709546e+00,9.929347634315490723e-01,-7.914769649505615234e-01,3.800262212753295898e-01,1.595711589851651624e+00,1.227013826370239258e+00,1.941303759813308716e-01,1.148987263441085815e-01,5.555897951126098633e-02,4.523843228816986084e-01,5.720876455307006836e-01,-5.427071452140808105e-01,-8.376875519752502441e-02,-4.923958778381347656e-01,3.367161750793457031e-01,1.664221286773681641e-01,4.683498442173004150e-01,9.246437996625900269e-02,2.625946104526519775e-01
-1.434483445561820225e-01,-4.913145807490806316e-01,5.205320450919445063e-01,9.909248352050781250e-01,6.262262351810932159e-03,7.033136789686977863e-04,1.342695057392120361e-01,0.000000000000000000e+00,0.000000000000000000e+00,-5.160526633262634277e-01,-1.115561709800038770e+00,1.003529667854309082e+00,-6.959204673767089844e-01,3.151688277721405029e-01,1.554720890769038633e+00,1.177382349967956543e+00,1.938682496547698975e-01,7.530652731657028198e-02,1.327632516622543335e-01,4.953979551792144775e-01,5.887879729270935059e-01,-5.045366287231445312e-01,-1.273837536573410034e-01,-5.301035642623901367e-01,2.471261620521545410e-01,3.964808210730552673e-02,7.097463607788085938e-01,-6.659563630819320679e-02,2.135500162839889526e-01
-1.501429685656771595e-01,-5.137930058100910191e-01,5.259903384925741499e-01,9.946311712265014648e-01,-1.106706098653376102e-03,7.928070612251758575e-03,1.031732037663459778e-01,0.000000000000000000e+00,0.000000000000000000e+00,-3.958406150341033936e-01,-1.110842065015111402e+00,1.034956455230712891e+00,-6.064712405204772949e-01,2.456576526165008545e-01,1.502146587767873243e+00,1.117388486862182617e+00,1.790980547666549683e-01,4.413317888975143433e-02,2.021955251693725586e-01,5.292078256607055664e-01,5.807353258132934570e-01,-4.585226774215698242e-01,-1.554411351680755615e-01,-5.545923709869384766e-01,1.080975160002708435e-01,-4.276946559548377991e-02,9.092382788658142090e-01,-2.078274190425872803e-01,1.025616005063056946e-01
-1.556049052849788339e-01,-5.365284353449488730e-01,5.300070817587954064e-01,9.967414140701293945e-01,-6.438669748604297638e-03,1.456752885133028030e-02,7.907502353191375732e-02,0.000000000000000000e+00,0.000000000000000000e+00,-2.752336561679840088e-01,-1.130684153237615064e+00,1.074331402778625488e+00,-5.163178443908691406e-01,1.755838394165039062e-01,1.444422827163014844e+00,1.056832075119018555e+00,1.509371995925903320e-01,1.934662647545337677e-02,2.688769996166229248e-01,5.554558634757995605e-01,5.687292218208312988e-01,-4.126105308532714844e-01,-1.800614446401596069e-01,-5.618372559547424316e-01,-4.015972092747688293e-02,-6.345092505216598511e-02,1.039549589157104492e+00,-2.887155711650848389e-01,2.855869708582758904e-03
-1.599399458933057072e-01,-5.613185305336508835e-01,5.312572279151039911e-01,9.979047179222106934e-01,-6.915636826306581497e-03,1.839401572942733765e-02,6.164391711354255676e-02,0.000000000000000000e+00,0.000000000000000000e+00,-1.543298065662384033e-01,-1.167510793605122998e+00,1.109633564949035645e+00,-4.262047708034515381e-01,1.148611232638359070e-01,1.381523148217473462e+00,9.966968894004821777e-01,1.175231337547302246e-01,4.913394805043935776e-03,3.282878398895263672e-01,5.764719843864440918e-01,5.623267292976379395e-01,-3.745405375957489014e-01,-2.046576589345932007e-01,-5.523872971534729004e-01,-1.942844688892364502e-01,-4.833398014307022095e-02,1.102481126785278320e+00,-3.185219466686248779e-01,-7.131440192461013794e-02
-1.635843233075557346e-01,-5.921231116806016104e-01,5.286327098535769098e-01,9.986223578453063965e-01,-3.670100122690200806e-04,1.959562115371227264e-02,4.867446422576904297e-02,0.000000000000000000e+00,0.000000000000000000e+00,-3.819589689373970032e-02,-1.209651217856679395e+00,1.132598280906677246e+00,-3.465161323547363281e-01,7.053310424089431763e-02,1.312336877980504468e+00,9.369502663612365723e-01,8.506161719560623169e-02,4.344709741417318583e-04,3.720988333225250244e-01,5.893208384513854980e-01,5.594425797462463379e-01,-3.453020751476287842e-01,-2.298167496919631958e-01,-5.336862802505493164e-01,-3.491019308567047119e-01,-8.060871623456478119e-03,1.107493042945861816e+00,-3.065645992755889893e-01,-1.022724881768226624e-01
-1.665036906858887444e-01,-6.195466930998696498e-01,5.224854451703905278e-01,9.990257024765014648e-01,1.080011017620563507e-02,2.012890018522739410e-02,3.776048868894577026e-02,0.000000000000000000e+00,0.000000000000000000e+00,6.847127526998519897e-02,-1.247217492261205152e+00,1.146001577377319336e+00,-2.820021808147430420e-01,4.575727880001068115e-02,1.241709099211965039e+00,8.812658786773681641e-01,5.935445800423622131e-02,-6.875745486468076706e-03,4.079306721687316895e-01,5.850171446800231934e-01,5.686920881271362305e-01,-3.206126093864440918e-01,-2.493889629840850830e-01,-5.189189314842224121e-01,-4.889667034149169922e-01,5.318238213658332825e-02,1.066234469413757324e+00,-2.611097395420074463e-01,-1.017264798283576965e-01
-1.692130015401000220e-01,-6.485396210623509683e-01,5.151337886007145705e-01,9.990121722221374512e-01,2.565275505185127258e-02,2.203894034028053284e-02,2.882547676563262939e-02,0.000000000000000000e+00,0.000000000000000000e+00,1.642154753208160400e-01,-1.274587289490971997e+00,1.158981561660766602e+00,-2.282000035047531128e-01,3.429785370826721191e-02,1.183696107068334058e+00,8.403257131576538086e-01,4.521752148866653442e-02,-1.450619008392095566e-02,4.362587332725524902e-01,5.706290602684020996e-01,5.662994384765625000e-01,-2.807320356369018555e-01,-2.598551511764526367e-01,-5.137873888015747070e-01,-5.917042493820190430e-01,1.436778455972671509e-01,9.912649393081665039e-01,-1.739443093538284302e-01,-7.614579796791076660e-02
-1.713566222965642039e-01,-6.811418218699970550e-01,5.092571882414396178e-01,9.983221888542175293e-01,4.357645288109779358e-02,2.811334095895290375e-02,2.575911395251750946e-02,0.000000000000000000e+00,0.000000000000000000e+00,2.371912896633148193e-01,-1.291911737122807935e+00,1.177015423774719238e+00,-1.817473173141479492e-01,2.107832394540309906e-02,1.152575061717305616e+00,8.201236128807067871e-01,4.039055854082107544e-02,-2.324822917580604553e-02,4.475748836994171143e-01,5.637344121932983398e-01,5.052776336669921875e-01,-1.822903603315353394e-01,-2.608187496662139893e-01,-4.801683127880096436e-01,-6.098616123199462891e-01,2.883479893207550049e-01,8.597758412361145020e-01,-5.792177096009254456e-02,3.245566785335540771e-02
-1.725489839655582336e-01,-7.199715856891689691e-01,5.058173556640894741e-01,9.977756738662719727e-01,3.858470171689987183e-02,4.564519971609115601e-02,2.951928414404392242e-02,0.000000000000000000e+00,0.000000000000000000e+00,2.931354641914367676e-01,-1.290062383809361890e+00,1.188026189804077148e+00,-1.291131973266601562e-01,2.639547921717166901e-02,1.147901819148335889e+00,8.210912346839904785e-01,4.666109383106231689e-02,-5.087890848517417908e-02,5.052521228790283203e-01,5.215981602668762207e-01,3.608465194702148438e-01,1.694382168352603912e-02,-2.674719095230102539e-01,-3.279637396335601807e-01,-5.298168063163757324e-01,3.369435667991638184e-01,6.251251697540283203e-01,-1.593244373798370361e-01,2.446755915880203247e-01
-1.766283175781971360e-01,-7.611787446896837173e-01,5.053396761048623009e-01,9.965063929557800293e-01,3.270759433507919312e-02,6.211092695593833923e-02,4.524925723671913147e-02,0.000000000000000000e+00,0.000000000000000000e+00,3.160839676856994629e-01,-1.272607819237981275e+00,1.189688205718994141e+00,-8.269557356834411621e-02,2.872097305953502655e-02,1.161772237220082715e+00,8.307721614837646484e-01,5.528238043189048767e-02,-1.360432058572769165e-01,5.645754337310791016e-01,3.905680477619171143e-01,2.624441385269165039e-01,2.369446605443954468e-01,-2.693741917610168457e-01,-3.120713531970977783e-01,-4.701147675514221191e-01,2.523050308227539062e-01,6.069930195808410645e-01,-3.236974775791168213e-01,2.661726772785186768e-01
-1.835693482599324577e-01,-8.018930695860674307e-01,5.072376479163314134e-01,9.945886135101318359e-01,3.602516278624534607e-02,7.100185006856918335e-02,6.674136966466903687e-02,0.000000000000000000e+00,0.000000000000000000e+00,3.013531565666198730e-01,-1.253116116919789746e+00,1.182217121124267578e+00,-6.132451817393302917e-02,2.564448118209838867e-02,1.175526664653096631e+00,8.496574163436889648e-01,7.237967848777770996e-02,-2.463314086198806763e-01,5.876253247261047363e-01,2.522370517253875732e-01,2.254690676927566528e-01,3.426932990550994873e-01,-2.413187026977539062e-01,-3.792186081409454346e-01,-4.243938326835632324e-01,1.872593462467193604e-01,7.333783507347106934e-01,-4.314416050910949707e-01,2.593794763088226318e-01
-1.903663484861302935e-01,-8.396743880137048643e-01,5.112776004718710965e-01,9.928076863288879395e-01,4.626030474901199341e-02,6.754183024168014526e-02,8.735520392656326294e-02,0.000000000000000000e+00,0.000000000000000000e+00,2.599318325519561768e-01,-1.240064398446355298e+00,1.183902502059936523e+00,-6.399322301149368286e-02,3.971720114350318909e-02,1.181920931735310987e+00,8.891794681549072266e-01,8.346898108720779419e-02,-2.575312256813049316e-01,5.759205818176269531e-01,2.767878472805023193e-01,2.240613996982574463e-01,2.516430616378784180e-01,-2.286542057991027832e-01,-4.052024781703948975e-01,-3.885832428932189941e-01,1.438124924898147583e-01,8.172134160995483398e-01,-4.765313267707824707e-01,2.301227301359176636e-01
-1.957932948144246732e-01,-8.745431274687400780e-01,5.184341578456488353e-01,9.923744201660156250e-01,4.494382441043853760e-02,5.599364638328552246e-02,1.001883745193481445e-01,0.000000000000000000e+00,0.000000000000000000e+00,2.003808170557022095e-01,-1.244468496241841748e+00,1.194521427154541016e+00,-9.640055894851684570e-02,7.215553522109985352e-02,1.185887829461369947e+00,9.387028813362121582e-01,7.499818503856658936e-02,-2.282194048166275024e-01,6.065188646316528320e-01,3.864809572696685791e-01,3.660541772842407227e-01,9.514826536178588867e-02,-1.821453571319580078e-01,-3.842843174934387207e-01,-3.242011964321136475e-01,8.296200633049011230e-02,8.303235173225402832e-01,-4.794480502605438232e-01,1.490971595048904419e-01
-2.001459499862459079e-01,-9.076430616580476451e-01,5.271445750633273475e-01,9.917030334472656250e-01,4.239070042967796326e-02,4.539373144507408142e-02,1.125504523515701294e-01,0.000000000000000000e+00,0.000000000000000000e+00,1.349402964115142822e-01,-1.258818046250615552e+00,1.207309365272521973e+00,-1.670908331871032715e-01,1.220457553863525391e-01,1.196437523761067823e+00,9.932228922843933105e-01,5.493407696485519409e-02,-1.626519709825515747e-01,6.160926222801208496e-01,5.097909569740295410e-01,5.452350378036499023e-01,-6.900677829980850220e-02,-9.771562367677688599e-02,-3.395879268646240234e-01,-2.617442905902862549e-01,1.904694922268390656e-02,7.771139144897460938e-01,-4.578902423381805420e-01,6.837439537048339844e-02
-2.037129354232339040e-01,-9.362852345647836305e-01,5.349002559520680267e-01,9.904332756996154785e-01,4.132843390107154846e-02,4.018381983041763306e-02,1.253764182329177856e-01,0.000000000000000000e+00,0.000000000000000000e+00,6.026139110326766968e-02,-1.275980548062596753e+00,1.211671710014343262e+00,-2.735256850719451904e-01,1.859287023544311523e-01,1.210505590834889844e+00,1.048330545425415039e+00,3.121811151504516602e-02,-6.742906570434570312e-02,5.723872780799865723e-01,6.231692433357238770e-01,6.602658033370971680e-01,-1.826700717210769653e-01,-4.911847040057182312e-02,-3.030942082405090332e-01,-2.087079435586929321e-01,-3.521217778325080872e-02,7.045410871505737305e-01,-4.226622879505157471e-01,3.390250960364937782e-03
-2.067121859368952763e-01,-9.618664385167636777e-01,5.405482925587531406e-01,9.886201620101928711e-01,4.081960767507553101e-02,3.840087726712226868e-02,1.396040320396423340e-01,0.000000000000000000e+00,0.000000000000000000e+00,-2.756133116781711578e-02,-1.295863167443547681e+00,1.196118354797363281e+00,-4.035953879356384277e-01,2.532657384872436523e-01,1.220024422803197339e+00,1.104773163795471191e+00,1.015512552112340927e-02,2.093565836548805237e-02,4.938835799694061279e-01,7.002665400505065918e-01,7.325655817985534668e-01,-2.570808231830596924e-01,-2.234038338065147400e-02,-2.822543382644653320e-01,-1.608550399541854858e-01,-8.192317187786102295e-02,6.421442627906799316e-01,-3.853154182434082031e-01,-4.966938868165016174e-02
-2.099380280363439266e-01,-9.863853296306398510e-01,5.433565335276753228e-01,9.859986305236816406e-01,3.779289126396179199e-02,3.706669807434082031e-02,1.581280827522277832e-01,0.000000000000000000e+00,0.000000000000000000e+00,-1.239568293094635010e-01,-1.317959413924489454e+00,1.161583900451660156e+00,-5.302995443344116211e-01,3.219147920608520508e-01,1.224605755009923413e+00,1.161478996276855469e+00,0.000000000000000000e+00,7.325225323438644409e-02,3.712545335292816162e-01,6.769371628761291504e-01,7.486702203750610352e-01,-2.830986380577087402e-01,-4.052548483014106750e-02,-2.788028419017791748e-01,-1.110944449901580811e-01,-1.235706061124801636e-01,6.057478189468383789e-01,-3.492703735828399658e-01,-9.624928236007690430e-02
-2.140299627568685581e-01,-1.011291014553621581e+00,5.435287971079650893e-01,9.824634194374084473e-01,3.133358433842658997e-02,3.444087877869606018e-02,1.805482953786849976e-01,0.000000000000000000e+00,0.000000000000000000e+00,-2.193503528833389282e-01,-1.345077783861432508e+00,1.118635773658752441e+00,-6.330914497375488281e-01,3.910810947418212891e-01,1.229822562136922315e+00,1.212747097015380859e+00,0.000000000000000000e+00,1.112106069922447205e-01,2.089760601520538330e-01,5.736774206161499023e-01,6.796899437904357910e-01,-2.549667954444885254e-01,-1.228819489479064941e-01,-2.902329862117767334e-01,-6.156117469072341919e-02,-1.606851965188980103e-01,5.965604782104492188e-01,-3.142851591110229492e-01,-1.363882869482040405e-01
-2.187134644795547811e-01,-1.034983588536881438e+00,5.413825813951816945e-01,9.775310754776000977e-01,2.200845815241336823e-02,3.162067756056785583e-02,2.072409987449645996e-01,0.000000000000000000e+00,0.000000000000000000e+00,-3.081052601337432861e-01,-1.376021117964063123e+00,1.078665137290954590e+00,-7.096935510635375977e-01,4.658376872539520264e-01,1.241948560872350171e+00,1.248746156692504883e+00,0.000000000000000000e+00,1.744430512189865112e-01,5.648218840360641479e-02,4.596639275550842285e-01,5.504242181777954102e-01,-2.240075320005416870e-01,-1.969477534294128418e-01,-3.119342029094696045e-01,-1.229166891425848007e-02,-2.009472846984863281e-01,6.016565561294555664e-01,-2.762736380100250244e-01,-1.828299164772033691e-01
-2.244614795633036730e-01,-1.059497331257420294e+00,5.375019799172878754e-01,9.722237586975097656e-01,9.498788975179195404e-03,2.983636967837810516e-02,2.319494932889938354e-01,0.000000000000000000e+00,0.000000000000000000e+00,-3.913274109363555908e-01,-1.405553103485379651e+00,1.037505865097045898e+00,-7.628484368324279785e-01,5.289921164512634277e-01,1.264432326951299146e+00,1.275877714157104492e+00,0.000000000000000000e+00,2.475832402706146240e-01,-7.275190949440002441e-02,3.360983431339263916e-01,3.952396214008331299e-01,-1.651413738727569580e-01,-2.442381680011749268e-01,-3.412733674049377441e-01,3.953624889254570007e-02,-2.502539157867431641e-01,5.967580676078796387e-01,-2.329110503196716309e-01,-2.157485485076904297e-01
-2.317102928241394910e-01,-1.087406107229415886e+00,5.326283197955350435e-01,9.673460721969604492e-01,-5.205110646784305573e-03,2.878429740667343140e-02,2.517656981945037842e-01,0.000000000000000000e+00,0.000000000000000000e+00,-4.625157117843627930e-01,-1.428152740993771985e+00,1.000712871551513672e+00,-8.044743537902832031e-01,5.770682692527770996e-01,1.302387015023503736e+00,1.292917966842651367e+00,0.000000000000000000e+00,2.989006936550140381e-01,-1.740948259830474854e-01,1.851914376020431519e-01,2.637366354465484619e-01,-8.125673979520797729e-02,-2.610993981361389160e-01,-3.717207908630371094e-01,9.775735437870025635e-02,-3.040196597576141357e-01,5.645005702972412109e-01,-1.801832467317581177e-01,-2.444291263818740845e-01
-2.407971032659965427e-01,-1.118366551832719269e+00,5.279063296807233741e-01,9.632099866867065430e-01,-1.606380380690097809e-02,2.591346949338912964e-02,2.670149505138397217e-01,0.000000000000000000e+00,0.000000000000000000e+00,-5.214846134185791016e-01,-1.437348426380429700e+00,9.691872000694274902e-01,-8.384042978286743164e-01,6.108613610267639160e-01,1.357008532681737378e+00,1.301514148712158203e+00,0.000000000000000000e+00,2.981320023536682129e-01,-2.254196554422378540e-01,7.150965929031372070e-02,2.504943609237670898e-01,-3.316877782344818115e-02,-2.491211444139480591e-01,-4.062792360782623291e-01,1.552847027778625488e-01,-3.297037184238433838e-01,5.196810960769653320e-01,-1.031812429428100586e-01,-2.745993733406066895e-01
-2.514738538244156163e-01,-1.151428703458020175e+00,5.235212271750876445e-01,9.606236219406127930e-01,-1.710277609527111053e-02,1.993343047797679901e-02,2.766086161136627197e-01,0.000000000000000000e+00,0.000000000000000000e+00,-5.697633624076843262e-01,-1.428444133200917676e+00,9.485625028610229492e-01,-8.615229725837707520e-01,6.188393831253051758e-01,1.424263463416371778e+00,1.306085348129272461e+00,0.000000000000000000e+00,2.491400688886642456e-01,-2.334114462137222290e-01,6.913167983293533325e-02,3.713644444942474365e-01,-5.882997065782546997e-02,-1.726604104042053223e-01,-4.496558904647827148e-01,1.989337801933288574e-01,-3.121132254600524902e-01,4.835047423839569092e-01,2.844500995706766844e-04,-2.900801002979278564e-01
-2.642111657774358080e-01,-1.186787038511700088e+00,5.185622033702604883e-01,9.591996073722839355e-01,-9.455245919525623322e-03,1.293877419084310532e-02,2.822749316692352295e-01,0.000000000000000000e+00,0.000000000000000000e+00,-6.217192411422729492e-01,-1.397618846097264722e+00,9.413265585899353027e-01,-8.665598034858703613e-01,5.988103747367858887e-01,1.499065519371304944e+00,1.306410312652587891e+00,0.000000000000000000e+00,1.888889670372009277e-01,-2.000236213207244873e-01,1.694195866584777832e-01,5.254798531532287598e-01,-2.148156464099884033e-01,1.097941100597381592e-01,-5.258907079696655273e-01,2.303560972213745117e-01,-2.409477680921554565e-01,4.952597618103027344e-01,1.614424735307693481e-01,-2.670453488826751709e-01
-2.777327150494010577e-01,-1.221410731051606247e+00,5.152176575889491073e-01,9.612751007080078125e-01,-7.354925037361681461e-04,6.710886489599943161e-03,2.755079567432403564e-01,0.000000000000000000e+00,0.000000000000000000e+00,-6.580595970153808594e-01,-1.355422184863362745e+00,9.367209076881408691e-01,-8.631917834281921387e-01,5.614137649536132812e-01,1.565002617952648833e+00,1.303330659866333008e+00,0.000000000000000000e+00,1.629401594400405884e-01,-1.611754894256591797e-01,2.377179265022277832e-01,5.332412719726562500e-01,-3.851286172866821289e-01,1.648350507020950317e-01,-5.636721849441528320e-01,3.129622340202331543e-01,-3.936588391661643982e-02,4.105727672576904297e-01,3.449999999999999734e-01,-9.223988652229309082e-02
-2.907653122718887873e-01,-1.253657526641783093e+00,5.113031348420513655e-01,9.643282890319824219e-01,2.546584978699684143e-02,-1.676442567259073257e-03,2.634760737419128418e-01,0.000000000000000000e+00,0.000000000000000000e+00,-6.799924373626708984e-01,-1.315964863696370557e+00,9.503344297409057617e-01,-8.501358628273010254e-01,5.222539305686950684e-01,1.599148596697721914e+00,1.290516734123229980e+00,2.346581034362316132e-02,1.665062010288238525e-01,-1.667350977659225464e-01,3.020386397838592529e-01,5.118512511253356934e-01,-4.894889593124389648e-01,1.580861657857894897e-01,-4.391332566738128662e-01,3.347998857498168945e-01,2.378450781106948853e-01,1.038009449839591980e-01,3.449999999999999734e-01,2.719424366950988770e-01
-3.041754652589860330e-01,-1.283361763270816303e+00,5.128855184458120942e-01,9.721903204917907715e-01,1.752316951751708984e-02,-1.636982779018580914e-03,2.335298806428909302e-01,0.000000000000000000e+00,0.000000000000000000e+00,-6.701436638832092285e-01,-1.270873324075017408e+00,9.633617401123046875e-01,-7.942441105842590332e-01,4.637352824211120605e-01,1.608011432984147504e+00,1.299531817436218262e+00,6.702444702386856079e-02,1.118444949388504028e-01,-9.941896796226501465e-02,3.536700010299682617e-01,5.246514081954956055e-01,-5.354254245758056641e-01,9.193394333124160767e-02,-4.595846235752105713e-01,3.612578511238098145e-01,2.966598868370056152e-01,1.483192741870880127e-01,3.449999999999999734e-01,2.736107409000396729e-01
-3.171845002780960265e-01,-1.311008884607240299e+00,5.183140425075485336e-01,9.817310571670532227e-01,8.374495431780815125e-03,5.501324776560068130e-03,1.900096833705902100e-01,0.000000000000000000e+00,0.000000000000000000e+00,-6.132032871246337891e-01,-1.218046889701161817e+00,9.852478504180908203e-01,-6.957967877388000488e-01,3.806426227092742920e-01,1.589902821057711080e+00,1.305973410606384277e+00,1.096532195806503296e-01,3.679621219635009766e-02,-2.055338025093078613e-02,4.158826768398284912e-01,5.528128743171691895e-01,-5.209589004516601562e-01,3.204525262117385864e-02,-5.175138711929321289e-01,3.523788750171661377e-01,2.518180906772613525e-01,3.246856927871704102e-01,2.315066605806350708e-01,2.650651335716247559e-01
-3.280983260458316675e-01,-1.336050337644839603e+00,5.250957636309392385e-01,9.888961911201477051e-01,-2.292825665790587664e-04,1.317944284528493881e-02,1.480222493410110474e-01,0.000000000000000000e+00,0.000000000000000000e+00,-5.178122520446777344e-01,-1.166160778203282788e+00,1.031978130340576172e+00,-5.946834087371826172e-01,2.955120205879211426e-01,1.545961334430847600e+00,1.282272577285766602e+00,1.489052027463912964e-01,-2.034925483167171478e-02,6.252587586641311646e-02,4.667183458805084229e-01,5.714992284774780273e-01,-4.822736382484436035e-01,-2.209499664604663849e-02,-5.556257367134094238e-01,2.913286089897155762e-01,1.524773389101028442e-01,5.129469037055969238e-01,9.747885167598724365e-02,2.500164508819580078e-01
-3.363961452087669834e-01,-1.360027484917881502e+00,5.311063882941849945e-01,9.930815100669860840e-01,-7.660145871341228485e-03,1.913037896156311035e-02,1.156049594283103943e-01,0.000000000000000000e+00,0.000000000000000000e+00,-4.030789732933044434e-01,-1.130092815556798413e+00,1.097892522811889648e+00,-5.249724984169006348e-01,2.191237360239028931e-01,1.484017663696084455e+00,1.232237219810485840e+00,1.595210433006286621e-01,-6.705321371555328369e-02,1.474314182996749878e-01,4.996738433837890625e-01,5.932753086090087891e-01,-4.373208582401275635e-01,-6.188198179006576538e-02,-5.933808684349060059e-01,1.881916970014572144e-01,5.994396656751632690e-02,7.376407384872436523e-01,-3.830212354660034180e-02,1.808352619409561157e-01
-3.424278201576736458e-01,-1.383888212070621515e+00,5.355670144085330486e-01,9.955794811248779297e-01,-1.121848449110984802e-02,2.167525328695774078e-02,9.069617837667465210e-02,0.000000000000000000e+00,0.000000000000000000e+00,-2.693593800067901611e-01,-1.113598809638295606e+00,1.158922195434570312e+00,-4.834574162960052490e-01,1.471138149499893188e-01,1.412478090324674085e+00,1.170185446739196777e+00,1.403760015964508057e-01,-1.034442037343978882e-01,2.245032042264938354e-01,5.169452428817749023e-01,6.192024350166320801e-01,-3.888468146324157715e-01,-9.370501339435577393e-02,-5.982847213745117188e-01,4.840181395411491394e-02,6.301615387201309204e-03,9.031423330307006836e-01,-1.435788273811340332e-01,8.366541564464569092e-02
-3.467552108347716766e-01,-1.408462739047980028e+00,5.377277203574023501e-01,9.972284436225891113e-01,-9.653539396822452545e-03,2.139035053551197052e-02,7.060211151838302612e-02,0.000000000000000000e+00,0.000000000000000000e+00,-1.271426081657409668e-01,-1.116385565200124219e+00,1.201167345046997070e+00,-4.437152445316314697e-01,8.757267147302627563e-02,1.332665027179990247e+00,1.105216503143310547e+00,1.076199412345886230e-01,-1.237615570425987244e-01,2.893916368484497070e-01,5.232853889465332031e-01,6.421142220497131348e-01,-3.467072546482086182e-01,-1.270398795604705811e-01,-5.743483901023864746e-01,-1.128364801406860352e-01,-2.563825435936450958e-02,9.902979731559753418e-01,-2.207758426666259766e-01,-3.855069400742650032e-03
-3.498607299996144837e-01,-1.434319631159305608e+00,5.367582861958729579e-01,9.984241127967834473e-01,-3.949457313865423203e-03,1.958619989454746246e-02,5.244057625532150269e-02,0.000000000000000000e+00,0.000000000000000000e+00,1.483435276895761490e-02,-1.130520270266805127e+00,1.223795175552368164e+00,-3.930359184741973877e-01,3.199453279376029968e-02,1.247001961865697339e+00,1.039370536804199219e+00,6.810671836137771606e-02,-1.314464509487152100e-01,3.450108170509338379e-01,5.337050557136535645e-01,6.627559065818786621e-01,-3.152890801429748535e-01,-1.665996909141540527e-01,-5.428520441055297852e-01,-2.769705653190612793e-01,-4.179360345005989075e-02,1.020060062408447266e+00,-2.594936490058898926e-01,-6.400264054536819458e-02
-3.526906025244129772e-01,-1.461445851344050695e+00,5.329765421739129927e-01,9.992621541023254395e-01,4.373448900878429413e-03,1.729894988238811493e-02,3.401116281747817993e-02,0.000000000000000000e+00,0.000000000000000000e+00,1.485272794961929321e-01,-1.151284650960240796e+00,1.233269929885864258e+00,-3.272038102149963379e-01,-1.429230719804763794e-02,1.159320727982793287e+00,9.767215251922607422e-01,3.032815083861351013e-02,-1.260586977005004883e-01,3.927046060562133789e-01,5.446550250053405762e-01,6.736235022544860840e-01,-2.912128865718841553e-01,-2.036452889442443848e-01,-5.155721306800842285e-01,-4.273724555969238281e-01,-4.411982372403144836e-02,1.014104008674621582e+00,-2.625806927680969238e-01,-9.732314944267272949e-02
-3.558729739156034078e-01,-1.490273864642538193e+00,5.276414365396656647e-01,9.996801018714904785e-01,1.293217204511165619e-02,1.604306139051914215e-02,1.466241292655467987e-02,0.000000000000000000e+00,0.000000000000000000e+00,2.734148502349853516e-01,-1.176889852681432203e+00,1.239470720291137695e+00,-2.477980256080627441e-01,-5.460076406598091125e-02,1.077202425399098829e+00,9.188221096992492676e-01,4.259438137523829937e-04,-1.126849278807640076e-01,4.380322694778442383e-01,5.517607927322387695e-01,6.670084595680236816e-01,-2.605020701885223389e-01,-2.348538190126419067e-01,-5.018526315689086914e-01,-5.432154536247253418e-01,-1.758059114217758179e-02,9.853863120079040527e-01,-2.265038192272186279e-01,-1.140216663479804993e-01
-3.592772244519055747e-01,-1.521928511960337849e+00,5.219502198598300335e-01,9.995903968811035156e-01,2.262035757303237915e-02,1.750295981764793396e-02,-9.953578701242804527e-04,0.000000000000000000e+00,0.000000000000000000e+00,3.795262575149536133e-01,-1.202952520051274732e+00,1.250766396522521973e+00,-1.709822267293930054e-01,-9.035084396600723267e-02,1.014576510587010816e+00,8.686381578445434570e-01,0.000000000000000000e+00,-9.697414189577102661e-02,4.786756336688995361e-01,5.549494624137878418e-01,6.289624571800231934e-01,-2.021182775497436523e-01,-2.561568617820739746e-01,-5.022873878479003906e-01,-5.953727364540100098e-01,6.679172813892364502e-02,9.447252750396728516e-01,-1.513374745845794678e-01,-1.035397425293922424e-01
-3.623236201319730565e-01,-1.557976731721198993e+00,5.167265935490529261e-01,9.991434812545776367e-01,3.338411822915077209e-02,2.362182736396789551e-02,-6.314209662377834320e-03,0.000000000000000000e+00,0.000000000000000000e+00,4.494360685348510742e-01,-1.219997272887502149e+00,1.269577980041503906e+00,-1.056583225727081299e-01,-1.181023642420768738e-01,9.854719201710562260e-01,8.275208473205566406e-01,0.000000000000000000e+00,-9.626404941082000732e-02,5.062607526779174805e-01,5.504802465438842773e-01,5.423794984817504883e-01,-8.332308381795883179e-02,-2.630744576454162598e-01,-4.619484245777130127e-01,-5.612524151802062988e-01,1.921062618494033813e-01,8.603133559226989746e-01,-8.422383666038513184e-02,1.176780462265014648e-02
-3.652806247567588760e-01,-1.598044185906347670e+00,5.129875728879311758e-01,9.988184571266174316e-01,2.972370572388172150e-02,3.834197297692298889e-02,-2.833539154380559921e-03,0.000000000000000000e+00,0.000000000000000000e+00,4.959976673126220703e-01,-1.218935684361730054e+00,1.291201114654541016e+00,-3.357442095875740051e-02,-1.218240782618522644e-01,9.939297596600393803e-01,8.068044185638427734e-01,0.000000000000000000e+00,-1.235289201140403748e-01,5.703256130218505859e-01,5.119279623031616211e-01,4.087379574775695801e-01,1.367794275283813477e-01,-2.682210505008697510e-01,-3.434144258499145508e-01,-5.030412673950195312e-01,1.499470919370651245e-01,6.928366422653198242e-01,-2.111312448978424072e-01,2.313488721847534180e-01
-3.710441680591214930e-01,-1.637728333903683442e+00,5.117184939303180968e-01,9.986060857772827148e-01,1.742196455597877502e-02,4.978914186358451843e-02,1.839203992858529091e-03,0.000000000000000000e+00,0.000000000000000000e+00,5.035654306411743164e-01,-1.220495895543370679e+00,1.311677932739257812e+00,0.000000000000000000e+00,-1.337909996509552002e-01,1.014424399533544019e+00,8.020561933517456055e-01,0.000000000000000000e+00,-1.926144659519195557e-01,6.628700494766235352e-01,4.273135066032409668e-01,3.500663340091705322e-01,3.158607780933380127e-01,-2.452297508716583252e-01,-3.368493616580963135e-01,-4.335611760616302490e-01,2.472317777574062347e-02,6.984328627586364746e-01,-3.548161983489990234e-01,2.398986369371414185e-01
-3.790309453778194504e-01,-1.676387287318104491e+00,5.121074052237801766e-01,9.986284375190734863e-01,1.197391189634799957e-02,5.082141607999801636e-02,3.885303158313035965e-03,0.000000000000000000e+00,0.000000000000000000e+00,4.739095866680145264e-01,-1.229988084235463575e+00,1.319708228111267090e+00,0.000000000000000000e+00,-1.485020369291305542e-01,1.030485169091496900e+00,8.243209123611450195e-01,0.000000000000000000e+00,-2.409554868936538696e-01,7.166694998741149902e-01,3.730713129043579102e-01,3.733532726764678955e-01,2.545446753501892090e-01,-1.739092916250228882e-01,-3.788270354270935059e-01,-3.703351020812988281e-01,-5.780604854226112366e-02,8.045558333396911621e-01,-4.348482787609100342e-01,1.921231597661972046e-01
-3.870607366924634918e-01,-1.712593944731986895e+00,5.154442284150858589e-01,9.988152384757995605e-01,2.565468847751617432e-02,3.971991688013076782e-02,1.150066778063774109e-02,0.000000000000000000e+00,0.000000000000000000e+00,4.072348177433013916e-01,-1.239784137406621412e+00,1.312903523445129395e+00,0.000000000000000000e+00,-1.285867840051651001e-01,1.045018390813146070e+00,8.780578970909118652e-01,0.000000000000000000e+00,-1.557153910398483276e-01,6.568003296852111816e-01,4.291545450687408447e-01,3.556967973709106445e-01,1.173522844910621643e-01,-2.246279120445251465e-01,-3.942955136299133301e-01,-3.456267118453979492e-01,-9.553565829992294312e-02,8.853380084037780762e-01,-4.667156338691711426e-01,1.143225580453872681e-01
-3.936189594179994033e-01,-1.746269087318820246e+00,5.215733906829899125e-01,9.988063573837280273e-01,3.101255372166633606e-02,2.643376402556896210e-02,2.693124115467071533e-02,0.000000000000000000e+00,0.000000000000000000e+00,3.117722272872924805e-01,-1.259304747977529004e+00,1.292712211608886719e+00,-5.419671535491943359e-02,-7.205293327569961548e-02,1.067565993466649488e+00,9.429005980491638184e-01,0.000000000000000000e+00,-9.477124363183975220e-02,6.571798920631408691e-01,5.433827042579650879e-01,5.166863203048706055e-01,-2.268337830901145935e-02,-1.518531739711761475e-01,-3.600719571113586426e-01,-3.051078915596008301e-01,-1.641630381345748901e-01,8.850902318954467773e-01,-4.708596169948577881e-01,3.433496505022048950e-02
-3.991936729389308769e-01,-1.776944211284921638e+00,5.278016595226345808e-01,9.981540441513061523e-01,3.299138695001602173e-02,1.698965020477771759e-02,4.807689413428306580e-02,0.000000000000000000e+00,0.000000000000000000e+00,2.011454850435256958e-01,-1.281143234172139600e+00,1.260964632034301758e+00,-1.577018648386001587e-01,1.331583037972450256e-02,1.097404138245854810e+00,1.015900135040283203e+00,0.000000000000000000e+00,-3.120635263621807098e-02,6.425214409828186035e-01,6.459197402000427246e-01,6.931932568550109863e-01,-1.696056276559829712e-01,-6.484914571046829224e-02,-3.110932111740112305e-01,-2.601499557495117188e-01,-2.457609772682189941e-01,8.375647068023681641e-01,-4.606047570705413818e-01,-3.486519679427146912e-02
-4.043864088896850228e-01,-1.804966750141948184e+00,5.331005188070162548e-01,9.968851804733276367e-01,3.474871814250946045e-02,1.267689187079668045e-02,6.965480744838714600e-02,0.000000000000000000e+00,0.000000000000000000e+00,8.224427700042724609e-02,-1.306638197102818921e+00,1.212920546531677246e+00,-2.769765257835388184e-01,1.087485700845718384e-01,1.129141406216893628e+00,1.094601511955261230e+00,0.000000000000000000e+00,2.346404269337654114e-02,5.786438584327697754e-01,7.009164094924926758e-01,8.120784759521484375e-01,-2.661524415016174316e-01,-2.542880736291408539e-02,-2.778725326061248779e-01,-2.141524106264114380e-01,-3.214159011840820312e-01,7.805672883987426758e-01,-4.358917474746704102e-01,-9.270583093166351318e-02
-4.097875717319924282e-01,-1.832111570973588899e+00,5.368880755311310482e-01,9.949553608894348145e-01,3.778670355677604675e-02,1.094055175781250000e-02,9.228409081697463989e-02,0.000000000000000000e+00,0.000000000000000000e+00,-4.114632681012153625e-02,-1.335264430442128614e+00,1.150973081588745117e+00,-3.909730911254882812e-01,2.092875838279724121e-01,1.161321000256810620e+00,1.164785623550415039e+00,0.000000000000000000e+00,6.079492717981338501e-02,4.596611261367797852e-01,6.967630386352539062e-01,8.641219735145568848e-01,-3.124491274356842041e-01,-3.705925866961479187e-02,-2.637934088706970215e-01,-1.745729297399520874e-01,-3.887496888637542725e-01,7.340746521949768066e-01,-4.020445644855499268e-01,-1.400449424982070923e-01
-4.158522545252785751e-01,-1.859097123766186188e+00,5.384397763713743013e-01,9.924715161323547363e-01,3.941917791962623596e-02,1.020372472703456879e-02,1.155089959502220154e-01,0.000000000000000000e+00,0.000000000000000000e+00,-1.635435074567794800e-01,-1.363820047178540662e+00,1.084287762641906738e+00,-4.768196940422058105e-01,3.097480237483978271e-01,1.196750120320592359e+00,1.215634584426879883e+00,0.000000000000000000e+00,8.259347081184387207e-02,2.969736158847808838e-01,6.296979188919067383e-01,8.564726114273071289e-01,-3.128532171249389648e-01,-9.223454445600509644e-02,-2.670961022377014160e-01,-1.385695040225982666e-01,-4.517480134963989258e-01,7.054666280746459961e-01,-3.600313663482666016e-01,-1.825796365737915039e-01
-4.228152904366002107e-01,-1.886998260186778076e+00,5.377948985865922404e-01,9.897031188011169434e-01,3.734567016363143921e-02,9.822371415793895721e-03,1.378280371427536011e-01,0.000000000000000000e+00,0.000000000000000000e+00,-2.828009426593780518e-01,-1.391437188782964185e+00,1.026445508003234863e+00,-5.269084572792053223e-01,4.016689062118530273e-01,1.238319532075200513e+00,1.250450849533081055e+00,0.000000000000000000e+00,1.057116016745567322e-01,1.126727089285850525e-01,5.221952795982360840e-01,7.861587405204772949e-01,-2.763145565986633301e-01,-1.841968297958374023e-01,-2.832582592964172363e-01,-1.021580174565315247e-01,-5.128082633018493652e-01,6.906902194023132324e-01,-3.121060132980346680e-01,-2.198941856622695923e-01
-4.305901117231508701e-01,-1.914809880994185143e+00,5.354393010383302620e-01,9.868471026420593262e-01,3.283541649580001831e-02,9.505980648100376129e-03,1.580008566379547119e-01,0.000000000000000000e+00,0.000000000000000000e+00,-3.957690596580505371e-01,-1.412413940825734571e+00,9.914989471435546875e-01,-5.564920306205749512e-01,4.834750592708587646e-01,1.284505830207143262e+00,1.268175601959228516e+00,0.000000000000000000e+00,1.589328795671463013e-01,-6.604647636413574219e-02,3.999853134155273438e-01,6.537142395973205566e-01,-2.106657922267913818e-01,-2.514099776744842529e-01,-3.064399957656860352e-01,-6.785731017589569092e-02,-5.729089975357055664e-01,6.840698122978210449e-01,-2.518515586853027344e-01,-2.546071708202362061e-01
-4.391517652849657449e-01,-1.943049980989008274e+00,5.319958562817838077e-01,9.838488101959228516e-01,2.601536363363265991e-02,9.685077704489231110e-03,1.768359392881393433e-01,0.000000000000000000e+00,0.000000000000000000e+00,-5.012356042861938477e-01,-1.421467543640408948e+00,9.802641272544860840e-01,-5.882417559623718262e-01,5.553294420242309570e-01,1.336102635660443738e+00,1.281511664390563965e+00,0.000000000000000000e+00,2.321853637695312500e-01,-2.132233828306198120e-01,2.768008708953857422e-01,4.856007993221282959e-01,-1.028360053896903992e-01,-2.612971663475036621e-01,-3.313760459423065186e-01,-2.628486789762973785e-02,-6.224414706230163574e-01,6.639589071273803711e-01,-1.794970929622650146e-01,-2.734459340572357178e-01
-4.491259054704145881e-01,-1.974282460053159660e+00,5.282029850871273746e-01,9.814909100532531738e-01,1.396455522626638412e-02,7.701989263296127319e-03,1.908436268568038940e-01,0.000000000000000000e+00,0.000000000000000000e+00,-5.932170748710632324e-01,-1.413652555146489576e+00,9.929212331771850586e-01,-6.364796757698059082e-01,6.085551381111145020e-01,1.396261350312505201e+00,1.291193962097167969e+00,1.503388490527868271e-02,2.527935206890106201e-01,-2.604636549949645996e-01,2.029640227556228638e-01,4.370079040527343750e-01,-3.494447469711303711e-02,-2.146034985780715942e-01,-3.522279262542724609e-01,4.817713052034378052e-02,-6.409487724304199219e-01,5.947906970977783203e-01,-7.551966607570648193e-02,-2.786089479923248291e-01
-4.614759461423664222e-01,-2.009160831986051665e+00,5.239097647948397496e-01,9.799674153327941895e-01,5.011564120650291443e-03,3.719925414770841599e-03,1.990601271390914917e-01,0.000000000000000000e+00,0.000000000000000000e+00,-6.765659451484680176e-01,-1.391195983686719373e+00,1.015263080596923828e+00,-6.988148093223571777e-01,6.301090717315673828e-01,1.463664167621407941e+00,1.302687883377075195e+00,4.790182784199714661e-02,2.164184749126434326e-01,-2.212642431259155273e-01,2.254582792520523071e-01,5.337271094322204590e-01,-1.203677356243133545e-01,6.893921643495559692e-02,-3.939969837665557861e-01,1.350775212049484253e-01,-5.775346755981445312e-01,4.995461106300354004e-01,9.356776624917984009e-02,-2.399569302797317505e-01
-4.751817580726411805e-01,-2.043538481147602504e+00,5.198668643689215996e-01,9.802612066268920898e-01,3.548228181898593903e-03,1.898858812637627125e-03,1.976658701896667480e-01,0.000000000000000000e+00,0.000000000000000000e+00,-7.472552061080932617e-01,-1.352688596644673780e+00,1.022441267967224121e+00,-7.640855908393859863e-01,6.277586817741394043e-01,1.531160940476928189e+00,1.317074775695800781e+00,1.106414124369621277e-01,2.136297225952148438e-01,-1.758790761232376099e-01,2.511643171310424805e-01,5.053323507308959961e-01,-3.103745579719543457e-01,1.616164445877075195e-01,-4.621625840663909912e-01,2.544301152229309082e-01,-3.287915289402008057e-01,3.783467411994934082e-01,3.033000826835632324e-01,-3.878982737660408020e-02
-4.883623508439220440e-01,-2.076966168699842630e+00,5.160055693660420273e-01,9.825416207313537598e-01,1.302507054060697556e-02,-2.784821903333067894e-03,1.855653971433639526e-01,0.000000000000000000e+00,0.000000000000000000e+00,-8.064814209938049316e-01,-1.315249101319585279e+00,1.024797201156616211e+00,-7.983144521713256836e-01,6.075543165206909180e-01,1.577581276712242797e+00,1.328919768333435059e+00,1.720185130834579468e-01,2.162331491708755493e-01,-1.490800976753234863e-01,2.858426272869110107e-01,4.545335173606872559e-01,-4.326918721199035645e-01,1.477975547313690186e-01,-4.779882133007049561e-01,3.610803782939910889e-01,-2.391988970339298248e-02,3.086598813533782959e-01,3.449999999999999734e-01,2.503264248371124268e-01
-5.004138677409201152e-01,-2.109029698094936123e+00,5.161099488890231735e-01,9.866100549697875977e-01,7.277837954461574554e-03,-6.521076895296573639e-03,1.628039330244064331e-01,0.000000000000000000e+00,0.000000000000000000e+00,-8.097611665725708008e-01,-1.273443804183278516e+00,1.020998239517211914e+00,-7.911869287490844727e-01,5.628593564033508301e-01,1.593629875281129316e+00,1.336587309837341309e+00,2.144523262977600098e-01,1.873482167720794678e-01,-8.449270576238632202e-02,3.168608248233795166e-01,4.449724853038787842e-01,-4.993780255317687988e-01,8.533276617527008057e-02,-5.060455799102783203e-01,3.891820013523101807e-01,4.224817454814910889e-02,4.494369626045227051e-01,2.439327090978622437e-01,2.656621634960174561e-01
-5.109601854149139477e-01,-2.138021961748600042e+00,5.197680069129876346e-01,9.905624389648437500e-01,3.264280967414379120e-03,-8.003404363989830017e-03,1.367897838354110718e-01,0.000000000000000000e+00,0.000000000000000000e+00,-7.602770924568176270e-01,-1.233343408503804639e+00,1.025495052337646484e+00,-7.385584712028503418e-01,5.020855069160461426e-01,1.582722724476132825e+00,1.326357841491699219e+00,2.378903627395629883e-01,1.541644483804702759e-01,-1.732817105948925018e-02,3.528774380683898926e-01,4.459361732006072998e-01,-5.050490498542785645e-01,1.837329939007759094e-02,-5.316417813301086426e-01,3.470360934734344482e-01,3.445342928171157837e-02,6.620936989784240723e-01,8.621614426374435425e-02,2.594713568687438965e-01
-5.197976101746764055e-01,-2.165081252819962110e+00,5.253351224018166787e-01,9.937593936920166016e-01,-7.797553553245961666e-05,-6.240556482225656509e-03,1.113702654838562012e-01,0.000000000000000000e+00,0.000000000000000000e+00,-6.600959897041320801e-01,-1.195838348069463208e+00,1.040271759033203125e+00,-6.576607823371887207e-01,4.277094602584838867e-01,1.550556349628839925e+00,1.286479949951171875e+00,2.420388609170913696e-01,1.072377711534500122e-01,5.355667695403099060e-02,3.832892179489135742e-01,4.797330498695373535e-01,-4.749803245067596436e-01,-3.655879572033882141e-02,-5.428398251533508301e-01,2.541661858558654785e-01,2.178996615111827850e-02,8.497721552848815918e-01,-3.310307860374450684e-02,2.401281595230102539e-01
-5.273209905737277214e-01,-2.191024172923179414e+00,5.305680490360416002e-01,9.961419105529785156e-01,-5.993469152599573135e-03,-1.361466478556394577e-03,8.754197508096694946e-02,0.000000000000000000e+00,0.000000000000000000e+00,-5.346958041191101074e-01,-1.164791510501180127e+00,1.055735111236572266e+00,-5.718896985054016113e-01,3.520959913730621338e-01,1.504519552984509900e+00,1.224452972412109375e+00,2.266180366277694702e-01,5.873627215623855591e-02,1.307218968868255615e-01,4.042358994483947754e-01,5.138749480247497559e-01,-4.387708902359008789e-01,-8.320585638284683228e-02,-5.518419742584228516e-01,1.385129839181900024e-01,2.111492864787578583e-02,9.908888936042785645e-01,-1.196109429001808167e-01,1.764720678329467773e-01
-5.341476355809153809e-01,-2.216658355503371425e+00,5.343569758970929673e-01,9.977332949638366699e-01,-9.591818787157535553e-03,4.586657043546438217e-03,6.644699722528457642e-02,0.000000000000000000e+00,0.000000000000000000e+00,-3.995895683765411377e-01,-1.141558782258305982e+00,1.071382284164428711e+00,-4.888969063758850098e-01,2.775442004203796387e-01,1.450155810513768628e+00,1.150032997131347656e+00,1.957189291715621948e-01,1.995695754885673523e-02,2.009570598602294922e-01,4.206861257553100586e-01,5.313661098480224609e-01,-3.986459970474243164e-01,-1.221200749278068542e-01,-5.472681522369384766e-01,7.195118349045515060e-03,3.689786791801452637e-02,1.067633271217346191e+00,-1.776251941919326782e-01,1.041053012013435364e-01
-5.402381848987907187e-01,-2.242922967151559810e+00,5.358566530530500804e-01,9.988035559654235840e-01,-1.130008418112993240e-02,9.883360005915164948e-03,4.654052108526229858e-02,0.000000000000000000e+00,0.000000000000000000e+00,-2.595323622226715088e-01,-1.128333316245351270e+00,1.094586253166198730e+00,-4.042393267154693604e-01,2.028867751359939575e-01,1.388453737893376783e+00,1.073204278945922852e+00,1.638470441102981567e-01,-5.328477360308170319e-03,2.674874663352966309e-01,4.375139176845550537e-01,5.366876125335693359e-01,-3.633559346199035645e-01,-1.607985198497772217e-01,-5.315130352973937988e-01,-1.285601854324340820e-01,5.830319598317146301e-02,1.079804420471191406e+00,-2.085167318582534790e-01,4.089694842696189880e-02
-5.454902519308256759e-01,-2.270253462297747937e+00,5.347512846996989033e-01,9.994795322418212891e-01,-1.025051716715097427e-02,1.392049901187419891e-02,2.723609656095504761e-02,0.000000000000000000e+00,0.000000000000000000e+00,-1.175660938024520874e-01,-1.127306209006581739e+00,1.131429433822631836e+00,-3.136942088603973389e-01,1.298078745603561401e-01,1.322024420895848706e+00,1.007454395294189453e+00,1.400194168090820312e-01,-1.526663824915885925e-02,3.273775279521942139e-01,4.552318751811981201e-01,5.308608412742614746e-01,-3.320349156856536865e-01,-1.990442425012588501e-01,-5.133641958236694336e-01,-2.621557712554931641e-01,7.580086588859558105e-02,1.049659252166748047e+00,-2.176656723022460938e-01,-1.720783486962318420e-02
-5.502515193044837938e-01,-2.298634561839127954e+00,5.315853134324454166e-01,9.997984766960144043e-01,-4.591832868754863739e-03,1.647334359586238861e-02,1.051386352628469467e-02,0.000000000000000000e+00,0.000000000000000000e+00,1.552451867610216141e-02,-1.138014392056737378e+00,1.182758927345275879e+00,-2.160733193159103394e-01,6.232382357120513916e-02,1.256482557454381421e+00,9.575338959693908691e-01,1.260001212358474731e-01,-1.262911316007375717e-02,3.737533390522003174e-01,4.689414203166961670e-01,5.115221738815307617e-01,-2.960226833820343018e-01,-2.309464812278747559e-01,-4.993345737457275391e-01,-3.754600584506988525e-01,1.058009415864944458e-01,1.005999922752380371e+00,-2.041913419961929321e-01,-6.299229711294174194e-02
-5.549505907650849057e-01,-2.328599207524699288e+00,5.274930880768130548e-01,9.998096823692321777e-01,5.822894629091024399e-03,1.860316656529903412e-02,-8.195073460228741169e-04,0.000000000000000000e+00,0.000000000000000000e+00,1.284853219985961914e-01,-1.154407159486089185e+00,1.238033175468444824e+00,-1.159973070025444031e-01,1.020918949507176876e-03,1.199854449429784253e+00,9.241296052932739258e-01,1.195764318108558655e-01,-3.702455665916204453e-03,4.079118669033050537e-01,4.758047759532928467e-01,4.691672623157501221e-01,-2.349389940500259399e-01,-2.541348040103912354e-01,-4.878816306591033936e-01,-4.402800798416137695e-01,1.792314350605010986e-01,9.623442292213439941e-01,-1.471097022294998169e-01,-7.741633057594299316e-02
-5.590996145246305282e-01,-2.361143862581012165e+00,5.234960664786172391e-01,9.996159076690673828e-01,1.553773507475852966e-02,2.289278991520404816e-02,-1.587218954227864742e-03,0.000000000000000000e+00,0.000000000000000000e+00,2.104701101779937744e-01,-1.165413008132253125e+00,1.277381896972656250e+00,-2.876660600304603577e-02,-4.687352478504180908e-02,1.163475201525960401e+00,8.985540270805358887e-01,1.168340668082237244e-01,-2.697547897696495056e-03,4.328722059726715088e-01,4.667845964431762695e-01,3.816478252410888672e-01,-1.232237145304679871e-01,-2.669285535812377930e-01,-4.431673586368560791e-01,-4.189057350158691406e-01,2.960166335105895996e-01,9.033776521682739258e-01,-5.129583179950714111e-02,1.650894992053508759e-02
-5.631774742020801972e-01,-2.398934730447904062e+00,5.189005026356739991e-01,9.991599917411804199e-01,1.968804188072681427e-02,3.370955958962440491e-02,1.246466953307390213e-02,0.000000000000000000e+00,0.000000000000000000e+00,2.653557360172271729e-01,-1.154673115411076978e+00,1.300637722015380859e+00,0.000000000000000000e+00,-6.020605564117431641e-02,1.148746595778737500e+00,8.808460235595703125e-01,1.095818504691123962e-01,-2.675380930304527283e-02,4.690453410148620605e-01,4.107497334480285645e-01,2.492044419050216675e-01,6.296591460704803467e-02,-2.723916769027709961e-01,-3.403232395648956299e-01,-3.757596313953399658e-01,3.112174272537231445e-01,7.897657752037048340e-01,-1.737067550420761108e-01,2.320892214775085449e-01
-5.688404162378624118e-01,-2.438148713879512819e+00,5.156432304252879240e-01,9.984656572341918945e-01,9.694873355329036713e-03,4.367526620626449585e-02,3.263105452060699463e-02,0.000000000000000000e+00,0.000000000000000000e+00,2.732404470443725586e-01,-1.134432033696446851e+00,1.319823384284973145e+00,0.000000000000000000e+00,-6.867734342813491821e-02,1.147130296626363233e+00,8.717317581176757812e-01,1.038298681378364563e-01,-1.022490113973617554e-01,5.474922060966491699e-01,2.883818745613098145e-01,1.960013508796691895e-01,2.064457088708877563e-01,-2.688840627670288086e-01,-3.140015602111816406e-01,-3.246276378631591797e-01,1.807247102260589600e-01,7.814273238182067871e-01,-3.330704867839813232e-01,2.545785009860992432e-01
-5.759406734393401894e-01,-2.476543604538898435e+00,5.139089692180807134e-01,9.980108141899108887e-01,-2.562884183134883642e-04,4.094246029853820801e-02,4.793743416666984558e-02,0.000000000000000000e+00,0.000000000000000000e+00,2.381717264652252197e-01,-1.115810410180364087e+00,1.324562907218933105e+00,0.000000000000000000e+00,-7.712063938379287720e-02,1.145683751502309278e+00,8.837366104125976562e-01,1.162725538015365601e-01,-1.853555291891098022e-01,6.118974089622497559e-01,1.840372830629348755e-01,2.569360136985778809e-01,1.753589361906051636e-01,-2.434196472167968750e-01,-3.170654177665710449e-01,-2.592628896236419678e-01,6.496003270149230957e-02,8.371803164482116699e-01,-4.278745949268341064e-01,2.233091443777084351e-01
-5.837190653857859957e-01,-2.512854226282750680e+00,5.152598827181741337e-01,9.972622394561767578e-01,1.666594110429286957e-02,2.675271034240722656e-02,6.689178198575973511e-02,0.000000000000000000e+00,0.000000000000000000e+00,1.702103465795516968e-01,-1.105043158927236036e+00,1.320901155471801758e+00,0.000000000000000000e+00,-5.458270013332366943e-02,1.155085758366857007e+00,9.134806394577026367e-01,1.215903908014297485e-01,-1.337242871522903442e-01,5.684151053428649902e-01,2.517245411872863770e-01,2.768768072128295898e-01,7.692526280879974365e-02,-2.589489221572875977e-01,-3.148640096187591553e-01,-2.471805810928344727e-01,3.758349223062396049e-03,8.916152119636535645e-01,-4.739124178886413574e-01,1.577772051095962524e-01
-5.907957811435364803e-01,-2.546922639689662038e+00,5.202664461227679560e-01,9.958727955818176270e-01,1.726268790662288666e-02,1.117358729243278503e-02,8.839987218379974365e-02,0.000000000000000000e+00,0.000000000000000000e+00,8.014584332704544067e-02,-1.118914024033818677e+00,1.304223060607910156e+00,-4.670233279466629028e-02,-1.689955778419971466e-02,1.173078582682881787e+00,9.528360962867736816e-01,1.283208429813385010e-01,-1.255589276552200317e-01,6.416879296302795410e-01,4.325037300586700439e-01,5.546007156372070312e-01,-9.059559553861618042e-02,-1.629946082830429077e-01,-2.740406394004821777e-01,-1.961848437786102295e-01,-7.458737492561340332e-02,8.728275895118713379e-01,-4.733673036098480225e-01,6.704778969287872314e-02
-5.974248357967595346e-01,-2.578315383256083670e+00,5.267342398104944978e-01,9.937856793403625488e-01,1.485148817300796509e-02,-3.788712201640009880e-04,1.103142946958541870e-01,0.000000000000000000e+00,0.000000000000000000e+00,-1.308219507336616516e-02,-1.152475283541951612e+00,1.274152040481567383e+00,-1.410144120454788208e-01,4.009951651096343994e-02,1.200855569043431714e+00,1.000343799591064453e+00,1.260980814695358276e-01,-8.839516341686248779e-02,6.814680099487304688e-01,5.622644424438476562e-01,8.226599693298339844e-01,-2.294881790876388550e-01,-5.192137509584426880e-02,-2.311715483665466309e-01,-1.392787396907806396e-01,-1.433057487010955811e-01,8.140297532081604004e-01,-4.381659328937530518e-01,-8.169858716428279877e-03
-6.033034290824875745e-01,-2.606020382498249965e+00,5.335909447916830084e-01,9.916257858276367188e-01,1.597961783409118652e-02,-7.034039590507745743e-03,1.279591470956802368e-01,0.000000000000000000e+00,0.000000000000000000e+00,-1.015895307064056396e-01,-1.205733344950948194e+00,1.228748559951782227e+00,-2.420857101678848267e-01,1.070757508277893066e-01,1.226639882722173169e+00,1.053826570510864258e+00,1.211163327097892761e-01,-3.548008948564529419e-02,6.407471895217895508e-01,6.193079352378845215e-01,1.009253501892089844e+00,-3.050769567489624023e-01,2.817910630255937576e-03,-2.040372043848037720e-01,-9.199762344360351562e-02,-1.973935067653656006e-01,7.434424161911010742e-01,-3.848154842853546143e-01,-6.535412371158599854e-02
-6.091607644860491666e-01,-2.631098372520822348e+00,5.394569162098746817e-01,9.894924163818359375e-01,1.956514827907085419e-02,-9.396986104547977448e-03,1.429464668035507202e-01,0.000000000000000000e+00,0.000000000000000000e+00,-1.874951720237731934e-01,-1.268351958194051221e+00,1.167038679122924805e+00,-3.384442329406738281e-01,1.806053519248962402e-01,1.244174585738454297e+00,1.109307765960693359e+00,1.142183318734169006e-01,1.901537925004959106e-02,5.191848278045654297e-01,6.185207366943359375e-01,1.100816726684570312e+00,-3.175144493579864502e-01,-6.869734730571508408e-03,-1.956670433282852173e-01,-5.315271764993667603e-02,-2.435423135757446289e-01,6.803628206253051758e-01,-3.225733339786529541e-01,-1.098261624574661255e-01
-6.160007787081930308e-01,-2.655600240721244898e+00,5.428999872927111614e-01,9.873602390289306641e-01,2.335871011018753052e-02,-9.062557481229305267e-03,1.564993709325790405e-01,0.000000000000000000e+00,0.000000000000000000e+00,-2.695278227329254150e-01,-1.327514038481984571e+00,1.092736363410949707e+00,-4.201699793338775635e-01,2.537865340709686279e-01,1.256371364989552930e+00,1.164989709854125977e+00,1.080625727772712708e-01,4.834411665797233582e-02,3.132774531841278076e-01,5.404769182205200195e-01,1.079093813896179199e+00,-2.461858689785003662e-01,-1.127905026078224182e-01,-2.073231488466262817e-01,-2.143295668065547943e-02,-2.813898324966430664e-01,6.364601850509643555e-01,-2.668997645378112793e-01,-1.397764086723327637e-01
-6.243613127754492620e-01,-2.680641693758844202e+00,5.425364442922250285e-01,9.852548837661743164e-01,2.287939935922622681e-02,-8.416364900767803192e-03,1.693472564220428467e-01,0.000000000000000000e+00,0.000000000000000000e+00,-3.456917703151702881e-01,-1.374562830724988416e+00,1.017061114311218262e+00,-4.829478263854980469e-01,3.228847384452819824e-01,1.267104671397481397e+00,1.211595296859741211e+00,9.501742571592330933e-02,7.217747718095779419e-02,8.506245166063308716e-02,4.232490360736846924e-01,9.779926538467407227e-01,-1.624468415975570679e-01,-2.294179499149322510e-01,-2.340734601020812988e-01,1.097981259226799011e-02,-3.199535906314849854e-01,6.185129284858703613e-01,-2.126533389091491699e-01,-1.676615327596664429e-01
-6.338571090928533103e-01,-2.706858475172158496e+00,5.390731117904487002e-01,9.829865097999572754e-01,1.990685798227787018e-02,-7.054876536130905151e-03,1.824592798948287964e-01,0.000000000000000000e+00,0.000000000000000000e+00,-4.234110116958618164e-01,-1.408727214732442334e+00,9.628950953483581543e-01,-5.299972891807556152e-01,3.810202181339263916e-01,1.280105219283376172e+00,1.252336621284484863e+00,8.036798983812332153e-02,1.251018643379211426e-01,-1.039828807115554810e-01,3.215756118297576904e-01,8.317473530769348145e-01,-7.411429286003112793e-02,-2.624187171459197998e-01,-2.728948295116424561e-01,4.166553542017936707e-02,-3.602009117603302002e-01,6.187885999679565430e-01,-1.645467728376388550e-01,-1.919094175100326538e-01
-6.438576970731068050e-01,-2.735707082043994376e+00,5.333786566051268441e-01,9.804452657699584961e-01,1.288083475083112717e-02,-5.834346637129783630e-03,1.962830275297164917e-01,0.000000000000000000e+00,0.000000000000000000e+00,-5.014097094535827637e-01,-1.427883745231900647e+00,9.367536306381225586e-01,-5.672425627708435059e-01,4.308569431304931641e-01,1.302278296151433423e+00,1.288604617118835449e+00,6.469067931175231934e-02,1.929088085889816284e-01,-2.008388787508010864e-01,2.690769135951995850e-01,6.736134886741638184e-01,1.957903057336807251e-02,-2.466212809085845947e-01,-3.123777806758880615e-01,8.281344920396804810e-02,-3.967997133731842041e-01,6.052566766738891602e-01,-1.138509511947631836e-01,-2.067414075136184692e-01
-6.543763213732627371e-01,-2.767619647260266103e+00,5.266070246719050107e-01,9.780597686767578125e-01,-7.832622504793107510e-04,-6.144984625279903412e-03,2.082324326038360596e-01,0.000000000000000000e+00,0.000000000000000000e+00,-5.750615596771240234e-01,-1.429426075020108655e+00,9.337239265441894531e-01,-5.991595983505249023e-01,4.691551923751831055e-01,1.340883583822522596e+00,1.311637043952941895e+00,5.368714407086372375e-02,2.411554306745529175e-01,-1.861525475978851318e-01,2.725175917148590088e-01,5.885022282600402832e-01,2.336784638464450836e-02,-1.324814558029174805e-01,-3.526568710803985596e-01,1.517333686351776123e-01,-4.149584472179412842e-01,5.447643399238586426e-01,-2.535301819443702698e-02,-2.086006700992584229e-01
-6.655760282887653867e-01,-2.800800710163935392e+00,5.191602058640935047e-01,9.755277037620544434e-01,-1.692019030451774597e-02,-5.974029656499624252e-03,2.191433608531951904e-01,0.000000000000000000e+00,0.000000000000000000e+00,-6.361238360404968262e-01,-1.417287037768636182e+00,9.456944465637207031e-01,-6.365571022033691406e-01,4.886109828948974609e-01,1.397232354679379895e+00,1.325539708137512207e+00,6.867249310016632080e-02,2.678381800651550293e-01,-1.088079139590263367e-01,3.187479674816131592e-01,5.836827158927917480e-01,-2.294283658266067505e-01,1.267626881599426270e-01,-3.997735679149627686e-01,2.358239442110061646e-01,-3.914377689361572266e-01,4.435659348964691162e-01,1.238196864724159241e-01,-1.607788056135177612e-01
-6.781376928384557079e-01,-2.832538728238356285e+00,5.135026198181540380e-01,9.754505157470703125e-01,-1.901852339506149292e-02,-3.232751274481415749e-03,2.193719595670700073e-01,0.000000000000000000e+00,0.000000000000000000e+00,-6.902309060096740723e-01,-1.396097526946340039e+00,9.420297145843505859e-01,-6.654627919197082520e-01,4.900194704532623291e-01,1.458876253166470960e+00,1.344924688339233398e+00,1.095789894461631775e-01,2.651167809963226318e-01,-7.806640863418579102e-02,3.298200070858001709e-01,5.238764882087707520e-01,-4.063878357410430908e-01,1.460810452699661255e-01,-4.391607344150543213e-01,3.165879547595977783e-01,-2.479122728109359741e-01,3.107693791389465332e-01,2.874744534492492676e-01,2.867015637457370758e-02
-6.902302308049467205e-01,-2.863123838359659334e+00,5.098012156438346265e-01,9.783084988594055176e-01,-5.742852576076984406e-03,-6.688100285828113556e-03,2.069656252861022949e-01,0.000000000000000000e+00,0.000000000000000000e+00,-7.272380590438842773e-01,-1.370063559212956861e+00,9.359749555587768555e-01,-6.770073771476745605e-01,4.774289131164550781e-01,1.505912342169557050e+00,1.360420942306518555e+00,1.404108256101608276e-01,2.620760500431060791e-01,-6.936423480510711670e-02,3.516637384891510010e-01,4.781925976276397705e-01,-5.038084387779235840e-01,1.081422790884971619e-01,-4.446081817150115967e-01,3.600595593452453613e-01,-6.927489489316940308e-02,2.728464901447296143e-01,3.115767538547515869e-01,2.494806498289108276e-01
-7.015218199337973637e-01,-2.890356846186849626e+00,5.105679940966644237e-01,9.832822084426879883e-01,-7.505631539970636368e-03,-9.911213070154190063e-03,1.816631853580474854e-01,0.000000000000000000e+00,0.000000000000000000e+00,-7.188587784767150879e-01,-1.333335892358098462e+00,9.228401184082031250e-01,-6.597710847854614258e-01,4.508524537086486816e-01,1.529036228605781034e+00,1.370530247688293457e+00,1.600241065025329590e-01,2.300590127706527710e-01,-2.153565362095832825e-02,3.789646625518798828e-01,4.843033254146575928e-01,-5.512353181838989258e-01,3.003456071019172668e-02,-4.933612942695617676e-01,3.565308153629302979e-01,-7.179834693670272827e-02,4.444677829742431641e-01,2.051429599523544312e-01,2.597061693668365479e-01
-7.108261292344993931e-01,-2.915269423313815000e+00,5.149238254950203597e-01,9.883363842964172363e-01,-5.698911380022764206e-03,-9.968634694814682007e-03,1.518529057502746582e-01,0.000000000000000000e+00,0.000000000000000000e+00,-6.615543961524963379e-01,-1.288042710223470166e+00,9.125864505767822266e-01,-6.206601858139038086e-01,4.065566062927246094e-01,1.527021133401666120e+00,1.359719395637512207e+00,1.866068840026855469e-01,1.918941736221313477e-01,2.204657904803752899e-02,4.138744175434112549e-01,5.069004297256469727e-01,-5.363326072692871094e-01,-3.063152171671390533e-02,-5.371142029762268066e-01,2.710244953632354736e-01,-1.411850601434707642e-01,6.846551895141601562e-01,7.230080664157867432e-02,2.456442117691040039e-01
-7.177314533172833855e-01,-2.939729606135927042e+00,5.207018590334689945e-01,9.921824932098388672e-01,-7.180186919867992401e-03,-6.686091888695955276e-03,1.244091838598251343e-01,0.000000000000000000e+00,0.000000000000000000e+00,-5.657728314399719238e-01,-1.241960660615239576e+00,9.174202680587768555e-01,-5.700194239616394043e-01,3.509568870067596436e-01,1.499410317340169385e+00,1.321134090423583984e+00,2.167919576168060303e-01,1.593744307756423950e-01,7.206799089908599854e-02,4.401263892650604248e-01,5.172120928764343262e-01,-5.037321448326110840e-01,-8.285060524940490723e-02,-5.570247173309326172e-01,1.357408016920089722e-01,-2.174520045518875122e-01,8.915722370147705078e-01,-4.732869565486907959e-02,1.813227683305740356e-01
-7.229086610494237508e-01,-2.964433258139725691e+00,5.264399510042534480e-01,9.947661161422729492e-01,-1.016772072762250900e-02,-1.658889959799125791e-04,1.016705930233001709e-01,0.000000000000000000e+00,0.000000000000000000e+00,-4.546855092048645020e-01,-1.201180771985326245e+00,9.433873295783996582e-01,-5.139947533607482910e-01,2.876563668251037598e-01,1.457055286565099195e+00,1.258614182472229004e+00,2.308947890996932983e-01,1.275441497564315796e-01,1.249384656548500061e-01,4.574758410453796387e-01,5.176200270652770996e-01,-4.643559753894805908e-01,-1.214127391576766968e-01,-5.669761300086975098e-01,-1.462909625843167305e-03,-2.431387752294540405e-01,1.033830881118774414e+00,-1.335618048906326294e-01,8.717726916074752808e-02
-7.267227070876444150e-01,-2.989060514629489074e+00,5.310614644103881510e-01,9.964150786399841309e-01,-1.249075774103403091e-02,7.863812148571014404e-03,8.330205082893371582e-02,0.000000000000000000e+00,0.000000000000000000e+00,-3.347200453281402588e-01,-1.170515165725026563e+00,9.882507920265197754e-01,-4.475974738597869873e-01,2.196359932422637939e-01,1.408088714876447156e+00,1.180514097213745117e+00,2.228503972291946411e-01,9.943865239620208740e-02,1.782848984003067017e-01,4.709097146987915039e-01,5.092952251434326172e-01,-4.232039451599121094e-01,-1.526801139116287231e-01,-5.742275118827819824e-01,-1.240241378545761108e-01,-2.182983756065368652e-01,1.103926897048950195e+00,-1.796272248029708862e-01,1.425723917782306671e-02
-7.291284184323416628e-01,-3.014535761325046082e+00,5.337592225190666007e-01,9.975329637527465820e-01,-1.224515307694673538e-02,1.587283052504062653e-02,6.727668642997741699e-02,0.000000000000000000e+00,0.000000000000000000e+00,-2.099322229623794556e-01,-1.156040624776158765e+00,1.044508576393127441e+00,-3.618780374526977539e-01,1.486841589212417603e-01,1.355745063224111036e+00,1.097266793251037598e+00,1.984425187110900879e-01,7.976826280355453491e-02,2.276229560375213623e-01,4.864288270473480225e-01,4.955685734748840332e-01,-3.833515048027038574e-01,-1.799851357936859131e-01,-5.700452327728271484e-01,-2.488741725683212280e-01,-1.903635263442993164e-01,1.100506782531738281e+00,-1.961334645748138428e-01,-3.861266002058982849e-02
-7.303432731827099733e-01,-3.041509688713333937e+00,5.337594301155721421e-01,9.983975887298583984e-01,-8.183309808373451233e-03,2.291757054626941681e-02,5.108824744820594788e-02,0.000000000000000000e+00,0.000000000000000000e+00,-8.549754321575164795e-02,-1.157027916112218335e+00,1.103512287139892578e+00,-2.606779634952545166e-01,7.828867435455322266e-02,1.302217916646275953e+00,1.021259546279907227e+00,1.689340025186538696e-01,7.287892699241638184e-02,2.690208852291107178e-01,5.068717002868652344e-01,4.794489145278930664e-01,-3.508655726909637451e-01,-2.062307894229888916e-01,-5.577327609062194824e-01,-3.871895074844360352e-01,-1.944181174039840698e-01,1.047981858253479004e+00,-1.971527785062789917e-01,-8.124849200248718262e-02
-7.304547109868790855e-01,-3.068794180473895850e+00,5.311469941706669085e-01,9.990372657775878906e-01,-6.858263514004647732e-04,2.931947261095046997e-02,3.262620419263839722e-02,0.000000000000000000e+00,0.000000000000000000e+00,3.402494639158248901e-02,-1.167688177027974561e+00,1.163492918014526367e+00,-1.577090322971343994e-01,9.483749046921730042e-03,1.249142126241002515e+00,9.649530053138732910e-01,1.433926671743392944e-01,7.547125965356826782e-02,3.033730387687683105e-01,5.315563082695007324e-01,4.667479991912841797e-01,-3.262098431587219238e-01,-2.294823229312896729e-01,-5.504755377769470215e-01,-5.348128676414489746e-01,-2.383864670991897583e-01,9.826672673225402832e-01,-1.924576163291931152e-01,-1.246960908174514771e-01
-7.298109127039259514e-01,-3.096199908593688210e+00,5.270685532230018344e-01,9.992507696151733398e-01,8.109698072075843811e-03,3.620754554867744446e-02,1.100939512252807617e-02,0.000000000000000000e+00,0.000000000000000000e+00,1.441771090030670166e-01,-1.184046910205159620e+00,1.224371194839477539e+00,-6.178318709135055542e-02,-5.965764448046684265e-02,1.198779896893773511e+00,9.333230853080749512e-01,1.302106827497482300e-01,8.678917586803436279e-02,3.335407674312591553e-01,5.623842477798461914e-01,4.478624165058135986e-01,-2.981199026107788086e-01,-2.479989528656005859e-01,-5.641969442367553711e-01,-6.531164050102233887e-01,-2.832236588001251221e-01,9.260307550430297852e-01,-1.679161190986633301e-01,-1.609793156385421753e-01
-7.285312878438318096e-01,-3.126000470001288001e+00,5.226400215284089379e-01,9.988028407096862793e-01,1.509649679064750671e-02,4.483057931065559387e-02,-1.245868671685457230e-02,0.000000000000000000e+00,0.000000000000000000e+00,2.383719235658645630e-01,-1.202473030486379102e+00,1.286732554435729980e+00,0.000000000000000000e+00,-1.277766376733779907e-01,1.158465729155812696e+00,9.274507164955139160e-01,1.307757943868637085e-01,1.128106787800788879e-01,3.686490952968597412e-01,6.052029728889465332e-01,4.006991982460021973e-01,-2.427386343479156494e-01,-2.650126218795776367e-01,-5.910390019416809082e-01,-6.884684562683105469e-01,-2.788757979869842529e-01,8.637259006500244141e-01,-9.353139251470565796e-02,-1.438352763652801514e-01
-7.262103589119934810e-01,-3.160694994468881802e+00,5.186280114625138049e-01,9.978976249694824219e-01,1.509853359311819077e-02,5.626329779624938965e-02,-2.840233407914638519e-02,0.000000000000000000e+00,0.000000000000000000e+00,3.034746348857879639e-01,-1.206464693942342237e+00,1.334812760353088379e+00,0.000000000000000000e+00,-1.766104698181152344e-01,1.139113114276204541e+00,9.304746389389038086e-01,1.426226496696472168e-01,1.183550506830215454e-01,4.211181998252868652e-01,6.174847483634948730e-01,3.297766745090484619e-01,-1.305834054946899414e-01,-2.720619440078735352e-01,-5.347855687141418457e-01,-5.972115993499755859e-01,-2.677982151508331299e-01,7.146055698394775391e-01,-3.964906558394432068e-03,1.276234835386276245e-01
-7.250093716081946749e-01,-3.198069672861484580e+00,5.161413789999604873e-01,9.975542426109313965e-01,1.619219221174716949e-02,6.363705545663833618e-02,-2.395317330956459045e-02,0.000000000000000000e+00,0.000000000000000000e+00,3.389877676963806152e-01,-1.186988131203923658e+00,1.386000394821166992e+00,0.000000000000000000e+00,-1.963806599378585815e-01,1.147879944243703321e+00,9.357842803001403809e-01,1.388673931360244751e-01,1.207698285579681396e-01,4.725590646266937256e-01,5.905160307884216309e-01,2.498702853918075562e-01,2.702391892671585083e-02,-2.694843113422393799e-01,-4.851903021335601807e-01,-5.363277196884155273e-01,-3.399303555488586426e-01,7.086574435234069824e-01,-2.029015272855758667e-01,1.825653016567230225e-01
-7.262615106909563467e-01,-3.235686159663730077e+00,5.162530244006351410e-01,9.977061152458190918e-01,-5.403257091529667377e-04,6.585747003555297852e-02,-1.565163768827915192e-02,0.000000000000000000e+00,0.000000000000000000e+00,3.338857293128967285e-01,-1.165693358578954175e+00,1.416037678718566895e+00,0.000000000000000000e+00,-2.055438309907913208e-01,1.161297218003545240e+00,9.319550991058349609e-01,1.375067383050918579e-01,4.321226477622985840e-02,6.138386130332946777e-01,4.985829889774322510e-01,3.380357623100280762e-01,7.877583056688308716e-02,-2.214539051055908203e-01,-4.807541072368621826e-01,-4.504608809947967529e-01,-4.167225658893585205e-01,7.906419634819030762e-01,-3.063156008720397949e-01,1.123224943876266479e-01
-7.280109679623685270e-01,-3.270457079645359144e+00,5.180409700641728232e-01,9.982783794403076172e-01,-4.108563996851444244e-03,5.845516175031661987e-02,2.534051658585667610e-03,0.000000000000000000e+00,0.000000000000000000e+00,2.946839034557342529e-01,-1.142399267354283765e+00,1.427243709564208984e+00,0.000000000000000000e+00,-1.872310042381286621e-01,1.174585596719060376e+00,9.322022199630737305e-01,1.283820718526840210e-01,-3.879427164793014526e-02,6.784243583679199219e-01,4.037674367427825928e-01,4.422491192817687988e-01,-8.934696204960346222e-03,-1.359393745660781860e-01,-4.416108727455139160e-01,-3.983230590820312500e-01,-4.899197220802307129e-01,8.360103368759155273e-01,-3.731348812580108643e-01,4.901685565710067749e-02
-7.299147939952936870e-01,-3.302343570740536194e+00,5.219963893226602369e-01,9.986557960510253906e-01,4.726734478026628494e-03,4.510987922549247742e-02,2.508576586842536926e-02,0.000000000000000000e+00,0.000000000000000000e+00,2.219990193843841553e-01,-1.120487229028020337e+00,1.425633668899536133e+00,0.000000000000000000e+00,-1.297469884157180786e-01,1.191845701136861280e+00,9.333050847053527832e-01,9.816901385784149170e-02,-5.647117272019386292e-02,6.166626214981079102e-01,3.085794448852539062e-01,4.751124978065490723e-01,-8.923742920160293579e-02,-1.955556571483612061e-01,-3.839315176010131836e-01,-3.693172633647918701e-01,-5.492238998413085938e-01,8.422880768775939941e-01,-4.175331890583038330e-01,-1.603279821574687958e-02
-7.320294550392362209e-01,-3.331747539783969092e+00,5.274916764205754838e-01,9.982248544692993164e-01,1.540288981050252914e-02,3.240710496902465820e-02,4.753677546977996826e-02,0.000000000000000000e+00,0.000000000000000000e+00,1.314504444599151611e-01,-1.122582600512776807e+00,1.405282855033874512e+00,0.000000000000000000e+00,-5.078693106770515442e-02,1.208704010644231275e+00,9.396664500236511230e-01,6.743111461400985718e-02,-5.545810610055923462e-02,5.625786781311035156e-01,3.329163193702697754e-01,5.973837375640869141e-01,-1.680355519056320190e-01,-1.859577298164367676e-01,-3.202356398105621338e-01,-3.376737236976623535e-01,-6.085364818572998047e-01,8.055927753448486328e-01,-4.287229180335998535e-01,-7.659763097763061523e-02
-7.346946620158474328e-01,-3.359193458587232062e+00,5.332957840801187954e-01,9.972549676895141602e-01,2.314416319131851196e-02,2.299529127776622772e-02,6.646871566772460938e-02,0.000000000000000000e+00,0.000000000000000000e+00,3.210966289043426514e-02,-1.150808052220616773e+00,1.360738396644592285e+00,-7.919806241989135742e-02,3.937760740518569946e-02,1.224473104872975782e+00,9.593092203140258789e-01,5.090419948101043701e-02,-4.030543938279151917e-02,5.024842619895935059e-01,4.067197144031524658e-01,7.420227527618408203e-01,-2.299535572528839111e-01,-1.599737107753753662e-01,-2.710033655166625977e-01,-2.945944666862487793e-01,-6.631132364273071289e-01,7.503245472908020020e-01,-4.084720611572265625e-01,-1.314823478460311890e-01
-7.383055125944542052e-01,-3.384147222860895088e+00,5.382132055452375496e-01,9.961557984352111816e-01,2.770309336483478546e-02,1.646071113646030426e-02,8.145660161972045898e-02,0.000000000000000000e+00,0.000000000000000000e+00,-6.512346863746643066e-02,-1.198213742175374463e+00,1.288537979125976562e+00,-1.827892661094665527e-01,1.303972899913787842e-01,1.236390904584203199e+00,9.915605783462524414e-01,5.171795189380645752e-02,-2.196304313838481903e-02,4.121870994567871094e-01,4.652622938156127930e-01,8.528496026992797852e-01,-2.666898071765899658e-01,-1.487579792737960815e-01,-2.471358031034469604e-01,-2.511437237262725830e-01,-7.066243290901184082e-01,7.123368382453918457e-01,-3.632869124412536621e-01,-1.800699830055236816e-01
-7.429365754398432609e-01,-3.408697751682213894e+00,5.417046466138627503e-01,9.948933720588684082e-01,2.906501665711402893e-02,1.231264416128396988e-02,9.586872160434722900e-02,0.000000000000000000e+00,0.000000000000000000e+00,-1.617951244115829468e-01,-1.252509818473134473e+00,1.198765993118286133e+00,-3.000747561454772949e-01,2.159257233142852783e-01,1.247116074958119825e+00,1.032635331153869629e+00,6.302668899297714233e-02,-1.276988722383975983e-02,2.819748818874359131e-01,4.816263616085052490e-01,8.933904767036437988e-01,-2.578749060630798340e-01,-1.730453670024871826e-01,-2.459257245063781738e-01,-2.126163840293884277e-01,-7.460199594497680664e-01,6.970224380493164062e-01,-2.999915480613708496e-01,-2.226399034261703491e-01
-7.486985410087638737e-01,-3.434231125399319851e+00,5.431547497242990019e-01,9.933229088783264160e-01,2.706997655332088470e-02,8.876902051270008087e-03,1.117945984005928040e-01,0.000000000000000000e+00,0.000000000000000000e+00,-2.630271017551422119e-01,-1.305967227616582349e+00,1.112283706665039062e+00,-4.189043343067169189e-01,2.945889532566070557e-01,1.263594792285237745e+00,1.075482845306396484e+00,7.444303482770919800e-02,-1.116284169256687164e-02,1.200296655297279358e-01,4.433770477771759033e-01,8.584047555923461914e-01,-1.973376721143722534e-01,-2.259142100811004639e-01,-2.546584904193878174e-01,-1.803138703107833862e-01,-7.928359508514404297e-01,6.962903141975402832e-01,-2.311950773000717163e-01,-2.567864656448364258e-01
-7.553626379521206635e-01,-3.461590019747464275e+00,5.416736732152375167e-01,9.912883043289184570e-01,2.249378710985183716e-02,4.343903157860040665e-03,1.297024786472320557e-01,0.000000000000000000e+00,0.000000000000000000e+00,-3.678467869758605957e-01,-1.354341493048940137e+00,1.045145869255065918e+00,-5.290359854698181152e-01,3.632111847400665283e-01,1.287503317990575269e+00,1.116068124771118164e+00,8.271519839763641357e-02,-5.335857626050710678e-03,-5.201426148414611816e-02,3.507091999053955078e-01,7.747225165367126465e-01,-8.407635986804962158e-02,-2.584404647350311279e-01,-2.651345431804656982e-01,-1.498972773551940918e-01,-8.424478769302368164e-01,7.014757990837097168e-01,-1.731656789779663086e-01,-2.707934975624084473e-01
-7.627960045063736372e-01,-3.489387690069699399e+00,5.371099961955438928e-01,9.889835119247436523e-01,1.293789874762296677e-02,-1.847863313741981983e-03,1.474473178386688232e-01,0.000000000000000000e+00,0.000000000000000000e+00,-4.606953561305999756e-01,-1.391835347810063794e+00,9.997345805168151855e-01,-6.208333969116210938e-01,4.193881154060363770e-01,1.319955424466405347e+00,1.161452651023864746e+00,8.087738603353500366e-02,8.871315978467464447e-03,-1.900905668735504150e-01,2.341052442789077759e-01,6.779522299766540527e-01,5.884523689746856689e-02,-2.647565603256225586e-01,-2.777321636676788330e-01,-1.029135137796401978e-01,-8.829397559165954590e-01,6.983706951141357422e-01,-1.262373328208923340e-01,-2.631774544715881348e-01
-7.707437121627306320e-01,-3.517217579369593228e+00,5.311063882941849945e-01,9.875998497009277344e-01,-3.967261291109025478e-04,-6.307862699031829834e-03,1.568649113178253174e-01,0.000000000000000000e+00,0.000000000000000000e+00,-5.319418311119079590e-01,-1.415507600703511670e+00,9.637655615806579590e-01,-6.763738393783569336e-01,4.509316980838775635e-01,1.356287271776471570e+00,1.216791749000549316e+00,5.698868632316589355e-02,2.352938614785671234e-02,-2.277553975582122803e-01,1.899815201759338379e-01,6.231176853179931641e-01,1.295036524534225464e-01,-2.627564966678619385e-01,-3.065840005874633789e-01,-3.526567295193672180e-02,-9.060901403427124023e-01,6.767075061798095703e-01,-7.420347630977630615e-02,-2.366240620613098145e-01
