2.516942849839012147e-02,-3.661594170940607462e-02,5.120248648531809943e-01,9.961002469062805176e-01,-2.968348003923892975e-02,8.307675272226333618e-02,1.189400558359920979e-03,0.000000000000000000e+00,0.000000000000000000e+00,1.025539636611938477e-01,-9.040097753193716557e-01,7.401451468467712402e-01,-2.463118135929107666e-01,-2.588219046592712402e-01,9.642755548146109135e-01,8.082852363586425781e-01,4.961449503898620605e-01,-4.710280001163482666e-01,4.008866548538208008e-01,7.307986617088317871e-01,8.657029271125793457e-01,-5.015896558761596680e-01,6.372369825839996338e-02,-2.780577540397644043e-01,-5.934677720069885254e-01,-6.009330749511718750e-01,1.212877035140991211e+00,-3.641786575317382812e-01,-9.644135832786560059e-03
1.700825324782988951e-02,1.183271537008083896e-03,5.132502239867292593e-01,9.967176318168640137e-01,-2.961637824773788452e-02,7.495344430208206177e-02,-7.674012798815965652e-03,0.000000000000000000e+00,0.000000000000000000e+00,1.935171335935592651e-01,-9.355221549656729252e-01,7.535416483879089355e-01,-2.528121769428253174e-01,-3.434503376483917236e-01,1.054094747700963453e+00,7.858154773712158203e-01,5.806715488433837891e-01,-4.335916936397552490e-01,3.114472329616546631e-01,7.772876024246215820e-01,8.172482848167419434e-01,-5.108775496482849121e-01,1.211746186017990112e-01,-1.990557760000228882e-01,-3.928722739219665527e-01,-6.035867333412170410e-01,1.223232269287109375e+00,-3.809524476528167725e-01,4.635576531291007996e-02
8.590042383946252386e-03,3.737814006433266834e-02,5.138350233428105041e-01,9.969096183776855469e-01,-3.101939894258975983e-02,6.778333336114883423e-02,-2.478760108351707458e-02,0.000000000000000000e+00,0.000000000000000000e+00,3.062383234500885010e-01,-9.681121865895132572e-01,7.684139609336853027e-01,-2.436744272708892822e-01,-4.207120835781097412e-01,1.143600658574376538e+00,7.405807971954345703e-01,6.819929480552673340e-01,-3.998224139213562012e-01,2.285623997449874878e-01,8.192199468612670898e-01,7.489554882049560547e-01,-5.082353949546813965e-01,1.797777861356735229e-01,-1.620013713836669922e-01,-1.062621101737022400e-01,-5.078513622283935547e-01,1.131771564483642578e+00,-3.149830400943756104e-01,1.527092456817626953e-01
1.092912563019328561e-03,6.910835770005831213e-02,5.123798548776392625e-01,9.964960217475891113e-01,-3.516419231891632080e-02,6.088650599122047424e-02,-4.529922828078269958e-02,0.000000000000000000e+00,0.000000000000000000e+00,4.209314584732055664e-01,-1.003772632279668287e+00,7.762682437896728516e-01,-2.163615673780441284e-01,-4.853111803531646729e-01,1.228368536629949048e+00,6.823505163192749023e-01,7.672423720359802246e-01,-3.723669946193695068e-01,1.522942781448364258e-01,8.604052066802978516e-01,6.755349636077880859e-01,-4.962511062622070312e-01,2.260704189538955688e-01,-1.054211780428886414e-01,1.941159665584564209e-01,-3.880333900451660156e-01,9.567359089851379395e-01,-2.019816786050796509e-01,2.261551767587661743e-01
-7.721658416440465612e-03,1.028471078561863511e-01,5.091232054567698118e-01,9.957064390182495117e-01,-3.325455263257026672e-02,5.581076443195343018e-02,-6.593890488147735596e-02,0.000000000000000000e+00,0.000000000000000000e+00,5.245910882949829102e-01,-1.045071558156285718e+00,7.741085886955261230e-01,-1.788412779569625854e-01,-5.414543747901916504e-01,1.299788580336842969e+00,6.209286451339721680e-01,8.353090882301330566e-01,-3.580617606639862061e-01,5.568774417042732239e-02,9.100547432899475098e-01,5.788710117340087891e-01,-4.461661279201507568e-01,2.562220096588134766e-01,-3.266860172152519226e-02,3.543259203433990479e-01,-3.336890637874603271e-01,7.692158222198486328e-01,-1.090140938758850098e-01,2.170147299766540527e-01
-1.840527782423628800e-02,1.410138084366917566e-01,5.051944415895927021e-01,9.947896003723144531e-01,-2.957546338438987732e-02,4.760190472006797791e-02,-8.516491949558258057e-02,0.000000000000000000e+00,0.000000000000000000e+00,6.090669035911560059e-01,-1.097683743634496167e+00,7.566357851028442383e-01,-1.382819265127182007e-01,-5.905740261077880859e-01,1.348778517046246961e+00,5.661087036132812500e-01,8.970125317573547363e-01,-3.494758903980255127e-01,-3.785143047571182251e-02,9.367201328277587891e-01,4.937065243721008301e-01,-3.384535908699035645e-01,2.732293605804443359e-01,1.421819906681776047e-02,3.737492263317108154e-01,-3.241475820541381836e-01,6.583601236343383789e-01,-7.331856340169906616e-02,1.330786794424057007e-01
-3.179637864203841563e-02,1.826475367367719205e-01,5.004899311005467366e-01,9.938563108444213867e-01,-3.153951838612556458e-02,3.486746177077293396e-02,-1.001955866813659668e-01,0.000000000000000000e+00,0.000000000000000000e+00,6.555980443954467773e-01,-1.162841246524129346e+00,7.222918868064880371e-01,-1.089924052357673645e-01,-6.305613517761230469e-01,1.363726885118756726e+00,5.180189609527587891e-01,9.456954598426818848e-01,-3.735661506652832031e-01,-6.580100953578948975e-02,9.336950778961181641e-01,5.167246460914611816e-01,-1.676742285490036011e-01,2.488011568784713745e-01,1.366080902516841888e-02,3.153965771198272705e-01,-3.522610068321228027e-01,6.943332552909851074e-01,-2.225924283266067505e-01,-1.221734359860420227e-01
-4.764391182075169984e-02,2.244050548331003037e-01,4.945991726595945770e-01,9.934960007667541504e-01,-3.934800252318382263e-02,2.305961772799491882e-02,-1.043344140052795410e-01,0.000000000000000000e+00,0.000000000000000000e+00,6.812022328376770020e-01,-1.227247820296559766e+00,6.782158017158508301e-01,-8.266730606555938721e-02,-6.636043787002563477e-01,1.346946285167012647e+00,4.742292165756225586e-01,9.760475754737854004e-01,-4.798745214939117432e-01,-6.002651527523994446e-02,8.301683664321899414e-01,6.213720440864562988e-01,6.034046411514282227e-02,5.643649771809577942e-02,1.975513994693756104e-02,2.607593536376953125e-01,-3.805792331695556641e-01,7.012865543365478516e-01,-4.344662129878997803e-01,-2.553361654281616211e-01
-6.508504400443700100e-02,2.670222923377848501e-01,4.881272685610585915e-01,9.945645928382873535e-01,-4.349878802895545959e-02,1.264415308833122253e-02,-9.375095367431640625e-02,0.000000000000000000e+00,0.000000000000000000e+00,7.051746249198913574e-01,-1.277026400962148145e+00,6.221048831939697266e-01,-5.427708104252815247e-02,-6.725068688392639160e-01,1.303798780837331250e+00,4.149651527404785156e-01,9.994087815284729004e-01,-5.959427952766418457e-01,-1.088467389345169067e-01,6.386937499046325684e-01,7.361102700233459473e-01,2.073445618152618408e-01,-2.250360250473022461e-01,1.190832164138555527e-02,2.004199624061584473e-01,-3.988898396492004395e-01,6.975815892219543457e-01,-6.026968359947204590e-01,-2.176874727010726929e-01
-8.090993878422210461e-02,3.026519975434950882e-01,4.837600193548985406e-01,9.962622523307800293e-01,-3.983813896775245667e-02,1.469803391955792904e-03,-7.663129270076751709e-02,0.000000000000000000e+00,0.000000000000000000e+00,6.976527571678161621e-01,-1.289309726157460645e+00,5.798611640930175781e-01,-3.636840730905532837e-02,-6.610122919082641602e-01,1.237606243291173413e+00,3.780413269996643066e-01,1.028332471847534180e+00,-6.448248028755187988e-01,1.090003829449415207e-02,6.243356466293334961e-01,1.024116992950439453e+00,8.099509775638580322e-02,-2.353475391864776611e-01,-1.992877572774887085e-02,1.057038307189941406e-01,-4.234103560447692871e-01,7.290304303169250488e-01,-7.208242416381835938e-01,-1.431851834058761597e-01
-9.549647888921276861e-02,3.331588645418635530e-01,4.848816217549822283e-01,9.965161681175231934e-01,-5.692365020513534546e-02,-4.673085175454616547e-03,-6.077343225479125977e-02,0.000000000000000000e+00,0.000000000000000000e+00,6.220383048057556152e-01,-1.255278752246175245e+00,5.768367052078247070e-01,-2.943313866853713989e-02,-6.104226112365722656e-01,1.151415900388036206e+00,3.799239695072174072e-01,1.024989604949951172e+00,-6.529751420021057129e-01,2.744917273521423340e-01,6.231626868247985840e-01,1.318836092948913574e+00,-1.429931074380874634e-01,-1.956954151391983032e-01,-6.666953116655349731e-02,4.247692599892616272e-02,-4.459542334079742432e-01,7.979289293289184570e-01,-7.087905406951904297e-01,-1.073648929595947266e-01
-1.090527694363786770e-01,3.654251534439096338e-01,4.887177975806925034e-01,9.981568455696105957e-01,-4.882103204727172852e-02,-3.072011517360806465e-03,-3.591647371649742126e-02,0.000000000000000000e+00,0.000000000000000000e+00,5.004336237907409668e-01,-1.174839989342961744e+00,6.000729799270629883e-01,-6.104818731546401978e-02,-5.225577354431152344e-01,1.067128793397221997e+00,4.210181832313537598e-01,9.744396805763244629e-01,-6.606884598731994629e-01,4.570387005805969238e-01,5.967764258384704590e-01,1.474510908126831055e+00,-2.529520392417907715e-01,-8.212729543447494507e-02,-1.389083564281463623e-01,-8.611439168453216553e-02,-4.455480873584747314e-01,8.957854509353637695e-01,-6.787098050117492676e-01,-3.944147750735282898e-02
-1.204729438407553532e-01,3.990260180010639091e-01,4.919108809515683189e-01,9.994065165519714355e-01,-3.408055379986763000e-02,-8.261818438768386841e-04,-4.942479077726602554e-03,0.000000000000000000e+00,0.000000000000000000e+00,3.648845851421356201e-01,-1.049915866055760816e+00,6.185740828514099121e-01,-1.224992796778678894e-01,-3.959730565547943115e-01,9.964692751553396732e-01,4.841085374355316162e-01,8.913540244102478027e-01,-6.838962435722351074e-01,5.796695947647094727e-01,5.114430189132690430e-01,1.530055522918701172e+00,-3.181844949722290039e-01,4.005602002143859863e-02,-1.797335594892501831e-01,-2.158849537372589111e-01,-4.328646361827850342e-01,9.400622248649597168e-01,-6.375553011894226074e-01,4.898036643862724304e-02
-1.303189139436892741e-01,4.338949650526046642e-01,4.928548637815196032e-01,9.992506504058837891e-01,-3.088662400841712952e-02,2.789915306493639946e-03,2.315847016870975494e-02,0.000000000000000000e+00,0.000000000000000000e+00,2.245018631219863892e-01,-9.063419262554983646e-01,6.254343986511230469e-01,-1.845489591360092163e-01,-2.494097352027893066e-01,9.369449774411062748e-01,5.614283680915832520e-01,8.021563887596130371e-01,-7.380235195159912109e-01,6.926425099372863770e-01,3.713231086730957031e-01,1.503523111343383789e+00,-3.640984892845153809e-01,1.217466741800308228e-01,-2.010333985090255737e-01,-3.096871972084045410e-01,-4.230362176895141602e-01,9.411800503730773926e-01,-5.835034847259521484e-01,1.311141550540924072e-01
-1.391757593565441653e-01,4.714657391043323709e-01,4.906790863263486568e-01,9.982437491416931152e-01,-3.769905865192413330e-02,7.392760366201400757e-03,4.509587585926055908e-02,0.000000000000000000e+00,0.000000000000000000e+00,7.685102522373199463e-02,-7.688049236920218021e-01,6.286184191703796387e-01,-2.405774593353271484e-01,-9.975112974643707275e-02,8.832722465184073002e-01,6.447511911392211914e-01,7.313243746757507324e-01,-7.926502823829650879e-01,8.039457201957702637e-01,2.389437854290008545e-01,1.391720533370971680e+00,-3.844389915466308594e-01,1.661091446876525879e-01,-2.115115821361541748e-01,-3.757321536540985107e-01,-4.146984815597534180e-01,9.186223745346069336e-01,-5.209454298019409180e-01,2.081077247858047485e-01
-1.476578723172647656e-01,5.132239422691289299e-01,4.871334210504786877e-01,9.968084692955017090e-01,-5.127877742052078247e-02,1.199083775281906128e-02,5.999685078859329224e-02,0.000000000000000000e+00,0.000000000000000000e+00,-6.341091543436050415e-02,-6.577224294331411869e-01,6.260718703269958496e-01,-2.875985205173492432e-01,4.894058778882026672e-02,8.345602313664297611e-01,7.200749516487121582e-01,6.799476146697998047e-01,-8.138229250907897949e-01,8.945528864860534668e-01,1.330059617757797241e-01,1.203128814697265625e+00,-3.773474097251892090e-01,1.800987273454666138e-01,-2.085987627506256104e-01,-4.210798442363739014e-01,-4.081324040889739990e-01,8.597934842109680176e-01,-4.363240897655487061e-01,2.586785256862640381e-01
-1.548665986928825511e-01,5.585116597016652751e-01,4.850037715388367809e-01,9.954437017440795898e-01,-6.287995725870132446e-02,1.868601702153682709e-02,6.920141726732254028e-02,0.000000000000000000e+00,0.000000000000000000e+00,-1.852443218231201172e-01,-5.949913422253469975e-01,6.141430139541625977e-01,-3.356701135635375977e-01,1.926849782466888428e-01,7.925641695645193607e-01,7.721824645996093750e-01,6.256055235862731934e-01,-7.541015744209289551e-01,9.097712635993957520e-01,5.551058426499366760e-02,9.537671208381652832e-01,-3.127803206443786621e-01,1.377233266830444336e-01,-1.848845183849334717e-01,-4.595751464366912842e-01,-4.005297422409057617e-01,7.245885133743286133e-01,-3.109501004219055176e-01,2.686704695224761963e-01
-1.611412861111639616e-01,6.040065584467215754e-01,4.852405561130456180e-01,9.946544170379638672e-01,-5.176929384469985962e-02,3.836880996823310852e-02,8.068674802780151367e-02,0.000000000000000000e+00,0.000000000000000000e+00,-2.674374580383300781e-01,-5.809653560307364017e-01,5.877654552459716797e-01,-3.877913951873779297e-01,3.260106444358825684e-01,7.603920857098440678e-01,7.752581834793090820e-01,5.474898219108581543e-01,-6.501954793930053711e-01,8.100050687789916992e-01,5.531913042068481445e-02,7.350444197654724121e-01,-1.817824393510818481e-01,2.820450253784656525e-02,-1.527505666017532349e-01,-5.364426374435424805e-01,-3.740539252758026123e-01,5.242296457290649414e-01,-1.328808069229125977e-01,2.740865051746368408e-01
-1.705795470570599659e-01,6.548973470828448606e-01,4.850395611763903547e-01,9.926223158836364746e-01,-2.307876944541931152e-02,7.139978557825088501e-02,9.523801505565643311e-02,0.000000000000000000e+00,0.000000000000000000e+00,-2.992897331714630127e-01,-6.065846840527395756e-01,5.434551239013671875e-01,-4.141324162483215332e-01,4.375814795494079590e-01,7.405185858395437748e-01,7.369940280914306641e-01,4.684402346611022949e-01,-5.673634409904479980e-01,6.656686663627624512e-01,1.814709603786468506e-01,6.173120141029357910e-01,-8.019141852855682373e-02,-2.445663660764694214e-01,-1.925895661115646362e-01,-6.692394614219665527e-01,-3.156892657279968262e-01,3.843458592891693115e-01,6.818822026252746582e-02,2.574772834777832031e-01
-1.837567248658248942e-01,7.064733287451243626e-01,4.867217156607093198e-01,9.927979111671447754e-01,-1.102864183485507965e-02,8.355285227298736572e-02,8.514499664306640625e-02,0.000000000000000000e+00,0.000000000000000000e+00,-2.469270080327987671e-01,-6.555332104351858646e-01,4.740541875362396240e-01,-3.655411899089813232e-01,4.691257774829864502e-01,7.228570739415030033e-01,6.948316693305969238e-01,4.237942397594451904e-01,-6.576157808303833008e-01,6.008723378181457520e-01,2.529476284980773926e-01,8.308218717575073242e-01,-1.996641904115676880e-01,-2.194210737943649292e-01,-3.448457121849060059e-01,-7.580206394195556641e-01,-1.984582841396331787e-01,4.712042808532714844e-01,1.037890911102294922e-01,1.610031723976135254e-01
-1.954507398206477287e-01,7.532596023124877860e-01,4.935134014163655158e-01,9.942481517791748047e-01,-1.941920071840286255e-02,8.319921046495437622e-02,6.458646804094314575e-02,0.000000000000000000e+00,0.000000000000000000e+00,-1.474584937095642090e-01,-7.212258736279348881e-01,4.322371184825897217e-01,-2.628974318504333496e-01,3.696395754814147949e-01,7.238963405278067142e-01,6.862704753875732422e-01,4.733567833900451660e-01,-6.609318852424621582e-01,5.872193574905395508e-01,3.460206985473632812e-01,9.323589205741882324e-01,-2.973087430000305176e-01,-1.419673711061477661e-01,-3.216703534126281738e-01,-6.857762932777404785e-01,-2.492143511772155762e-01,5.450349450111389160e-01,-2.161381999030709267e-03,2.002030462026596069e-01
-2.057178817140032645e-01,7.967328847673805781e-01,5.042113060586982387e-01,9.950278401374816895e-01,-1.903938502073287964e-02,8.158121258020401001e-02,5.386634916067123413e-02,0.000000000000000000e+00,0.000000000000000000e+00,-5.488241836428642273e-02,-7.912891070034842045e-01,4.705415666103363037e-01,-2.133155912160873413e-01,2.082253694534301758e-01,7.740689078953604252e-01,6.957559585571289062e-01,5.274342298507690430e-01,-5.898892283439636230e-01,5.122581124305725098e-01,4.580788016319274902e-01,9.036223292350769043e-01,-3.495495617389678955e-01,-5.438054352998733521e-02,-2.924565374851226807e-01,-6.572831869125366211e-01,-3.889891803264617920e-01,7.761797308921813965e-01,-2.048700153827667236e-01,7.951757311820983887e-02
-2.160766774645507815e-01,8.406031747794512343e-01,5.161264735708633866e-01,9.955480098724365234e-01,-1.355667784810066223e-02,8.325991779565811157e-02,4.204952716827392578e-02,0.000000000000000000e+00,0.000000000000000000e+00,3.495579585433006287e-02,-8.529434959080557377e-01,5.634456276893615723e-01,-2.043324261903762817e-01,3.595779463648796082e-02,8.679567138340811283e-01,6.887576580047607422e-01,5.704460144042968750e-01,-5.073288083076477051e-01,4.053363800048828125e-01,5.734049081802368164e-01,8.038614392280578613e-01,-3.620769381523132324e-01,2.858810871839523315e-02,-2.385223507881164551e-01,-5.929079651832580566e-01,-5.222570300102233887e-01,9.969289898872375488e-01,-3.656969070434570312e-01,-1.411914639174938202e-02
-2.245729173674727852e-01,8.799526772098710259e-01,5.255750209236085269e-01,9.959111213684082031e-01,-1.087376289069652557e-02,8.660703897476196289e-02,2.328141406178474426e-02,0.000000000000000000e+00,0.000000000000000000e+00,1.308894455432891846e-01,-9.058476845410208256e-01,6.675568222999572754e-01,-2.035000771284103394e-01,-1.272425502538681030e-01,9.816663424160818607e-01,6.637017130851745605e-01,6.243574619293212891e-01,-4.417220652103424072e-01,3.005812168121337891e-01,6.703723669052124023e-01,6.779253482818603516e-01,-3.528346717357635498e-01,9.269865602254867554e-02,-1.964054256677627563e-01,-4.444517195224761963e-01,-6.019147634506225586e-01,1.129286527633666992e+00,-4.217396676540374756e-01,-4.035332053899765015e-02
-2.320099583798737319e-01,9.174407032944938978e-01,5.308930206058001255e-01,9.960161447525024414e-01,-9.194978512823581696e-03,8.868571370840072632e-02,1.483073923736810684e-03,0.000000000000000000e+00,0.000000000000000000e+00,2.374740540981292725e-01,-9.478082219746450932e-01,7.464098334312438965e-01,-1.955416500568389893e-01,-2.662376463413238525e-01,1.086892441907201245e+00,6.279793977737426758e-01,6.988771557807922363e-01,-3.927809298038482666e-01,1.974053680896759033e-01,7.393786907196044922e-01,5.493927597999572754e-01,-3.335905671119689941e-01,1.501757055521011353e-01,-1.748559921979904175e-01,-1.927693039178848267e-01,-5.620440244674682617e-01,1.088627576828002930e+00,-3.518424332141876221e-01,6.412748992443084717e-02
-2.386428328087986106e-01,9.527928104530078990e-01,5.320392854707409747e-01,9.959912300109863281e-01,-6.482213735580444336e-03,8.660359680652618408e-02,-2.143079973757266998e-02,0.000000000000000000e+00,0.000000000000000000e+00,3.555746674537658691e-01,-9.787904779103140385e-01,7.818968296051025391e-01,-1.794508844614028931e-01,-3.822631537914276123e-01,1.172151283421788648e+00,5.782078504562377930e-01,7.777665853500366211e-01,-3.497450053691864014e-01,9.248566627502441406e-02,7.864332199096679688e-01,4.334622323513031006e-01,-3.101976513862609863e-01,1.992270052433013916e-01,-1.354476362466812134e-01,9.622117131948471069e-02,-4.335171282291412354e-01,9.204007983207702637e-01,-2.106613665819168091e-01,1.958865523338317871e-01
-2.453989365234068021e-01,9.872123941086758947e-01,5.291931373799088067e-01,9.954709410667419434e-01,-7.937283371575176716e-04,8.366671204566955566e-02,-4.513011500239372253e-02,0.000000000000000000e+00,0.000000000000000000e+00,4.771819412708282471e-01,-1.000935689606938794e+00,7.830715179443359375e-01,-1.594576537609100342e-01,-4.832876026630401611e-01,1.237483666339192823e+00,5.194436907768249512e-01,8.468186855316162109e-01,-3.331848084926605225e-01,-7.374185137450695038e-03,8.258454203605651855e-01,3.508147299289703369e-01,-2.752856016159057617e-01,2.404871881008148193e-01,-6.885559111833572388e-02,3.083152472972869873e-01,-3.183794617652893066e-01,7.041082382202148438e-01,-8.187235891819000244e-02,2.317336499691009521e-01
-2.533961767059835779e-01,1.023027275397319968e+00,5.248419561432768887e-01,9.946101307868957520e-01,6.970759481191635132e-03,7.897768914699554443e-02,-6.681724637746810913e-02,0.000000000000000000e+00,0.000000000000000000e+00,5.886268019676208496e-01,-1.023447291054997876e+00,7.717462778091430664e-01,-1.426147669553756714e-01,-5.714092254638671875e-01,1.281195239224706128e+00,4.715915918350219727e-01,9.126214385032653809e-01,-3.461156189441680908e-01,-9.614730626344680786e-02,8.560981154441833496e-01,3.130893111228942871e-01,-2.105452716350555420e-01,2.783148586750030518e-01,-6.927075330168008804e-03,3.832190334796905518e-01,-2.635321021080017090e-01,5.274400115013122559e-01,5.952039733529090881e-03,2.080754637718200684e-01
-2.644183055706548213e-01,1.063261138941302475e+00,5.203683344876826045e-01,9.941297173500061035e-01,8.286832831799983978e-03,6.792926043272018433e-02,-8.380312472581863403e-02,0.000000000000000000e+00,0.000000000000000000e+00,6.651447415351867676e-01,-1.057847873368535474e+00,7.599031329154968262e-01,-1.352070868015289307e-01,-6.407415866851806641e-01,1.300287560620580152e+00,4.383748769760131836e-01,9.598896503448486328e-01,-3.734498322010040283e-01,-1.346124410629272461e-01,8.721833229064941406e-01,3.539082407951354980e-01,-1.056688949465751648e-01,2.981247603893280029e-01,2.405770123004913330e-03,3.635254502296447754e-01,-2.562967538833618164e-01,4.840588569641113281e-01,3.669776394963264465e-02,5.657605454325675964e-02
-2.781366770895141727e-01,1.104417893510274196e+00,5.150766165230912241e-01,9.939957261085510254e-01,6.484606303274631500e-03,5.685530975461006165e-02,-9.326279908418655396e-02,0.000000000000000000e+00,0.000000000000000000e+00,6.956328153610229492e-01,-1.100087956586156324e+00,7.543566823005676270e-01,-1.320326775312423706e-01,-6.814061999320983887e-01,1.288613990941319898e+00,4.187414348125457764e-01,9.771912097930908203e-01,-4.482484757900238037e-01,-1.160543709993362427e-01,8.710775375366210938e-01,4.852512180805206299e-01,5.764025449752807617e-02,2.466331571340560913e-01,-2.335297316312789917e-02,3.031437098979949951e-01,-2.940026223659515381e-01,5.726705193519592285e-01,-1.620119065046310425e-01,-2.006604820489883423e-01
-2.926504961386172665e-01,1.141797969412021052e+00,5.098475927031702604e-01,9.946787953376770020e-01,-2.760520437732338905e-03,4.851129651069641113e-02,-9.084670990705490112e-02,0.000000000000000000e+00,0.000000000000000000e+00,7.037072181701660156e-01,-1.142365620532308057e+00,7.504982352256774902e-01,-1.142549067735671997e-01,-6.981129646301269531e-01,1.253225998082433179e+00,3.873963952064514160e-01,9.758989214897155762e-01,-5.729202032089233398e-01,-1.026969254016876221e-01,7.511557340621948242e-01,6.207165122032165527e-01,2.819159626960754395e-01,-2.785805799067020416e-02,-2.313882112503051758e-02,2.611117959022521973e-01,-3.188393115997314453e-01,5.735068321228027344e-01,-3.585535287857055664e-01,-2.817631959915161133e-01
-3.073777036357558390e-01,1.178009360026229579e+00,5.057762930752953690e-01,9.960338473320007324e-01,-9.983282536268234253e-03,4.363780841231346130e-02,-7.689427584409713745e-02,0.000000000000000000e+00,0.000000000000000000e+00,6.930457949638366699e-01,-1.174733595052037671e+00,7.415072321891784668e-01,-7.754519581794738770e-02,-6.864781975746154785e-01,1.204793707528386548e+00,3.344639241695404053e-01,9.759986400604248047e-01,-6.852216720581054688e-01,-8.717922866344451904e-02,6.215983033180236816e-01,8.018738627433776855e-01,3.273524045944213867e-01,-2.245476245880126953e-01,-3.075842745602130890e-02,2.133789360523223877e-01,-3.398950099945068359e-01,5.446764826774597168e-01,-4.994976818561553955e-01,-2.489992380142211914e-01
-3.218590753510444102e-01,1.212707704269524678e+00,5.050477123794832046e-01,9.971737265586853027e-01,-1.808767952024936676e-02,3.902548551559448242e-02,-6.159874424338340759e-02,0.000000000000000000e+00,0.000000000000000000e+00,6.364424228668212891e-01,-1.175274566808019117e+00,7.383917570114135742e-01,-5.613134801387786865e-02,-6.504312753677368164e-01,1.143535212674413160e+00,3.096342384815216064e-01,9.870958328247070312e-01,-7.287019491195678711e-01,7.922562211751937866e-02,6.131899356842041016e-01,1.061058759689331055e+00,1.433949172496795654e-01,-2.113263010978698730e-01,-4.306017979979515076e-02,1.523958444595336914e-01,-3.740898966789245605e-01,5.319865345954895020e-01,-5.695322751998901367e-01,-1.946808099746704102e-01
-3.351311766619634036e-01,1.246005685525109152e+00,5.090641650105968141e-01,9.978150725364685059e-01,-2.441969141364097595e-02,3.919987753033638000e-02,-4.724529013037681580e-02,0.000000000000000000e+00,0.000000000000000000e+00,5.314419269561767578e-01,-1.146861390271459058e+00,7.397636771202087402e-01,-6.903402507305145264e-02,-5.787909626960754395e-01,1.075050489106450513e+00,3.306257128715515137e-01,9.615303874015808105e-01,-7.359110713005065918e-01,2.706092298030853271e-01,6.000984907150268555e-01,1.234614610671997070e+00,-4.136616364121437073e-02,-1.499975919723510742e-01,-1.112904474139213562e-01,6.953627616167068481e-02,-3.953091800212860107e-01,6.116749048233032227e-01,-5.572621226310729980e-01,-1.326202601194381714e-01
-3.469639906403843566e-01,1.278945023057737718e+00,5.144126398598003469e-01,9.986052513122558594e-01,-1.510965358465909958e-02,4.263347387313842773e-02,-2.723378874361515045e-02,0.000000000000000000e+00,0.000000000000000000e+00,3.910945951938629150e-01,-1.088912383713994458e+00,7.353526949882507324e-01,-1.347238421440124512e-01,-4.737996757030487061e-01,1.011291639008794263e+00,4.174590408802032471e-01,8.999825716018676758e-01,-7.143907546997070312e-01,4.154273867607116699e-01,5.983189344406127930e-01,1.299999952316284180e+00,-1.549502313137054443e-01,-1.540384441614151001e-02,-1.991084963083267212e-01,-6.354169547557830811e-02,-4.035334587097167969e-01,7.339743971824645996e-01,-5.187774300575256348e-01,-5.150410160422325134e-02
-3.578749515763436917e-01,1.311795426247396756e+00,5.179808085968699016e-01,9.989220499992370605e-01,-7.187040988355875015e-03,4.503634572029113770e-02,-8.644596673548221588e-03,0.000000000000000000e+00,0.000000000000000000e+00,2.509783506393432617e-01,-1.007117287316594556e+00,7.025570869445800781e-01,-2.088775634765625000e-01,-3.513011038303375244e-01,9.545740048077444584e-01,5.384634137153625488e-01,8.256909847259521484e-01,-6.931390762329101562e-01,5.239748954772949219e-01,5.533603429794311523e-01,1.286315560340881348e+00,-2.380245029926300049e-01,8.319167792797088623e-02,-2.770568728446960449e-01,-1.926686614751815796e-01,-3.945444524288177490e-01,8.425128459930419922e-01,-4.519321024417877197e-01,3.260241448879241943e-02
-3.675501527938276891e-01,1.346196907487782646e+00,5.180724832137124647e-01,9.989656209945678711e-01,-4.880512598901987076e-03,4.394936189055442810e-02,1.060393452644348145e-02,0.000000000000000000e+00,0.000000000000000000e+00,1.196668371558189392e-01,-9.096023599293570072e-01,6.362002491950988770e-01,-2.683147192001342773e-01,-2.137708216905593872e-01,8.968604365971426517e-01,6.557866930961608887e-01,7.578383088111877441e-01,-6.749960780143737793e-01,6.051126122474670410e-01,4.731850028038024902e-01,1.205377101898193359e+00,-2.865426838397979736e-01,1.125691160559654236e-01,-3.234381675720214844e-01,-2.929289340972900391e-01,-3.688296377658843994e-01,9.009061455726623535e-01,-3.923470079898834229e-01,1.243058592081069946e-01
-3.752214249434194238e-01,1.381325723844947229e+00,5.140181234606889804e-01,9.985795021057128906e-01,-9.904724545776844025e-03,4.094298183917999268e-02,3.262682631611824036e-02,0.000000000000000000e+00,0.000000000000000000e+00,-1.800006069242954254e-02,-8.035110394146780521e-01,5.557704567909240723e-01,-3.218555748462677002e-01,-6.463614851236343384e-02,8.352323333409170658e-01,7.473223209381103516e-01,7.033436894416809082e-01,-6.700711250305175781e-01,6.763800978660583496e-01,3.701149225234985352e-01,1.083447456359863281e+00,-3.164902627468109131e-01,1.029285416007041931e-01,-3.333018422126770020e-01,-3.581809997558593750e-01,-3.348029255867004395e-01,9.054470658302307129e-01,-3.588765859603881836e-01,2.138079851865768433e-01
-3.821065291265646757e-01,1.418616201094906826e+00,5.064039403501182646e-01,9.973599314689636230e-01,-2.618880383670330048e-02,4.008272662758827209e-02,5.459550395607948303e-02,0.000000000000000000e+00,0.000000000000000000e+00,-1.672522723674774170e-01,-6.940947333958487064e-01,4.820126295089721680e-01,-3.790782690048217773e-01,8.909436315298080444e-02,7.714553634312490971e-01,7.980257272720336914e-01,6.482033133506774902e-01,-6.814091801643371582e-01,7.694287300109863281e-01,2.785737514495849609e-01,9.407695531845092773e-01,-3.484395742416381836e-01,7.602589577436447144e-02,-3.177839517593383789e-01,-3.980153501033782959e-01,-3.252712786197662354e-01,8.670669198036193848e-01,-3.324522376060485840e-01,2.612796127796173096e-01
-3.888849287058668835e-01,1.458537341262956977e+00,4.991964387938832015e-01,9.952231645584106445e-01,-4.887620732188224792e-02,4.419381916522979736e-02,7.203422486782073975e-02,0.000000000000000000e+00,0.000000000000000000e+00,-2.938788831233978271e-01,-5.985312024739126713e-01,4.326747357845306396e-01,-4.262709617614746094e-01,2.320432215929031372e-01,7.122399965908865482e-01,8.054810166358947754e-01,5.685309171676635742e-01,-6.885895729064941406e-01,8.477678894996643066e-01,2.361848056316375732e-01,7.827189564704895020e-01,-3.699271380901336670e-01,3.573216125369071960e-02,-2.810258269309997559e-01,-4.222639799118041992e-01,-3.423679769039154053e-01,7.668286561965942383e-01,-2.750912010669708252e-01,2.751432061195373535e-01
-3.951874340558895193e-01,1.500181532426915876e+00,4.960435876257792698e-01,9.931337833404541016e-01,-5.563633516430854797e-02,6.080977618694305420e-02,8.301893621683120728e-02,0.000000000000000000e+00,0.000000000000000000e+00,-3.976284265518188477e-01,-5.281117717411856205e-01,3.972123563289642334e-01,-4.623933136463165283e-01,3.418313860893249512e-01,6.602841774609427006e-01,7.815247178077697754e-01,4.706862568855285645e-01,-6.493990421295166016e-01,8.520205616950988770e-01,3.148096799850463867e-01,6.260416507720947266e-01,-3.476484715938568115e-01,-1.040282379835844040e-02,-2.363549619913101196e-01,-4.654378592967987061e-01,-3.472630679607391357e-01,5.562617778778076172e-01,-1.416825950145721436e-01,2.776492238044738770e-01
-4.034540929833445588e-01,1.545976823315475812e+00,4.958184699751813085e-01,9.910832643508911133e-01,-3.719917684793472290e-02,9.079653769731521606e-02,9.014512598514556885e-02,0.000000000000000000e+00,0.000000000000000000e+00,-4.715336263179779053e-01,-4.825764457371573002e-01,3.622032105922698975e-01,-4.826819598674774170e-01,4.184799790382385254e-01,6.353926817562918217e-01,7.373301982879638672e-01,3.839494585990905762e-01,-5.672686100006103516e-01,7.599486708641052246e-01,5.021501779556274414e-01,5.182995200157165527e-01,-2.698108851909637451e-01,-9.487161040306091309e-02,-2.093935608863830566e-01,-5.457717180252075195e-01,-3.165470957756042480e-01,3.139873147010803223e-01,6.845679134130477905e-02,2.735913097858428955e-01
-4.176552716951177358e-01,1.594056340073696232e+00,4.978318239244246546e-01,9.900547266006469727e-01,-1.055739633738994598e-02,1.125515773892402649e-01,8.373976498842239380e-02,0.000000000000000000e+00,0.000000000000000000e+00,-4.600823819637298584e-01,-4.615090648320059330e-01,3.355407714843750000e-01,-4.539971351623535156e-01,4.357539713382720947e-01,6.255901018765310795e-01,6.630765199661254883e-01,3.060889542102813721e-01,-6.542037129402160645e-01,6.644325256347656250e-01,5.361738204956054688e-01,6.640586853027343750e-01,-6.778128445148468018e-02,-1.034009531140327454e-01,-3.873033821582794189e-01,-6.645793914794921875e-01,-1.321234703063964844e-01,3.809126913547515869e-01,2.084244489669799805e-01,2.192921489477157593e-01
-4.296643973856863474e-01,1.637952372052452699e+00,5.023112998014748198e-01,9.927948117256164551e-01,-3.036761656403541565e-02,1.052867770195007324e-01,4.848748072981834412e-02,0.000000000000000000e+00,0.000000000000000000e+00,-3.848423957824707031e-01,-4.668237725880484135e-01,3.283375203609466553e-01,-3.800066411495208740e-01,3.457575738430023193e-01,6.232901374485830814e-01,6.117603182792663574e-01,3.198220133781433105e-01,-6.737480759620666504e-01,7.014545798301696777e-01,5.466304421424865723e-01,8.254536986351013184e-01,-1.661204397678375244e-01,-6.829704344272613525e-02,-3.598241508007049561e-01,-6.000628471374511719e-01,-2.357953935861587524e-01,4.100063443183898926e-01,1.222439855337142944e-01,2.240468263626098633e-01
-4.401299184997274350e-01,1.680907078436528757e+00,5.080733899282987576e-01,9.951539039611816406e-01,-2.108448185026645660e-02,9.217741340398788452e-02,2.697207406163215637e-02,0.000000000000000000e+00,0.000000000000000000e+00,-2.735492587089538574e-01,-5.227230350163321049e-01,3.649822175502777100e-01,-3.074723780155181885e-01,2.104054689407348633e-01,6.612128178265432865e-01,5.750274658203125000e-01,3.799012601375579834e-01,-5.848650932312011719e-01,6.238387823104858398e-01,6.486122608184814453e-01,8.481967449188232422e-01,-2.586277723312377930e-01,-1.376517396420240402e-02,-3.627487421035766602e-01,-6.872239708900451660e-01,-4.238718152046203613e-01,7.412069439888000488e-01,-1.424561887979507446e-01,3.863535448908805847e-02
-4.486741754743788224e-01,1.721633194814426782e+00,5.147341653275669948e-01,9.965828061103820801e-01,-1.325179170817136765e-02,8.142737299203872681e-02,4.090392496436834335e-03,0.000000000000000000e+00,0.000000000000000000e+00,-1.381515860557556152e-01,-6.159784356739859135e-01,4.425800144672393799e-01,-2.482851147651672363e-01,5.829731002449989319e-02,7.416263381626944096e-01,5.393051505088806152e-01,4.642346501350402832e-01,-4.975847303867340088e-01,5.335084795951843262e-01,7.533885240554809570e-01,8.154482841491699219e-01,-3.195492923259735107e-01,3.451057523488998413e-02,-2.966273427009582520e-01,-6.848865151405334473e-01,-5.398021340370178223e-01,1.026483654975891113e+00,-3.407728970050811768e-01,-6.359056383371353149e-02
-4.559365655466763867e-01,1.759595620433489493e+00,5.203655526945085708e-01,9.969786405563354492e-01,-8.509242907166481018e-03,7.303623855113983154e-02,-2.503610402345657349e-02,0.000000000000000000e+00,0.000000000000000000e+00,4.166487138718366623e-03,-7.229023138668875248e-01,5.283248424530029297e-01,-2.063248008489608765e-01,-9.393347054719924927e-02,8.455628315594534428e-01,5.154284238815307617e-01,5.560868978500366211e-01,-4.257022440433502197e-01,4.530485868453979492e-01,8.523222208023071289e-01,7.676069140434265137e-01,-3.606388568878173828e-01,8.450770378112792969e-02,-2.440089136362075806e-01,-5.423439741134643555e-01,-5.590640902519226074e-01,1.181584835052490234e+00,-3.956154882907867432e-01,-4.215279221534729004e-02
-4.625911545700798211e-01,1.794902139399388918e+00,5.232136106731916092e-01,9.961192011833190918e-01,-5.196197424083948135e-03,6.499575823545455933e-02,-5.911944806575775146e-02,0.000000000000000000e+00,0.000000000000000000e+00,1.509816944599151611e-01,-8.303532163288931400e-01,6.076107025146484375e-01,-1.744296699762344360e-01,-2.375916689634323120e-01,9.562158147480825932e-01,5.015699863433837891e-01,6.432177424430847168e-01,-3.726443052291870117e-01,3.807989656925201416e-01,9.407392144203186035e-01,7.219017744064331055e-01,-3.902969062328338623e-01,1.380891501903533936e-01,-2.056286036968231201e-01,-3.025838434696197510e-01,-5.099226236343383789e-01,1.194851636886596680e+00,-3.517261147499084473e-01,6.596116721630096436e-02
-4.692034769449571208e-01,1.827735270559787795e+00,5.223492618627620931e-01,9.939319491386413574e-01,-4.913889570161700249e-04,5.577011778950691223e-02,-9.480878710746765137e-02,0.000000000000000000e+00,0.000000000000000000e+00,2.979875504970550537e-01,-9.338232437756399662e-01,6.780930161476135254e-01,-1.402729004621505737e-01,-3.628383278846740723e-01,1.058265999951634839e+00,4.837468266487121582e-01,7.178913354873657227e-01,-3.369468748569488525e-01,3.115772604942321777e-01,1.000000000000000000e+00,6.893538236618041992e-01,-4.154792129993438721e-01,1.925815492868423462e-01,-1.409520804882049561e-01,-3.169307857751846313e-02,-4.249621331691741943e-01,1.098492741584777832e+00,-2.602919340133666992e-01,1.744028180837631226e-01
-4.768010938543864041e-01,1.860070004029707569e+00,5.177042070129002083e-01,9.905726313591003418e-01,9.272122755646705627e-03,4.891498386859893799e-02,-1.276213526725769043e-01,0.000000000000000000e+00,0.000000000000000000e+00,4.451265931129455566e-01,-1.032204047837529615e+00,7.406275272369384766e-01,-9.707472473382949829e-02,-4.653084576129913330e-01,1.145024673142705396e+00,4.457792937755584717e-01,7.682330012321472168e-01,-3.262811601161956787e-01,2.311940193176269531e-01,1.000000000000000000e+00,6.590265631675720215e-01,-4.278941452503204346e-01,2.394738942384719849e-01,-4.454950615763664246e-02,1.907248795032501221e-01,-3.403227031230926514e-01,9.262913465499877930e-01,-1.684848964214324951e-01,2.099283188581466675e-01
-4.853249233328935097e-01,1.893979149397575501e+00,5.113789906051724454e-01,9.868089556694030762e-01,2.303002774715423584e-02,4.346058890223503113e-02,-1.542362421751022339e-01,0.000000000000000000e+00,0.000000000000000000e+00,5.782921314239501953e-01,-1.121964023509297803e+00,7.776669859886169434e-01,-5.285328626632690430e-02,-5.493694543838500977e-01,1.213598595061574414e+00,4.046250879764556885e-01,8.039121031761169434e-01,-3.301778137683868408e-01,1.214036121964454651e-01,1.000000000000000000e+00,5.882434248924255371e-01,-4.165605604648590088e-01,2.740832269191741943e-01,6.824012845754623413e-02,3.169560134410858154e-01,-2.709744870662689209e-01,7.070661783218383789e-01,-9.125580638647079468e-02,2.004323899745941162e-01
-4.957601353571270408e-01,1.931585007258737940e+00,5.052347153116657497e-01,9.838170409202575684e-01,2.969739027321338654e-02,3.610181063413619995e-02,-1.729706078767776489e-01,0.000000000000000000e+00,0.000000000000000000e+00,6.821817755699157715e-01,-1.202352986731801465e+00,7.769346833229064941e-01,-1.391001697629690170e-02,-6.187858581542968750e-01,1.257704184451375440e+00,3.756941556930541992e-01,8.329671621322631836e-01,-3.321219682693481445e-01,1.477177627384662628e-02,1.000000000000000000e+00,4.961908459663391113e-01,-3.599793016910552979e-01,3.018327653408050537e-01,1.315958350896835327e-01,3.174138367176055908e-01,-2.620041072368621826e-01,5.867616534233093262e-01,-7.447002828121185303e-02,8.416312187910079956e-02
-5.091018230167001501e-01,1.970759464315693821e+00,4.997233602442223699e-01,9.828567504882812500e-01,2.732008695602416992e-02,2.946933172643184662e-02,-1.799385100603103638e-01,0.000000000000000000e+00,0.000000000000000000e+00,7.359796166419982910e-01,-1.274105505147252515e+00,7.420850396156311035e-01,-4.860396031290292740e-03,-6.678051948547363281e-01,1.269285426535878614e+00,3.576363027095794678e-01,8.552740216255187988e-01,-3.609327673912048340e-01,-3.006555140018463135e-02,1.000000000000000000e+00,4.856866598129272461e-01,-2.359520196914672852e-01,3.035680949687957764e-01,1.178818717598915100e-01,2.595253586769104004e-01,-3.028815686702728271e-01,6.234622001647949219e-01,-2.741436958312988281e-01,-1.883742809295654297e-01
-5.261892989834752177e-01,2.010891356456159240e+00,4.940396585578870070e-01,9.855669736862182617e-01,2.237298898398876190e-02,2.452904358506202698e-02,-1.659986376762390137e-01,0.000000000000000000e+00,0.000000000000000000e+00,7.494485974311828613e-01,-1.333157957592282727e+00,6.844756603240966797e-01,-1.809930428862571716e-02,-7.142509818077087402e-01,1.249951855340276197e+00,3.464761376380920410e-01,8.806558251380920410e-01,-4.700793325901031494e-01,-5.419408529996871948e-02,9.573809504508972168e-01,5.307385325431823730e-01,3.044584207236766815e-02,1.704084575176239014e-01,9.588529169559478760e-02,2.168190926313400269e-01,-3.187989294528961182e-01,6.085752248764038086e-01,-5.046197175979614258e-01,-2.572624683380126953e-01
-5.449315266958391080e-01,2.048343094671615461e+00,4.920823971844381917e-01,9.900759458541870117e-01,5.907900631427764893e-04,2.443692833185195923e-02,-1.383914947509765625e-01,0.000000000000000000e+00,0.000000000000000000e+00,7.449246644973754883e-01,-1.364510060348782972e+00,6.118159890174865723e-01,-2.742330916225910187e-02,-7.438350319862365723e-01,1.212001607814107373e+00,3.114046156406402588e-01,9.018387794494628906e-01,-6.613771319389343262e-01,-1.063610315322875977e-01,5.880777835845947266e-01,6.415600180625915527e-01,2.649147510528564453e-01,-2.427026480436325073e-01,6.882735341787338257e-02,2.013960927724838257e-01,-3.815151453018188477e-01,5.533831119537353516e-01,-6.094555854797363281e-01,-2.333172559738159180e-01
-5.620001528999118978e-01,2.083354660522456214e+00,4.934215607223185751e-01,9.936270117759704590e-01,-1.096663437783718109e-02,2.276076190173625946e-02,-1.098498851060867310e-01,0.000000000000000000e+00,0.000000000000000000e+00,7.013373374938964844e-01,-1.349763990440640882e+00,5.558146834373474121e-01,-4.470396786928176880e-02,-7.436866760253906250e-01,1.159752861657414869e+00,2.991147637367248535e-01,9.194851517677307129e-01,-7.249128818511962891e-01,-1.455981191247701645e-02,5.417841076850891113e-01,8.802762031555175781e-01,1.321663558483123779e-01,-2.530139386653900146e-01,1.565717160701751709e-02,1.547009199857711792e-01,-4.319588840007781982e-01,5.902643203735351562e-01,-6.538218259811401367e-01,-2.013844549655914307e-01
-5.773682315692757472e-01,2.114553425914109219e+00,4.989032710087720757e-01,9.960862994194030762e-01,-1.688812859356403351e-02,2.236416190862655640e-02,-8.382586389780044556e-02,0.000000000000000000e+00,0.000000000000000000e+00,6.185332536697387695e-01,-1.293478087582860425e+00,5.211358070373535156e-01,-7.931167632341384888e-02,-6.986126303672790527e-01,1.093108729520116285e+00,3.295139372348785400e-01,9.147275686264038086e-01,-7.531730532646179199e-01,1.281534433364868164e-01,5.228924751281738281e-01,1.110994219779968262e+00,-5.532843619585037231e-02,-2.174614667892456055e-01,-3.086343035101890564e-02,8.750837296247482300e-02,-4.732689559459686279e-01,6.240411400794982910e-01,-6.472195386886596680e-01,-1.527926772832870483e-01
-5.901257841815852334e-01,2.145374531742900270e+00,5.069058671811915717e-01,9.979392886161804199e-01,-9.603413753211498260e-03,2.670891769230365753e-02,-5.754621699452400208e-02,0.000000000000000000e+00,0.000000000000000000e+00,5.037515163421630859e-01,-1.209091738858495191e+00,4.971252381801605225e-01,-1.288523226976394653e-01,-6.133558154106140137e-01,1.034137920537267163e+00,4.236152172088623047e-01,8.702634572982788086e-01,-7.319572567939758301e-01,3.003919422626495361e-01,5.714161992073059082e-01,1.261175036430358887e+00,-1.839932799339294434e-01,-8.029720932245254517e-02,-9.516351670026779175e-02,-1.613792218267917633e-02,-4.946026504039764404e-01,6.771659851074218750e-01,-6.082080006599426270e-01,-8.554396778345108032e-02
-6.008942301164973410e-01,2.176770762930614556e+00,5.143594536350832858e-01,9.988583922386169434e-01,-8.362685912288725376e-04,3.203868865966796875e-02,-3.542183712124824524e-02,0.000000000000000000e+00,0.000000000000000000e+00,3.770357370376586914e-01,-1.117491708197865918e+00,4.750294089317321777e-01,-1.678765416145324707e-01,-5.067625641822814941e-01,9.865769902851919682e-01,5.641283988952636719e-01,8.116813898086547852e-01,-6.894056797027587891e-01,4.559106230735778809e-01,6.025472283363342285e-01,1.319754600524902344e+00,-2.805895507335662842e-01,7.397818565368652344e-02,-1.593926548957824707e-01,-1.244053617119789124e-01,-4.943793416023254395e-01,7.282037734985351562e-01,-5.449023842811584473e-01,-8.797023445367813110e-03
-6.105754931519429274e-01,2.208541166059898586e+00,5.190435366279849694e-01,9.993424415588378906e-01,2.473938744515180588e-03,3.344437107443809509e-02,-1.378695759922266006e-02,0.000000000000000000e+00,0.000000000000000000e+00,2.528377175331115723e-01,-1.030246094861302808e+00,4.566095471382141113e-01,-1.789628863334655762e-01,-3.853747546672821045e-01,9.426995078709463627e-01,7.136319279670715332e-01,7.654072642326354980e-01,-6.555016040802001953e-01,5.544974207878112793e-01,5.667598247528076172e-01,1.273669958114624023e+00,-3.301938474178314209e-01,1.305974423885345459e-01,-2.044061422348022461e-01,-2.171840220689773560e-01,-4.758093953132629395e-01,7.704038023948669434e-01,-4.828712344169616699e-01,6.669731438159942627e-02
-6.191781677832507436e-01,2.239895545792097931e+00,5.200240149236086129e-01,9.994606375694274902e-01,-1.954952254891395569e-03,3.133114054799079895e-02,9.642956778407096863e-03,0.000000000000000000e+00,0.000000000000000000e+00,1.382669061422348022e-01,-9.502739469197134525e-01,4.258277118206024170e-01,-1.641176193952560425e-01,-2.493689060211181641e-01,8.962676088002066166e-01,8.338192701339721680e-01,7.306710481643676758e-01,-6.413515806198120117e-01,6.208121180534362793e-01,4.844894111156463623e-01,1.147397041320800781e+00,-3.405867218971252441e-01,1.281598061323165894e-01,-2.259423136711120605e-01,-2.855448126792907715e-01,-4.469745755195617676e-01,7.963371276855468750e-01,-4.322266280651092529e-01,1.487698704004287720e-01
-6.266566242985051050e-01,2.272898407855419300e+00,5.174061814695596340e-01,9.988878965377807617e-01,-1.172059960663318634e-02,2.894515357911586761e-02,3.532401844859123230e-02,0.000000000000000000e+00,0.000000000000000000e+00,2.621139027178287506e-02,-8.743650476124624760e-01,3.759104907512664795e-01,-1.472505629062652588e-01,-9.900278598070144653e-02,8.414909998562674076e-01,8.958051204681396484e-01,6.943462491035461426e-01,-6.341869235038757324e-01,6.809004545211791992e-01,3.946294486522674561e-01,9.789848327636718750e-01,-3.538536131381988525e-01,1.171620339155197144e-01,-2.267409414052963257e-01,-3.389105200767517090e-01,-4.345503747463226318e-01,7.994954586029052734e-01,-3.957115113735198975e-01,2.192495018243789673e-01
-6.332102799009192706e-01,2.307896355375496977e+00,5.112311818932342433e-01,9.973872900009155273e-01,-2.657741494476795197e-02,2.604846656322479248e-02,6.191682070493698120e-02,0.000000000000000000e+00,0.000000000000000000e+00,-8.265832811594009399e-02,-8.014719645169119389e-01,3.246654868125915527e-01,-1.529644578695297241e-01,6.905064731836318970e-02,7.757745544102530033e-01,8.970517516136169434e-01,6.561347842216491699e-01,-6.201930046081542969e-01,7.395462989807128906e-01,3.189007043838500977e-01,8.001919984817504883e-01,-3.850747644901275635e-01,9.669616818428039551e-02,-2.073638886213302612e-01,-3.802806138992309570e-01,-4.367015361785888672e-01,7.774865031242370605e-01,-3.624159395694732666e-01,2.558721899986267090e-01
-6.397340000872359100e-01,2.344523022039370019e+00,5.036941416441189645e-01,9.949675798416137695e-01,-4.773719236254692078e-02,2.567359060049057007e-02,8.427107334136962891e-02,0.000000000000000000e+00,0.000000000000000000e+00,-1.634255051612854004e-01,-7.398498813298086674e-01,2.880949676036834717e-01,-1.591510027647018433e-01,2.467370629310607910e-01,7.114747921612600834e-01,8.549910783767700195e-01,6.016761660575866699e-01,-5.974330902099609375e-01,8.017559051513671875e-01,2.723473310470581055e-01,6.585996150970458984e-01,-3.978297412395477295e-01,5.605903267860412598e-02,-1.604876220226287842e-01,-3.957649171352386475e-01,-4.450267851352691650e-01,6.869533061981201172e-01,-3.138242363929748535e-01,2.746140062808990479e-01
-6.476670929496035622e-01,2.383854089900098838e+00,4.994900632913064631e-01,9.930633902549743652e-01,-6.879916787147521973e-02,3.940949961543083191e-02,8.682538568973541260e-02,0.000000000000000000e+00,0.000000000000000000e+00,-2.191612720489501953e-01,-7.025436321881155521e-01,2.677154242992401123e-01,-1.516262590885162354e-01,3.751638829708099365e-01,6.446852246907095463e-01,8.049272894859313965e-01,5.406016111373901367e-01,-5.917913913726806641e-01,8.410632014274597168e-01,2.700587809085845947e-01,6.227281093597412109e-01,-4.036675691604614258e-01,1.345010939985513687e-02,-1.393402516841888428e-01,-3.925655484199523926e-01,-4.416142702102661133e-01,5.074090361595153809e-01,-1.803325563669204712e-01,2.739640474319458008e-01
-6.593654466713919637e-01,2.423472305247277969e+00,5.005715165272204281e-01,9.926931858062744141e-01,-4.992513731122016907e-02,7.340142875909805298e-02,8.173099160194396973e-02,0.000000000000000000e+00,0.000000000000000000e+00,-2.435719668865203857e-01,-6.867780248310904057e-01,2.506006360054016113e-01,-1.473170816898345947e-01,4.202607274055480957e-01,6.094393889096121342e-01,7.492281794548034668e-01,5.142002701759338379e-01,-5.923507809638977051e-01,7.640386223793029785e-01,3.959965407848358154e-01,6.471210122108459473e-01,-2.942212224006652832e-01,-1.379588153213262558e-02,-1.708621084690093994e-01,-4.814677238464355469e-01,-3.788600564002990723e-01,3.183018267154693604e-01,3.565289452672004700e-02,2.764014005661010742e-01
-6.743912817417371253e-01,2.467759449042455255e+00,5.018532173523697626e-01,9.933777451515197754e-01,-1.592957228422164917e-02,9.545029699802398682e-02,6.193625554442405701e-02,0.000000000000000000e+00,0.000000000000000000e+00,-1.926829814910888672e-01,-6.891760985043386967e-01,2.609670758247375488e-01,-1.297963857650756836e-01,3.877876400947570801e-01,5.651988546040396244e-01,6.715753674507141113e-01,5.326734185218811035e-01,-5.796774029731750488e-01,6.522956490516662598e-01,5.267068743705749512e-01,7.056313157081604004e-01,-1.489331722259521484e-01,-7.495943456888198853e-02,-3.284637928009033203e-01,-6.000270843505859375e-01,-1.581084132194519043e-01,3.153651654720306396e-01,2.049743682146072388e-01,2.516964077949523926e-01
-6.891917915649787840e-01,2.510896176042580752e+00,5.059286273910541532e-01,9.949411153793334961e-01,-3.492406755685806274e-02,9.128265082836151123e-02,2.323619835078716278e-02,0.000000000000000000e+00,0.000000000000000000e+00,-1.070020571351051331e-01,-7.004904905941824467e-01,3.174481987953186035e-01,-1.096404269337654114e-01,2.594580054283142090e-01,5.372812310841421635e-01,6.050377488136291504e-01,5.986019372940063477e-01,-5.996987223625183105e-01,6.906247138977050781e-01,5.650368332862854004e-01,8.505739569664001465e-01,-2.408280372619628906e-01,-3.491783142089843750e-02,-3.293516337871551514e-01,-5.312793254852294922e-01,-1.683557778596878052e-01,3.134745359420776367e-01,1.563282907009124756e-01,2.594951987266540527e-01
-7.015736360215779621e-01,2.552313173590886386e+00,5.117734239656817063e-01,9.962180852890014648e-01,-3.443284705281257629e-02,7.971167564392089844e-02,-3.161827102303504944e-03,0.000000000000000000e+00,0.000000000000000000e+00,-1.836635544896125793e-02,-7.365448633816580326e-01,4.069381952285766602e-01,-1.097941100597381592e-01,1.058642417192459106e-01,5.616827766087393314e-01,5.611279606819152832e-01,6.599909663200378418e-01,-5.242800116539001465e-01,6.439679861068725586e-01,6.658529639244079590e-01,8.679134249687194824e-01,-3.165240585803985596e-01,5.758480634540319443e-03,-3.633425533771514893e-01,-5.860623717308044434e-01,-3.117049038410186768e-01,6.206493377685546875e-01,-5.627507343888282776e-02,1.602669805288314819e-01
-7.108054526225484615e-01,2.591664336793350287e+00,5.181869934461634797e-01,9.971218109130859375e-01,-2.859886921942234039e-02,6.743141263723373413e-02,-1.957549154758453369e-02,0.000000000000000000e+00,0.000000000000000000e+00,8.221983909606933594e-02,-7.973053614285330326e-01,5.237953066825866699e-01,-1.283588707447052002e-01,-3.635836020112037659e-02,6.481525460865835697e-01,5.263823866844177246e-01,6.858259439468383789e-01,-4.432463049888610840e-01,5.533997416496276855e-01,7.693979740142822266e-01,8.232343792915344238e-01,-3.641844987869262695e-01,4.217870533466339111e-02,-3.373936414718627930e-01,-6.348398923873901367e-01,-4.191776216030120850e-01,9.725590348243713379e-01,-2.616807520389556885e-01,-1.071694027632474899e-02
-7.175136430636800400e-01,2.627494663262006203e+00,5.243267016165484851e-01,9.973691701889038086e-01,-2.714128606021404266e-02,5.853305384516716003e-02,-3.304477781057357788e-02,0.000000000000000000e+00,0.000000000000000000e+00,1.893145442008972168e-01,-8.680969635632376225e-01,6.317695379257202148e-01,-1.390093863010406494e-01,-1.576827019453048706e-01,7.747951904919485600e-01,5.015161037445068359e-01,6.916679739952087402e-01,-3.878629207611083984e-01,4.642083644866943359e-01,8.441152572631835938e-01,7.578333020210266113e-01,-3.848082721233367920e-01,7.863308489322662354e-02,-2.710290551185607910e-01,-5.146414041519165039e-01,-4.309633970260620117e-01,1.163437128067016602e+00,-3.149065971374511719e-01,-1.898111216723918915e-02
-7.230903495110646562e-01,2.660973668670413517e+00,5.271017686638868049e-01,9.973789453506469727e-01,-2.805769443511962891e-02,5.079206079244613647e-02,-4.322211444377899170e-02,0.000000000000000000e+00,0.000000000000000000e+00,3.067520558834075928e-01,-9.277590672161917240e-01,7.072169184684753418e-01,-1.317830681800842285e-01,-2.620656192302703857e-01,9.061023155835012943e-01,4.778657853603363037e-01,6.896969676017761230e-01,-3.544667065143585205e-01,3.756671249866485596e-01,8.853107094764709473e-01,6.887406706809997559e-01,-3.931373655796051025e-01,1.148591712117195129e-01,-2.118170708417892456e-01,-2.639500796794891357e-01,-3.775465488433837891e-01,1.190565705299377441e+00,-2.581462562084197998e-01,9.271875768899917603e-02
-7.289958888232105361e-01,2.691951385302977062e+00,5.266621623037740507e-01,9.973296523094177246e-01,-2.550028823316097260e-02,4.467167332768440247e-02,-5.184376984834671021e-02,0.000000000000000000e+00,0.000000000000000000e+00,4.300235211849212646e-01,-9.645493189480642826e-01,7.420217990875244141e-01,-9.596405178308486938e-02,-3.529051542282104492e-01,1.010763184228215650e+00,4.495803415775299072e-01,6.935204267501831055e-01,-3.327970206737518311e-01,2.809760272502899170e-01,9.180707335472106934e-01,6.227225661277770996e-01,-3.899152874946594238e-01,1.544259041547775269e-01,-1.514218449592590332e-01,2.686792053282260895e-02,-2.960106432437896729e-01,1.093441367149353027e+00,-1.590943038463592529e-01,2.196531444787979126e-01
-7.363420648451405315e-01,2.721761080956820233e+00,5.231671090559525394e-01,9.968580007553100586e-01,-2.214510925114154816e-02,4.167707636952400208e-02,-6.361363083124160767e-02,0.000000000000000000e+00,0.000000000000000000e+00,5.433848500251770020e-01,-9.895298043873648197e-01,7.576614022254943848e-01,-3.845759853720664978e-02,-4.513819515705108643e-01,1.089532540240560010e+00,4.191375374794006348e-01,7.077594995498657227e-01,-3.342973589897155762e-01,1.987569779157638550e-01,9.463208913803100586e-01,5.846645832061767578e-01,-3.824175596237182617e-01,1.945389211177825928e-01,-7.484463602304458618e-02,2.603375315666198730e-01,-2.636876702308654785e-01,9.062219262123107910e-01,-5.439986288547515869e-02,2.420719563961029053e-01
-7.458090467675767554e-01,2.752940249238351456e+00,5.184078761280486169e-01,9.962658286094665527e-01,-1.097010914236307144e-02,4.153066128492355347e-02,-7.489491999149322510e-02,0.000000000000000000e+00,0.000000000000000000e+00,6.308444142341613770e-01,-1.007529393830571607e+00,7.796167731285095215e-01,0.000000000000000000e+00,-5.497348308563232422e-01,1.146254674592290357e+00,4.042529463768005371e-01,7.305424213409423828e-01,-3.536661863327026367e-01,1.014765501022338867e-01,9.745906591415405273e-01,5.413116812705993652e-01,-3.399594128131866455e-01,2.347773313522338867e-01,5.334440618753433228e-03,3.765016794204711914e-01,-2.713259160518646240e-01,6.753413677215576172e-01,4.847126081585884094e-02,2.102397978305816650e-01
-7.575326027051366706e-01,2.787552731566958819e+00,5.123647833713377286e-01,9.957227706909179688e-01,3.207369474694132805e-03,3.751739859580993652e-02,-8.437029272317886353e-02,0.000000000000000000e+00,0.000000000000000000e+00,6.865878105163574219e-01,-1.030322448411260083e+00,8.068744540214538574e-01,0.000000000000000000e+00,-6.324195861816406250e-01,1.176578776040349439e+00,3.993020951747894287e-01,7.584812045097351074e-01,-3.732301890850067139e-01,1.053436473011970520e-02,9.918425083160400391e-01,5.194171071052551270e-01,-2.535805702209472656e-01,2.631844282150268555e-01,5.709084495902061462e-02,3.628737628459930420e-01,-3.313668370246887207e-01,5.500471591949462891e-01,5.914681032299995422e-02,4.102677479386329651e-02
-7.717554544920872672e-01,2.825126038296053910e+00,5.045084181774144305e-01,9.954863786697387695e-01,1.256474945694208145e-02,2.844099141657352448e-02,-8.966701477766036987e-02,0.000000000000000000e+00,0.000000000000000000e+00,7.077871561050415039e-01,-1.060093478360448316e+00,8.328627943992614746e-01,0.000000000000000000e+00,-6.790775060653686523e-01,1.175615058341298536e+00,3.856188356876373291e-01,7.805383801460266113e-01,-4.151117801666259766e-01,-3.479930758476257324e-02,9.721150994300842285e-01,5.711816549301147461e-01,-1.217082664370536804e-01,2.263611555099487305e-01,7.517458498477935791e-02,2.993566691875457764e-01,-3.943201899528503418e-01,5.652788877487182617e-01,-1.940042227506637573e-01,-2.124327272176742554e-01
-7.881011051059972905e-01,2.862850143126767222e+00,4.969314778799360233e-01,9.967976212501525879e-01,9.505773894488811493e-03,1.588713377714157104e-02,-7.779300212860107422e-02,0.000000000000000000e+00,0.000000000000000000e+00,7.136278748512268066e-01,-1.094682202735219434e+00,8.486319780349731445e-01,0.000000000000000000e+00,-6.834194660186767578e-01,1.149304912486348584e+00,3.556875586509704590e-01,7.828587889671325684e-01,-5.089513063430786133e-01,-6.981612741947174072e-02,8.286121487617492676e-01,6.532736420631408691e-01,7.399763911962509155e-02,-4.535583779215812683e-03,8.415637165307998657e-02,2.580834329128265381e-01,-4.123881161212921143e-01,5.608003735542297363e-01,-4.340336322784423828e-01,-2.879108488559722900e-01
-8.049585226253427317e-01,2.899230351219273416e+00,4.912447452846199769e-01,9.987938404083251953e-01,-7.432437851093709469e-04,4.302563611418008804e-03,-4.890611395239830017e-02,0.000000000000000000e+00,0.000000000000000000e+00,7.140317559242248535e-01,-1.119450883069310620e+00,8.375216722488403320e-01,0.000000000000000000e+00,-6.436913609504699707e-01,1.103792057433400586e+00,3.060604035854339600e-01,7.798045873641967773e-01,-5.946642756462097168e-01,-1.146337613463401794e-01,6.522176861763000488e-01,7.558280825614929199e-01,1.744677424430847168e-01,-2.459512799978256226e-01,8.165279775857925415e-02,2.145119011402130127e-01,-4.643484950065612793e-01,5.537149906158447266e-01,-5.910944938659667969e-01,-2.671042382717132568e-01
-8.200042869602188755e-01,2.932388993700345559e+00,4.895006440030504891e-01,9.996762275695800781e-01,-1.159172691404819489e-02,-4.485041834414005280e-03,-2.220170386135578156e-02,0.000000000000000000e+00,0.000000000000000000e+00,6.893864274024963379e-01,-1.128257737555776075e+00,8.042113184928894043e-01,0.000000000000000000e+00,-5.719177126884460449e-01,1.046178595223699048e+00,2.840521633625030518e-01,7.886645793914794922e-01,-6.039374470710754395e-01,3.595911338925361633e-02,6.774215698242187500e-01,1.000267267227172852e+00,2.823402173817157745e-02,-2.422175258398056030e-01,6.689288467168807983e-02,1.610208153724670410e-01,-5.238128900527954102e-01,5.862380862236022949e-01,-6.750746369361877441e-01,-2.366195470094680786e-01
-8.327938924729824111e-01,2.960657658974329642e+00,4.931698291997114736e-01,9.995445013046264648e-01,-2.758717723190784454e-02,-1.092600822448730469e-02,-5.506107583642005920e-03,0.000000000000000000e+00,0.000000000000000000e+00,6.362544894218444824e-01,-1.122186617055211499e+00,7.628493309020996094e-01,0.000000000000000000e+00,-4.692831039428710938e-01,9.901074926045279057e-01,2.971326112747192383e-01,7.851281762123107910e-01,-5.857833623886108398e-01,2.471128404140472412e-01,6.871031522750854492e-01,1.207746028900146484e+00,-1.513915807008743286e-01,-2.136370986700057983e-01,3.522710874676704407e-02,1.129075810313224792e-01,-5.540641546249389648e-01,6.473248004913330078e-01,-6.657275557518005371e-01,-2.033104151487350464e-01
-8.430081387767286438e-01,2.987781388001008231e+00,4.995028927553482601e-01,9.995223879814147949e-01,-2.563623711466789246e-02,-1.260158792138099670e-02,1.179197710007429123e-02,0.000000000000000000e+00,0.000000000000000000e+00,5.589365363121032715e-01,-1.106991277137074903e+00,7.278921008110046387e-01,0.000000000000000000e+00,-3.417463898658752441e-01,9.503790299084524662e-01,3.600081205368041992e-01,7.605487108230590820e-01,-5.421968102455139160e-01,4.122427403926849365e-01,6.967760920524597168e-01,1.302533745765686035e+00,-2.494058161973953247e-01,-1.206293702125549316e-01,-9.911072440445423126e-03,2.162142470479011536e-02,-5.588494539260864258e-01,7.165617942810058594e-01,-6.441177129745483398e-01,-1.421192139387130737e-01
-8.515142810329644485e-01,3.015050268504354758e+00,5.052958317228940510e-01,9.993236064910888672e-01,-1.690942049026489258e-02,-1.000706385821104050e-02,3.108624555170536041e-02,0.000000000000000000e+00,0.000000000000000000e+00,4.668083488941192627e-01,-1.085918323197637037e+00,7.002591490745544434e-01,0.000000000000000000e+00,-1.998613029718399048e-01,9.238755861904959232e-01,4.469694793224334717e-01,7.174987196922302246e-01,-4.989919066429138184e-01,5.470130443572998047e-01,6.999812126159667969e-01,1.321542978286743164e+00,-3.096260726451873779e-01,1.505935471504926682e-02,-5.382554978132247925e-02,-8.218988776206970215e-02,-5.513466000556945801e-01,7.722834348678588867e-01,-6.174595952033996582e-01,-6.603298336267471313e-02
-8.602360745391460783e-01,3.043262135374425803e+00,5.090725103901191373e-01,9.987479448318481445e-01,-1.004651561379432678e-02,-4.380772821605205536e-03,4.881001263856887817e-02,0.000000000000000000e+00,0.000000000000000000e+00,3.755325376987457275e-01,-1.062131301560674146e+00,6.672887802124023438e-01,0.000000000000000000e+00,-5.231776833534240723e-02,8.985217372563223392e-01,5.129892230033874512e-01,6.564872264862060547e-01,-4.928370416164398193e-01,6.412664651870727539e-01,6.476163268089294434e-01,1.268831729888916016e+00,-3.263506591320037842e-01,1.021789982914924622e-01,-9.101466089487075806e-02,-1.798639297485351562e-01,-5.447998642921447754e-01,8.102877140045166016e-01,-5.916742682456970215e-01,1.558708678930997849e-02
-8.688583047612749022e-01,3.072202749017513224e+00,5.102816354769348361e-01,9.978554844856262207e-01,-9.888886474072933197e-03,3.352675354108214378e-03,6.461712718009948730e-02,0.000000000000000000e+00,0.000000000000000000e+00,2.871964871883392334e-01,-1.033312694230351880e+00,6.219232678413391113e-01,0.000000000000000000e+00,9.507347643375396729e-02,8.678022185948233158e-01,5.462446212768554688e-01,5.908867120742797852e-01,-5.201691389083862305e-01,6.985998749732971191e-01,5.484893918037414551e-01,1.148366332054138184e+00,-2.900306284427642822e-01,1.266460269689559937e-01,-1.239050552248954773e-01,-2.612191736698150635e-01,-5.426717400550842285e-01,8.341939449310302734e-01,-5.634652376174926758e-01,9.276086091995239258e-02
-8.769648652636643504e-01,3.101545933804126687e+00,5.090282508151399155e-01,9.966884851455688477e-01,-1.431446149945259094e-02,1.238662842661142349e-02,7.908049225807189941e-02,0.000000000000000000e+00,0.000000000000000000e+00,1.994445025920867920e-01,-9.980374733593802006e-01,5.710433125495910645e-01,-2.296517975628376007e-02,2.326723486185073853e-01,8.312868634846548588e-01,5.533736944198608398e-01,5.344436764717102051e-01,-5.550113320350646973e-01,7.148622274398803711e-01,4.187271893024444580e-01,9.663105010986328125e-01,-2.228131443262100220e-01,1.067610904574394226e-01,-1.547062546014785767e-01,-3.325749933719635010e-01,-5.381544828414916992e-01,8.486503362655639648e-01,-5.296030640602111816e-01,1.644007563591003418e-01
-8.849694543625369336e-01,3.132603699649223028e+00,5.060312631033887509e-01,9.954055547714233398e-01,-1.952471956610679626e-02,2.073628455400466919e-02,9.141459316015243530e-02,0.000000000000000000e+00,0.000000000000000000e+00,1.179081350564956665e-01,-9.637478152897696049e-01,5.242654681205749512e-01,-4.976386949419975281e-02,3.502413034439086914e-01,7.890574494984488041e-01,5.511987805366516113e-01,4.884060621261596680e-01,-5.581929087638854980e-01,7.058372497558593750e-01,2.995270788669586182e-01,7.580664753913879395e-01,-1.898768991231918335e-01,6.016218662261962891e-02,-1.846597343683242798e-01,-4.001252949237823486e-01,-5.169431567192077637e-01,8.545360565185546875e-01,-4.845452904701232910e-01,2.231012582778930664e-01
-8.929533668494585852e-01,3.165254478039163377e+00,5.026122316958928637e-01,9.943950176239013672e-01,-2.671588584780693054e-02,2.837373875081539154e-02,9.828381985425949097e-02,0.000000000000000000e+00,0.000000000000000000e+00,5.352795496582984924e-02,-9.464517394688467533e-01,4.854440093040466309e-01,-7.107397168874740601e-02,4.369209110736846924e-01,7.397884289410452396e-01,5.478659272193908691e-01,4.427532851696014404e-01,-5.335792899131774902e-01,7.372366189956665039e-01,2.768776714801788330e-01,6.126994490623474121e-01,-2.530343830585479736e-01,4.644692689180374146e-02,-2.079810351133346558e-01,-4.574421346187591553e-01,-4.892022609710693359e-01,8.229444026947021484e-01,-4.098763465881347656e-01,2.597841620445251465e-01
-9.020937579493931713e-01,3.202391001720620967e+00,5.005192437271277495e-01,9.938920140266418457e-01,-3.281955793499946594e-02,3.750604018568992615e-02,9.846226125955581665e-02,0.000000000000000000e+00,0.000000000000000000e+00,6.197195500135421753e-03,-9.531390229847769291e-01,4.594918191432952881e-01,-8.994589745998382568e-02,4.813943803310394287e-01,6.905591646817068607e-01,5.452679991722106934e-01,3.907086849212646484e-01,-5.125032663345336914e-01,7.878718972206115723e-01,3.640192449092864990e-01,5.740580558776855469e-01,-3.436429798603057861e-01,7.106332480907440186e-02,-2.145794034004211426e-01,-5.070856809616088867e-01,-4.778720438480377197e-01,7.248804569244384766e-01,-2.888074219226837158e-01,2.773997187614440918e-01
-9.115560066715033827e-01,3.241899107881266673e+00,5.007144259616280735e-01,9.930783510208129883e-01,-1.933889277279376984e-02,5.617342516779899597e-02,1.013208329677581787e-01,0.000000000000000000e+00,0.000000000000000000e+00,-3.917534276843070984e-02,-9.719589511540274174e-01,4.305714964866638184e-01,-1.241361871361732483e-01,4.928791224956512451e-01,6.568982760098318607e-01,5.374968647956848145e-01,3.685631752014160156e-01,-4.655812680721282959e-01,7.234948873519897461e-01,4.997170567512512207e-01,5.417744517326354980e-01,-2.474579662084579468e-01,3.912229556590318680e-03,-2.216887623071670532e-01,-5.954155325889587402e-01,-4.514843523502349854e-01,5.821078419685363770e-01,-1.356421113014221191e-01,2.802978754043579102e-01
-9.249026351279080460e-01,3.287160792712009449e+00,5.008658053334613669e-01,9.928317070007324219e-01,-6.326118018478155136e-03,6.768921762704849243e-02,9.830209612846374512e-02,0.000000000000000000e+00,0.000000000000000000e+00,-4.822318255901336670e-02,-9.957474033024649174e-01,4.197289943695068359e-01,-1.463828086853027344e-01,4.602116942405700684e-01,6.221034089711050541e-01,5.158353447914123535e-01,3.601672649383544922e-01,-4.771297872066497803e-01,6.564371585845947266e-01,5.559853911399841309e-01,6.085616350173950195e-01,-5.573250725865364075e-02,-1.171771064400672913e-01,-2.686256766319274902e-01,-6.539832353591918945e-01,-3.332439064979553223e-01,4.863265454769134521e-01,-2.166936919093132019e-02,2.577069401741027832e-01
-9.389646411423731021e-01,3.328291473159886493e+00,5.038583504799941659e-01,9.944673776626586914e-01,-1.157075073570013046e-02,6.533966958522796631e-02,8.143357187509536743e-02,0.000000000000000000e+00,0.000000000000000000e+00,-3.657918423414230347e-02,-1.018067316212926343e+00,4.104906320571899414e-01,-1.439225822687149048e-01,3.580265641212463379e-01,6.009277860310415775e-01,5.152884125709533691e-01,3.851363360881805420e-01,-5.249370932579040527e-01,6.546259522438049316e-01,5.826716423034667969e-01,7.714107036590576172e-01,-1.531163603067398071e-01,-6.460783630609512329e-02,-2.745154500007629395e-01,-6.336919665336608887e-01,-3.473957479000091553e-01,5.125582218170166016e-01,-6.291534006595611572e-02,2.435390353202819824e-01
-9.503772175146473211e-01,3.362108445679298452e+00,5.094764516705816426e-01,9.957326054573059082e-01,-1.009835023432970047e-02,5.841626599431037903e-02,7.072635740041732788e-02,0.000000000000000000e+00,0.000000000000000000e+00,-8.417520439252257347e-04,-1.039549485841069654e+00,4.286953806877136230e-01,-1.292023360729217529e-01,2.140586227178573608e-01,6.223068396237234623e-01,5.226394534111022949e-01,4.206316769123077393e-01,-4.824402034282684326e-01,6.033875942230224609e-01,6.571358442306518555e-01,7.977421283721923828e-01,-2.255047410726547241e-01,-2.577277459204196930e-02,-2.751836776733398438e-01,-6.890336275100708008e-01,-5.018270611763000488e-01,8.027853369712829590e-01,-2.453017979860305786e-01,9.242244064807891846e-02
-9.591953357993954210e-01,3.391195871571097697e+00,5.161162183034901929e-01,9.966371655464172363e-01,-9.623230434954166412e-03,5.460583791136741638e-02,6.033184751868247986e-02,0.000000000000000000e+00,0.000000000000000000e+00,6.080242618918418884e-02,-1.055085019269261792e+00,4.856407046318054199e-01,-1.100234985351562500e-01,5.106228962540626526e-02,6.917739073422293217e-01,5.239868760108947754e-01,4.510414004325866699e-01,-4.327806830406188965e-01,5.373609066009521484e-01,7.364974617958068848e-01,7.669921517372131348e-01,-2.670787870883941650e-01,7.084332872182130814e-03,-2.092046588659286499e-01,-6.660457253456115723e-01,-6.385250091552734375e-01,1.065602898597717285e+00,-3.901470303535461426e-01,-7.149499841034412384e-03
-9.660284162982545331e-01,3.417358013584156140e+00,5.232521405846181084e-01,9.973440170288085938e-01,-8.516963571310043335e-03,5.287849530577659607e-02,4.935831204056739807e-02,0.000000000000000000e+00,0.000000000000000000e+00,1.301826834678649902e-01,-1.061880306401524976e+00,5.630953907966613770e-01,-8.930131793022155762e-02,-1.062643602490425110e-01,7.943903366711477787e-01,5.212149620056152344e-01,4.774901866912841797e-01,-3.866953253746032715e-01,4.650886654853820801e-01,8.043646812438964844e-01,7.076571583747863770e-01,-2.838207185268402100e-01,4.295520856976509094e-02,-1.630047559738159180e-01,-5.224900841712951660e-01,-6.831798553466796875e-01,1.188116788864135742e+00,-4.192290604114532471e-01,1.431191223673522472e-03
-9.723346168660755851e-01,3.443317873562225184e+00,5.284272723517032810e-01,9.978930354118347168e-01,-5.401476286351680756e-03,5.199524387717247009e-02,3.842915222048759460e-02,0.000000000000000000e+00,0.000000000000000000e+00,2.061784118413925171e-01,-1.058895425000462964e+00,6.308420896530151367e-01,-6.800569593906402588e-02,-2.421522140502929688e-01,9.006129662182669193e-01,5.027517080307006836e-01,5.087055563926696777e-01,-3.506694138050079346e-01,3.838422894477844238e-01,8.542861938476562500e-01,6.387611031532287598e-01,-2.870034575462341309e-01,7.965163141489028931e-02,-1.512350440025329590e-01,-2.831870913505554199e-01,-6.281971931457519531e-01,1.141822338104248047e+00,-3.445388376712799072e-01,1.182717606425285339e-01
-9.794376558607275074e-01,3.469171776283871189e+00,5.310916489422923270e-01,9.982430338859558105e-01,-2.144820755347609520e-03,5.304972454905509949e-02,2.630652487277984619e-02,0.000000000000000000e+00,0.000000000000000000e+00,2.929595410823822021e-01,-1.047578410306249097e+00,6.571352481842041016e-01,-4.265674576163291931e-02,-3.553751111030578613e-01,9.873403469708303959e-01,4.626409411430358887e-01,5.411334633827209473e-01,-3.287267982959747314e-01,3.072299957275390625e-01,8.877304196357727051e-01,5.848683714866638184e-01,-2.852299213409423828e-01,1.128156259655952454e-01,-1.284367144107818604e-01,-1.340748183429241180e-02,-5.287643074989318848e-01,9.688739180564880371e-01,-2.254079282283782959e-01,2.320252060890197754e-01
-9.874397538015337039e-01,3.493964777823650447e+00,5.306472263432512326e-01,9.983084201812744141e-01,3.215271979570388794e-03,5.597658455371856689e-02,1.537750847637653351e-02,0.000000000000000000e+00,0.000000000000000000e+00,3.866758346557617188e-01,-1.037035421529088453e+00,6.475602984428405762e-01,-1.199619751423597336e-02,-4.540314376354217529e-01,1.056358293690953687e+00,3.980211317539215088e-01,5.660476684570312500e-01,-3.359804153442382812e-01,2.320522069931030273e-01,9.028283953666687012e-01,5.594698786735534668e-01,-2.896577119827270508e-01,1.474467515945434570e-01,-7.610533386468887329e-02,2.159930765628814697e-01,-4.244260489940643311e-01,7.248821854591369629e-01,-1.182100847363471985e-01,2.556472718715667725e-01
-9.964652194760061921e-01,3.520153824343825733e+00,5.277325298862927117e-01,9.978122115135192871e-01,2.679261378943920135e-02,5.925875529646873474e-02,1.188638340681791306e-02,0.000000000000000000e+00,0.000000000000000000e+00,4.738350510597229004e-01,-1.033825055756841138e+00,6.356787085533142090e-01,0.000000000000000000e+00,-5.435402393341064453e-01,1.108708397546086744e+00,3.241738379001617432e-01,5.830624103546142578e-01,-3.428499102592468262e-01,9.066592156887054443e-02,9.224183559417724609e-01,4.815009236335754395e-01,-2.576211094856262207e-01,1.892841607332229614e-01,-2.002328261733055115e-02,3.027059435844421387e-01,-3.219018280506134033e-01,5.052582621574401855e-01,-8.085901290178298950e-02,2.556763291358947754e-01
-1.007422578230951826e+00,3.550197522778703707e+00,5.230124496593319128e-01,9.970204830169677734e-01,4.942170530557632446e-02,5.723980441689491272e-02,1.521085761487483978e-02,0.000000000000000000e+00,0.000000000000000000e+00,5.418204665184020996e-01,-1.041732684769902662e+00,6.334144473075866699e-01,0.000000000000000000e+00,-6.242876052856445312e-01,1.135477648177419141e+00,2.354737371206283569e-01,6.084547638893127441e-01,-3.409400582313537598e-01,-4.808065295219421387e-02,9.206491708755493164e-01,4.137874841690063477e-01,-1.968709379434585571e-01,2.285237014293670654e-01,-1.386915706098079681e-02,2.404546588659286499e-01,-2.861985564231872559e-01,4.473974406719207764e-01,-1.109888255596160889e-01,1.947443783283233643e-01
-1.021224092150276430e+00,3.581985031860043467e+00,5.179210623225780630e-01,9.974746704101562500e-01,4.759256541728973389e-02,5.015907436609268188e-02,1.622928865253925323e-02,0.000000000000000000e+00,0.000000000000000000e+00,5.670441389083862305e-01,-1.067323044934544995e+00,6.427749991416931152e-01,0.000000000000000000e+00,-6.804298758506774902e-01,1.142090187468800977e+00,1.567580848932266235e-01,6.135356426239013672e-01,-4.002801477909088135e-01,-4.933048039674758911e-02,8.886644840240478516e-01,5.389041304588317871e-01,-1.524541825056076050e-01,2.231799215078353882e-01,-3.883906081318855286e-02,1.621132642030715942e-01,-3.638934195041656494e-01,5.556214451789855957e-01,-3.407219052314758301e-01,-1.827521026134490967e-01
-1.035002770453992582e+00,3.611687607717032567e+00,5.123315264111516498e-01,9.979823827743530273e-01,4.404264688491821289e-02,4.046383127570152283e-02,2.131012082099914551e-02,0.000000000000000000e+00,0.000000000000000000e+00,5.803605914115905762e-01,-1.108680562176976636e+00,6.406910419464111328e-01,0.000000000000000000e+00,-7.128421068191528320e-01,1.137687907614980176e+00,9.082709997892379761e-02,6.122832894325256348e-01,-4.791641235351562500e-01,-3.587045520544052124e-02,8.266786336898803711e-01,6.875759363174438477e-01,-5.230204015970230103e-02,1.241407617926597595e-01,-3.173815459012985229e-02,1.099467873573303223e-01,-3.985317349433898926e-01,5.591047406196594238e-01,-4.981515705585479736e-01,-2.474086880683898926e-01
-1.047466781607480968e+00,3.638047381603356722e+00,5.079329716519574989e-01,9.985101222991943359e-01,3.328678384423255920e-02,2.738282270729541779e-02,3.346217051148414612e-02,0.000000000000000000e+00,0.000000000000000000e+00,5.860224366188049316e-01,-1.149472461142812207e+00,6.261495947837829590e-01,0.000000000000000000e+00,-7.144196629524230957e-01,1.125509725013051465e+00,3.638983145356178284e-02,6.129398941993713379e-01,-5.649228096008300781e-01,-3.873621299862861633e-02,6.964845657348632812e-01,8.181403279304504395e-01,5.357571318745613098e-02,-1.361823529005050659e-01,-1.391099020838737488e-02,8.082811534404754639e-02,-4.238765239715576172e-01,5.477586388587951660e-01,-5.955781936645507812e-01,-2.282792478799819946e-01
-1.057997571062861075e+00,3.661412451339490559e+00,5.052895623084270316e-01,9.983558654785156250e-01,2.692593075335025787e-02,1.346311997622251511e-02,4.877761751413345337e-02,0.000000000000000000e+00,0.000000000000000000e+00,5.904909372329711914e-01,-1.191297099986348584e+00,6.049086451530456543e-01,0.000000000000000000e+00,-6.787613630294799805e-01,1.108450130620274976e+00,9.045924060046672821e-03,6.208888888359069824e-01,-6.046862006187438965e-01,-1.461439672857522964e-02,6.364737153053283691e-01,9.621827006340026855e-01,3.395150182768702507e-03,-2.438831776380538940e-01,-1.459519471973180771e-02,2.720914036035537720e-02,-4.480772912502288818e-01,5.989947915077209473e-01,-6.582141518592834473e-01,-1.815119832754135132e-01
-1.065679139999127223e+00,3.681998717291186551e+00,5.061990841184601519e-01,9.978113174438476562e-01,1.886556670069694519e-02,1.494207208452280611e-05,6.337659060955047607e-02,0.000000000000000000e+00,0.000000000000000000e+00,5.700363516807556152e-01,-1.219359831013951734e+00,5.851441621780395508e-01,0.000000000000000000e+00,-6.036692857742309570e-01,1.098687307038579419e+00,2.540120296180248260e-02,6.203793883323669434e-01,-5.725775957107543945e-01,1.355609744787216187e-01,6.727643609046936035e-01,1.128315925598144531e+00,-1.283831149339675903e-01,-2.488234937191009521e-01,-1.147615257650613785e-02,-2.232160046696662903e-02,-4.666966199874877930e-01,6.519029736518859863e-01,-6.651354432106018066e-01,-1.313825100660324097e-01
-1.070575926371596154e+00,3.700119733220398999e+00,5.091551753186216445e-01,9.965026974678039551e-01,1.503069885075092316e-02,-9.799969382584095001e-03,8.161102235317230225e-02,0.000000000000000000e+00,0.000000000000000000e+00,5.217449665069580078e-01,-1.230120466151509717e+00,5.885289311408996582e-01,-2.467405423521995544e-02,-4.903237819671630859e-01,1.105445996918950513e+00,9.718090295791625977e-02,5.919371843338012695e-01,-4.907759428024291992e-01,3.176987469196319580e-01,7.358791232109069824e-01,1.244802117347717285e+00,-2.274476438760757446e-01,-2.089543342590332031e-01,4.287866409868001938e-03,-6.901026517152786255e-02,-4.837883412837982178e-01,6.688786745071411133e-01,-6.528956294059753418e-01,-7.590757310390472412e-02
-1.074326946110737424e+00,3.717363197201430047e+00,5.125835485688664539e-01,9.944272637367248535e-01,1.613955758512020111e-02,-1.252197381108999252e-02,1.034268662333488464e-01,0.000000000000000000e+00,0.000000000000000000e+00,4.659399986267089844e-01,-1.229522512355122998e+00,6.091824769973754883e-01,-7.418321073055267334e-02,-3.593487739562988281e-01,1.136016056933675245e+00,2.145662307739257812e-01,5.288112163543701172e-01,-4.093038439750671387e-01,4.767709374427795410e-01,7.909234762191772461e-01,1.285866975784301758e+00,-2.882481515407562256e-01,-1.089462339878082275e-01,1.098984759300947189e-02,-1.240379959344863892e-01,-4.997000098228454590e-01,6.766571402549743652e-01,-6.371974349021911621e-01,-2.026733756065368652e-02
-1.078359881904390027e+00,3.735026504355247745e+00,5.151451233699164689e-01,9.922705292701721191e-01,1.684845797717571259e-02,-1.008893828839063644e-02,1.225298419594764709e-01,0.000000000000000000e+00,0.000000000000000000e+00,4.151577055454254150e-01,-1.224802420535359815e+00,6.369882822036743164e-01,-1.188767105340957642e-01,-2.342124730348587036e-01,1.178498790660176709e+00,3.579818904399871826e-01,4.457990825176239014e-01,-3.371084928512573242e-01,6.095557808876037598e-01,8.396325707435607910e-01,1.254508495330810547e+00,-3.326365947723388672e-01,1.105022267438471317e-03,7.769592106342315674e-03,-1.795231848955154419e-01,-5.131285190582275391e-01,6.802245378494262695e-01,-6.183802485466003418e-01,3.221661970019340515e-02
-1.082850692550642258e+00,3.752949224102376746e+00,5.169505486592198551e-01,9.906091690063476562e-01,1.464655529707670212e-02,-4.090325441211462021e-03,1.358756721019744873e-01,0.000000000000000000e+00,0.000000000000000000e+00,3.688685894012451172e-01,-1.220795349278722242e+00,6.638588309288024902e-01,-1.450947225093841553e-01,-1.281570345163345337e-01,1.213899568715367749e+00,5.176141858100891113e-01,3.647866249084472656e-01,-2.758789360523223877e-01,7.057001590728759766e-01,8.736867904663085938e-01,1.150398731231689453e+00,-3.396221101284027100e-01,7.306052744388580322e-02,-1.104937633499503136e-03,-2.283460348844528198e-01,-5.190059542655944824e-01,6.750055551528930664e-01,-5.982050895690917969e-01,7.937645912170410156e-02
-1.087715176906850489e+00,3.771790682944384354e+00,5.184742239712163414e-01,9.896996617317199707e-01,1.124229934066534042e-02,5.451472010463476181e-03,1.426130831241607666e-01,0.000000000000000000e+00,0.000000000000000000e+00,3.328806757926940918e-01,-1.220104680457387403e+00,6.832414269447326660e-01,-1.557442843914031982e-01,-4.228868335485458374e-02,1.225496963658605054e+00,6.723241806030273438e-01,3.095965087413787842e-01,-2.674081921577453613e-01,7.371050715446472168e-01,8.118492960929870605e-01,9.803532361984252930e-01,-2.636914551258087158e-01,7.867846637964248657e-02,-1.590149849653244019e-02,-2.757634520530700684e-01,-5.186263322830200195e-01,6.613520979881286621e-01,-5.790565013885498047e-01,1.182495132088661194e-01
-1.093729911980905856e+00,3.793722174251922485e+00,5.185077715665101783e-01,9.888492226600646973e-01,1.227977685630321503e-02,2.033617906272411346e-02,1.470131874084472656e-01,0.000000000000000000e+00,0.000000000000000000e+00,3.096958100795745850e-01,-1.221276448169026807e+00,6.889801025390625000e-01,-1.681561619043350220e-01,3.211322799324989319e-02,1.203501568236623243e+00,7.927904725074768066e-01,2.871540784835815430e-01,-2.964217066764831543e-01,6.891695857048034668e-01,6.602574586868286133e-01,7.751246094703674316e-01,-1.025918349623680115e-01,1.995630376040935516e-02,-5.161255225539207458e-02,-3.399039208889007568e-01,-5.084691047668457031e-01,6.686652898788452148e-01,-5.668734908103942871e-01,1.418524980545043945e-01
-1.100163576803123044e+00,3.816899576747056155e+00,5.164979882771619790e-01,9.883308410644531250e-01,1.900815032422542572e-02,3.946670144796371460e-02,1.458878666162490845e-01,0.000000000000000000e+00,0.000000000000000000e+00,2.967634797096252441e-01,-1.221684143939290479e+00,6.756581664085388184e-01,-1.774419993162155151e-01,1.011632010340690613e-01,1.149638013043675855e+00,8.730623722076416016e-01,3.020737469196319580e-01,-2.699008584022521973e-01,5.564076304435729980e-01,5.162976980209350586e-01,5.321497321128845215e-01,2.476621232926845551e-02,-2.511334419250488281e-01,-1.257577538490295410e-01,-4.243530631065368652e-01,-4.654329121112823486e-01,7.081679701805114746e-01,-5.556123852729797363e-01,1.568737626075744629e-01
-1.107020240265010669e+00,3.840618723083024211e+00,5.142909052689569327e-01,9.883102774620056152e-01,2.782134711742401123e-02,5.588175356388092041e-02,1.390899121761322021e-01,0.000000000000000000e+00,0.000000000000000000e+00,2.766087055206298828e-01,-1.229143069186482862e+00,6.475519537925720215e-01,-1.662668138742446899e-01,1.454885303974151611e-01,1.074763373532567456e+00,9.089263677597045898e-01,3.495176136493682861e-01,-2.455260008573532104e-01,4.685573279857635498e-01,5.443963408470153809e-01,4.906081259250640869e-01,-8.145526796579360962e-02,-2.870675325393676758e-01,-2.092007398605346680e-01,-5.106115341186523438e-01,-4.161951839923858643e-01,7.494640946388244629e-01,-5.384268760681152344e-01,1.355960518121719360e-01
-1.113767458849181935e+00,3.857526711111116668e+00,5.156043268401514501e-01,9.869566559791564941e-01,3.357659280300140381e-02,6.255643814802169800e-02,1.444851309061050415e-01,0.000000000000000000e+00,0.000000000000000000e+00,2.229267507791519165e-01,-1.220588699975285962e+00,6.699237823486328125e-01,-1.775273680686950684e-01,1.868558675050735474e-01,1.018995062508855298e+00,9.128472805023193359e-01,3.898344039916992188e-01,-2.989345192909240723e-01,4.174100458621978760e-01,5.317147970199584961e-01,5.541620850563049316e-01,-1.317300647497177124e-01,-2.694912850856781006e-01,-2.457757741212844849e-01,-5.683329701423645020e-01,-3.863509893417358398e-01,7.621375322341918945e-01,-5.489053130149841309e-01,6.963544338941574097e-02
-1.119285290927597876e+00,3.872281342106635993e+00,5.190668704752067208e-01,9.865058064460754395e-01,2.201841957867145538e-02,6.119327992200851440e-02,1.502559185028076172e-01,0.000000000000000000e+00,0.000000000000000000e+00,1.676230132579803467e-01,-1.208462194600377515e+00,7.141819000244140625e-01,-1.735062152147293091e-01,2.111469656229019165e-01,9.785527149823050053e-01,9.092580080032348633e-01,4.477367997169494629e-01,-3.226729929447174072e-01,4.075906872749328613e-01,5.166344642639160156e-01,5.858260393142700195e-01,-1.631057411432266235e-01,-2.658174932003021240e-01,-2.341827154159545898e-01,-5.590931773185729980e-01,-3.817992508411407471e-01,7.251121401786804199e-01,-5.502558946609497070e-01,2.137569524347782135e-02
-1.124288947981114228e+00,3.884807549173181496e+00,5.231430693806120580e-01,9.867808818817138672e-01,9.313062764704227448e-03,6.124980747699737549e-02,1.497505903244018555e-01,0.000000000000000000e+00,0.000000000000000000e+00,1.366862803697586060e-01,-1.198090688386235669e+00,7.427398562431335449e-01,-1.609457135200500488e-01,2.110677957534790039e-01,9.524604837086538822e-01,8.929106593132019043e-01,5.052013397216796875e-01,-3.375040590763092041e-01,4.089006781578063965e-01,5.172469019889831543e-01,6.041660308837890625e-01,-1.816821694374084473e-01,-2.551508545875549316e-01,-2.309626042842864990e-01,-5.306876301765441895e-01,-3.718137145042419434e-01,6.768093705177307129e-01,-5.245186686515808105e-01,-5.312692373991012573e-04
-1.129352808021234722e+00,3.896191477227692435e+00,5.273884179187242616e-01,9.872496724128723145e-01,-2.261955989524722099e-03,6.436363607645034790e-02,1.455685049295425415e-01,0.000000000000000000e+00,0.000000000000000000e+00,1.277853250503540039e-01,-1.184059069552693799e+00,7.386838197708129883e-01,-1.468511670827865601e-01,1.967860013246536255e-01,9.400996724751333744e-01,8.597642779350280762e-01,5.436364412307739258e-01,-3.482938706874847412e-01,4.148931503295898438e-01,5.295256972312927246e-01,6.102228760719299316e-01,-1.833315938711166382e-01,-2.407303601503372192e-01,-2.304454445838928223e-01,-4.962666332721710205e-01,-3.714435100555419922e-01,6.168655753135681152e-01,-4.691244363784790039e-01,9.710380807518959045e-03
-1.134544132315751241e+00,3.906664970047545982e+00,5.316219749753222645e-01,9.873979091644287109e-01,-1.197693217545747757e-02,6.944643706083297729e-02,1.417008936405181885e-01,0.000000000000000000e+00,0.000000000000000000e+00,1.289711296558380127e-01,-1.163157627978597120e+00,7.180551290512084961e-01,-1.362277567386627197e-01,1.785373836755752563e-01,9.413684169438223392e-01,8.140661716461181641e-01,5.580692887306213379e-01,-3.582802712917327881e-01,4.179322421550750732e-01,5.456450581550598145e-01,6.027132868766784668e-01,-1.731403619050979614e-01,-2.245398461818695068e-01,-2.329326570034027100e-01,-4.681193530559539795e-01,-3.871608376502990723e-01,5.691980123519897461e-01,-4.095190167427062988e-01,1.538615766912698746e-02
-1.139213143802351391e+00,3.915133578855582108e+00,5.352278017184951553e-01,9.870854616165161133e-01,-2.125043794512748718e-02,7.476821541786193848e-02,1.400726437568664551e-01,0.000000000000000000e+00,0.000000000000000000e+00,1.314774602651596069e-01,-1.135955260196004346e+00,6.994403004646301270e-01,-1.341501772403717041e-01,1.545540541410446167e-01,9.594014445927481205e-01,7.658165693283081055e-01,5.555019974708557129e-01,-3.670134246349334717e-01,4.185591936111450195e-01,5.586625337600708008e-01,5.850231647491455078e-01,-1.645812839269638062e-01,-2.071230560541152954e-01,-2.335912436246871948e-01,-4.328694641590118408e-01,-4.046648740768432617e-01,5.317937731742858887e-01,-3.426035344600677490e-01,3.525011613965034485e-02
-1.143031590886489202e+00,3.922262608932726380e+00,5.379394272737431093e-01,9.866484403610229492e-01,-2.953715622425079346e-02,7.896662503480911255e-02,1.393435895442962646e-01,0.000000000000000000e+00,0.000000000000000000e+00,1.371446996927261353e-01,-1.106864855685506299e+00,6.882447004318237305e-01,-1.354209333658218384e-01,1.210760325193405151e-01,9.852785627034048588e-01,7.222924232482910156e-01,5.514987111091613770e-01,-3.729321062564849854e-01,4.172156155109405518e-01,5.708467960357666016e-01,5.704697370529174805e-01,-1.650829762220382690e-01,-1.839920282363891602e-01,-2.342541366815567017e-01,-3.959104418754577637e-01,-4.204416871070861816e-01,5.132723450660705566e-01,-2.816684842109680176e-01,6.413383036851882935e-02
