2.438945436830787777e-03,5.315630568164656823e-04,5.460970149971920984e-01,9.999966621398925781e-01,-1.334240427240729332e-03,-2.218785695731639862e-03,-3.814733645413070917e-05,0.000000000000000000e+00,0.000000000000000000e+00,-6.760965287685394287e-02,-1.338079080977712110e+00,1.112058401107788086e+00,-7.593493461608886719e-01,-9.935078769922256470e-02,1.368904025354657605e+00,1.124270558357238770e+00,7.087804079055786133e-01,1.833439618349075317e-02,9.213774651288986206e-02,6.708771735429763794e-02,1.377609819173812866e-01,-1.512201428413391113e-01,-1.227926686406135559e-01,3.704224526882171631e-02,-6.090349331498146057e-02,-1.715333014726638794e-01,1.335178762674331665e-01,-1.883934885263442993e-01,6.922744959592819214e-02
2.414680649029594169e-03,5.942330359561530948e-04,5.461097614226316788e-01,9.999963045120239258e-01,-1.295782043598592281e-03,-2.374425064772367477e-03,-2.692942216526716948e-04,0.000000000000000000e+00,0.000000000000000000e+00,-6.695722788572311401e-02,-1.337865085401807264e+00,1.113097429275512695e+00,-7.580417394638061523e-01,-1.000414416193962097e-01,1.368100018301282361e+00,1.122728705406188965e+00,7.091683745384216309e-01,1.869364641606807709e-02,9.208004921674728394e-02,6.716800481081008911e-02,1.379281431436538696e-01,-1.517097353935241699e-01,-1.224776208400726318e-01,3.740797936916351318e-02,-6.145050376653671265e-02,-1.724241673946380615e-01,1.342592984437942505e-01,-1.877719759941101074e-01,6.987822055816650391e-02
2.390440026759122882e-03,6.265541494734623400e-04,5.460668304652879224e-01,9.999960660934448242e-01,-1.232409849762916565e-03,-2.508444711565971375e-03,-1.820722973207011819e-04,0.000000000000000000e+00,0.000000000000000000e+00,-6.669969856739044189e-02,-1.338069097199712232e+00,1.113701701164245605e+00,-7.571185231208801270e-01,-1.010141074657440186e-01,1.367394761243138745e+00,1.121502757072448730e+00,7.103266716003417969e-01,1.873396895825862885e-02,9.172066301107406616e-02,6.656857579946517944e-02,1.383822411298751831e-01,-1.517632454633712769e-01,-1.218852177262306213e-01,3.814328089356422424e-02,-6.204609572887420654e-02,-1.739024072885513306e-01,1.346935331821441650e-01,-1.876011192798614502e-01,7.024956494569778442e-02
2.403099845531584539e-03,6.777951706060022239e-04,5.460086619244380879e-01,9.999958276748657227e-01,-1.166334841400384903e-03,-2.642566105350852013e-03,-3.300661410321481526e-05,0.000000000000000000e+00,0.000000000000000000e+00,-6.671142578125000000e-02,-1.338497475781712964e+00,1.114391684532165527e+00,-7.569279670715332031e-01,-1.020161733031272888e-01,1.366806284585271314e+00,1.120775938034057617e+00,7.116449475288391113e-01,1.885991916060447693e-02,9.129282087087631226e-02,6.560511887073516846e-02,1.386470943689346313e-01,-1.518944948911666870e-01,-1.213005855679512024e-01,3.871483355760574341e-02,-6.240566074848175049e-02,-1.750520169734954834e-01,1.349830329418182373e-01,-1.876522302627563477e-01,7.044678926467895508e-02
2.441839461865707907e-03,7.139733623221723897e-04,5.459590878789172264e-01,9.999954700469970703e-01,-1.109337550587952137e-03,-2.793960738927125931e-03,1.223176368512213230e-04,0.000000000000000000e+00,0.000000000000000000e+00,-6.715890020132064819e-02,-1.339064107337270215e+00,1.114935398101806641e+00,-7.578123807907104492e-01,-1.024789735674858093e-01,1.366296918192182019e+00,1.120286703109741211e+00,7.125017642974853516e-01,1.912068016827106476e-02,9.106534719467163086e-02,6.510905176401138306e-02,1.384794712066650391e-01,-1.521097719669342041e-01,-1.209445819258689880e-01,3.917217254638671875e-02,-6.256073713302612305e-02,-1.754446327686309814e-01,1.350758522748947144e-01,-1.878543049097061157e-01,7.051864266395568848e-02
2.495162083974314902e-03,7.671295017644297765e-04,5.459165305952833336e-01,9.999951124191284180e-01,-1.046295976266264915e-03,-2.930455142632126808e-03,2.397720381850376725e-04,0.000000000000000000e+00,0.000000000000000000e+00,-6.794100254774093628e-02,-1.339691192903790906e+00,1.115374684333801270e+00,-7.594938278198242188e-01,-1.030034944415092468e-01,1.365776495137486890e+00,1.120369791984558105e+00,7.139543890953063965e-01,1.945455558598041534e-02,9.085407853126525879e-02,6.473168730735778809e-02,1.380514055490493774e-01,-1.520590782165527344e-01,-1.206878423690795898e-01,3.968141973018646240e-02,-6.273960322141647339e-02,-1.755151003599166870e-01,1.350267231464385986e-01,-1.881276369094848633e-01,7.054489850997924805e-02
2.549450354203181956e-03,8.045053063680751787e-04,5.459116313177527768e-01,9.999950528144836426e-01,-9.771997574716806412e-04,-2.983897225931286812e-03,2.355530305067077279e-04,0.000000000000000000e+00,0.000000000000000000e+00,-6.890208274126052856e-02,-1.340193034210477308e+00,1.115745067596435547e+00,-7.603385448455810547e-01,-1.033384948968887329e-01,1.365387261905942395e+00,1.121094465255737305e+00,7.151913642883300781e-01,1.946929097175598145e-02,9.049956500530242920e-02,6.438261270523071289e-02,1.376191079616546631e-01,-1.518651396036148071e-01,-1.203342676162719727e-01,3.999261558055877686e-02,-6.297848373651504517e-02,-1.754665076732635498e-01,1.348396092653274536e-01,-1.881903409957885742e-01,7.059665769338607788e-02
2.604686270042844577e-03,7.891305956390987824e-04,5.459097629492030146e-01,9.999951124191284180e-01,-8.958236430771648884e-04,-2.977699507027864456e-03,2.091612550429999828e-04,0.000000000000000000e+00,0.000000000000000000e+00,-6.993866711854934692e-02,-1.340751097598348096e+00,1.116256237030029297e+00,-7.610485553741455078e-01,-1.033829376101493835e-01,1.365177721777234510e+00,1.122410893440246582e+00,7.156664133071899414e-01,1.920866593718528748e-02,9.015763550996780396e-02,6.425350904464721680e-02,1.372904926538467407e-01,-1.516234427690505981e-01,-1.201081424951553345e-01,4.024435579776763916e-02,-6.324569135904312134e-02,-1.753151863813400269e-01,1.346270740032196045e-01,-1.881927251815795898e-01,7.079225778579711914e-02
2.629524381005797929e-03,8.239416102908147556e-04,5.458955218289235356e-01,9.999952316284179688e-01,-8.118964615277945995e-04,-2.966046100482344627e-03,2.228188823210075498e-04,0.000000000000000000e+00,0.000000000000000000e+00,-7.067582011222839355e-02,-1.341466055312428907e+00,1.116873621940612793e+00,-7.617389559745788574e-01,-1.031396910548210144e-01,1.365136222043309644e+00,1.123770475387573242e+00,7.159289121627807617e-01,1.900816522538661957e-02,8.984228968620300293e-02,6.412113457918167114e-02,1.370752155780792236e-01,-1.515113711357116699e-01,-1.199710071086883545e-01,4.063357040286064148e-02,-6.352714449167251587e-02,-1.751042753458023071e-01,1.344815492630004883e-01,-1.881454586982727051e-01,7.110526412725448608e-02
2.694239672279277135e-03,7.755278346141696900e-04,5.458723540589063283e-01,9.999952912330627441e-01,-7.425278308801352978e-04,-2.956602955237030983e-03,2.607943024486303329e-04,0.000000000000000000e+00,0.000000000000000000e+00,-7.113756239414215088e-02,-1.342215419807706311e+00,1.117095232009887695e+00,-7.629961967468261719e-01,-1.029230877757072449e-01,1.365097553530011609e+00,1.124722838401794434e+00,7.166243791580200195e-01,1.904134824872016907e-02,8.964107185602188110e-02,6.416333466768264771e-02,1.367552578449249268e-01,-1.512644737958908081e-01,-1.199177056550979614e-01,4.090156033635139465e-02,-6.381302326917648315e-02,-1.750631034374237061e-01,1.343789249658584595e-01,-1.880622804164886475e-01,7.131083309650421143e-02
2.754332373239748964e-03,7.516933230076436366e-04,5.458456571482950270e-01,9.999954104423522949e-01,-6.869655335322022438e-04,-2.926006913185119629e-03,2.713128924369812012e-04,0.000000000000000000e+00,0.000000000000000000e+00,-7.141084223985671997e-02,-1.342587963738713697e+00,1.116693973541259766e+00,-7.650384902954101562e-01,-1.026592180132865906e-01,1.364867121973309949e+00,1.125028014183044434e+00,7.174634337425231934e-01,1.925015263259410858e-02,8.952382206916809082e-02,6.439913809299468994e-02,1.363214999437332153e-01,-1.510414034128189087e-01,-1.199425458908081055e-01,4.093272611498832703e-02,-6.409316509962081909e-02,-1.752209514379501343e-01,1.342735141515731812e-01,-1.879369020462036133e-01,7.143894582986831665e-02
2.814656998421244134e-03,7.545356111009510636e-04,5.458255202872585032e-01,9.999954700469970703e-01,-6.561625050380825996e-04,-2.914231969043612480e-03,2.047588641289621592e-04,0.000000000000000000e+00,0.000000000000000000e+00,-7.175391912460327148e-02,-1.342653201022420362e+00,1.116082191467285156e+00,-7.670619487762451172e-01,-1.023832857608795166e-01,1.364611507454190686e+00,1.125027656555175781e+00,7.181488275527954102e-01,1.965785957872867584e-02,8.947284519672393799e-02,6.469844281673431396e-02,1.360002756118774414e-01,-1.509231179952621460e-01,-1.198676079511642456e-01,4.089630767703056335e-02,-6.427299976348876953e-02,-1.754348427057266235e-01,1.342590004205703735e-01,-1.878061294555664062e-01,7.124333828687667847e-02
2.875026710968784423e-03,7.444198226298656641e-04,5.458118604371945404e-01,9.999955892562866211e-01,-6.467063212767243385e-04,-2.898669103160500526e-03,4.385249849292449653e-05,0.000000000000000000e+00,0.000000000000000000e+00,-7.230571657419204712e-02,-1.342555523910794690e+00,1.115807056427001953e+00,-7.685756087303161621e-01,-1.021516621112823486e-01,1.364444361129079297e+00,1.125107526779174805e+00,7.188393473625183105e-01,2.001335471868515015e-02,8.951143175363540649e-02,6.509388983249664307e-02,1.357229053974151611e-01,-1.506266444921493530e-01,-1.197788715362548828e-01,4.082787409424781799e-02,-6.420764327049255371e-02,-1.752265989780426025e-01,1.342604309320449829e-01,-1.876123994588851929e-01,7.090436667203903198e-02
2.913509913181622658e-03,7.045839994356760914e-04,5.458084973738048795e-01,9.999955892562866211e-01,-6.723305559717118740e-04,-2.881388412788510323e-03,-2.592689997982233763e-04,0.000000000000000000e+00,0.000000000000000000e+00,-7.277514785528182983e-02,-1.342287362613950208e+00,1.115877270698547363e+00,-7.696391940116882324e-01,-1.022511050105094910e-01,1.364280642071042493e+00,1.125178813934326172e+00,7.193040251731872559e-01,2.030818723142147064e-02,8.975226432085037231e-02,6.580214202404022217e-02,1.355340182781219482e-01,-1.503377854824066162e-01,-1.196431368589401245e-01,4.059106484055519104e-02,-6.396749615669250488e-02,-1.746985167264938354e-01,1.344494074583053589e-01,-1.873574256896972656e-01,7.053859531879425049e-02
2.933698024605448096e-03,6.522409327913515414e-04,5.458128153811199201e-01,9.999954700469970703e-01,-6.791396881453692913e-04,-2.861960791051387787e-03,-5.044314893893897533e-04,0.000000000000000000e+00,0.000000000000000000e+00,-7.317657023668289185e-02,-1.341996179023061231e+00,1.116029262542724609e+00,-7.707218527793884277e-01,-1.026330292224884033e-01,1.364232556023869947e+00,1.125418543815612793e+00,7.195997238159179688e-01,2.038966305553913116e-02,8.993519097566604614e-02,6.643503904342651367e-02,1.355423033237457275e-01,-1.501072347164154053e-01,-1.192694008350372314e-01,4.044523462653160095e-02,-6.392071396112442017e-02,-1.744450777769088745e-01,1.345950067043304443e-01,-1.872045695781707764e-01,7.030472904443740845e-02
2.943346720939088272e-03,6.237614899197584280e-04,5.458201642974157553e-01,9.999955296516418457e-01,-6.548909586854279041e-04,-2.836730796843767166e-03,-6.719727534800767899e-04,0.000000000000000000e+00,0.000000000000000000e+00,-7.361211627721786499e-02,-1.341730714836392835e+00,1.116292357444763184e+00,-7.719989418983459473e-01,-1.032156720757484436e-01,1.364338488378797010e+00,1.125919342041015625e+00,7.198273539543151855e-01,2.028078958392143250e-02,8.994755893945693970e-02,6.662035733461380005e-02,1.356483995914459229e-01,-1.499969363212585449e-01,-1.189582720398902893e-01,4.035550355911254883e-02,-6.399908661842346191e-02,-1.742677241563796997e-01,1.346832215785980225e-01,-1.872790157794952393e-01,7.007592916488647461e-02
2.931723262846582835e-03,6.306770079640726043e-04,5.458238595152141714e-01,9.999954700469970703e-01,-6.325834547169506550e-04,-2.828453434631228447e-03,-8.053464698605239391e-04,0.000000000000000000e+00,0.000000000000000000e+00,-7.429932802915573120e-02,-1.341578886904988721e+00,1.116444587707519531e+00,-7.731044292449951172e-01,-1.037833467125892639e-01,1.364551664390836194e+00,1.126370191574096680e+00,7.200654149055480957e-01,2.004796452820301056e-02,8.989345282316207886e-02,6.648305058479309082e-02,1.359037756919860840e-01,-1.501259207725524902e-01,-1.187359094619750977e-01,4.026632383465766907e-02,-6.398152559995651245e-02,-1.739487648010253906e-01,1.347317695617675781e-01,-1.874660849571228027e-01,6.981950998306274414e-02
2.908750763292320719e-03,6.450374962341903469e-04,5.458212853185455682e-01,9.999952316284179688e-01,-6.252200691960752010e-04,-2.843415364623069763e-03,-9.965348290279507637e-04,0.000000000000000000e+00,0.000000000000000000e+00,-7.492594420909881592e-02,-1.341424838700566724e+00,1.116472125053405762e+00,-7.742084860801696777e-01,-1.044427603483200073e-01,1.364854530492101148e+00,1.126723170280456543e+00,7.206615805625915527e-01,1.990116946399211884e-02,8.991928398609161377e-02,6.657990068197250366e-02,1.363186538219451904e-01,-1.504060178995132446e-01,-1.186295598745346069e-01,4.014363139867782593e-02,-6.383291631937026978e-02,-1.735282391309738159e-01,1.347090005874633789e-01,-1.875931620597839355e-01,6.971415877342224121e-02
2.901522512465358038e-03,6.455647589212854627e-04,5.458104487809568584e-01,9.999949336051940918e-01,-6.383926374837756157e-04,-2.865314949303865433e-03,-1.227780361659824848e-03,0.000000000000000000e+00,0.000000000000000000e+00,-7.554985582828521729e-02,-1.341396079459462598e+00,1.116677999496459961e+00,-7.753665447235107422e-01,-1.051759794354438782e-01,1.365158007540975049e+00,1.126991152763366699e+00,7.215144634246826172e-01,1.994236372411251068e-02,9.007506817579269409e-02,6.695912033319473267e-02,1.366463601589202881e-01,-1.506381630897521973e-01,-1.185051053762435913e-01,4.004654288291931152e-02,-6.370653957128524780e-02,-1.733218729496002197e-01,1.346174776554107666e-01,-1.875912547111511230e-01,6.973744183778762817e-02
2.879720338211027870e-03,6.455358089398501422e-04,5.458060062157384928e-01,9.999946355819702148e-01,-6.552861304953694344e-04,-2.862667664885520935e-03,-1.468844246119260788e-03,0.000000000000000000e+00,0.000000000000000000e+00,-7.581648230552673340e-02,-1.341484890380177930e+00,1.117194414138793945e+00,-7.759869694709777832e-01,-1.057213917374610901e-01,1.365413100519452527e+00,1.127238512039184570e+00,7.226921916007995605e-01,1.996798999607563019e-02,9.025795012712478638e-02,6.741639971733093262e-02,1.368037462234497070e-01,-1.508030146360397339e-01,-1.183104589581489563e-01,3.993656113743782043e-02,-6.359139084815979004e-02,-1.730582267045974731e-01,1.344619095325469971e-01,-1.874207556247711182e-01,6.986007839441299438e-02
2.830905966152615690e-03,6.399729929692722814e-04,5.457940071377188618e-01,9.999943375587463379e-01,-6.610379205085337162e-04,-2.845887793228030205e-03,-1.651392783969640732e-03,0.000000000000000000e+00,0.000000000000000000e+00,-7.575757801532745361e-02,-1.341561467447553113e+00,1.117710471153259277e+00,-7.763664126396179199e-01,-1.063024327158927917e-01,1.365697772302899793e+00,1.127477765083312988e+00,7.235083580017089844e-01,1.989184319972991943e-02,9.042223542928695679e-02,6.788294762372970581e-02,1.368611454963684082e-01,-1.509036719799041748e-01,-1.181097552180290222e-01,3.982549533247947693e-02,-6.346398591995239258e-02,-1.725588738918304443e-01,1.343520283699035645e-01,-1.872363835573196411e-01,6.995057314634323120e-02
2.755197466802642142e-03,6.031964610905781159e-04,5.457921387691689885e-01,9.999940991401672363e-01,-6.602188805118203163e-04,-2.839381806552410126e-03,-1.825759536586701870e-03,0.000000000000000000e+00,0.000000000000000000e+00,-7.568833976984024048e-02,-1.341673598685536817e+00,1.117967367172241211e+00,-7.763780355453491211e-01,-1.068795919418334961e-01,1.365970761575971082e+00,1.127726078033447266e+00,7.237507700920104980e-01,1.974148489534854889e-02,9.065530449151992798e-02,6.846832484006881714e-02,1.368432193994522095e-01,-1.510410010814666748e-01,-1.180630475282669067e-01,3.959864005446434021e-02,-6.334736943244934082e-02,-1.721783876419067383e-01,1.343814134597778320e-01,-1.870176196098327637e-01,6.976839154958724976e-02
2.782949875896759042e-03,4.556275798809523991e-04,5.458088710475148542e-01,9.999938011169433594e-01,-6.579010514542460442e-04,-2.875098260119557381e-03,-1.936548040248453617e-03,0.000000000000000000e+00,0.000000000000000000e+00,-7.580199837684631348e-02,-1.341721878447804883e+00,1.117930650711059570e+00,-7.765613198280334473e-01,-1.073416993021965027e-01,1.366169528165135816e+00,1.128272533416748047e+00,7.236763238906860352e-01,1.964160986244678497e-02,9.087912738323211670e-02,6.889768689870834351e-02,1.368154138326644897e-01,-1.510638147592544556e-01,-1.181728169322013855e-01,3.958151116967201233e-02,-6.324918568134307861e-02,-1.722195893526077271e-01,1.343791186809539795e-01,-1.868933886289596558e-01,6.966168433427810669e-02
2.727451545099323412e-03,4.018685185564199670e-04,5.458125662653132704e-01,9.999936819076538086e-01,-6.598068866878747940e-04,-2.926110289990901947e-03,-1.900298870168626308e-03,0.000000000000000000e+00,0.000000000000000000e+00,-7.616681605577468872e-02,-1.341669485965047315e+00,1.117534637451171875e+00,-7.771434187889099121e-01,-1.075003147125244141e-01,1.366372452178273633e+00,1.128834247589111328e+00,7.233976125717163086e-01,1.960711181163787842e-02,9.107118099927902222e-02,6.911536306142807007e-02,1.368787288665771484e-01,-1.510308086872100830e-01,-1.183453947305679321e-01,3.971455991268157959e-02,-6.323524564504623413e-02,-1.724648922681808472e-01,1.343138068914413452e-01,-1.868348419666290283e-01,6.961774826049804688e-02
2.675420886868107567e-03,3.574639909390378871e-04,5.458008163031002891e-01,9.999938011169433594e-01,-6.428899941965937614e-04,-2.960045123472809792e-03,-1.798760029487311840e-03,0.000000000000000000e+00,0.000000000000000000e+00,-7.652649283409118652e-02,-1.341557116308484510e+00,1.117124080657958984e+00,-7.777904272079467773e-01,-1.073513701558113098e-01,1.366576836505208448e+00,1.129226446151733398e+00,7.233025431632995605e-01,1.954190246760845184e-02,9.111194312572479248e-02,6.897668540477752686e-02,1.369084417819976807e-01,-1.508486121892929077e-01,-1.185097917914390564e-01,3.981334716081619263e-02,-6.327846646308898926e-02,-1.725838631391525269e-01,1.342220157384872437e-01,-1.868305206298828125e-01,6.954585760831832886e-02
2.644469545371571674e-03,3.021331970089566766e-04,5.457925954814811798e-01,9.999938607215881348e-01,-6.097265286371111870e-04,-3.040143288671970367e-03,-1.608518068678677082e-03,0.000000000000000000e+00,0.000000000000000000e+00,-7.688098400831222534e-02,-1.341448099413190320e+00,1.117090225219726562e+00,-7.780591249465942383e-01,-1.070038527250289917e-01,1.366852597394261792e+00,1.129605770111083984e+00,7.235954403877258301e-01,1.951349526643753052e-02,9.111293405294418335e-02,6.847205758094787598e-02,1.370629519224166870e-01,-1.507229506969451904e-01,-1.186407580971717834e-01,4.006744921207427979e-02,-6.338850408792495728e-02,-1.728598177433013916e-01,1.341852843761444092e-01,-1.868607997894287109e-01,6.952743977308273315e-02
2.639066846315123258e-03,2.431672544645896970e-04,5.457935089061055622e-01,9.999938011169433594e-01,-5.779693601652979851e-04,-3.124432172626256943e-03,-1.488843583501875401e-03,0.000000000000000000e+00,0.000000000000000000e+00,-7.705877721309661865e-02,-1.341161848106656507e+00,1.117356777191162109e+00,-7.779284119606018066e-01,-1.067956015467643738e-01,1.367112279930386975e+00,1.129980444908142090e+00,7.240005135536193848e-01,1.934039592742919922e-02,9.112855792045593262e-02,6.791051477193832397e-02,1.373705863952636719e-01,-1.505263447761535645e-01,-1.186197176575660706e-01,4.004263505339622498e-02,-6.347852945327758789e-02,-1.731674373149871826e-01,1.343854516744613647e-01,-1.869251877069473267e-01,6.950824707746505737e-02
2.647764815527339170e-03,2.085143699635712831e-04,5.457791432279227584e-01,9.999936819076538086e-01,-5.652016843669116497e-04,-3.238253528252243996e-03,-1.369270263239741325e-03,0.000000000000000000e+00,0.000000000000000000e+00,-7.714775204658508301e-02,-1.340622738995824292e+00,1.117709636688232422e+00,-7.772698402404785156e-01,-1.069808006286621094e-01,1.367245704927716687e+00,1.130177378654479980e+00,7.246356010437011719e-01,1.919755339622497559e-02,9.110143780708312988e-02,6.737001985311508179e-02,1.378335952758789062e-01,-1.503838598728179932e-01,-1.184578165411949158e-01,4.009870067238807678e-02,-6.356158852577209473e-02,-1.735308468341827393e-01,1.345420330762863159e-01,-1.869200319051742554e-01,6.959968805313110352e-02
2.641891294083736907e-03,1.902223606851872659e-04,5.457747006627043929e-01,9.999933838844299316e-01,-5.500403931364417076e-04,-3.378681838512420654e-03,-1.221714424900710583e-03,0.000000000000000000e+00,0.000000000000000000e+00,-7.655354589223861694e-02,-1.340052516260419324e+00,1.118087649345397949e+00,-7.764081358909606934e-01,-1.072584241628646851e-01,1.367336721220288709e+00,1.130223035812377930e+00,7.251858711242675781e-01,1.934517547488212585e-02,9.099783748388290405e-02,6.694814562797546387e-02,1.380865722894668579e-01,-1.502286195755004883e-01,-1.182981505990028381e-01,4.016290977597236633e-02,-6.368663907051086426e-02,-1.739062517881393433e-01,1.347990036010742188e-01,-1.868128925561904907e-01,6.966234743595123291e-02
2.608215735006414338e-03,1.824954525099284201e-04,5.457870318951330013e-01,9.999929666519165039e-01,-5.250983522273600101e-04,-3.550313413143157959e-03,-1.086785458028316498e-03,0.000000000000000000e+00,0.000000000000000000e+00,-7.538301497697830200e-02,-1.339668438830647901e+00,1.118625640869140625e+00,-7.753073573112487793e-01,-1.072121039032936096e-01,1.367494450011525586e+00,1.130078792572021484e+00,7.258281111717224121e-01,1.972682029008865356e-02,9.086670726537704468e-02,6.675388664007186890e-02,1.379776000976562500e-01,-1.499005556106567383e-01,-1.182468459010124207e-01,4.044500365853309631e-02,-6.371178478002548218e-02,-1.740155220031738281e-01,1.350077092647552490e-01,-1.866368055343627930e-01,6.961032003164291382e-02
2.540787579086044821e-03,1.473955462367457301e-04,5.457935089061055622e-01,9.999924302101135254e-01,-5.214364500716328621e-04,-3.710986347869038582e-03,-1.038515125401318073e-03,0.000000000000000000e+00,0.000000000000000000e+00,-7.422768324613571167e-02,-1.339249492683682874e+00,1.118854761123657227e+00,-7.742807269096374512e-01,-1.070152148604393005e-01,1.367558063068662122e+00,1.129379510879516602e+00,7.266079187393188477e-01,2.004336565732955933e-02,9.087131917476654053e-02,6.659890711307525635e-02,1.376831829547882080e-01,-1.497250497341156006e-01,-1.184461712837219238e-01,4.076378792524337769e-02,-6.355575472116470337e-02,-1.739662140607833862e-01,1.351419687271118164e-01,-1.866134107112884521e-01,6.946249306201934814e-02
2.473689469172515778e-03,9.895826390500660923e-05,5.457828384457212856e-01,9.999918937683105469e-01,-5.323908990249037743e-04,-3.857949282974004745e-03,-9.802838321775197983e-04,0.000000000000000000e+00,0.000000000000000000e+00,-7.322964817285537720e-02,-1.338795305290494397e+00,1.118829965591430664e+00,-7.734552621841430664e-01,-1.070785522460937500e-01,1.367380545535359815e+00,1.128199577331542969e+00,7.268203496932983398e-01,2.029512822628021240e-02,9.098982065916061401e-02,6.635989248752593994e-02,1.376176178455352783e-01,-1.499084532260894775e-01,-1.186644360423088074e-01,4.120670258998870850e-02,-6.338712573051452637e-02,-1.741518974304199219e-01,1.352032423019409180e-01,-1.868232935667037964e-01,6.927828490734100342e-02
2.440547660173086279e-03,6.826346830488123592e-05,5.457586326931762599e-01,9.999915361404418945e-01,-5.356068722903728485e-04,-3.976857289671897888e-03,-8.641105960123240948e-04,0.000000000000000000e+00,0.000000000000000000e+00,-7.248848676681518555e-02,-1.338484720387731031e+00,1.118725419044494629e+00,-7.728918790817260742e-01,-1.073671281337738037e-01,1.367154390611920789e+00,1.127170920372009277e+00,7.269282341003417969e-01,2.052246406674385071e-02,9.115978330373764038e-02,6.617163866758346558e-02,1.376267969608306885e-01,-1.501806974411010742e-01,-1.188278570771217346e-01,4.167215898633003235e-02,-6.329195201396942139e-02,-1.743978559970855713e-01,1.351277679204940796e-01,-1.869872212409973145e-01,6.918665021657943726e-02
2.445088833731580511e-03,2.852481912925967095e-05,5.457303995684240627e-01,9.999912977218627930e-01,-5.340680945664644241e-04,-4.057945217937231064e-03,-7.425194489769637585e-04,0.000000000000000000e+00,0.000000000000000000e+00,-7.203967869281768799e-02,-1.338291377821240857e+00,1.118620157241821289e+00,-7.724441289901733398e-01,-1.076624393463134766e-01,1.367075414457593396e+00,1.126734137535095215e+00,7.268382906913757324e-01,2.069838531315326691e-02,9.135092049837112427e-02,6.596688181161880493e-02,1.375897675752639771e-01,-1.503204554319381714e-01,-1.189332306385040283e-01,4.204086959362030029e-02,-6.313844025135040283e-02,-1.743002235889434814e-01,1.350729465484619141e-01,-1.871941089630126953e-01,6.919688731431961060e-02
2.473204861079916685e-03,-3.605805334783243756e-05,5.457269119471311880e-01,9.999911785125732422e-01,-5.200782325118780136e-04,-4.113269969820976257e-03,-6.463956087827682495e-04,0.000000000000000000e+00,0.000000000000000000e+00,-7.164826989173889160e-02,-1.338213936486516431e+00,1.118707895278930664e+00,-7.718113064765930176e-01,-1.079158410429954529e-01,1.367094249525342420e+00,1.126805663108825684e+00,7.266233563423156738e-01,2.084991335868835449e-02,9.139758348464965820e-02,6.544813513755798340e-02,1.376079022884368896e-01,-1.503446400165557861e-01,-1.189651787281036377e-01,4.216486960649490356e-02,-6.298017501831054688e-02,-1.740533113479614258e-01,1.350430101156234741e-01,-1.871762424707412720e-01,6.934948265552520752e-02
2.486637490281171873e-03,-1.279793329523832906e-04,5.457374163303110315e-01,9.999911785125732422e-01,-4.974016919732093811e-04,-4.139432683587074280e-03,-5.773334414698183537e-04,0.000000000000000000e+00,0.000000000000000000e+00,-7.127871364355087280e-02,-1.338299677768025830e+00,1.118820428848266602e+00,-7.709281444549560547e-01,-1.080360114574432373e-01,1.367074043550763562e+00,1.127023696899414062e+00,7.264046669006347656e-01,2.100149542093276978e-02,9.137921780347824097e-02,6.496358662843704224e-02,1.374528408050537109e-01,-1.502294987440109253e-01,-1.191957667469978333e-01,4.227004200220108032e-02,-6.285806745290756226e-02,-1.738233566284179688e-01,1.349586248397827148e-01,-1.871096789836883545e-01,6.958194077014923096e-02
2.452870134624059954e-03,-2.414654294004477955e-04,5.457447237273057583e-01,9.999912977218627930e-01,-4.688850021921098232e-04,-4.113706294447183609e-03,-5.808469722978770733e-04,0.000000000000000000e+00,0.000000000000000000e+00,-7.121325284242630005e-02,-1.338500813641820386e+00,1.118870496749877930e+00,-7.700864076614379883e-01,-1.079406291246414185e-01,1.366836742558751538e+00,1.127432584762573242e+00,7.263972163200378418e-01,2.109067514538764954e-02,9.139572083950042725e-02,6.482977420091629028e-02,1.371265053749084473e-01,-1.499700844287872314e-01,-1.193897053599357605e-01,4.219247400760650635e-02,-6.275431811809539795e-02,-1.735290586948394775e-01,1.349359303712844849e-01,-1.871129572391510010e-01,6.968498229980468750e-02
2.407032015278930820e-03,-3.339074032089109616e-04,5.457481283099964164e-01,9.999914169311523438e-01,-4.534037434495985508e-04,-4.060917068272829056e-03,-6.900357548147439957e-04,0.000000000000000000e+00,0.000000000000000000e+00,-7.141102105379104614e-02,-1.338830263414655164e+00,1.118598461151123047e+00,-7.698337435722351074e-01,-1.077291294932365417e-01,1.366547719636235669e+00,1.127587437629699707e+00,7.266448140144348145e-01,2.104829065501689911e-02,9.150172024965286255e-02,6.499750167131423950e-02,1.367559581995010376e-01,-1.497558653354644775e-01,-1.194676086306571960e-01,4.205472394824028015e-02,-6.262647360563278198e-02,-1.732829213142395020e-01,1.349117159843444824e-01,-1.872311532497406006e-01,6.984656304121017456e-02
2.387378140487308315e-03,-3.716540230159421959e-04,5.457651512234500402e-01,9.999914169311523438e-01,-4.470902495086193085e-04,-4.036080092191696167e-03,-8.280341862700879574e-04,0.000000000000000000e+00,0.000000000000000000e+00,-7.163216173648834229e-02,-1.339103103676114515e+00,1.117862462997436523e+00,-7.694551348686218262e-01,-1.076665520668029785e-01,1.366354943313870862e+00,1.127629041671752930e+00,7.271599173545837402e-01,2.092728205025196075e-02,9.167147427797317505e-02,6.536301970481872559e-02,1.365760564804077148e-01,-1.496576964855194092e-01,-1.197155192494392395e-01,4.200433194637298584e-02,-6.243749707937240601e-02,-1.729243695735931396e-01,1.349074691534042358e-01,-1.874083727598190308e-01,6.983818113803863525e-02
2.402404559422825249e-03,-3.814569570658013541e-04,5.457681406131296153e-01,9.999913573265075684e-01,-4.278821870684623718e-04,-4.013568162918090820e-03,-9.589714463800191879e-04,0.000000000000000000e+00,0.000000000000000000e+00,-7.197140902280807495e-02,-1.339469776549611524e+00,1.117003679275512695e+00,-7.689476013183593750e-01,-1.080843210220336914e-01,1.366222621002469495e+00,1.127763271331787109e+00,7.274035215377807617e-01,2.066929452121257782e-02,9.179700165987014771e-02,6.561124324798583984e-02,1.365697681903839111e-01,-1.496964246034622192e-01,-1.200302392244338989e-01,4.194050282239913940e-02,-6.229281425476074219e-02,-1.726475954055786133e-01,1.349101811647415161e-01,-1.876276582479476929e-01,6.979195028543472290e-02
2.430165888679289201e-03,-3.801286637999418561e-04,5.457613729670492964e-01,9.999914169311523438e-01,-4.076393670402467251e-04,-3.969035111367702484e-03,-1.125477254390716553e-03,0.000000000000000000e+00,0.000000000000000000e+00,-7.257790863513946533e-02,-1.339910776415143445e+00,1.116499304771423340e+00,-7.686961889266967773e-01,-1.087323725223541260e-01,1.366174222030911878e+00,1.127926111221313477e+00,7.272999286651611328e-01,2.044218964874744415e-02,9.187304228544235229e-02,6.575010716915130615e-02,1.366904377937316895e-01,-1.497429311275482178e-01,-1.202175617218017578e-01,4.174232482910156250e-02,-6.217426061630249023e-02,-1.723809093236923218e-01,1.348337084054946899e-01,-1.879016011953353882e-01,6.967054307460784912e-02
2.420974553396897100e-03,-3.644289753381856783e-04,5.457489586960185823e-01,9.999916553497314453e-01,-3.971269470639526844e-04,-3.854722250252962112e-03,-1.302859513089060783e-03,0.000000000000000000e+00,0.000000000000000000e+00,-7.357230782508850098e-02,-1.340339989462171033e+00,1.116165757179260254e+00,-7.686864137649536133e-01,-1.094232648611068726e-01,1.365993068614278272e+00,1.127876520156860352e+00,7.273668646812438965e-01,2.011886984109878540e-02,9.200138598680496216e-02,6.608060747385025024e-02,1.368525028228759766e-01,-1.497811526060104370e-01,-1.201203167438507080e-01,4.129985719919204712e-02,-6.209702789783477783e-02,-1.720946431159973145e-01,1.348218470811843872e-01,-1.881750077009201050e-01,6.963740289211273193e-02
2.375037663526870582e-03,-3.509166323225016500e-04,5.457568058439276060e-01,9.999917149543762207e-01,-3.956168366130441427e-04,-3.756580874323844910e-03,-1.488461741246283054e-03,0.000000000000000000e+00,0.000000000000000000e+00,-7.461784034967422485e-02,-1.340663404264722303e+00,1.116076469421386719e+00,-7.690142393112182617e-01,-1.101616024971008301e-01,1.365805373587880567e+00,1.127984285354614258e+00,7.274513244628906250e-01,1.984673179686069489e-02,9.208431839942932129e-02,6.643204391002655029e-02,1.370069384574890137e-01,-1.497741490602493286e-01,-1.197176128625869751e-01,4.096834734082221985e-02,-6.207489222288131714e-02,-1.719630509614944458e-01,1.348276287317276001e-01,-1.883126497268676758e-01,6.978955119848251343e-02
2.333130903005237958e-03,-3.555932707100932532e-04,5.457898552076082543e-01,9.999918341636657715e-01,-3.963749331887811422e-04,-3.650218248367309570e-03,-1.683999085798859596e-03,0.000000000000000000e+00,0.000000000000000000e+00,-7.570079714059829712e-02,-1.340874762335095838e+00,1.116032361984252930e+00,-7.695251107215881348e-01,-1.107429936528205872e-01,1.365608618655477002e+00,1.128066897392272949e+00,7.275741696357727051e-01,1.958108507096767426e-02,9.212936460971832275e-02,6.677938997745513916e-02,1.370228081941604614e-01,-1.496642231941223145e-01,-1.194368898868560791e-01,4.061762988567352295e-02,-6.204536929726600647e-02,-1.717723309993743896e-01,1.349174529314041138e-01,-1.883354485034942627e-01,6.983775645494461060e-02
2.311716674720619338e-03,-3.772077160932105081e-04,5.458086634510093127e-01,9.999916553497314453e-01,-4.017080937046557665e-04,-3.603683551773428917e-03,-1.893786713480949402e-03,0.000000000000000000e+00,0.000000000000000000e+00,-7.673382759094238281e-02,-1.340891839065823987e+00,1.115760087966918945e+00,-7.702158689498901367e-01,-1.113425120711326599e-01,1.365413934984479383e+00,1.128135919570922852e+00,7.277898192405700684e-01,1.952153071761131287e-02,9.218260645866394043e-02,6.712672859430313110e-02,1.369482576847076416e-01,-1.495549976825714111e-01,-1.194313913583755493e-01,4.047982394695281982e-02,-6.203619390726089478e-02,-1.715534776449203491e-01,1.350099146366119385e-01,-1.883456110954284668e-01,6.977377086877822876e-02
2.292764735613323814e-03,-4.098728235075755895e-04,5.458092447212248288e-01,9.999912381172180176e-01,-4.096944758202880621e-04,-3.568709129467606544e-03,-2.151522552594542503e-03,0.000000000000000000e+00,0.000000000000000000e+00,-7.754055410623550415e-02,-1.340817765393529370e+00,1.115397453308105469e+00,-7.706186175346374512e-01,-1.120907068252563477e-01,1.365256951251302198e+00,1.128263950347900391e+00,7.279568910598754883e-01,1.957068033516407013e-02,9.226810187101364136e-02,6.770193576812744141e-02,1.367832720279693604e-01,-1.497271060943603516e-01,-1.194547042250633240e-01,4.042609035968780518e-02,-6.202903389930725098e-02,-1.712857037782669067e-01,1.349942386150360107e-01,-1.883930265903472900e-01,6.958209723234176636e-02
2.268322842043349243e-03,-4.288986377775812751e-04,5.458105733388601832e-01,9.999907612800598145e-01,-4.202265990898013115e-04,-3.507693996652960777e-03,-2.428592881187796593e-03,0.000000000000000000e+00,0.000000000000000000e+00,-7.805710285902023315e-02,-1.340581745901380017e+00,1.115035414695739746e+00,-7.712988853454589844e-01,-1.126651093363761902e-01,1.365195960798535779e+00,1.128196358680725098e+00,7.279319167137145996e-01,1.985784247517585754e-02,9.238032996654510498e-02,6.837207078933715820e-02,1.365804076194763184e-01,-1.501152962446212769e-01,-1.195598840713500977e-01,4.048199579119682312e-02,-6.189683079719543457e-02,-1.707699149847030640e-01,1.346084773540496826e-01,-1.881800740957260132e-01,6.945499032735824585e-02
2.227642684936819665e-03,-4.391526076726608337e-04,5.458202473360179718e-01,9.999904632568359375e-01,-4.265894240234047174e-04,-3.432523226365447044e-03,-2.659139456227421761e-03,0.000000000000000000e+00,0.000000000000000000e+00,-7.851225137710571289e-02,-1.340325624742780164e+00,1.114644765853881836e+00,-7.720628976821899414e-01,-1.131225004792213440e-01,1.365201638140950635e+00,1.128154158592224121e+00,7.277265191078186035e-01,1.994486711919307709e-02,9.253124892711639404e-02,6.908523291349411011e-02,1.364990919828414917e-01,-1.502687186002731323e-01,-1.196891367435455322e-01,4.052104800939559937e-02,-6.168828159570693970e-02,-1.701474636793136597e-01,1.340987533330917358e-01,-1.877484768629074097e-01,6.946517527103424072e-02
2.175835517318589971e-03,-4.473859580651729992e-04,5.458468196887259483e-01,9.999902248382568359e-01,-4.350883245933800936e-04,-3.352850675582885742e-03,-2.839358523488044739e-03,0.000000000000000000e+00,0.000000000000000000e+00,-7.871752977371215820e-02,-1.339982316890035108e+00,1.113991141319274902e+00,-7.725776433944702148e-01,-1.134456172585487366e-01,1.365132764973912671e+00,1.127972841262817383e+00,7.275109887123107910e-01,1.984445378184318542e-02,9.271766245365142822e-02,6.985556334257125854e-02,1.365952789783477783e-01,-1.500904411077499390e-01,-1.197436079382896423e-01,4.039644077420234680e-02,-6.148957833647727966e-02,-1.695402115583419800e-01,1.336717009544372559e-01,-1.871970295906066895e-01,6.943588703870773315e-02
2.148388339961512274e-03,-4.471329092778644158e-04,5.458567843209914949e-01,9.999899864196777344e-01,-4.332285025157034397e-04,-3.312968183308839798e-03,-2.976252231746912003e-03,0.000000000000000000e+00,0.000000000000000000e+00,-7.885007560253143311e-02,-1.339664698639188245e+00,1.113433480262756348e+00,-7.730413079261779785e-01,-1.134234666824340820e-01,1.364993081488881543e+00,1.128017544746398926e+00,7.269672751426696777e-01,1.967103779315948486e-02,9.275561571121215820e-02,7.026051729917526245e-02,1.367890685796737671e-01,-1.496185660362243652e-01,-1.195940673351287842e-01,4.018845781683921814e-02,-6.151643022894859314e-02,-1.692533791065216064e-01,1.334522217512130737e-01,-1.866791099309921265e-01,6.937112659215927124e-02
2.132991491011437986e-03,-4.294584590572430856e-04,5.458595245948644203e-01,9.999895691871643066e-01,-4.503504314925521612e-04,-3.286322811618447304e-03,-3.135078120976686478e-03,0.000000000000000000e+00,0.000000000000000000e+00,-7.903713732957839966e-02,-1.339280516901288465e+00,1.113155126571655273e+00,-7.735853195190429688e-01,-1.131281033158302307e-01,1.364874378838811353e+00,1.128252863883972168e+00,7.260923385620117188e-01,1.953311450779438019e-02,9.276071190834045410e-02,7.037635147571563721e-02,1.370050013065338135e-01,-1.492276191711425781e-01,-1.193059310317039490e-01,3.979031369090080261e-02,-6.158266961574554443e-02,-1.690682023763656616e-01,1.335194259881973267e-01,-1.863150447607040405e-01,6.944432109594345093e-02
2.111010589140627312e-03,-4.004624171471787538e-04,5.458518020048587216e-01,9.999890923500061035e-01,-4.843358183279633522e-04,-3.244189079850912094e-03,-3.334108740091323853e-03,0.000000000000000000e+00,0.000000000000000000e+00,-7.901914417743682861e-02,-1.338926852741513684e+00,1.113273978233337402e+00,-7.742822766304016113e-01,-1.128213852643966675e-01,1.364962444701466993e+00,1.128715515136718750e+00,7.249987721443176270e-01,1.941567100584506989e-02,9.277496486902236938e-02,7.040809839963912964e-02,1.371550410985946655e-01,-1.490514874458312988e-01,-1.192574650049209595e-01,3.925773128867149353e-02,-6.155423074960708618e-02,-1.685902774333953857e-01,1.338284015655517578e-01,-1.860918253660202026e-01,6.957106292247772217e-02
2.085620563405546878e-03,-3.591698503493321844e-04,5.458317066631233061e-01,9.999885559082031250e-01,-5.136671243235468864e-04,-3.197733080014586449e-03,-3.515957156196236610e-03,0.000000000000000000e+00,0.000000000000000000e+00,-7.880099117755889893e-02,-1.338471175232205823e+00,1.113593816757202148e+00,-7.750567197799682617e-01,-1.126568764448165894e-01,1.365223200121198133e+00,1.129357933998107910e+00,7.242275476455688477e-01,1.917418465018272400e-02,9.273713827133178711e-02,7.046951353549957275e-02,1.373808383941650391e-01,-1.491900086402893066e-01,-1.192346066236495972e-01,3.883086889982223511e-02,-6.153751909732818604e-02,-1.680723577737808228e-01,1.341217607259750366e-01,-1.860241591930389404e-01,6.985422968864440918e-02
2.055014999838536589e-03,-3.202241985380886139e-04,5.458153895777885234e-01,9.999881982803344727e-01,-5.143901798874139786e-04,-3.131020581349730492e-03,-3.663016716018319130e-03,0.000000000000000000e+00,0.000000000000000000e+00,-7.847147434949874878e-02,-1.338050947585378125e+00,1.113989949226379395e+00,-7.755897045135498047e-01,-1.126294881105422974e-01,1.365459323921475843e+00,1.129973888397216797e+00,7.230543494224548340e-01,1.877063140273094177e-02,9.256488084793090820e-02,7.046927511692047119e-02,1.376579105854034424e-01,-1.494744122028350830e-01,-1.190435960888862610e-01,3.837261721491813660e-02,-6.173459440469741821e-02,-1.677765995264053345e-01,1.343966573476791382e-01,-1.861486434936523438e-01,7.010995596647262573e-02
2.019301913496379490e-03,-2.862291962832607360e-04,5.458275547330126987e-01,9.999876618385314941e-01,-5.084903095848858356e-04,-3.067800076678395271e-03,-3.866049461066722870e-03,0.000000000000000000e+00,0.000000000000000000e+00,-7.794494181871414185e-02,-1.337848247089658216e+00,1.114689230918884277e+00,-7.753086090087890625e-01,-1.126479804515838623e-01,1.365813286104474500e+00,1.130558729171752930e+00,7.218245267868041992e-01,1.831877790391445160e-02,9.245927631855010986e-02,7.079100608825683594e-02,1.379426866769790649e-01,-1.499907374382019043e-01,-1.188286095857620239e-01,3.786645457148551941e-02,-6.196008250117301941e-02,-1.675484776496887207e-01,1.345124989748001099e-01,-1.861747056245803833e-01,7.028917223215103149e-02
1.976396419161417870e-03,-2.281154333394799208e-04,5.458361077090405633e-01,9.999869465827941895e-01,-5.092249484732747078e-04,-3.062866861000657082e-03,-4.050230141729116440e-03,0.000000000000000000e+00,0.000000000000000000e+00,-7.763336598873138428e-02,-1.337838188805852369e+00,1.115598917007446289e+00,-7.746111750602722168e-01,-1.123932674527168274e-01,1.366147146621022657e+00,1.131049633026123047e+00,7.207009792327880859e-01,1.798587106168270111e-02,9.235753864049911499e-02,7.102889567613601685e-02,1.380514204502105713e-01,-1.504134982824325562e-01,-1.186031997203826904e-01,3.754839301109313965e-02,-6.212583556771278381e-02,-1.672736853361129761e-01,1.345400214195251465e-01,-1.862400323152542114e-01,7.045307755470275879e-02
1.941763969941412774e-03,-1.302809375688825089e-04,5.458265582697860996e-01,9.999862313270568848e-01,-5.021701217629015446e-04,-3.042330499738454819e-03,-4.249757155776023865e-03,0.000000000000000000e+00,0.000000000000000000e+00,-7.715262472629547119e-02,-1.337658674516950086e+00,1.116187810897827148e+00,-7.737675309181213379e-01,-1.118756011128425598e-01,1.366339714327130750e+00,1.131127953529357910e+00,7.202425003051757812e-01,1.782961189746856689e-02,9.222064912319183350e-02,7.128798961639404297e-02,1.380505561828613281e-01,-1.505650877952575684e-01,-1.183565482497215271e-01,3.722506389021873474e-02,-6.223289668560028076e-02,-1.668748110532760620e-01,1.345499455928802490e-01,-1.862864792346954346e-01,7.060226052999496460e-02
1.921970454062866792e-03,-2.054731014306360691e-05,5.458258524416672586e-01,9.999857544898986816e-01,-4.804439668077975512e-04,-3.003785386681556702e-03,-4.388117697089910507e-03,0.000000000000000000e+00,0.000000000000000000e+00,-7.671820372343063354e-02,-1.337292091050420240e+00,1.116648554801940918e+00,-7.728558778762817383e-01,-1.111058443784713745e-01,1.366455541053090528e+00,1.130800724029541016e+00,7.200187444686889648e-01,1.794328726828098297e-02,9.201950579881668091e-02,7.143075764179229736e-02,1.380143761634826660e-01,-1.505022644996643066e-01,-1.179964169859886169e-01,3.701831027865409851e-02,-6.234577298164367676e-02,-1.665356755256652832e-01,1.346252709627151489e-01,-1.863157898187637329e-01,7.072613388299942017e-02
1.893109674250937442e-03,7.968986176535388960e-05,5.458466536115215151e-01,9.999856352806091309e-01,-4.630056209862232208e-04,-2.937247510999441147e-03,-4.459401592612266541e-03,0.000000000000000000e+00,0.000000000000000000e+00,-7.641860842704772949e-02,-1.336856112876210645e+00,1.116873145103454590e+00,-7.718191742897033691e-01,-1.107424125075340271e-01,1.366524384417806104e+00,1.130105495452880859e+00,7.199746370315551758e-01,1.819726638495922089e-02,9.192030131816864014e-02,7.181251794099807739e-02,1.378865242004394531e-01,-1.504283100366592407e-01,-1.178369671106338501e-01,3.673297166824340820e-02,-6.241758167743682861e-02,-1.661305427551269531e-01,1.348834037780761719e-01,-1.863228529691696167e-01,7.058608531951904297e-02
1.867296346266297813e-03,1.595049301731062737e-04,5.458652957777182513e-01,9.999855160713195801e-01,-4.506987170316278934e-04,-2.882342087104916573e-03,-4.517433233559131622e-03,0.000000000000000000e+00,0.000000000000000000e+00,-7.606124877929687500e-02,-1.336445496478352979e+00,1.116613388061523438e+00,-7.705724239349365234e-01,-1.106961742043495178e-01,1.366606549420628980e+00,1.129471063613891602e+00,7.197218537330627441e-01,1.848232187330722809e-02,9.191681444644927979e-02,7.222871482372283936e-02,1.377214938402175903e-01,-1.504928618669509888e-01,-1.178499609231948853e-01,3.656587004661560059e-02,-6.251854449510574341e-02,-1.658328771591186523e-01,1.351602673530578613e-01,-1.863436102867126465e-01,7.044865936040878296e-02
1.875499651930177250e-03,2.185746506971425961e-04,5.458711084798730795e-01,9.999856352806091309e-01,-4.446994862519204617e-04,-2.813707571476697922e-03,-4.535283893346786499e-03,0.000000000000000000e+00,0.000000000000000000e+00,-7.577032595872879028e-02,-1.336047337451253370e+00,1.116207122802734375e+00,-7.697708606719970703e-01,-1.107321754097938538e-01,1.366551266112599805e+00,1.128871917724609375e+00,7.192512154579162598e-01,1.857350394129753113e-02,9.199881553649902344e-02,7.266001403331756592e-02,1.375503987073898315e-01,-1.505454033613204956e-01,-1.179066225886344910e-01,3.642594814300537109e-02,-6.266735494136810303e-02,-1.657163798809051514e-01,1.352938711643218994e-01,-1.863896548748016357e-01,7.043687254190444946e-02
1.910374567381252064e-03,2.725635683868813156e-04,5.458730183677239500e-01,9.999854564666748047e-01,-4.399737517815083265e-04,-2.804915187880396843e-03,-4.581822082400321960e-03,0.000000000000000000e+00,0.000000000000000000e+00,-7.559560239315032959e-02,-1.335784272351537183e+00,1.115726947784423828e+00,-7.689854502677917480e-01,-1.105821728706359863e-01,1.366439671316419080e+00,1.128208994865417480e+00,7.186582088470458984e-01,1.862984709441661835e-02,9.207963943481445312e-02,7.298658043146133423e-02,1.373730450868606567e-01,-1.505099534988403320e-01,-1.179112270474433899e-01,3.637753799557685852e-02,-6.283390522003173828e-02,-1.657471507787704468e-01,1.353306770324707031e-01,-1.862568557262420654e-01,7.065342366695404053e-02
1.952994778705878422e-03,3.059334699921439308e-04,5.458737241958427910e-01,9.999853372573852539e-01,-4.366552457213401794e-04,-2.815136220306158066e-03,-4.605469759553670883e-03,0.000000000000000000e+00,0.000000000000000000e+00,-7.559447735548019409e-02,-1.335678652920995191e+00,1.115359544754028320e+00,-7.676685452461242676e-01,-1.102673187851905823e-01,1.366492183008466199e+00,1.127905488014221191e+00,7.173496484756469727e-01,1.849020831286907196e-02,9.202197939157485962e-02,7.285395264625549316e-02,1.372627466917037964e-01,-1.505425274372100830e-01,-1.176566556096076965e-01,3.632487729191780090e-02,-6.297129392623901367e-02,-1.656703203916549683e-01,1.352806389331817627e-01,-1.859358251094818115e-01,7.073171436786651611e-02
1.997073517666631166e-03,3.264337870981156306e-04,5.458793708207931861e-01,9.999856352806091309e-01,-4.380800528451800346e-04,-2.800842979922890663e-03,-4.549251869320869446e-03,0.000000000000000000e+00,0.000000000000000000e+00,-7.552779465913772583e-02,-1.335676522054944471e+00,1.115189194679260254e+00,-7.660455703735351562e-01,-1.099888607859611511e-01,1.366718919077191785e+00,1.127704143524169922e+00,7.159125804901123047e-01,1.836452819406986237e-02,9.191273897886276245e-02,7.262413203716278076e-02,1.371376812458038330e-01,-1.505548059940338135e-01,-1.173979640007019043e-01,3.627654910087585449e-02,-6.305658817291259766e-02,-1.654891371726989746e-01,1.352106779813766479e-01,-1.855523735284805298e-01,7.065019756555557251e-02
2.056915156603226352e-03,3.406846384637497575e-04,5.458764644697158275e-01,9.999859333038330078e-01,-4.442570789251476526e-04,-2.767606871202588081e-03,-4.493768326938152313e-03,0.000000000000000000e+00,0.000000000000000000e+00,-7.567332684993743896e-02,-1.335814700522695020e+00,1.115133762359619141e+00,-7.650097608566284180e-01,-1.096701547503471375e-01,1.366940260925565198e+00,1.127377867698669434e+00,7.148278355598449707e-01,1.837347820401191711e-02,9.186038374900817871e-02,7.257117331027984619e-02,1.369428932666778564e-01,-1.504662483930587769e-01,-1.172963902354240417e-01,3.619623929262161255e-02,-6.300398707389831543e-02,-1.649702191352844238e-01,1.351237446069717407e-01,-1.852610707283020020e-01,7.066810876131057739e-02
2.121169843130058397e-03,3.472072639028692142e-04,5.458789971470833224e-01,9.999859929084777832e-01,-4.391832335386425257e-04,-2.690086606889963150e-03,-4.537642933428287506e-03,0.000000000000000000e+00,0.000000000000000000e+00,-7.604239135980606079e-02,-1.336090819039617017e+00,1.115277647972106934e+00,-7.644965052604675293e-01,-1.093030273914337158e-01,1.366987706222806409e+00,1.126908063888549805e+00,7.138335704803466797e-01,1.852671615779399872e-02,9.185957163572311401e-02,7.277743518352508545e-02,1.367728263139724731e-01,-1.501932591199874878e-01,-1.173194795846939087e-01,3.604916110634803772e-02,-6.292736530303955078e-02,-1.643276363611221313e-01,1.351995915174484253e-01,-1.851177662611007690e-01,7.066643983125686646e-02
2.185238503725761994e-03,3.425183400189541708e-04,5.458809070349341930e-01,9.999855756759643555e-01,-4.434644943103194237e-04,-2.620488405227661133e-03,-4.657694138586521149e-03,0.000000000000000000e+00,0.000000000000000000e+00,-7.617524266242980957e-02,-1.336459727087293103e+00,1.115669012069702148e+00,-7.640594244003295898e-01,-1.090214923024177551e-01,1.366989226141248182e+00,1.126836299896240234e+00,7.128056287765502930e-01,1.868430897593498230e-02,9.191077947616577148e-02,7.306714355945587158e-02,1.369038671255111694e-01,-1.501037478446960449e-01,-1.172817721962928772e-01,3.600412234663963318e-02,-6.281348317861557007e-02,-1.638603806495666504e-01,1.353254318237304688e-01,-1.851536184549331665e-01,7.061364501714706421e-02
2.242362088102828332e-03,3.204882961628497361e-04,5.458798275331053773e-01,9.999855756759643555e-01,-4.574086924549192190e-04,-2.563331276178359985e-03,-4.687929991632699966e-03,0.000000000000000000e+00,0.000000000000000000e+00,-7.629394531250000000e-02,-1.336839766302380994e+00,1.116190791130065918e+00,-7.637661695480346680e-01,-1.088605895638465881e-01,1.366952658691678479e+00,1.127354860305786133e+00,7.122291922569274902e-01,1.872846670448780060e-02,9.196068346500396729e-02,7.315080612897872925e-02,1.371697634458541870e-01,-1.501787602901458740e-01,-1.173448562622070312e-01,3.615345060825347900e-02,-6.271585822105407715e-02,-1.636663377285003662e-01,1.353117376565933228e-01,-1.853669881820678711e-01,7.060927897691726685e-02
2.295474032195275564e-03,2.993807998243919080e-04,5.458747621783704984e-01,9.999858140945434570e-01,-4.805271746590733528e-04,-2.498326124623417854e-03,-4.681837279349565506e-03,0.000000000000000000e+00,0.000000000000000000e+00,-7.620826363563537598e-02,-1.337162599959645704e+00,1.116559267044067383e+00,-7.634117603302001953e-01,-1.088617891073226929e-01,1.366823003688130811e+00,1.128080487251281738e+00,7.118331193923950195e-01,1.863345317542552948e-02,9.198243916034698486e-02,7.311534136533737183e-02,1.373505741357803345e-01,-1.503010839223861694e-01,-1.174566075205802917e-01,3.632175922393798828e-02,-6.267786771059036255e-02,-1.637431085109710693e-01,1.352391690015792847e-01,-1.856411397457122803e-01,7.052189856767654419e-02
2.350760711867931271e-03,2.766114772406802003e-04,5.458692816306244255e-01,9.999857544898986816e-01,-5.007398431189358234e-04,-2.419808413833379745e-03,-4.726068582385778427e-03,0.000000000000000000e+00,0.000000000000000000e+00,-7.620560377836227417e-02,-1.337476895251546338e+00,1.116629958152770996e+00,-7.632660269737243652e-01,-1.088601946830749512e-01,1.366707623997006849e+00,1.128735899925231934e+00,7.113206386566162109e-01,1.831358112394809723e-02,9.196742624044418335e-02,7.298038154840469360e-02,1.374535858631134033e-01,-1.505615562200546265e-01,-1.174995824694633484e-01,3.627669811248779297e-02,-6.267622113227844238e-02,-1.638602018356323242e-01,1.351834833621978760e-01,-1.858779042959213257e-01,7.039669901132583618e-02
2.422609538062725065e-03,2.644159934645744356e-04,5.458606040966932360e-01,9.999858736991882324e-01,-5.169492796994745731e-04,-2.320110565051436424e-03,-4.753012675791978836e-03,0.000000000000000000e+00,0.000000000000000000e+00,-7.609381526708602905e-02,-1.337734879055295423e+00,1.116509914398193359e+00,-7.631158828735351562e-01,-1.088524833321571350e-01,1.366738856830869153e+00,1.129393577575683594e+00,7.107923626899719238e-01,1.799987070262432098e-02,9.192004054784774780e-02,7.285109162330627441e-02,1.375355422496795654e-01,-1.508194804191589355e-01,-1.175131797790527344e-01,3.610919415950775146e-02,-6.265686452388763428e-02,-1.638819873332977295e-01,1.351579427719116211e-01,-1.860502213239669800e-01,7.026862353086471558e-02
2.493041518107268120e-03,2.713508925888971721e-04,5.458491862888890100e-01,9.999859333038330078e-01,-5.142701556906104088e-04,-2.236058702692389488e-03,-4.782746545970439911e-03,0.000000000000000000e+00,0.000000000000000000e+00,-7.587235420942306519e-02,-1.337902591624532178e+00,1.116118073463439941e+00,-7.632642984390258789e-01,-1.086386144161224365e-01,1.366677031913075879e+00,1.129771947860717773e+00,7.106195092201232910e-01,1.769022643566131592e-02,9.184691309928894043e-02,7.294787466526031494e-02,1.375421285629272461e-01,-1.509675234556198120e-01,-1.173377931118011475e-01,3.594722598791122437e-02,-6.266714632511138916e-02,-1.637821793556213379e-01,1.350896805524826050e-01,-1.863317489624023438e-01,7.000225782394409180e-02
2.556872578015000844e-03,2.736504698957720975e-04,5.458238595152141714e-01,9.999853372573852539e-01,-5.127170006744563580e-04,-2.176182344555854797e-03,-4.926320631057024002e-03,0.000000000000000000e+00,0.000000000000000000e+00,-7.557488232851028442e-02,-1.338001624741826490e+00,1.115561723709106445e+00,-7.634449601173400879e-01,-1.083786562085151672e-01,1.366539822020802930e+00,1.129783630371093750e+00,7.107625603675842285e-01,1.763798668980598450e-02,9.187094867229461670e-02,7.313396036624908447e-02,1.374757140874862671e-01,-1.510829031467437744e-01,-1.173033043742179871e-01,3.589549288153648376e-02,-6.264384835958480835e-02,-1.636592447757720947e-01,1.350308060646057129e-01,-1.865546405315399170e-01,6.974685937166213989e-02
2.614707018238741649e-03,2.537493038761742229e-04,5.458136872864431943e-01,9.999847412109375000e-01,-5.274062859825789928e-04,-2.121764235198497772e-03,-5.070034414529800415e-03,0.000000000000000000e+00,0.000000000000000000e+00,-7.527190446853637695e-02,-1.338243619599614576e+00,1.115273475646972656e+00,-7.636734843254089355e-01,-1.080863624811172485e-01,1.366522342958722547e+00,1.129586696624755859e+00,7.111567854881286621e-01,1.785541325807571411e-02,9.201326966285705566e-02,7.342646270990371704e-02,1.373820900917053223e-01,-1.510881483554840088e-01,-1.172845810651779175e-01,3.594033792614936829e-02,-6.245424225926399231e-02,-1.634810715913772583e-01,1.348797380924224854e-01,-1.867143958806991577e-01,6.951761245727539062e-02
2.654930463033102536e-03,2.169050598560275079e-04,5.458312914701122232e-01,9.999843835830688477e-01,-5.479253013618290424e-04,-2.023900859057903290e-03,-5.179671104997396469e-03,0.000000000000000000e+00,0.000000000000000000e+00,-7.494477182626724243e-02,-1.338435397544179395e+00,1.115101099014282227e+00,-7.640120387077331543e-01,-1.079388111829757690e-01,1.366518915691647962e+00,1.129164218902587891e+00,7.118508219718933105e-01,1.808779127895832062e-02,9.228325635194778442e-02,7.402841746807098389e-02,1.373115330934524536e-01,-1.511032879352569580e-01,-1.173093840479850769e-01,3.586172685027122498e-02,-6.223606318235397339e-02,-1.631777286529541016e-01,1.346748471260070801e-01,-1.866357028484344482e-01,6.933877617120742798e-02
2.689387266147256258e-03,1.678774350982322697e-04,5.458517189662565050e-01,9.999841451644897461e-01,-5.698624299839138985e-04,-1.937252702191472054e-03,-5.256386939436197281e-03,0.000000000000000000e+00,0.000000000000000000e+00,-7.458832859992980957e-02,-1.338594959178243116e+00,1.114907264709472656e+00,-7.643358111381530762e-01,-1.078097894787788391e-01,1.366399378576550916e+00,1.128782272338867188e+00,7.128955721855163574e-01,1.833021827042102814e-02,9.260524809360504150e-02,7.471372187137603760e-02,1.372968554496765137e-01,-1.511326134204864502e-01,-1.172589734196662903e-01,3.570614755153656006e-02,-6.212487816810607910e-02,-1.629591137170791626e-01,1.345645487308502197e-01,-1.866176128387451172e-01,6.915342062711715698e-02
2.719640240024403730e-03,1.383179835704710246e-04,5.458537534120107004e-01,9.999837875366210938e-01,-5.973945371806621552e-04,-1.885307370685040951e-03,-5.339223891496658325e-03,0.000000000000000000e+00,0.000000000000000000e+00,-7.412826269865036011e-02,-1.338754476108823255e+00,1.114735841751098633e+00,-7.642071247100830078e-01,-1.079384461045265198e-01,1.366310180225644544e+00,1.128802299499511719e+00,7.138112187385559082e-01,1.857484132051467896e-02,9.287840873003005981e-02,7.518327981233596802e-02,1.373559236526489258e-01,-1.512179970741271973e-01,-1.172182112932205200e-01,3.565889596939086914e-02,-6.204647943377494812e-02,-1.628875136375427246e-01,1.346343159675598145e-01,-1.866701692342758179e-01,6.905779987573623657e-02
2.740676415610277580e-03,1.484998826084057565e-04,5.458344054176952342e-01,9.999835491180419922e-01,-6.173183210194110870e-04,-1.842316356487572193e-03,-5.394038278609514236e-03,0.000000000000000000e+00,0.000000000000000000e+00,-7.377717643976211548e-02,-1.338884086408887342e+00,1.114668130874633789e+00,-7.642943859100341797e-01,-1.080225706100463867e-01,1.366256491341863111e+00,1.128859758377075195e+00,7.145181298255920410e-01,1.857740245759487152e-02,9.307667613029479980e-02,7.544398307800292969e-02,1.375237554311752319e-01,-1.514696627855300903e-01,-1.171178147196769714e-01,3.566257283091545105e-02,-6.194138899445533752e-02,-1.629674136638641357e-01,1.348573416471481323e-01,-1.868176758289337158e-01,6.914681941270828247e-02
2.770434401569549319e-03,1.919841941142092683e-04,5.457996537626692568e-01,9.999837279319763184e-01,-6.347523885779082775e-04,-1.818923745304346085e-03,-5.371642298996448517e-03,0.000000000000000000e+00,0.000000000000000000e+00,-7.352980226278305054e-02,-1.338990912833486036e+00,1.114784002304077148e+00,-7.645137906074523926e-01,-1.081271767616271973e-01,1.366207123794827893e+00,1.128766655921936035e+00,7.150844335556030273e-01,1.858807913959026337e-02,9.313224256038665771e-02,7.541099190711975098e-02,1.375369727611541748e-01,-1.516362577676773071e-01,-1.171466410160064697e-01,3.576434776186943054e-02,-6.177007779479026794e-02,-1.630407720804214478e-01,1.349879950284957886e-01,-1.869202852249145508e-01,6.927781552076339722e-02
2.777277950122199971e-03,2.339143295158106577e-04,5.457765690312541551e-01,9.999836087226867676e-01,-6.319821113720536232e-04,-1.775690005160868168e-03,-5.397780332714319229e-03,0.000000000000000000e+00,0.000000000000000000e+00,-7.364794611930847168e-02,-1.339001745977673963e+00,1.114899516105651855e+00,-7.646894454956054688e-01,-1.082609891891479492e-01,1.366093964376721814e+00,1.128577828407287598e+00,7.153991460800170898e-01,1.842851936817169189e-02,9.307995438575744629e-02,7.538254559040069580e-02,1.375302523374557495e-01,-1.517810672521591187e-01,-1.172585561871528625e-01,3.574539348483085632e-02,-6.164338812232017517e-02,-1.629269570112228394e-01,1.349012255668640137e-01,-1.869078427553176880e-01,6.944926083087921143e-02
2.782972581764551340e-03,2.489783144986663812e-04,5.457802227297515740e-01,9.999836087226867676e-01,-6.159663898870348930e-04,-1.718157320283353329e-03,-5.422791931778192520e-03,0.000000000000000000e+00,0.000000000000000000e+00,-7.405182719230651855e-02,-1.339022711911473706e+00,1.115205168724060059e+00,-7.647495269775390625e-01,-1.083081960678100586e-01,1.366054342189107373e+00,1.128247141838073730e+00,7.152854800224304199e-01,1.801726035773754120e-02,9.287068992853164673e-02,7.517880946397781372e-02,1.376535296440124512e-01,-1.518691033124923706e-01,-1.173361539840698242e-01,3.547369316220283508e-02,-6.161197274923324585e-02,-1.627157926559448242e-01,1.348263919353485107e-01,-1.866962909698486328e-01,6.941917538642883301e-02
2.789770718581616963e-03,2.204347072774632513e-04,5.457903949585225511e-01,9.999836683273315430e-01,-6.078176083974540234e-04,-1.727500581182539463e-03,-5.407271906733512878e-03,0.000000000000000000e+00,0.000000000000000000e+00,-7.430980354547500610e-02,-1.339070842662129834e+00,1.115814328193664551e+00,-7.651830315589904785e-01,-1.082961782813072205e-01,1.366127641001019910e+00,1.127837657928466797e+00,7.151359319686889648e-01,1.766107790172100067e-02,9.265778958797454834e-02,7.487834244966506958e-02,1.379265934228897095e-01,-1.520396769046783447e-01,-1.173233538866043091e-01,3.532221913337707520e-02,-6.172528490424156189e-02,-1.628108471632003784e-01,1.347415149211883545e-01,-1.864333152770996094e-01,6.940200924873352051e-02
2.804153263980447511e-03,1.546842108905136686e-04,5.457976608362161697e-01,9.999833703041076660e-01,-6.268114666454493999e-04,-1.750565133988857269e-03,-5.454216152429580688e-03,0.000000000000000000e+00,0.000000000000000000e+00,-7.436031103134155273e-02,-1.339019344249043897e+00,1.116533637046813965e+00,-7.661321163177490234e-01,-1.082174405455589294e-01,1.366234631338391736e+00,1.127579808235168457e+00,7.154987454414367676e-01,1.748745329678058624e-02,9.267321974039077759e-02,7.475272566080093384e-02,1.381109505891799927e-01,-1.522175967693328857e-01,-1.174001991748809814e-01,3.528707101941108704e-02,-6.179579347372055054e-02,-1.629522889852523804e-01,1.348168849945068359e-01,-1.863351166248321533e-01,6.933981925249099731e-02
2.843377974961479836e-03,9.313772619843619629e-05,5.457960415834730572e-01,9.999827742576599121e-01,-6.294851191341876984e-04,-1.768890884704887867e-03,-5.550601053982973099e-03,0.000000000000000000e+00,0.000000000000000000e+00,-7.439948618412017822e-02,-1.338885591426167920e+00,1.117059707641601562e+00,-7.675235867500305176e-01,-1.080622076988220215e-01,1.366339133181844190e+00,1.127326488494873047e+00,7.164297103881835938e-01,1.753901317715644836e-02,9.277279675006866455e-02,7.494266331195831299e-02,1.381193399429321289e-01,-1.522863954305648804e-01,-1.173468604683876038e-01,3.526797518134117126e-02,-6.186572834849357605e-02,-1.630160510540008545e-01,1.349045038223266602e-01,-1.864052563905715942e-01,6.930036842823028564e-02
2.904090870482226028e-03,5.734265545507154693e-05,5.457887757057794387e-01,9.999823570251464844e-01,-6.092072580941021442e-04,-1.824581646360456944e-03,-5.616388283669948578e-03,0.000000000000000000e+00,0.000000000000000000e+00,-7.430083304643630981e-02,-1.338465482988629773e+00,1.117096662521362305e+00,-7.689561843872070312e-01,-1.080812886357307434e-01,1.366447539129529432e+00,1.127239584922790527e+00,7.177433371543884277e-01,1.783390156924724579e-02,9.285824000835418701e-02,7.534536719322204590e-02,1.380052417516708374e-01,-1.522316336631774902e-01,-1.171688064932823181e-01,3.547259047627449036e-02,-6.196974217891693115e-02,-1.631390452384948730e-01,1.349096447229385376e-01,-1.866553425788879395e-01,6.926791369915008545e-02
2.977059095959188294e-03,4.599900663691582081e-05,5.457815098280858201e-01,9.999821782112121582e-01,-5.832068272866308689e-04,-1.844600541517138481e-03,-5.650770850479602814e-03,0.000000000000000000e+00,0.000000000000000000e+00,-7.427503168582916260e-02,-1.337875948348317579e+00,1.116711974143981934e+00,-7.699766159057617188e-01,-1.079825833439826965e-01,1.366469935574803785e+00,1.127319574356079102e+00,7.185422778129577637e-01,1.796609908342361450e-02,9.293822944164276123e-02,7.578497380018234253e-02,1.378837972879409790e-01,-1.520132124423980713e-01,-1.170575097203254700e-01,3.567991405725479126e-02,-6.204021349549293518e-02,-1.631504297256469727e-01,1.349099129438400269e-01,-1.870913356542587280e-01,6.916466355323791504e-02
3.039663065897507677e-03,3.939210593671305403e-05,5.457722925432402228e-01,9.999826550483703613e-01,-5.585814360529184341e-04,-1.842845114879310131e-03,-5.559543613344430923e-03,0.000000000000000000e+00,0.000000000000000000e+00,-7.410686463117599487e-02,-1.337392256655965284e+00,1.116347193717956543e+00,-7.704296112060546875e-01,-1.078511029481887817e-01,1.366544337072644666e+00,1.127657175064086914e+00,7.186580896377563477e-01,1.799778081476688385e-02,9.290508925914764404e-02,7.579890638589859009e-02,1.378439515829086304e-01,-1.517702490091323853e-01,-1.170504689216613770e-01,3.596678003668785095e-02,-6.204868108034133911e-02,-1.631484478712081909e-01,1.349249631166458130e-01,-1.875052154064178467e-01,6.890411674976348877e-02
3.067068723953479681e-03,2.562302443020414853e-05,5.457696768272706223e-01,9.999834299087524414e-01,-5.362633964978158474e-04,-1.817597309127449989e-03,-5.441603716462850571e-03,0.000000000000000000e+00,0.000000000000000000e+00,-7.399761676788330078e-02,-1.337084502973828748e+00,1.116220235824584961e+00,-7.703371047973632812e-01,-1.077340841293334961e-01,1.366641373434339002e+00,1.127822279930114746e+00,7.189996838569641113e-01,1.795725338160991669e-02,9.287194907665252686e-02,7.578922808170318604e-02,1.378705352544784546e-01,-1.515812277793884277e-01,-1.172688305377960205e-01,3.620968014001846313e-02,-6.210848316550254822e-02,-1.633103489875793457e-01,1.349869817495346069e-01,-1.877098381519317627e-01,6.865432113409042358e-02
3.071127884375693222e-03,1.051873653201677945e-05,5.457644453953311992e-01,9.999839663505554199e-01,-5.159358261153101921e-04,-1.794072682969272137e-03,-5.344194825738668442e-03,0.000000000000000000e+00,0.000000000000000000e+00,-7.385484129190444946e-02,-1.336898983516965345e+00,1.116296052932739258e+00,-7.699804306030273438e-01,-1.075949594378471375e-01,1.366729618110928968e+00,1.127923846244812012e+00,7.195829749107360840e-01,1.803939603269100189e-02,9.280811995267868042e-02,7.559192925691604614e-02,1.379648596048355103e-01,-1.515672504901885986e-01,-1.175097376108169556e-01,3.632018715143203735e-02,-6.218643113970756531e-02,-1.635590791702270508e-01,1.351933926343917847e-01,-1.876374930143356323e-01,6.841186434030532837e-02
3.071794139410632431e-03,1.451286086148224868e-05,5.457717112730248177e-01,9.999846816062927246e-01,-4.916595644317567348e-04,-1.720617059618234634e-03,-5.231897812336683273e-03,0.000000000000000000e+00,0.000000000000000000e+00,-7.383867353200912476e-02,-1.336809353032384351e+00,1.116648912429809570e+00,-7.695389986038208008e-01,-1.073853746056556702e-01,1.366868929066930249e+00,1.128204107284545898e+00,7.202404737472534180e-01,1.806790754199028015e-02,9.260217100381851196e-02,7.508577406406402588e-02,1.378962099552154541e-01,-1.516511887311935425e-01,-1.174781545996665955e-01,3.617930039763450623e-02,-6.229983642697334290e-02,-1.638908833265304565e-01,1.353899538516998291e-01,-1.874489486217498779e-01,6.823580712080001831e-02
3.071017923101669860e-03,2.604845535486931856e-05,5.457954603132575411e-01,9.999855756759643555e-01,-4.734791000373661518e-04,-1.588393584825098515e-03,-5.103821400552988052e-03,0.000000000000000000e+00,0.000000000000000000e+00,-7.342378795146942139e-02,-1.336650700369153455e+00,1.116801142692565918e+00,-7.693158984184265137e-01,-1.072450354695320129e-01,1.366921843090329602e+00,1.128336310386657715e+00,7.208920121192932129e-01,1.786892488598823547e-02,9.245182573795318604e-02,7.483375072479248047e-02,1.378607004880905151e-01,-1.517642587423324585e-01,-1.172749996185302734e-01,3.575190901756286621e-02,-6.239727139472961426e-02,-1.641862839460372925e-01,1.355853825807571411e-01,-1.872651726007461548e-01,6.801117211580276489e-02
3.081742228829593457e-03,3.164733716366386761e-05,5.458202473360179718e-01,9.999861717224121094e-01,-4.588713345583528280e-04,-1.483698608353734016e-03,-5.027960520237684250e-03,0.000000000000000000e+00,0.000000000000000000e+00,-7.298663258552551270e-02,-1.336463035145078138e+00,1.116844892501831055e+00,-7.691692113876342773e-01,-1.072834879159927368e-01,1.366851092376981214e+00,1.128130912780761719e+00,7.216674685478210449e-01,1.772955432534217834e-02,9.246627986431121826e-02,7.502704858779907227e-02,1.376646906137466431e-01,-1.517822593450546265e-01,-1.171780377626419067e-01,3.531410545110702515e-02,-6.245300173759460449e-02,-1.642364114522933960e-01,1.357395946979522705e-01,-1.871833950281143188e-01,6.783098727464675903e-02
3.104272937070521807e-03,3.826595571349525489e-05,5.458408409093666869e-01,9.999865889549255371e-01,-4.499229253269731998e-04,-1.429504016414284706e-03,-4.956073593348264694e-03,0.000000000000000000e+00,0.000000000000000000e+00,-7.277718186378479004e-02,-1.336329118409429029e+00,1.116838455200195312e+00,-7.691600918769836426e-01,-1.074449494481086731e-01,1.366545991101537183e+00,1.127643585205078125e+00,7.223038077354431152e-01,1.766306348145008087e-02,9.257396310567855835e-02,7.530276477336883545e-02,1.374006569385528564e-01,-1.517057567834854126e-01,-1.172122955322265625e-01,3.518009558320045471e-02,-6.256273388862609863e-02,-1.642523407936096191e-01,1.357616186141967773e-01,-1.871112585067749023e-01,6.766732782125473022e-02
3.148111480386983976e-03,5.651296885476731179e-05,5.458545007594306497e-01,9.999871850013732910e-01,-4.493187298066914082e-04,-1.340073067694902420e-03,-4.849982447922229767e-03,0.000000000000000000e+00,0.000000000000000000e+00,-7.287714630365371704e-02,-1.336250440278325513e+00,1.116706490516662598e+00,-7.691610455513000488e-01,-1.076403856277465820e-01,1.366174043216977552e+00,1.127009391784667969e+00,7.223893404006958008e-01,1.740509644150733948e-02,9.265844523906707764e-02,7.519642263650894165e-02,1.370278447866439819e-01,-1.515810787677764893e-01,-1.173422262072563171e-01,3.515991941094398499e-02,-6.259686499834060669e-02,-1.641360223293304443e-01,1.356770247220993042e-01,-1.870380192995071411e-01,6.762766093015670776e-02
3.203531638125305548e-03,5.478358251628268093e-05,5.458527154294829931e-01,9.999878406524658203e-01,-4.473594599403440952e-04,-1.248351298272609711e-03,-4.742079414427280426e-03,0.000000000000000000e+00,0.000000000000000000e+00,-7.301519066095352173e-02,-1.336236164965901807e+00,1.116471767425537109e+00,-7.692582607269287109e-01,-1.078027710318565369e-01,1.365862296023641065e+00,1.126382946968078613e+00,7.222689986228942871e-01,1.719781011343002319e-02,9.265120327472686768e-02,7.483953982591629028e-02,1.366942077875137329e-01,-1.514073610305786133e-01,-1.172954961657524109e-01,3.516215458512306213e-02,-6.258465349674224854e-02,-1.640598475933074951e-01,1.356483101844787598e-01,-1.869373619556427002e-01,6.758701801300048828e-02
3.249780571492708482e-03,6.029919258225797474e-05,5.458360661897394550e-01,9.999882578849792480e-01,-4.452844150364398956e-04,-1.154649769887328148e-03,-4.680346697568893433e-03,0.000000000000000000e+00,0.000000000000000000e+00,-7.308348268270492554e-02,-1.336295680203710035e+00,1.116408824920654297e+00,-7.689505815505981445e-01,-1.079508811235427856e-01,1.365743995704923108e+00,1.126227617263793945e+00,7.223145365715026855e-01,1.708498410880565643e-02,9.256822615861892700e-02,7.440239936113357544e-02,1.365136504173278809e-01,-1.511640399694442749e-01,-1.170825287699699402e-01,3.508627787232398987e-02,-6.252101063728332520e-02,-1.639613807201385498e-01,1.356939524412155151e-01,-1.867462843656539917e-01,6.755317747592926025e-02
3.272786481109579444e-03,7.156074549717654975e-05,5.458190017569847230e-01,9.999884963035583496e-01,-4.535462358035147190e-04,-1.026590471155941486e-03,-4.657171200960874557e-03,0.000000000000000000e+00,0.000000000000000000e+00,-7.306290417909622192e-02,-1.336404115953717664e+00,1.116468191146850586e+00,-7.685909867286682129e-01,-1.080799922347068787e-01,1.365763128795896009e+00,1.126568078994750977e+00,7.224096059799194336e-01,1.691405475139617920e-02,9.243245422840118408e-02,7.393597066402435303e-02,1.365798711776733398e-01,-1.511166393756866455e-01,-1.167569085955619812e-01,3.469235077500343323e-02,-6.244125962257385254e-02,-1.639781296253204346e-01,1.358638554811477661e-01,-1.865693181753158569e-01,6.748371571302413940e-02
3.283889326090557673e-03,6.422541217585658565e-05,5.458261015574739083e-01,9.999890923500061035e-01,-4.599000676535069942e-04,-8.446219144389033318e-04,-4.558389540761709213e-03,0.000000000000000000e+00,0.000000000000000000e+00,-7.307702302932739258e-02,-1.336604149141583875e+00,1.116929411888122559e+00,-7.680389881134033203e-01,-1.082393750548362732e-01,1.365904764333043531e+00,1.127172708511352539e+00,7.222610116004943848e-01,1.649167761206626892e-02,9.228122979402542114e-02,7.337708026170730591e-02,1.367852836847305298e-01,-1.510549187660217285e-01,-1.165892407298088074e-01,3.404339402914047241e-02,-6.242746114730834961e-02,-1.642253547906875610e-01,1.360635310411453247e-01,-1.863412559032440186e-01,6.765039265155792236e-02
3.297891061649554229e-03,3.161496102896335788e-05,5.458550820296460548e-01,9.999899864196777344e-01,-4.813263949472457170e-04,-6.808994803577661514e-04,-4.395413678139448166e-03,0.000000000000000000e+00,0.000000000000000000e+00,-7.333683222532272339e-02,-1.336890132227216199e+00,1.117676734924316406e+00,-7.677954435348510742e-01,-1.083515807986259460e-01,1.365979329743657544e+00,1.127780675888061523e+00,7.217702865600585938e-01,1.594960130751132965e-02,9.223946183919906616e-02,7.296492159366607666e-02,1.370383799076080322e-01,-1.510103195905685425e-01,-1.166493520140647888e-01,3.347548097372055054e-02,-6.241980567574501038e-02,-1.644516140222549438e-01,1.359396725893020630e-01,-1.860093027353286743e-01,6.808482855558395386e-02
3.319775301397476924e-03,-1.251737999825648949e-05,5.458625139845441065e-01,9.999906420707702637e-01,-5.224341293796896935e-04,-6.128412205725908279e-04,-4.244602285325527191e-03,0.000000000000000000e+00,0.000000000000000000e+00,-7.348170876502990723e-02,-1.337118716039929822e+00,1.118079900741577148e+00,-7.681000232696533203e-01,-1.084016561508178711e-01,1.365844667949948743e+00,1.128093361854553223e+00,7.213389873504638672e-01,1.567713357508182526e-02,9.229399263858795166e-02,7.274439185857772827e-02,1.372052878141403198e-01,-1.510623544454574585e-01,-1.168727949261665344e-01,3.357009962201118469e-02,-6.246364861726760864e-02,-1.646011173725128174e-01,1.354883611202239990e-01,-1.858002841472625732e-01,6.848787516355514526e-02
3.347169282150012654e-03,-6.627982692986154770e-05,5.458432905481319652e-01,9.999907612800598145e-01,-5.734701990149915218e-04,-6.180283380672335625e-04,-4.215084481984376907e-03,0.000000000000000000e+00,0.000000000000000000e+00,-7.349425554275512695e-02,-1.337366939583096936e+00,1.118044376373291016e+00,-7.686508893966674805e-01,-1.083040684461593628e-01,1.365701274075780347e+00,1.128218173980712891e+00,7.211491465568542480e-01,1.574936509132385254e-02,9.240685403347015381e-02,7.290332764387130737e-02,1.372336000204086304e-01,-1.513519883155822754e-01,-1.169837638735771179e-01,3.409096598625183105e-02,-6.253631412982940674e-02,-1.646630316972732544e-01,1.351092159748077393e-01,-1.858640760183334351e-01,6.876119226217269897e-02
3.398580556744803475e-03,-1.087834679510890027e-04,5.458003180714869895e-01,9.999902248382568359e-01,-6.160144112072885036e-04,-6.410905625671148300e-04,-4.322905093431472778e-03,0.000000000000000000e+00,0.000000000000000000e+00,-7.340146601200103760e-02,-1.337665529051099256e+00,1.117844700813293457e+00,-7.695983052253723145e-01,-1.081502065062522888e-01,1.365774885812077954e+00,1.128346681594848633e+00,7.210988998413085938e-01,1.616124622523784637e-02,9.245550632476806641e-02,7.333558797836303711e-02,1.370564103126525879e-01,-1.517785638570785522e-01,-1.170808076858520508e-01,3.465498611330986023e-02,-6.258644908666610718e-02,-1.645707637071609497e-01,1.349268108606338501e-01,-1.859891116619110107e-01,6.885544955730438232e-02
3.479546113227813871e-03,-1.217634800056170745e-04,5.457551865911844935e-01,9.999892115592956543e-01,-6.428023334592580795e-04,-6.337540107779204845e-04,-4.548943601548671722e-03,0.000000000000000000e+00,0.000000000000000000e+00,-7.321648299694061279e-02,-1.337897644439015821e+00,1.117427706718444824e+00,-7.704665064811706543e-01,-1.081725284457206726e-01,1.366093010702405408e+00,1.128341197967529297e+00,7.215529084205627441e-01,1.669831573963165283e-02,9.252758324146270752e-02,7.398234307765960693e-02,1.366879791021347046e-01,-1.521676182746887207e-01,-1.172915324568748474e-01,3.497648611664772034e-02,-6.250829994678497314e-02,-1.642272025346755981e-01,1.349554359912872314e-01,-1.860792934894561768e-01,6.890270859003067017e-02
3.582345632180063740e-03,-9.722032231990731718e-05,5.457364198670844324e-01,9.999881386756896973e-01,-6.590463453903794289e-04,-6.119089084677398205e-04,-4.784659948199987411e-03,0.000000000000000000e+00,0.000000000000000000e+00,-7.267953455448150635e-02,-1.337936104336057141e+00,1.117044329643249512e+00,-7.713202238082885742e-01,-1.081064715981483459e-01,1.366506756344113782e+00,1.128006935119628906e+00,7.221167087554931641e-01,1.715482212603092194e-02,9.260617196559906006e-02,7.449483871459960938e-02,1.364244669675827026e-01,-1.524135321378707886e-01,-1.174623519182205200e-01,3.506190329790115356e-02,-6.236510723829269409e-02,-1.637882590293884277e-01,1.352149844169616699e-01,-1.861941069364547729e-01,6.885666400194168091e-02
3.695534383125527716e-03,-4.639293317001893792e-05,5.457430214359603182e-01,9.999873042106628418e-01,-6.743710837326943874e-04,-5.575691466219723225e-04,-4.960556048899888992e-03,0.000000000000000000e+00,0.000000000000000000e+00,-7.212880998849868774e-02,-1.337898076572690442e+00,1.116686463356018066e+00,-7.716817259788513184e-01,-1.077990010380744934e-01,1.366815836229596570e+00,1.127370357513427734e+00,7.223330140113830566e-01,1.728690601885318756e-02,9.271439909934997559e-02,7.484962791204452515e-02,1.363725215196609497e-01,-1.525911390781402588e-01,-1.175099089741706848e-01,3.486947342753410339e-02,-6.220939382910728455e-02,-1.634186506271362305e-01,1.354798227548599243e-01,-1.862812489271163940e-01,6.885582208633422852e-02
3.803940305205278163e-03,-4.642539039710442499e-07,5.457778561295885122e-01,9.999870061874389648e-01,-6.791539490222930908e-04,-4.709427012130618095e-04,-5.037172231823205948e-03,0.000000000000000000e+00,0.000000000000000000e+00,-7.193898409605026245e-02,-1.337809191146169141e+00,1.116758584976196289e+00,-7.722300291061401367e-01,-1.073061898350715637e-01,1.366936848559651807e+00,1.126540422439575195e+00,7.225202918052673340e-01,1.734808273613452911e-02,9.275703132152557373e-02,7.499997317790985107e-02,1.364457309246063232e-01,-1.525473892688751221e-01,-1.173246577382087708e-01,3.449465706944465637e-02,-6.208227574825286865e-02,-1.629707068204879761e-01,1.355736851692199707e-01,-1.863096356391906738e-01,6.877666711807250977e-02
3.895211081970671122e-03,1.142839036045262084e-05,5.458182959288659930e-01,9.999870061874389648e-01,-6.986489752307534218e-04,-4.279933637008070946e-04,-5.033808760344982147e-03,0.000000000000000000e+00,0.000000000000000000e+00,-7.209176570177078247e-02,-1.337720961370740369e+00,1.117049574851989746e+00,-7.727563381195068359e-01,-1.068606078624725342e-01,1.366954685249600843e+00,1.125970244407653809e+00,7.225579619407653809e-01,1.748126558959484100e-02,9.286785125732421875e-02,7.501610368490219116e-02,1.365943700075149536e-01,-1.526219695806503296e-01,-1.172815486788749695e-01,3.445467725396156311e-02,-6.189917773008346558e-02,-1.626184433698654175e-01,1.353253871202468872e-01,-1.862957775592803955e-01,6.853110343217849731e-02
3.959374620656793201e-03,-8.788934595059166163e-06,5.458434151060352901e-01,9.999871253967285156e-01,-7.319161668419837952e-04,-4.381893668323755264e-04,-4.995417781174182892e-03,0.000000000000000000e+00,0.000000000000000000e+00,-7.256429642438888550e-02,-1.337703780331883863e+00,1.117556929588317871e+00,-7.730938196182250977e-01,-1.066565811634063721e-01,1.366906763115201429e+00,1.125996351242065430e+00,7.224195003509521484e-01,1.766169816255569458e-02,9.297350794076919556e-02,7.484396547079086304e-02,1.368277221918106079e-01,-1.530309766530990601e-01,-1.174339801073074341e-01,3.482577577233314514e-02,-6.183893233537673950e-02,-1.628235578536987305e-01,1.349833160638809204e-01,-1.863503754138946533e-01,6.825381517410278320e-02
4.013873893271359926e-03,-2.296485659697814922e-05,5.458458647448004575e-01,9.999871253967285156e-01,-7.503631059080362320e-04,-5.032693152315914631e-04,-4.987261258065700531e-03,0.000000000000000000e+00,0.000000000000000000e+00,-7.317268103361129761e-02,-1.337725863852773145e+00,1.118157386779785156e+00,-7.731676101684570312e-01,-1.066549345850944519e-01,1.366837532320294812e+00,1.126541972160339355e+00,7.221844196319580078e-01,1.785533875226974487e-02,9.297170490026473999e-02,7.467447221279144287e-02,1.370604783296585083e-01,-1.536513268947601318e-01,-1.176864579319953918e-01,3.529601171612739563e-02,-6.190023198723793030e-02,-1.632428318262100220e-01,1.347899734973907471e-01,-1.864977926015853882e-01,6.816052645444869995e-02
4.095628965214468710e-03,-2.858972851515658361e-06,5.458267243469905328e-01,9.999866485595703125e-01,-7.448163232766091824e-04,-5.768220289610326290e-04,-5.069680511951446533e-03,0.000000000000000000e+00,0.000000000000000000e+00,-7.360999286174774170e-02,-1.337861106791768506e+00,1.118587136268615723e+00,-7.737449407577514648e-01,-1.066154241561889648e-01,1.366960958638463453e+00,1.126965045928955078e+00,7.222723960876464844e-01,1.807318255305290222e-02,9.277688711881637573e-02,7.463063299655914307e-02,1.371664404869079590e-01,-1.540190875530242920e-01,-1.178456023335456848e-01,3.583137318491935730e-02,-6.202010810375213623e-02,-1.633907258510589600e-01,1.345973908901214600e-01,-1.866229325532913208e-01,6.825693696737289429e-02
4.191743876688615311e-03,4.480086664893815176e-05,5.458114452441834574e-01,9.999861121177673340e-01,-7.295833202078938484e-04,-6.218110793270170689e-04,-5.176170263439416885e-03,0.000000000000000000e+00,0.000000000000000000e+00,-7.368806749582290649e-02,-1.338035286464963391e+00,1.118716716766357422e+00,-7.743325233459472656e-01,-1.065936610102653503e-01,1.367274195947919324e+00,1.126968979835510254e+00,7.224572300910949707e-01,1.820967346429824829e-02,9.254503250122070312e-02,7.474736869335174561e-02,1.371708810329437256e-01,-1.540870368480682373e-01,-1.177521944046020508e-01,3.621053695678710938e-02,-6.208280101418495178e-02,-1.632408648729324341e-01,1.345766484737396240e-01,-1.868171393871307373e-01,6.829802691936492920e-02
4.288632085145864872e-03,1.009938145429572132e-04,5.458062138122440343e-01,9.999859333038330078e-01,-7.121043745428323746e-04,-6.092306575737893581e-04,-5.220773629844188690e-03,0.000000000000000000e+00,0.000000000000000000e+00,-7.320168614387512207e-02,-1.338135601082120374e+00,1.118374109268188477e+00,-7.751961350440979004e-01,-1.066246926784515381e-01,1.367556140818868116e+00,1.126854062080383301e+00,7.231873273849487305e-01,1.813711971044540405e-02,9.236103296279907227e-02,7.486665993928909302e-02,1.372389346361160278e-01,-1.538736224174499512e-01,-1.172277927398681641e-01,3.641186282038688660e-02,-6.207953393459320068e-02,-1.631694883108139038e-01,1.345174908638000488e-01,-1.869395375251770020e-01,6.826540082693099976e-02
4.365933887675790305e-03,1.502003899212918337e-04,5.458041378471887306e-01,9.999859929084777832e-01,-6.953741540201008320e-04,-5.576271796599030495e-04,-5.213575903326272964e-03,0.000000000000000000e+00,0.000000000000000000e+00,-7.248417288064956665e-02,-1.338192553320203260e+00,1.117750406265258789e+00,-7.759036421775817871e-01,-1.067002639174461365e-01,1.367710829773221448e+00,1.126838922500610352e+00,7.242035865783691406e-01,1.807517930865287781e-02,9.230607002973556519e-02,7.503467053174972534e-02,1.371777504682540894e-01,-1.536387503147125244e-01,-1.168572977185249329e-01,3.646067157387733459e-02,-6.201072037220001221e-02,-1.631188392639160156e-01,1.342893391847610474e-01,-1.870398223400115967e-01,6.821985542774200439e-02
4.426415183345053066e-03,1.856589069939218386e-04,5.457994876854648236e-01,9.999864101409912109e-01,-6.886966875754296780e-04,-4.976780619472265244e-04,-5.143306218087673187e-03,0.000000000000000000e+00,0.000000000000000000e+00,-7.187808305025100708e-02,-1.338351742425237134e+00,1.117245435714721680e+00,-7.763306498527526855e-01,-1.065829098224639893e-01,1.367804587879453138e+00,1.126858234405517578e+00,7.249816656112670898e-01,1.805601082742214203e-02,9.226982295513153076e-02,7.498324662446975708e-02,1.369740217924118042e-01,-1.534744203090667725e-01,-1.167090907692909241e-01,3.648358583450317383e-02,-6.191790103912353516e-02,-1.633971780538558960e-01,1.339991092681884766e-01,-1.871583759784698486e-01,6.822632253170013428e-02
4.467749269444006195e-03,2.051608552022971021e-04,5.457911423059425005e-01,9.999868273735046387e-01,-7.032764260657131672e-04,-4.702066944446414709e-04,-5.061105359345674515e-03,0.000000000000000000e+00,0.000000000000000000e+00,-7.152750343084335327e-02,-1.338399768867764905e+00,1.116533517837524414e+00,-7.765705585479736328e-01,-1.064067333936691284e-01,1.367763088145528272e+00,1.126929402351379395e+00,7.255616784095764160e-01,1.813049800693988800e-02,9.233561903238296509e-02,7.504173368215560913e-02,1.367165893316268921e-01,-1.533147543668746948e-01,-1.168767139315605164e-01,3.653071820735931396e-02,-6.177058815956115723e-02,-1.639410108327865601e-01,1.338234543800354004e-01,-1.871655434370040894e-01,6.828369200229644775e-02
4.490978994043402783e-03,2.178014550795202343e-04,5.457846652949699395e-01,9.999870657920837402e-01,-7.223395514301955700e-04,-4.433404246810823679e-04,-5.009003914892673492e-03,0.000000000000000000e+00,0.000000000000000000e+00,-7.138270884752273560e-02,-1.338355169692311719e+00,1.115705013275146484e+00,-7.766930460929870605e-01,-1.063005030155181885e-01,1.367675007381711438e+00,1.127419948577880859e+00,7.264027595520019531e-01,1.802331581711769104e-02,9.236046671867370605e-02,7.500148564577102661e-02,1.365414857864379883e-01,-1.531007289886474609e-01,-1.171289458870887756e-01,3.671316802501678467e-02,-6.162581965327262878e-02,-1.644488275051116943e-01,1.335791349411010742e-01,-1.872648894786834717e-01,6.844891607761383057e-02
4.504815625506594125e-03,2.283082710309459877e-04,5.457846652949699395e-01,9.999873042106628418e-01,-7.350657251663506031e-04,-3.729882300831377506e-04,-4.970940761268138885e-03,0.000000000000000000e+00,0.000000000000000000e+00,-7.103942334651947021e-02,-1.338266656794820264e+00,1.114779114723205566e+00,-7.765091061592102051e-01,-1.064553633332252502e-01,1.367553086080823377e+00,1.128174304962158203e+00,7.276019454002380371e-01,1.768383570015430450e-02,9.220384806394577026e-02,7.464969903230667114e-02,1.364257037639617920e-01,-1.527371257543563843e-01,-1.173127219080924988e-01,3.689635545015335083e-02,-6.158176437020301819e-02,-1.649944335222244263e-01,1.333012580871582031e-01,-1.873752772808074951e-01,6.857819855213165283e-02
4.501149276597189892e-03,2.439765767397175579e-04,5.457942977728266198e-01,9.999878406524658203e-01,-7.319637225009500980e-04,-2.276279265061020851e-04,-4.863183945417404175e-03,0.000000000000000000e+00,0.000000000000000000e+00,-7.033134251832962036e-02,-1.338241250314984754e+00,1.114246964454650879e+00,-7.765462994575500488e-01,-1.067349463701248169e-01,1.367467568316731885e+00,1.129045128822326660e+00,7.290138006210327148e-01,1.694047823548316956e-02,9.180773794651031494e-02,7.401227205991744995e-02,1.364725828170776367e-01,-1.524513512849807739e-01,-1.173965856432914734e-01,3.694795072078704834e-02,-6.163754686713218689e-02,-1.656116694211959839e-01,1.329976916313171387e-01,-1.874413341283798218e-01,6.878838688135147095e-02
4.462449719901243929e-03,2.678384164799795246e-04,5.457960831027741655e-01,9.999882578849792480e-01,-7.015998708084225655e-04,-9.580444748280569911e-05,-4.788634832948446274e-03,0.000000000000000000e+00,0.000000000000000000e+00,-6.970933824777603149e-02,-1.338248373070035413e+00,1.114462852478027344e+00,-7.770835757255554199e-01,-1.069211959838867188e-01,1.367580340304646924e+00,1.129825711250305176e+00,7.296695113182067871e-01,1.590049266815185547e-02,9.136499464511871338e-02,7.356109470129013062e-02,1.366377323865890503e-01,-1.522516310214996338e-01,-1.174133941531181335e-01,3.678636625409126282e-02,-6.172242388129234314e-02,-1.660641133785247803e-01,1.327866911888122559e-01,-1.873729228973388672e-01,6.900885701179504395e-02
4.379858423284292528e-03,3.128611518942040815e-04,5.457820910983013363e-01,9.999883770942687988e-01,-6.383140571415424347e-04,-3.638525959104299545e-05,-4.780391696840524673e-03,0.000000000000000000e+00,0.000000000000000000e+00,-6.897027790546417236e-02,-1.338076011338506177e+00,1.115171909332275391e+00,-7.773579955101013184e-01,-1.070038899779319763e-01,1.367708117761884168e+00,1.130465626716613770e+00,7.295839190483093262e-01,1.498406939208507538e-02,9.103001654148101807e-02,7.350680977106094360e-02,1.368059962987899780e-01,-1.520323902368545532e-01,-1.174213960766792297e-01,3.673537075519561768e-02,-6.195980682969093323e-02,-1.662598550319671631e-01,1.329007893800735474e-01,-1.874511092901229858e-01,6.907407194375991821e-02
