-4.300971686308544678e-02,-1.798870429641219112e-02,5.167028029895189833e-01,9.990643858909606934e-01,3.111218661069869995e-02,-2.898226305842399597e-02,7.902729324996471405e-03,0.000000000000000000e+00,0.000000000000000000e+00,2.321401536464691162e-01,-1.510908377417598203e+00,1.243019342422485352e+00,-2.177196145057678223e-01,-8.626607060432434082e-02,1.332298428812299207e+00,1.119320154190063477e+00,2.167545855045318604e-01,-3.549761772155761719e-01,-8.395305834710597992e-03,2.627378702163696289e-01,2.617362439632415771e-01,7.706453651189804077e-02,-4.320933367125689983e-04,4.656544029712677002e-01,-1.180524379014968872e-01,-1.016471236944198608e-01,4.449354708194732666e-01,-1.613548249006271362e-01,2.056964188814163208e-01
-1.845144988202273434e-02,-1.049218429022026437e-02,5.212418590636566096e-01,9.978681802749633789e-01,4.913266003131866455e-02,-3.897873312234878540e-02,1.804946735501289368e-02,0.000000000000000000e+00,0.000000000000000000e+00,2.059647440910339355e-01,-1.496243686476026014e+00,1.234957814216613770e+00,-2.234307825565338135e-01,-4.119461774826049805e-02,1.349331603446279004e+00,1.134148836135864258e+00,2.241916358470916748e-01,-2.605978846549987793e-01,-7.779640704393386841e-02,2.701641619205474854e-01,2.372755259275436401e-01,3.324536979198455811e-02,1.474670320749282837e-02,3.893707394599914551e-01,-1.846456378698348999e-01,-8.982285112142562866e-02,7.050477862358093262e-01,-2.814415097236633301e-02,2.085251659154891968e-01
1.155659904294280456e-02,-3.541770570804458895e-03,5.253854022754562703e-01,9.967267513275146484e-01,5.800492316484451294e-02,-5.211232230067253113e-02,2.134369313716888428e-02,0.000000000000000000e+00,0.000000000000000000e+00,1.766538172960281372e-01,-1.473434188463960126e+00,1.211913585662841797e+00,-2.271775603294372559e-01,-1.385097671300172806e-02,1.367996157207761243e+00,1.165466785430908203e+00,2.458378821611404419e-01,-1.538386195898056030e-01,-1.173641309142112732e-01,2.747670412063598633e-01,2.008940130472183228e-01,-1.307304762303829193e-02,8.829304948449134827e-03,2.743209600448608398e-01,-2.330162972211837769e-01,-6.927108019590377808e-02,9.746451973915100098e-01,8.108906447887420654e-02,1.693968474864959717e-01
3.757790499169266774e-02,1.722614718877447069e-03,5.295078536822940274e-01,9.961190819740295410e-01,6.035749614238739014e-02,-6.063064187765121460e-02,2.068069390952587128e-02,0.000000000000000000e+00,0.000000000000000000e+00,1.481747031211853027e-01,-1.440725789466176465e+00,1.169516682624816895e+00,-2.371549010276794434e-01,-3.527863882482051849e-03,1.383682699003491834e+00,1.197719812393188477e+00,2.840548753738403320e-01,-5.561424046754837036e-02,-1.372087746858596802e-01,2.775827348232269287e-01,1.497395187616348267e-01,-4.381702840328216553e-02,-6.161915138363838196e-03,1.447209417819976807e-01,-2.528632283210754395e-01,-5.329110845923423767e-02,1.174679040908813477e+00,4.811245575547218323e-02,1.302126944065093994e-01
6.129355332654232852e-02,5.680556599276535314e-03,5.336063899716945169e-01,9.959828257560729980e-01,5.548357218503952026e-02,-6.680184602737426758e-02,2.184798195958137512e-02,0.000000000000000000e+00,0.000000000000000000e+00,1.182952895760536194e-01,-1.399897457161221936e+00,1.115160703659057617e+00,-2.536857128143310547e-01,6.365950219333171844e-03,1.398391903438840345e+00,1.214678287506103516e+00,3.181884884834289551e-01,2.591152302920818329e-02,-1.371301114559173584e-01,2.689875066280364990e-01,1.222274675965309143e-01,-8.235644549131393433e-02,-2.240900509059429169e-02,1.648397371172904968e-02,-2.539902627468109131e-01,-6.054358929395675659e-02,1.296684265136718750e+00,-2.106813155114650726e-02,8.239638805389404297e-02
8.478313425678120352e-02,8.699099315692567641e-03,5.368385845242124033e-01,9.959896802902221680e-01,4.732390120625495911e-02,-7.060120999813079834e-02,2.793758362531661987e-02,0.000000000000000000e+00,0.000000000000000000e+00,8.363716304302215576e-02,-1.354689867296491101e+00,1.061389327049255371e+00,-2.753159105777740479e-01,2.277905121445655823e-02,1.415455461540494397e+00,1.212189912796020508e+00,3.326926231384277344e-01,9.296508133411407471e-02,-1.275545060634613037e-01,2.499991506338119507e-01,1.128823757171630859e-01,-1.236072629690170288e-01,-3.544514626264572144e-02,-1.031343787908554077e-01,-2.584360241889953613e-01,-9.898670017719268799e-02,1.346185326576232910e+00,-8.406538516283035278e-02,2.105385437607765198e-02
1.079218148137207622e-01,1.117167749482141093e-02,5.388688783483072120e-01,9.959890246391296387e-01,3.868218511343002319e-02,-7.150986045598983765e-02,3.736158087849617004e-02,0.000000000000000000e+00,0.000000000000000000e+00,4.493716359138488770e-02,-1.309894518056188062e+00,1.014527320861816406e+00,-2.952234148979187012e-01,4.494650289416313171e-02,1.434702784815106824e+00,1.195804357528686523e+00,3.271207213401794434e-01,1.467849761247634888e-01,-1.143525913357734680e-01,2.268722504377365112e-01,1.103726252913475037e-01,-1.619586795568466187e-01,-4.310016706585884094e-02,-2.092565000057220459e-01,-2.519598007202148438e-01,-1.467022895812988281e-01,1.318727731704711914e+00,-1.282868683338165283e-01,-2.847467362880706787e-02
1.296052075374984347e-01,1.327399952146647924e-02,5.396401408856564830e-01,9.959451556205749512e-01,3.124484792351722717e-02,-7.011175155639648438e-02,4.691798612475395203e-02,0.000000000000000000e+00,0.000000000000000000e+00,5.666458047926425934e-03,-1.270244256654057935e+00,9.785113334655761719e-01,-3.074353337287902832e-01,6.931649893522262573e-02,1.453353763618741468e+00,1.177888751029968262e+00,3.097690045833587646e-01,1.897630095481872559e-01,-1.006501838564872742e-01,2.067593038082122803e-01,1.111554130911827087e-01,-1.973347663879394531e-01,-4.334248974919319153e-02,-2.959763407707214355e-01,-2.248583137989044189e-01,-1.843550950288772583e-01,1.213926911354064941e+00,-1.387914419174194336e-01,-5.212093144655227661e-02
1.514516257970697222e-01,1.548354903565287051e-02,5.390142789407812440e-01,9.958370327949523926e-01,2.614216879010200500e-02,-6.740775704383850098e-02,5.551022663712501526e-02,0.000000000000000000e+00,0.000000000000000000e+00,-3.292375057935714722e-02,-1.239540741839681104e+00,9.535710811614990234e-01,-3.125297725200653076e-01,9.376469999551773071e-02,1.468291156986031964e+00,1.166123390197753906e+00,2.888676524162292480e-01,2.274421155452728271e-01,-8.973062038421630859e-02,1.928091347217559814e-01,1.141334697604179382e-01,-2.332061976194381714e-01,-3.905915096402168274e-02,-3.571917712688446045e-01,-1.817409992218017578e-01,-2.014608383178710938e-01,1.035181999206542969e+00,-1.103929579257965088e-01,-4.868190735578536987e-02
1.751025040221936835e-01,1.754445815440079312e-02,5.366700576810222723e-01,9.955167174339294434e-01,2.453891932964324951e-02,-6.475377827882766724e-02,6.442974507808685303e-02,0.000000000000000000e+00,0.000000000000000000e+00,-6.990092992782592773e-02,-1.220541940131459668e+00,9.379224181175231934e-01,-3.143208026885986328e-01,1.169146895408630371e-01,1.477615707614694074e+00,1.161203503608703613e+00,2.688187956809997559e-01,2.672270536422729492e-01,-8.509991317987442017e-02,1.822945326566696167e-01,1.184618249535560608e-01,-2.717423737049102783e-01,-3.510232642292976379e-02,-3.811076879501342773e-01,-1.362347751855850220e-01,-2.035208195447921753e-01,7.825970649719238281e-01,-5.097436904907226562e-02,-1.309785619378089905e-02
1.996289516488710947e-01,1.951683255345231308e-02,5.321867205089692021e-01,9.948142170906066895e-01,2.732150629162788391e-02,-6.251157820224761963e-02,7.543489336967468262e-02,0.000000000000000000e+00,0.000000000000000000e+00,-1.018261983990669250e-01,-1.211862252154622510e+00,9.335366487503051758e-01,-3.211802840232849121e-01,1.414303928613662720e-01,1.482431107261453107e+00,1.160744547843933105e+00,2.535869777202606201e-01,3.145503401756286621e-01,-8.860362321138381958e-02,1.653003096580505371e-01,1.243109330534934998e-01,-3.100866675376892090e-01,-3.172326833009719849e-02,-3.591794371604919434e-01,-1.119846925139427185e-01,-2.215405553579330444e-01,4.681036472320556641e-01,2.031589113175868988e-02,4.007786139845848083e-02
2.247811159028699768e-01,2.172331872170395889e-02,5.261672522345877123e-01,9.932230114936828613e-01,3.744527697563171387e-02,-6.033332645893096924e-02,9.200970083475112915e-02,0.000000000000000000e+00,0.000000000000000000e+00,-1.270069181919097900e-01,-1.208107129731450513e+00,9.340922236442565918e-01,-3.371669054031372070e-01,1.705228686332702637e-01,1.484853618839059308e+00,1.165739417076110840e+00,2.457445412874221802e-01,3.686862587928771973e-01,-1.053632125258445740e-01,1.342965811491012573e-01,1.290336549282073975e-01,-3.411618769168853760e-01,-3.104112669825553894e-02,-3.117270767688751221e-01,-1.175018772482872009e-01,-2.640465795993804932e-01,1.432968825101852417e-01,8.193339407444000244e-02,1.049847975373268127e-01
2.507390037141363770e-01,2.391891126332785708e-02,5.201268167131476439e-01,9.904690980911254883e-01,4.951253160834312439e-02,-6.231041252613067627e-02,1.124135479331016541e-01,0.000000000000000000e+00,0.000000000000000000e+00,-1.486745923757553101e-01,-1.212219283976827100e+00,9.360939264297485352e-01,-3.585380315780639648e-01,1.984967887401580811e-01,1.490637839832578138e+00,1.175860524177551270e+00,2.445301860570907593e-01,4.312971532344818115e-01,-1.149120181798934937e-01,1.017431169748306274e-01,1.273164004087448120e-01,-3.553772568702697754e-01,-4.466256499290466309e-02,-3.429653942584991455e-01,-1.585389226675033569e-01,-2.844270169734954834e-01,1.073682755231857300e-01,-1.457291189581155777e-02,1.345041692256927490e-01
2.786000324898597058e-01,2.554725673341314701e-02,5.156952125902729556e-01,9.890047907829284668e-01,5.479018762707710266e-02,-6.330440938472747803e-02,1.219023168087005615e-01,0.000000000000000000e+00,0.000000000000000000e+00,-1.512549668550491333e-01,-1.219637052216802076e+00,9.310705661773681641e-01,-3.735787570476531982e-01,2.133693099021911621e-01,1.493845575549874738e+00,1.201427221298217773e+00,2.492748349905014038e-01,5.015693306922912598e-01,-1.070196554064750671e-01,8.807032555341720581e-02,1.156143024563789368e-01,-3.509008884429931641e-01,-6.680839508771896362e-02,-3.442044556140899658e-01,-1.773064136505126953e-01,-3.273867666721343994e-01,1.084041520953178406e-01,-6.019911915063858032e-02,1.792345792055130005e-01
3.082860629053579271e-01,2.630524347423378317e-02,5.133955000212999664e-01,9.905650019645690918e-01,4.735523834824562073e-02,-5.762044712901115417e-02,1.149711981415748596e-01,0.000000000000000000e+00,0.000000000000000000e+00,-1.222658455371856689e-01,-1.229885147013936475e+00,9.218928813934326172e-01,-3.813407123088836670e-01,2.146473824977874756e-01,1.494813644387994245e+00,1.231976985931396484e+00,2.517026960849761963e-01,5.521812438964843750e-01,-7.962215691804885864e-02,1.052804961800575256e-01,1.052536591887474060e-01,-3.178299069404602051e-01,-1.052037850022315979e-01,-3.180021047592163086e-01,-1.467700898647308350e-01,-3.795777559280395508e-01,1.007796749472618103e-01,-7.673656102269887924e-03,1.680083125829696655e-01
3.399502596624120465e-01,2.609748089149820094e-02,5.152907315588960424e-01,9.938893318176269531e-01,1.802206411957740784e-02,-4.628108441829681396e-02,9.857658296823501587e-02,0.000000000000000000e+00,0.000000000000000000e+00,-7.001864165067672729e-02,-1.251227990784917310e+00,9.211798906326293945e-01,-3.484031260013580322e-01,2.044133245944976807e-01,1.497605704763207868e+00,1.262634754180908203e+00,2.449553608894348145e-01,5.496379733085632324e-01,-1.199520379304885864e-02,1.326830983161926270e-01,1.649593561887741089e-01,-2.595738172531127930e-01,-1.554556041955947876e-01,-3.100794255733489990e-01,-5.685132369399070740e-02,-3.941569924354553223e-01,9.595756977796554565e-02,1.372872740030288696e-01,5.931754782795906067e-02
3.728660349916629313e-01,2.623089538073411844e-02,5.177392493030338327e-01,9.952949285507202148e-01,-2.198282070457935333e-02,-4.336669296026229858e-02,8.380974829196929932e-02,0.000000000000000000e+00,0.000000000000000000e+00,4.862298723310232162e-03,-1.290964261689458326e+00,9.391835331916809082e-01,-2.944635748863220215e-01,1.932181268930435181e-01,1.495939807095799878e+00,1.284868001937866211e+00,2.459526062011718750e-01,4.912520945072174072e-01,8.981127291917800903e-02,1.391574144363403320e-01,3.889927268028259277e-01,-2.060779780149459839e-01,-2.015494406223297119e-01,-3.000214397907257080e-01,5.367773398756980896e-02,-3.701323270797729492e-01,1.371713876724243164e-01,1.771216988563537598e-01,-7.959233224391937256e-02
4.042031011753010050e-01,2.709821801110537734e-02,5.202677332211022021e-01,9.948719143867492676e-01,-4.542618989944458008e-02,-5.016018822789192200e-02,7.516810297966003418e-02,0.000000000000000000e+00,0.000000000000000000e+00,7.246885448694229126e-02,-1.333022193112645581e+00,9.957663416862487793e-01,-2.604091167449951172e-01,1.777017861604690552e-01,1.490078040459428266e+00,1.287048816680908203e+00,2.431163936853408813e-01,4.366145431995391846e-01,1.613813638687133789e-01,1.318672746419906616e-01,6.231435537338256836e-01,-8.456618338823318481e-02,-2.258725166320800781e-01,-2.573593556880950928e-01,1.193713992834091187e-01,-3.604556322097778320e-01,1.985577046871185303e-01,1.029881685972213745e-01,-1.231575012207031250e-01
4.327038593424691326e-01,2.764746387065811564e-02,5.232304259901395804e-01,9.937409758567810059e-01,-5.381244793534278870e-02,-6.046813353896141052e-02,7.698467373847961426e-02,0.000000000000000000e+00,0.000000000000000000e+00,1.139139086008071899e-01,-1.355967448153768018e+00,1.071757316589355469e+00,-2.716995775699615479e-01,1.584732234477996826e-01,1.489014537134442762e+00,1.265095472335815430e+00,2.458730638027191162e-01,3.418079316616058350e-01,2.090571075677871704e-01,9.995983541011810303e-02,8.835419416427612305e-01,5.135459080338478088e-02,-2.208762913942337036e-01,-1.870309263467788696e-01,1.474774181842803955e-01,-3.649100661277770996e-01,2.308952957391738892e-01,1.910845376551151276e-02,-1.406523436307907104e-01
4.574507744580206259e-01,2.811628424901176440e-02,5.256511258025361455e-01,9.919289946556091309e-01,-6.219746917486190796e-02,-6.860730797052383423e-02,8.661075681447982788e-02,0.000000000000000000e+00,0.000000000000000000e+00,1.290582418441772461e-01,-1.361948923268590406e+00,1.144112110137939453e+00,-3.227951526641845703e-01,1.256176978349685669e-01,1.486445368328366712e+00,1.232150554656982422e+00,2.466705441474914551e-01,2.106465995311737061e-01,2.497664988040924072e-01,4.150824248790740967e-02,1.132797718048095703e+00,6.474639475345611572e-02,-2.084822058677673340e-01,-9.893474727869033813e-02,1.775135397911071777e-01,-3.813888132572174072e-01,1.997822523117065430e-01,-3.098755329847335815e-02,-1.386466324329376221e-01
4.798793348384023938e-01,2.901444534027967925e-02,5.287836740323991203e-01,9.907602667808532715e-01,-6.387408822774887085e-02,-7.435993850231170654e-02,9.372740238904953003e-02,0.000000000000000000e+00,0.000000000000000000e+00,1.368180960416793823e-01,-1.361339823403630689e+00,1.188055157661437988e+00,-3.761042058467864990e-01,8.519881963729858398e-02,1.479509727158818677e+00,1.197765231132507324e+00,2.432203739881515503e-01,6.987642496824264526e-02,2.672559916973114014e-01,-1.307720551267266273e-03,1.308650612831115723e+00,-1.305199321359395981e-02,-1.858874112367630005e-01,-9.942885488271713257e-03,1.972370296716690063e-01,-3.830257654190063477e-01,1.499933749437332153e-01,-6.163799762725830078e-02,-1.318317055702209473e-01
5.019209353324740608e-01,3.053106237108809892e-02,5.321483151554459168e-01,9.910284280776977539e-01,-5.626091361045837402e-02,-7.866992056369781494e-02,9.224063903093338013e-02,0.000000000000000000e+00,0.000000000000000000e+00,1.473117321729660034e-01,-1.359778375425610975e+00,1.195270776748657227e+00,-4.041524827480316162e-01,4.337929561734199524e-02,1.468936623134885266e+00,1.166477203369140625e+00,2.424831986427307129e-01,-6.099477037787437439e-02,2.801298797130584717e-01,7.944316603243350983e-03,1.397940516471862793e+00,-8.666887879371643066e-02,-1.342924535274505615e-01,6.520482152700424194e-02,1.966481059789657593e-01,-3.606539666652679443e-01,1.234464049339294434e-01,-9.533305466175079346e-02,-1.199073567986488342e-01
5.257656775542882688e-01,3.207150888577517400e-02,5.347455135168450724e-01,9.922536611557006836e-01,-4.550977423787117004e-02,-8.169575035572052002e-02,8.177605271339416504e-02,0.000000000000000000e+00,0.000000000000000000e+00,1.664939820766448975e-01,-1.359583051004682019e+00,1.169188261032104492e+00,-3.982703983783721924e-01,-2.290313132107257843e-03,1.452590429284844831e+00,1.141021132469177246e+00,2.502957880496978760e-01,-1.717940866947174072e-01,2.990679442882537842e-01,5.796228721737861633e-02,1.406066775321960449e+00,-1.465674042701721191e-01,-6.820594519376754761e-02,1.262658536434173584e-01,1.865890771150588989e-01,-3.246379196643829346e-01,1.128743886947631836e-01,-1.292344480752944946e-01,-1.060745045542716980e-01
5.483060909318502318e-01,3.442642136556896271e-02,5.363283953522191005e-01,9.938363432884216309e-01,-3.517695143818855286e-02,-8.312629908323287964e-02,6.435722857713699341e-02,0.000000000000000000e+00,0.000000000000000000e+00,1.943383961915969849e-01,-1.365044013657842115e+00,1.123486161231994629e+00,-3.653525114059448242e-01,-5.136945098638534546e-02,1.430422143140111402e+00,1.120438575744628906e+00,2.671090364456176758e-01,-2.570451200008392334e-01,3.067124187946319580e-01,1.224112138152122498e-01,1.330600261688232422e+00,-1.883146762847900391e-01,-1.660197600722312927e-02,1.782912760972976685e-01,1.723070740699768066e-01,-2.817054986953735352e-01,1.107702925801277161e-01,-1.614831537008285522e-01,-9.329177439212799072e-02
5.708417711090860713e-01,3.715018353152154534e-02,5.369447078578399868e-01,9.952437281608581543e-01,-2.690329961478710175e-02,-8.228664100170135498e-02,4.466495662927627563e-02,0.000000000000000000e+00,0.000000000000000000e+00,2.253830283880233765e-01,-1.379450098672185376e+00,1.076547503471374512e+00,-3.224001228809356689e-01,-9.832743555307388306e-02,1.406383619704518750e+00,1.103088736534118652e+00,2.884128689765930176e-01,-3.155051469802856445e-01,2.872620224952697754e-01,1.713982671499252319e-01,1.177823185920715332e+00,-2.032866328954696655e-01,3.007674240507185459e-04,2.242444306612014771e-01,1.557584106922149658e-01,-2.406606823205947876e-01,1.125690415501594543e-01,-1.920453757047653198e-01,-7.904104888439178467e-02
5.925258073820308669e-01,4.000687752483469278e-02,5.365509803254495669e-01,9.962677955627441406e-01,-2.189341746270656586e-02,-7.935063540935516357e-02,2.597255632281303406e-02,0.000000000000000000e+00,0.000000000000000000e+00,2.540634572505950928e-01,-1.401940927901540235e+00,1.042520284652709961e+00,-2.831481993198394775e-01,-1.405309438705444336e-01,1.383595288791928724e+00,1.087546586990356445e+00,3.078828155994415283e-01,-3.493326306343078613e-01,2.449093759059906006e-01,1.891379654407501221e-01,9.550841450691223145e-01,-1.892039775848388672e-01,-1.997332647442817688e-02,2.666402459144592285e-01,1.419207155704498291e-01,-2.045596837997436523e-01,1.159671545028686523e-01,-2.218718528747558594e-01,-6.349788606166839600e-02
6.150369911716140336e-01,4.296135985207828745e-02,5.347986167029600280e-01,9.968901276588439941e-01,-2.088767290115356445e-02,-7.547682523727416992e-02,8.778032846748828888e-03,0.000000000000000000e+00,0.000000000000000000e+00,2.790209352970123291e-01,-1.427155823507581189e+00,1.028621912002563477e+00,-2.550079822540283203e-01,-1.776701509952545166e-01,1.366002784171376661e+00,1.073930859565734863e+00,3.229067325592041016e-01,-3.528667688369750977e-01,1.961856037378311157e-01,1.822576820850372314e-01,6.738883852958679199e-01,-1.497273594141006470e-01,-6.116957589983940125e-02,3.073662221431732178e-01,1.343877762556076050e-01,-1.699486821889877319e-01,1.185969412326812744e-01,-2.523970007896423340e-01,-5.063502490520477295e-02
6.395962390461654712e-01,4.590332929995098732e-02,5.309073862839829294e-01,9.969753026962280273e-01,-2.474235370755195618e-02,-7.323154807090759277e-02,-8.075960911810398102e-03,0.000000000000000000e+00,0.000000000000000000e+00,3.019280731678009033e-01,-1.451895483830247358e+00,1.032052755355834961e+00,-2.383939921855926514e-01,-2.105697095394134521e-01,1.356434539952550367e+00,1.065927505493164062e+00,3.352219462394714355e-01,-3.185519874095916748e-01,1.643513441085815430e-01,1.840354502201080322e-01,3.628689646720886230e-01,-1.140741333365440369e-01,-1.072309687733650208e-01,3.531211018562316895e-01,1.349766850471496582e-01,-1.332279741764068604e-01,1.216664016246795654e-01,-2.873761653900146484e-01,-4.119128361344337463e-02
6.657151594667723993e-01,4.881672827874997123e-02,5.256171214949302284e-01,9.961383342742919922e-01,-3.715829923748970032e-02,-7.456317543983459473e-02,-2.771347761154174805e-02,0.000000000000000000e+00,0.000000000000000000e+00,3.176113069057464600e-01,-1.473737464347157911e+00,1.048616886138916016e+00,-2.317385226488113403e-01,-2.394646406173706055e-01,1.351915852227483228e+00,1.067309379577636719e+00,3.424535691738128662e-01,-2.730426788330078125e-01,1.760620772838592529e-01,2.066493928432464600e-01,1.224529817700386047e-01,-9.706123173236846924e-02,-1.637204438447952271e-01,4.106636643409729004e-01,1.500125527381896973e-01,-9.500155597925186157e-02,1.167976409196853638e-01,-3.109800815582275391e-01,-2.902360074222087860e-02
6.922561235831241611e-01,5.226978475350246844e-02,5.217142656716433624e-01,9.954268932342529297e-01,-4.575451090931892395e-02,-7.352975010871887207e-02,-4.031324386596679688e-02,0.000000000000000000e+00,0.000000000000000000e+00,3.281473815441131592e-01,-1.493247644105229810e+00,1.077470779418945312e+00,-2.324098050594329834e-01,-2.510236501693725586e-01,1.351369784274373487e+00,1.067192316055297852e+00,3.408006727695465088e-01,-2.865019440650939941e-01,1.895199716091156006e-01,2.120849192142486572e-01,1.093913540244102478e-01,-1.245127022266387939e-01,-1.763602644205093384e-01,4.679073393344879150e-01,1.490854471921920776e-01,-7.079244405031204224e-02,1.104091629385948181e-01,-3.147514462471008301e-01,-1.398415025323629379e-02
7.189164972094573836e-01,5.641365492979835694e-02,5.205039780443967423e-01,9.964146018028259277e-01,-3.355466946959495544e-02,-6.734328716993331909e-02,-3.869042918086051941e-02,0.000000000000000000e+00,0.000000000000000000e+00,3.209989070892333984e-01,-1.503603571155343488e+00,1.116140842437744141e+00,-2.417020052671432495e-01,-2.421926707029342651e-01,1.358197615542684034e+00,1.063772201538085938e+00,3.225992918014526367e-01,-2.684189975261688232e-01,1.417905241250991821e-01,2.283479869365692139e-01,1.026361137628555298e-01,-4.720667749643325806e-02,-1.259886622428894043e-01,5.047253370285034180e-01,1.077427193522453308e-01,-7.156555354595184326e-02,1.113428324460983276e-01,-3.087286651134490967e-01,2.615549415349960327e-02
7.476009367647195036e-01,6.123940696798716582e-02,5.208842948425297381e-01,9.974682331085205078e-01,-9.871739894151687622e-03,-6.234415620565414429e-02,-3.275385499000549316e-02,0.000000000000000000e+00,0.000000000000000000e+00,3.136029243469238281e-01,-1.503511228659425214e+00,1.154850482940673828e+00,-2.559521496295928955e-01,-2.083017528057098389e-01,1.373630345859799817e+00,1.068614125251770020e+00,2.886452376842498779e-01,-2.669786810874938965e-01,6.021974608302116394e-02,2.062523961067199707e-01,1.454089134931564331e-01,4.788981005549430847e-02,-5.793547257781028748e-02,5.275234580039978027e-01,4.439177736639976501e-02,-7.598175853490829468e-02,1.497387886047363281e-01,-2.895837724208831787e-01,7.855747640132904053e-02
7.762674399819037285e-01,6.684707124425907920e-02,5.229474304337995427e-01,9.976258873939514160e-01,1.862714067101478577e-02,-5.984725803136825562e-02,-2.852923795580863953e-02,0.000000000000000000e+00,0.000000000000000000e+00,3.009629547595977783e-01,-1.497581952312264875e+00,1.190514087677001953e+00,-2.626494467258453369e-01,-1.658839434385299683e-01,1.394594387212071851e+00,1.093224406242370605e+00,2.519052326679229736e-01,-2.529739439487457275e-01,-2.541959285736083984e-02,1.988582611083984375e-01,1.928802132606506348e-01,8.392006158828735352e-02,-7.267207372933626175e-03,5.086323022842407227e-01,-2.972255647182464600e-02,-5.841667577624320984e-02,2.903374135494232178e-01,-2.564122974872589111e-01,1.474445015192031860e-01
8.031629789297026756e-01,7.205292210425015553e-02,5.269805738239576876e-01,9.970036745071411133e-01,3.961052000522613525e-02,-5.923569947481155396e-02,-3.009786456823348999e-02,0.000000000000000000e+00,0.000000000000000000e+00,2.723137438297271729e-01,-1.491171361007962659e+00,1.212415218353271484e+00,-2.637853324413299561e-01,-1.304593384265899658e-01,1.412866176166806653e+00,1.148326873779296875e+00,2.348912060260772705e-01,-2.034976929426193237e-01,-8.634300529956817627e-02,2.105488777160644531e-01,2.069654315710067749e-01,4.143054410815238953e-02,2.390761859714984894e-02,4.463644325733184814e-01,-8.996812254190444946e-02,-1.014860253781080246e-02,4.908797442913055420e-01,-1.658729761838912964e-01,2.122853547334671021e-01
8.268827895744882417e-01,7.609629481221841241e-02,5.309614859333242620e-01,9.962208867073059082e-01,4.438437893986701965e-02,-6.226265057921409607e-02,-4.119833558797836304e-02,0.000000000000000000e+00,0.000000000000000000e+00,2.359693050384521484e-01,-1.488206730284963086e+00,1.203714609146118164e+00,-2.509286403656005859e-01,-1.126102283596992493e-01,1.425527454414639905e+00,1.221930503845214844e+00,2.488626688718795776e-01,-1.367058306932449341e-01,-1.038233563303947449e-01,2.220961749553680420e-01,1.992318183183670044e-01,-6.972307804971933365e-03,3.536206483840942383e-02,3.486086726188659668e-01,-1.087875664234161377e-01,5.074241757392883301e-02,7.265840172767639160e-01,-4.110915213823318481e-02,2.468616217374801636e-01
8.477474839594026923e-01,7.894039288755845540e-02,5.337869574122056093e-01,9.952875971794128418e-01,4.363668337464332581e-02,-6.713536381721496582e-02,-5.469316989183425903e-02,0.000000000000000000e+00,0.000000000000000000e+00,1.967406272888183594e-01,-1.479803980388913587e+00,1.173254251480102539e+00,-2.436339706182479858e-01,-1.075853854417800903e-01,1.427401662864957288e+00,1.285261750221252441e+00,2.948167622089385986e-01,-6.827136129140853882e-02,-1.078657507896423340e-01,2.387021929025650024e-01,1.817930191755294800e-01,-5.252730846405029297e-02,3.729292377829551697e-02,2.196947038173675537e-01,-1.198631376028060913e-01,6.874059140682220459e-02,9.773789048194885254e-01,3.450793772935867310e-02,2.380268126726150513e-01
8.670574465950932064e-01,8.142147733350142691e-02,5.354896639505720701e-01,9.944555163383483887e-01,4.616649821400642395e-02,-7.066266238689422607e-02,-6.271949410438537598e-02,0.000000000000000000e+00,0.000000000000000000e+00,1.547395586967468262e-01,-1.460391090312276319e+00,1.131842851638793945e+00,-2.538946568965911865e-01,-1.010636240243911743e-01,1.419844315448079541e+00,1.312773227691650391e+00,3.563849031925201416e-01,4.886241164058446884e-03,-1.259127110242843628e-01,2.540935575962066650e-01,1.348434835672378540e-01,-7.697818428277969360e-02,3.256534039974212646e-02,9.023144841194152832e-02,-1.758578717708587646e-01,3.047895058989524841e-02,1.169715285301208496e+00,-1.580861955881118774e-02,1.966413408517837524e-01
8.862573830828521793e-01,8.357400398005289388e-02,5.370590520130865686e-01,9.942520260810852051e-01,4.591562598943710327e-02,-7.348936051130294800e-02,-6.288079172372817993e-02,0.000000000000000000e+00,0.000000000000000000e+00,1.072623208165168762e-01,-1.432979391017232373e+00,1.087892770767211914e+00,-2.752825319766998291e-01,-8.448585867881774902e-02,1.408539489903722242e+00,1.301288127899169922e+00,3.988912999629974365e-01,6.320039927959442139e-02,-1.376081407070159912e-01,2.527984082698822021e-01,1.144380643963813782e-01,-1.066284030675888062e-01,2.737353742122650146e-02,-2.401400543749332428e-02,-2.494267821311950684e-01,-3.137588128447532654e-02,1.284376502037048340e+00,-9.279035031795501709e-02,1.170720681548118591e-01
9.055699199152112966e-01,8.507693521123417535e-02,5.384657674538667615e-01,9.946739673614501953e-01,4.168927296996116638e-02,-7.580336928367614746e-02,-5.603180080652236938e-02,0.000000000000000000e+00,0.000000000000000000e+00,5.704746022820472717e-02,-1.400923357405934766e+00,1.045797109603881836e+00,-2.967679202556610107e-01,-5.648313462734222412e-02,1.400644169249806836e+00,1.268798351287841797e+00,3.999455869197845459e-01,1.116781011223793030e-01,-1.385457366704940796e-01,2.356123626232147217e-01,1.107696443796157837e-01,-1.373762637376785278e-01,2.340120263397693634e-02,-1.163075491786003113e-01,-3.134401440620422363e-01,-1.038281917572021484e-01,1.329716444015502930e+00,-1.453905105590820312e-01,2.455922029912471771e-02
9.233955675363541005e-01,8.567809836186393579e-02,5.393622106840514352e-01,9.953387379646301270e-01,3.640338778495788574e-02,-7.691966742277145386e-02,-4.537628963589668274e-02,0.000000000000000000e+00,0.000000000000000000e+00,9.379131719470024109e-03,-1.366602600612912610e+00,1.006119728088378906e+00,-3.145042061805725098e-01,-2.303020469844341278e-02,1.400296793380055860e+00,1.233095288276672363e+00,3.669765591621398926e-01,1.524140834808349609e-01,-1.345258504152297974e-01,2.122801840305328369e-01,1.108198389410972595e-01,-1.629477292299270630e-01,2.248935028910636902e-02,-1.877923756837844849e-01,-3.548847138881683350e-01,-1.756545752286911011e-01,1.314646959304809570e+00,-1.790284216403961182e-01,-5.087207630276679993e-02
9.394558975130620215e-01,8.555464072002455511e-02,5.399086046866093946e-01,9.959906339645385742e-01,3.113834187388420105e-02,-7.630265504121780396e-02,-3.479934856295585632e-02,0.000000000000000000e+00,0.000000000000000000e+00,-3.258823975920677185e-02,-1.332460017004285291e+00,9.700233936309814453e-01,-3.281396627426147461e-01,1.003656163811683655e-02,1.407699928679738477e+00,1.202576875686645508e+00,3.188618719577789307e-01,1.848013699054718018e-01,-1.273078769445419312e-01,1.907896399497985840e-01,1.127879396080970764e-01,-1.838474124670028687e-01,2.328560501337051392e-02,-2.460121512413024902e-01,-3.627427816390991211e-01,-2.356205135583877563e-01,1.244426012039184570e+00,-1.946494132280349731e-01,-9.188354015350341797e-02
9.547273607687516428e-01,8.481582032657708492e-02,5.402879665408170107e-01,9.965996742248535156e-01,2.531249634921550751e-02,-7.407636195421218872e-02,-2.571040950715541840e-02,0.000000000000000000e+00,0.000000000000000000e+00,-6.833960115909576416e-02,-1.301356510319982007e+00,9.391803145408630371e-01,-3.353987634181976318e-01,3.960538282990455627e-02,1.419944674768720105e+00,1.182694911956787109e+00,2.718133330345153809e-01,2.109629511833190918e-01,-1.156908050179481506e-01,1.730191111564636230e-01,1.167922541499137878e-01,-2.048225253820419312e-01,2.303007990121841431e-02,-2.902320027351379395e-01,-3.373290598392486572e-01,-2.836716771125793457e-01,1.118282318115234375e+00,-1.851567775011062622e-01,-9.939620643854141235e-02
9.697570156147985454e-01,8.359981860551568555e-02,5.402943189938863577e-01,9.971539974212646484e-01,1.932070404291152954e-02,-7.051440328359603882e-02,-1.839418150484561920e-02,0.000000000000000000e+00,0.000000000000000000e+00,-9.727973490953445435e-02,-1.277690754332814649e+00,9.146614074707031250e-01,-3.334033787250518799e-01,6.293889135122299194e-02,1.433407486477170423e+00,1.176803350448608398e+00,2.354689389467239380e-01,2.328229695558547974e-01,-1.009887307882308960e-01,1.606517732143402100e-01,1.222764924168586731e-01,-2.290868461132049561e-01,2.129989117383956909e-02,-3.152534365653991699e-01,-2.923515141010284424e-01,-3.235830366611480713e-01,9.378441572189331055e-01,-1.417633444070816040e-01,-8.215877413749694824e-02
9.847865874222432314e-01,8.203161903299541202e-02,5.395087322976552802e-01,9.976035356521606445e-01,1.470163092017173767e-02,-6.642539799213409424e-02,-1.260026264935731888e-02,0.000000000000000000e+00,0.000000000000000000e+00,-1.186421662569046021e-01,-1.264883861937795118e+00,8.976126313209533691e-01,-3.232849538326263428e-01,7.904107868671417236e-02,1.445193217196736768e+00,1.181464910507202148e+00,2.136467695236206055e-01,2.544359266757965088e-01,-8.821001648902893066e-02,1.529484540224075317e-01,1.271889805793762207e-01,-2.556216418743133545e-01,1.955294422805309296e-02,-3.153307139873504639e-01,-2.369373440742492676e-01,-3.530170619487762451e-01,7.002744674682617188e-01,-5.911294743418693542e-02,-3.702598065137863159e-02
1.000395934750335281e+00,8.030291622222372749e-02,5.374436452992336077e-01,9.979336857795715332e-01,1.368192210793495178e-02,-6.244714558124542236e-02,-6.441411096602678299e-03,0.000000000000000000e+00,0.000000000000000000e+00,-1.314356923103332520e-01,-1.262401358285222486e+00,8.925514817237854004e-01,-3.107992410659790039e-01,9.135290235280990601e-02,1.454270550110612348e+00,1.190592408180236816e+00,2.038035541772842407e-01,2.795821726322174072e-01,-8.314577490091323853e-02,1.427479982376098633e-01,1.288875937461853027e-01,-2.803777158260345459e-01,1.754716224968433380e-02,-2.917335033416748047e-01,-1.829040497541427612e-01,-3.683953881263732910e-01,4.255595207214355469e-01,4.728289693593978882e-02,2.800768613815307617e-02
1.017173635211556793e+00,7.826181700001612340e-02,5.339760363094433471e-01,9.980558156967163086e-01,1.956227235496044159e-02,-5.902535840868949890e-02,4.227014724165201187e-03,0.000000000000000000e+00,0.000000000000000000e+00,-1.383221745491027832e-01,-1.267013059058461621e+00,8.988112807273864746e-01,-2.991535663604736328e-01,1.028914675116539001e-01,1.461845764019761518e+00,1.199371814727783203e+00,2.001146227121353149e-01,3.077342212200164795e-01,-9.112119674682617188e-02,1.237718164920806885e-01,1.266888380050659180e-01,-2.994927167892456055e-01,1.569134183228015900e-02,-2.568406164646148682e-01,-1.549898386001586914e-01,-3.917480111122131348e-01,1.683979034423828125e-01,1.345440596342086792e-01,9.376105666160583496e-02
1.034825566076871040e+00,7.594744292783993378e-02,5.300415427787135147e-01,9.976571202278137207e-01,2.914485894143581390e-02,-5.851538106799125671e-02,2.017041668295860291e-02,0.000000000000000000e+00,0.000000000000000000e+00,-1.389784067869186401e-01,-1.277427987256322339e+00,9.136027693748474121e-01,-2.911333143711090088e-01,1.136936545372009277e-01,1.471116111674581006e+00,1.197750568389892578e+00,2.026422321796417236e-01,3.433829545974731445e-01,-1.014972999691963196e-01,9.725732356309890747e-02,1.232491955161094666e-01,-3.168491721153259277e-01,6.976647768169641495e-03,-2.612192630767822266e-01,-1.783171296119689941e-01,-4.341040849685668945e-01,1.052561774849891663e-01,7.522484660148620605e-02,1.159561425447463989e-01
1.052072434640592968e+00,7.333567648166508524e-02,5.264475490363559329e-01,9.969921112060546875e-01,3.741549327969551086e-02,-5.974282696843147278e-02,3.221174702048301697e-02,0.000000000000000000e+00,0.000000000000000000e+00,-1.304101049900054932e-01,-1.288916186490331128e+00,9.321555495262145996e-01,-2.945609688758850098e-01,1.172314360737800598e-01,1.478958942988191083e+00,1.189825296401977539e+00,2.100149095058441162e-01,3.834711909294128418e-01,-1.058527529239654541e-01,8.399723470211029053e-02,1.180485188961029053e-01,-3.296339809894561768e-01,-6.934542674571275711e-03,-2.516269087791442871e-01,-2.066053897142410278e-01,-4.811064302921295166e-01,1.061685681343078613e-01,-2.259039029013365507e-04,1.436312347650527954e-01
1.070157910048058492e+00,7.003238531591539362e-02,5.242811964625361254e-01,9.972323775291442871e-01,3.547953441739082336e-02,-5.692063271999359131e-02,3.207611665129661560e-02,0.000000000000000000e+00,0.000000000000000000e+00,-1.080348789691925049e-01,-1.299377844729695752e+00,9.525454640388488770e-01,-3.006547093391418457e-01,1.074025407433509827e-01,1.479987711706433728e+00,1.186469078063964844e+00,2.265924066305160522e-01,4.162639975547790527e-01,-9.128299355506896973e-02,9.220400452613830566e-02,1.139217019081115723e-01,-3.386706411838531494e-01,-1.839056983590126038e-02,-2.283612489700317383e-01,-2.053633779287338257e-01,-5.441437363624572754e-01,1.136082336306571960e-01,1.256535947322845459e-02,1.266602724790573120e-01
1.088861441771791450e+00,6.598313762684060446e-02,5.254083209296669388e-01,9.983278512954711914e-01,1.924875378608703613e-02,-4.909016564488410950e-02,2.369035221636295319e-02,0.000000000000000000e+00,0.000000000000000000e+00,-7.196661829948425293e-02,-1.317620710530553296e+00,9.784038662910461426e-01,-2.843471765518188477e-01,8.737370371818542480e-02,1.477459491291318372e+00,1.192591667175292969e+00,2.425169199705123901e-01,4.310635328292846680e-01,-4.902910441160202026e-02,1.100750342011451721e-01,1.184610426425933838e-01,-3.277763426303863525e-01,-4.494498297572135925e-02,-2.214183062314987183e-01,-1.634486913681030273e-01,-5.791983008384704590e-01,1.242617443203926086e-01,1.006116941571235657e-01,3.719317167997360229e-02
1.108708498086592220e+00,6.146479968395498344e-02,5.278525621857907968e-01,9.989216923713684082e-01,-6.364962900988757610e-04,-4.378721117973327637e-02,1.542049925774335861e-02,0.000000000000000000e+00,0.000000000000000000e+00,-2.110900916159152985e-02,-1.343573943772588208e+00,1.027518868446350098e+00,-2.493591904640197754e-01,6.675439327955245972e-02,1.475440152981553510e+00,1.206992506980895996e+00,2.626933455467224121e-01,4.469313323497772217e-01,4.235800355672836304e-03,1.298549622297286987e-01,1.482238471508026123e-01,-3.050756454467773438e-01,-7.462738454341888428e-02,-2.255563139915466309e-01,-1.116873621940612793e-01,-5.648061037063598633e-01,1.741064190864562988e-01,1.160609051585197449e-01,-7.233751565217971802e-02
1.127859524837647953e+00,5.664409743076322112e-02,5.302769156966847808e-01,9.988456368446350098e-01,-2.004385553300380707e-02,-4.208132624626159668e-02,1.161004509776830673e-02,0.000000000000000000e+00,0.000000000000000000e+00,2.827173285186290741e-02,-1.372815997400556043e+00,1.102339267730712891e+00,-2.211121916770935059e-01,4.039066657423973083e-02,1.475450449683938459e+00,1.212097048759460449e+00,2.763196527957916260e-01,4.307993948459625244e-01,6.205806136131286621e-02,1.318756341934204102e-01,2.554107010364532471e-01,-2.948027849197387695e-01,-9.919515997171401978e-02,-1.972344219684600830e-01,-5.832451954483985901e-02,-5.724532008171081543e-01,1.952093243598937988e-01,7.419611513614654541e-02,-1.162551939487457275e-01
1.146680888337920479e+00,5.170834000429345295e-02,5.323008985870113507e-01,9.984124898910522461e-01,-3.583489358425140381e-02,-4.113639146089553833e-02,1.400823984295129776e-02,0.000000000000000000e+00,0.000000000000000000e+00,7.111298292875289917e-02,-1.395926178493771985e+00,1.180050373077392578e+00,-2.158302962779998779e-01,1.799232512712478638e-02,1.476271183290753797e+00,1.197590351104736328e+00,2.784465551376342773e-01,3.921556174755096436e-01,1.178389862179756165e-01,1.204861402511596680e-01,4.003580808639526367e-01,-2.699611485004425049e-01,-1.214619278907775879e-01,-1.529125571250915527e-01,-7.732521276921033859e-03,-5.849493741989135742e-01,1.804378032684326172e-01,3.888571634888648987e-02,-1.281517744064331055e-01
1.164536346817257373e+00,4.689703668288961597e-02,5.336523933573202871e-01,9.978582859039306641e-01,-4.634249210357666016e-02,-4.133356362581253052e-02,2.056010626256465912e-02,0.000000000000000000e+00,0.000000000000000000e+00,1.057452782988548279e-01,-1.409201369681630567e+00,1.243900537490844727e+00,-2.391759157180786133e-01,9.225743124261498451e-04,1.474124223985944226e+00,1.171724915504455566e+00,2.751348912715911865e-01,3.358683884143829346e-01,1.658364534378051758e-01,1.009947657585144043e-01,5.660752654075622559e-01,-2.221111059188842773e-01,-1.445253491401672363e-01,-1.054245457053184509e-01,3.167527168989181519e-02,-5.979124307632446289e-01,1.544689834117889404e-01,8.447343483567237854e-03,-1.236423552036285400e-01
1.181558014691779013e+00,4.286053801421076115e-02,5.346692425607130206e-01,9.972404241561889648e-01,-5.248925834894180298e-02,-4.381944984197616577e-02,2.891867421567440033e-02,0.000000000000000000e+00,0.000000000000000000e+00,1.292456537485122681e-01,-1.413967506089482740e+00,1.282305955886840820e+00,-2.851855754852294922e-01,-1.522429008036851883e-02,1.469300926723752454e+00,1.140049576759338379e+00,2.708202302455902100e-01,2.651680409908294678e-01,2.022833973169326782e-01,7.222224026918411255e-02,7.487052679061889648e-01,-1.638206541538238525e-01,-1.721531599760055542e-01,-5.475154519081115723e-02,6.010224297642707825e-02,-6.121485233306884766e-01,1.308403760194778442e-01,-2.273283340036869049e-02,-1.147578060626983643e-01
1.196721859919001263e+00,4.014877752123419130e-02,5.352551214186229700e-01,9.967480897903442383e-01,-5.429098755121231079e-02,-4.829756915569305420e-02,3.482821211218833923e-02,0.000000000000000000e+00,0.000000000000000000e+00,1.437515616416931152e-01,-1.413990230360303357e+00,1.291698813438415527e+00,-3.290397524833679199e-01,-3.144775703549385071e-02,1.458122723796639875e+00,1.112506031990051270e+00,2.705501914024353027e-01,1.888750791549682617e-01,2.269629687070846558e-01,5.543042346835136414e-02,9.194505810737609863e-01,-1.264785975217819214e-01,-1.896083205938339233e-01,-7.085839286446571350e-03,7.614242285490036011e-02,-6.203548312187194824e-01,1.193939596414566040e-01,-5.485747754573822021e-02,-1.030751168727874756e-01
1.209212526463800064e+00,3.850948133548213331e-02,5.357331746515601179e-01,9.964756369590759277e-01,-5.385323986411094666e-02,-5.403183028101921082e-02,3.488181531429290771e-02,0.000000000000000000e+00,0.000000000000000000e+00,1.538344323635101318e-01,-1.412609131136212781e+00,1.280009746551513672e+00,-3.541514873504638672e-01,-5.065550655126571655e-02,1.440616206326756910e+00,1.094681501388549805e+00,2.692228853702545166e-01,1.215885207056999207e-01,2.599622011184692383e-01,7.056395709514617920e-02,1.050480723381042480e+00,-1.565640270709991455e-01,-1.800515800714492798e-01,3.687189891934394836e-02,8.555610477924346924e-02,-6.161780953407287598e-01,1.137235909700393677e-01,-8.362356573343276978e-02,-8.956830948591232300e-02
1.219964530755474064e+00,3.744867097708688003e-02,5.366605082417678085e-01,9.965662360191345215e-01,-5.056732147932052612e-02,-5.814779922366142273e-02,3.029103577136993408e-02,0.000000000000000000e+00,0.000000000000000000e+00,1.564252674579620361e-01,-1.412176326909337476e+00,1.255020022392272949e+00,-3.573425710201263428e-01,-7.298047840595245361e-02,1.422244639196668103e+00,1.084420323371887207e+00,2.615490853786468506e-01,5.337433516979217529e-02,3.064359724521636963e-01,1.139210313558578491e-01,1.142272710800170898e+00,-2.184358686208724976e-01,-1.277388483285903931e-01,7.328165322542190552e-02,8.710329979658126831e-02,-6.017287969589233398e-01,1.098164394497871399e-01,-1.063983887434005737e-01,-7.736445963382720947e-02
1.229715670774681469e+00,3.699418254248383608e-02,5.377311249400931192e-01,9.969037771224975586e-01,-4.661307483911514282e-02,-5.919502675533294678e-02,2.249711006879806519e-02,0.000000000000000000e+00,0.000000000000000000e+00,1.481287926435470581e-01,-1.412448571124349073e+00,1.219539403915405273e+00,-3.447196185588836670e-01,-9.924238920211791992e-02,1.407365248599324659e+00,1.076940774917602539e+00,2.546114325523376465e-01,-1.734490692615509033e-02,3.507646024227142334e-01,1.590623557567596436e-01,1.186289429664611816e+00,-2.803879976272583008e-01,-6.489696353673934937e-02,9.797485917806625366e-02,8.492837101221084595e-02,-5.821648240089416504e-01,1.074354574084281921e-01,-1.224947273731231689e-01,-6.842496991157531738e-02
1.238215003865535735e+00,3.719753629443320331e-02,5.386401069992118318e-01,9.973015189170837402e-01,-4.362957179546356201e-02,-5.810391530394554138e-02,1.049423217773437500e-02,0.000000000000000000e+00,0.000000000000000000e+00,1.325447410345077515e-01,-1.412502110996518567e+00,1.173714995384216309e+00,-3.231432139873504639e-01,-1.299414932727813721e-01,1.396632091203008130e+00,1.070043087005615234e+00,2.590373158454895020e-01,-8.861529827117919922e-02,3.679639399051666260e-01,1.772994399070739746e-01,1.173382282257080078e+00,-3.288845419883728027e-01,-2.297658286988735199e-02,1.124158352613449097e-01,8.216377347707748413e-02,-5.574053525924682617e-01,1.065072864294052124e-01,-1.316189914941787720e-01,-6.190196424722671509e-02
1.245879217733939504e+00,3.819688251745331775e-02,5.393083601505166413e-01,9.975896477699279785e-01,-4.092886298894882202e-02,-5.566968023777008057e-02,-6.366916000843048096e-03,0.000000000000000000e+00,0.000000000000000000e+00,1.151975020766258240e-01,-1.412728116908345655e+00,1.124131202697753906e+00,-3.000009953975677490e-01,-1.621169447898864746e-01,1.389964313307080701e+00,1.062985062599182129e+00,2.779382169246673584e-01,-1.550831496715545654e-01,3.486658036708831787e-01,1.599408686161041260e-01,1.101456642150878906e+00,-3.542213439941406250e-01,-1.270767766982316971e-02,1.192950978875160217e-01,7.671837508678436279e-02,-5.259754657745361328e-01,1.081584468483924866e-01,-1.371824890375137329e-01,-5.443679168820381165e-02
1.253345384536066476e+00,4.004540224634863671e-02,5.399886123798410820e-01,9.975190758705139160e-01,-3.767508268356323242e-02,-5.214207246899604797e-02,-2.859023399651050568e-02,0.000000000000000000e+00,0.000000000000000000e+00,9.754689782857894897e-02,-1.414927766719136670e+00,1.079073667526245117e+00,-2.761512398719787598e-01,-1.939447522163391113e-01,1.388016776242528394e+00,1.056845903396606445e+00,3.066456317901611328e-01,-2.045104652643203735e-01,3.040032684803009033e-01,1.143433153629302979e-01,9.709249138832092285e-01,-3.588038682937622070e-01,-3.026175126433372498e-02,1.209946647286415100e-01,6.759355962276458740e-02,-4.864858686923980713e-01,1.117606088519096375e-01,-1.410060673952102661e-01,-4.502657055854797363e-02
1.261018483534906753e+00,4.280078655000625620e-02,5.409923414840842604e-01,9.967235922813415527e-01,-3.392729535698890686e-02,-4.701871797442436218e-02,-5.639332532882690430e-02,0.000000000000000000e+00,0.000000000000000000e+00,8.065741509199142456e-02,-1.419765458503041700e+00,1.044702291488647461e+00,-2.522552311420440674e-01,-2.243088483810424805e-01,1.393003241219792798e+00,1.053625106811523438e+00,3.397001922130584717e-01,-2.279338389635086060e-01,2.499001324176788330e-01,4.650728031992912292e-02,7.926956415176391602e-01,-3.406015038490295410e-01,-6.245107203722000122e-02,1.157074645161628723e-01,5.679735168814659119e-02,-4.367991387844085693e-01,1.147791817784309387e-01,-1.422118097543716431e-01,-3.388221189379692078e-02
1.268888965291206317e+00,4.617677022712399215e-02,5.421665903579706569e-01,9.946873784065246582e-01,-3.085721656680107117e-02,-4.112898558378219604e-02,-8.918088674545288086e-02,0.000000000000000000e+00,0.000000000000000000e+00,6.757038831710815430e-02,-1.425226644673619703e+00,1.024238586425781250e+00,-2.308373898267745972e-01,-2.514396011829376221e-01,1.407329783835683301e+00,1.055135250091552734e+00,3.729854822158813477e-01,-2.223403453826904297e-01,2.032335698604583740e-01,-3.537556156516075134e-02,5.929508805274963379e-01,-2.967982590198516846e-01,-9.356200695037841797e-02,1.057854592800140381e-01,4.821616411209106445e-02,-3.753129243850708008e-01,1.149177923798561096e-01,-1.405459642410278320e-01,-2.317487448453903198e-02
1.276847135811442158e+00,5.004650402795335351e-02,5.432034518644965893e-01,9.906538724899291992e-01,-3.010972589254379272e-02,-3.648881986737251282e-02,-1.279328912496566772e-01,0.000000000000000000e+00,0.000000000000000000e+00,6.030443683266639709e-02,-1.429475695886884168e+00,1.017069220542907715e+00,-2.171982228755950928e-01,-2.717506885528564453e-01,1.431012378134999707e+00,1.060920238494873047e+00,4.022349417209625244e-01,-1.900608688592910767e-01,1.693160831928253174e-01,-1.336649209260940552e-01,4.111353158950805664e-01,-2.352652698755264282e-01,-1.301046907901763916e-01,9.712050110101699829e-02,4.525595158338546753e-02,-3.002728521823883057e-01,1.148153021931648254e-01,-1.363153159618377686e-01,-1.464983075857162476e-02
1.285135384775472511e+00,5.462295342264979203e-02,5.439980482490677227e-01,9.842991828918457031e-01,-3.074789419770240784e-02,-3.392358124256134033e-02,-1.704669296741485596e-01,0.000000000000000000e+00,0.000000000000000000e+00,5.766398087143898010e-02,-1.430087373652730420e+00,1.022383093833923340e+00,-2.184790372848510742e-01,-2.839716672897338867e-01,1.457900227108273938e+00,1.067608118057250977e+00,4.262120127677917480e-01,-1.448118835687637329e-01,1.522014141082763672e-01,-2.011412978172302246e-01,2.927813529968261719e-01,-1.688493490219116211e-01,-1.662031263113021851e-01,8.903703838586807251e-02,4.396424070000648499e-02,-2.160198241472244263e-01,1.226851791143417358e-01,-1.343546062707901001e-01,-4.029678180813789368e-03
1.293891473224367816e+00,6.018143289684872721e-02,5.444510238241366817e-01,9.758834838867187500e-01,-3.168467804789543152e-02,-3.285270556807518005e-02,-2.134669721126556396e-01,0.000000000000000000e+00,0.000000000000000000e+00,5.605132505297660828e-02,-1.424450696506772474e+00,1.033343076705932617e+00,-2.378787994384765625e-01,-2.904022037982940674e-01,1.484484822550092176e+00,1.067846775054931641e+00,4.424358308315277100e-01,-9.036957472562789917e-02,1.538042575120925903e-01,-1.777575612068176270e-01,2.353050112724304199e-01,-1.320631802082061768e-01,-1.993371695280075073e-01,8.183499425649642944e-02,4.277103766798973083e-02,-1.277125775814056396e-01,1.335553526878356934e-01,-1.362652033567428589e-01,1.122042723000049591e-02
1.301642628509287913e+00,6.646368720775677752e-02,5.448616081927761812e-01,9.662157297134399414e-01,-2.937038242816925049e-02,-3.187185525894165039e-02,-2.540645003318786621e-01,0.000000000000000000e+00,0.000000000000000000e+00,4.920781031250953674e-02,-1.410338223972592786e+00,1.049987912178039551e+00,-2.781462669372558594e-01,-2.881796658039093018e-01,1.505605124929223493e+00,1.069871664047241211e+00,4.494664072990417480e-01,-4.500965029001235962e-02,1.580681949853897095e-01,-8.139330893754959106e-02,2.137913256883621216e-01,-1.461188793182373047e-01,-1.858606040477752686e-01,6.606511026620864868e-02,3.109389729797840118e-02,-4.511797800660133362e-02,1.533754169940948486e-01,-1.391999125480651855e-01,3.149728849530220032e-02
1.309231692442689221e+00,7.297872986014217189e-02,5.454740178840931097e-01,9.553169608116149902e-01,-2.456192485988140106e-02,-3.182032704353332520e-02,-2.928373515605926514e-01,0.000000000000000000e+00,0.000000000000000000e+00,3.701694309711456299e-02,-1.387311355271611646e+00,1.068792343139648438e+00,-3.260888159275054932e-01,-2.798695564270019531e-01,1.520999179282460645e+00,1.075831770896911621e+00,4.507269561290740967e-01,2.741248579695820808e-03,1.507743299007415771e-01,1.451655756682157516e-02,1.815158277750015259e-01,-1.506818532943725586e-01,-1.717817932367324829e-01,4.362798854708671570e-02,1.575751230120658875e-02,3.661121428012847900e-02,1.799536794424057007e-01,-1.416819244623184204e-01,5.226700752973556519e-02
1.316497570136279771e+00,7.915143030516878786e-02,5.460473579130690203e-01,9.432066082954406738e-01,-2.042933739721775055e-02,-3.143808990716934204e-02,-3.300842046737670898e-01,0.000000000000000000e+00,0.000000000000000000e+00,2.511483617126941681e-02,-1.359426082172666028e+00,1.080929040908813477e+00,-3.635115921497344971e-01,-2.682299017906188965e-01,1.527544503160987333e+00,1.086354851722717285e+00,4.474949836730957031e-01,4.625470936298370361e-02,1.393397897481918335e-01,1.016986444592475891e-01,1.463580876588821411e-01,-1.530889123678207397e-01,-1.628964990377426147e-01,2.077185921370983124e-02,4.623917862772941589e-03,1.106541678309440613e-01,2.004923820495605469e-01,-1.386440247297286987e-01,7.338373363018035889e-02
1.323234990165390146e+00,8.493359501407754530e-02,5.466061246673566965e-01,9.301793575286865234e-01,-1.786312274634838104e-02,-2.914900518953800201e-02,-3.655101656913757324e-01,0.000000000000000000e+00,0.000000000000000000e+00,1.441139727830886841e-02,-1.328432441749844983e+00,1.076979875564575195e+00,-3.843282759189605713e-01,-2.530086636543273926e-01,1.524867438771996930e+00,1.101207733154296875e+00,4.355621933937072754e-01,7.719507068395614624e-02,1.303781867027282715e-01,1.827935725450515747e-01,1.255576312541961670e-01,-1.625967323780059814e-01,-1.557038128376007080e-01,-3.703827736899256706e-03,-1.034360029734671116e-04,1.749666333198547363e-01,2.118878662586212158e-01,-1.272298842668533325e-01,9.332731366157531738e-02
1.329484475367900043e+00,9.030867335546498287e-02,5.471723648958435327e-01,9.170008301734924316e-01,-1.762703247368335724e-02,-2.490413561463356018e-02,-3.977167308330535889e-01,0.000000000000000000e+00,0.000000000000000000e+00,6.679563317447900772e-03,-1.293974624076161817e+00,1.059024214744567871e+00,-3.896791934967041016e-01,-2.325876206159591675e-01,1.514060762771640256e+00,1.114559531211853027e+00,4.125091135501861572e-01,9.437713772058486938e-02,1.259010434150695801e-01,2.539507150650024414e-01,1.178419962525367737e-01,-1.744862794876098633e-01,-1.497377306222915649e-01,-2.324987016618251801e-02,-8.317046449519693851e-04,2.073876708745956421e-01,2.100104093551635742e-01,-1.077670753002166748e-01,1.113470643758773804e-01
1.335200188435388347e+00,9.534745573771721827e-02,5.478107241503518132e-01,9.040213823318481445e-01,-1.950656250119209290e-02,-1.905264705419540405e-02,-4.266167581081390381e-01,0.000000000000000000e+00,0.000000000000000000e+00,4.394774732645601034e-04,-1.257256821790013745e+00,1.027829647064208984e+00,-3.802585601806640625e-01,-2.086569219827651978e-01,1.497696981826100782e+00,1.129420757293701172e+00,3.805514276027679443e-01,1.045237183570861816e-01,1.276878714561462402e-01,3.171509802341461182e-01,1.149266660213470459e-01,-1.852455139160156250e-01,-1.447591930627822876e-01,-3.947510197758674622e-02,3.023016732186079025e-03,2.203531563282012939e-01,1.946242898702621460e-01,-7.963056862354278564e-02,1.285873502492904663e-01
1.340030460887485120e+00,9.990062837423098474e-02,5.482054481459687212e-01,8.915883302688598633e-01,-2.214243821799755096e-02,-1.281541213393211365e-02,-4.521235525608062744e-01,0.000000000000000000e+00,0.000000000000000000e+00,-3.794994903728365898e-03,-1.222547129788670972e+00,9.993496537208557129e-01,-3.587894439697265625e-01,-1.809750646352767944e-01,1.478840009370122388e+00,1.145902633666992188e+00,3.446049094200134277e-01,1.087270155549049377e-01,1.306710243225097656e-01,3.667160570621490479e-01,1.158487051725387573e-01,-1.947194337844848633e-01,-1.396242976188659668e-01,-5.025196820497512817e-02,6.654587574303150177e-03,2.120346277952194214e-01,1.723816692829132080e-01,-4.888612776994705200e-02,1.468886584043502808e-01
1.344745807914119684e+00,1.039936322167590993e-01,5.487246885256032991e-01,8.798516392707824707e-01,-2.247523888945579529e-02,-7.761111017316579819e-03,-4.746533334255218506e-01,0.000000000000000000e+00,0.000000000000000000e+00,-1.090188510715961456e-02,-1.193233356871877149e+00,9.723454117774963379e-01,-3.318373560905456543e-01,-1.526230871677398682e-01,1.459861614802155927e+00,1.171429991722106934e+00,3.158699572086334229e-01,1.159129291772842407e-01,1.287659406661987305e-01,4.167768061161041260e-01,1.119927838444709778e-01,-2.014359086751937866e-01,-1.366213858127593994e-01,-7.281505316495895386e-02,2.744095399975776672e-03,1.891497522592544556e-01,1.707274317741394043e-01,-3.852526471018791199e-02,1.479460448026657104e-01
1.348799254242518897e+00,1.072602774093699002e-01,5.487873411509726074e-01,8.690726161003112793e-01,-2.154118567705154419e-02,-3.944099415093660355e-03,-4.941995143890380859e-01,0.000000000000000000e+00,0.000000000000000000e+00,-1.917082071304321289e-02,-1.168924824395451978e+00,9.596840143203735352e-01,-3.020183444023132324e-01,-1.249601468443870544e-01,1.443317563333783582e+00,1.201657533645629883e+00,2.831928431987762451e-01,1.202511489391326904e-01,1.218425258994102478e-01,4.569829106330871582e-01,1.099757701158523560e-01,-2.066592276096343994e-01,-1.305987685918807983e-01,-9.390857815742492676e-02,-1.459950301796197891e-02,1.076489835977554321e-01,1.896293908357620239e-01,-4.797775670886039734e-02,1.341405361890792847e-01
1.352449631195778768e+00,1.100115642769995961e-01,5.484936336149470737e-01,8.587306737899780273e-01,-1.958504877984523773e-02,-1.737760263495147228e-03,-5.120499134063720703e-01,0.000000000000000000e+00,0.000000000000000000e+00,-3.263511881232261658e-02,-1.150548324981008008e+00,9.609915018081665039e-01,-2.749691009521484375e-01,-9.753590822219848633e-02,1.429680020609174207e+00,1.236879110336303711e+00,2.613753378391265869e-01,1.244242042303085327e-01,1.117714419960975647e-01,4.938867688179016113e-01,1.094026789069175720e-01,-2.117114216089248657e-01,-1.199837625026702881e-01,-1.106391176581382751e-01,-4.363797605037689209e-02,-4.404418170452117920e-03,2.239563763141632080e-01,-7.309002429246902466e-02,1.110563799738883972e-01
1.355979436098626145e+00,1.124043215997517081e-01,5.481240703158005712e-01,8.484197854995727539e-01,-1.741084456443786621e-02,-3.594070149119943380e-04,-5.290373563766479492e-01,0.000000000000000000e+00,0.000000000000000000e+00,-4.620134085416793823e-02,-1.141309456029210523e+00,9.704267978668212891e-01,-2.518069446086883545e-01,-7.144084572792053223e-02,1.419180036583219007e+00,1.268678188323974609e+00,2.536894083023071289e-01,1.289739608764648438e-01,1.013752371072769165e-01,5.320996046066284180e-01,1.083159223198890686e-01,-2.171302139759063721e-01,-1.089694350957870483e-01,-1.149098128080368042e-01,-7.872296124696731567e-02,-1.253771483898162842e-01,2.511648833751678467e-01,-9.804391115903854370e-02,8.660478889942169189e-02
1.359777123532210918e+00,1.146237254605600303e-01,5.479515991390052632e-01,8.366678953170776367e-01,-1.607022061944007874e-02,1.178522477857768536e-03,-5.474733710289001465e-01,0.000000000000000000e+00,0.000000000000000000e+00,-5.258515104651451111e-02,-1.142812804379735425e+00,9.736717343330383301e-01,-2.288030236959457397e-01,-4.765591025352478027e-02,1.411357254781995252e+00,1.289427280426025391e+00,2.530595660209655762e-01,1.349792778491973877e-01,9.411413967609405518e-02,5.749047398567199707e-01,1.066624894738197327e-01,-2.233660370111465454e-01,-1.000493690371513367e-01,-1.093800663948059082e-01,-1.097991764545440674e-01,-2.362907379865646362e-01,2.629666328430175781e-01,-1.118733882904052734e-01,6.457453221082687378e-02
1.363594740230326785e+00,1.165545494190294989e-01,5.478179900280454317e-01,8.236083388328552246e-01,-1.616240292787551880e-02,2.874325495213270187e-03,-5.669214129447937012e-01,0.000000000000000000e+00,0.000000000000000000e+00,-4.857579246163368225e-02,-1.154301391043935254e+00,9.626316428184509277e-01,-2.105118036270141602e-01,-2.541849203407764435e-02,1.405052588382039502e+00,1.292196273803710938e+00,2.527547180652618408e-01,1.422737240791320801e-01,9.094945341348648071e-02,6.154240965843200684e-01,1.072977185249328613e-01,-2.317741066217422485e-01,-9.330176562070846558e-02,-1.008568406105041504e-01,-1.367948949337005615e-01,-3.384580016136169434e-01,2.692507505416870117e-01,-1.192858889698982239e-01,4.375718906521797180e-02
1.366777277698721482e+00,1.180028983389939945e-01,5.474206918357598095e-01,8.112486600875854492e-01,-1.628721877932548523e-02,3.864086698740720749e-03,-5.844615697860717773e-01,0.000000000000000000e+00,0.000000000000000000e+00,-3.766239807009696960e-02,-1.173283354440007642e+00,9.469710588455200195e-01,-2.050055116415023804e-01,-5.709855817258358002e-03,1.400614456334386304e+00,1.280535578727722168e+00,2.495200335979461670e-01,1.487253457307815552e-01,8.874485641717910767e-02,6.522771716117858887e-01,1.108649447560310364e-01,-2.413774281740188599e-01,-8.528911322355270386e-02,-9.425235539674758911e-02,-1.664721816778182983e-01,-4.295861721038818359e-01,2.868266701698303223e-01,-1.369403302669525146e-01,2.572500891983509064e-02
1.369109915073471795e+00,1.188954595145251952e-01,5.468894108588044922e-01,8.001033663749694824e-01,-1.658401265740394592e-02,4.669890739023685455e-03,-5.996147394180297852e-01,0.000000000000000000e+00,0.000000000000000000e+00,-2.535220608115196228e-02,-1.196979061761174634e+00,9.368864297866821289e-01,-2.113576084375381470e-01,1.086015906184911728e-02,1.397668154039655164e+00,1.262774944305419922e+00,2.444009035825729370e-01,1.540722101926803589e-01,8.955488353967666626e-02,6.850872039794921875e-01,1.180598661303520203e-01,-2.507860660552978516e-01,-7.604720443487167358e-02,-8.918471634387969971e-02,-1.919481754302978516e-01,-4.949020445346832275e-01,3.095982968807220459e-01,-1.551184654235839844e-01,8.984230458736419678e-03
1.370307912987591026e+00,1.190027350087584229e-01,5.465966997860055576e-01,7.899726033210754395e-01,-1.738126203417778015e-02,5.664758384227752686e-03,-6.128695607185363770e-01,0.000000000000000000e+00,0.000000000000000000e+00,-1.384866237640380859e-02,-1.224963800111089185e+00,9.371993541717529297e-01,-2.238771915435791016e-01,2.305316179990768433e-02,1.396970705189977124e+00,1.243508815765380859e+00,2.347368299961090088e-01,1.600561141967773438e-01,9.077328443527221680e-02,7.097816467285156250e-01,1.231336072087287903e-01,-2.588638663291931152e-01,-6.792537122964859009e-02,-8.224701881408691406e-02,-2.064075022935867310e-01,-5.314381718635559082e-01,3.251129984855651855e-01,-1.637485027313232422e-01,4.029081028420478106e-04
1.370437453207042466e+00,1.185137829592808889e-01,5.460739717850781050e-01,7.816700339317321777e-01,-1.808510348200798035e-02,5.716604646295309067e-03,-6.234036684036254883e-01,0.000000000000000000e+00,0.000000000000000000e+00,-5.465506110340356827e-03,-1.250948713221822217e+00,9.475251436233520508e-01,-2.532453238964080811e-01,3.656476736068725586e-02,1.401945472755704358e+00,1.230960130691528320e+00,2.320145815610885620e-01,1.677755862474441528e-01,9.508238732814788818e-02,7.354904413223266602e-01,1.268712133169174194e-01,-2.643337249755859375e-01,-6.617394834756851196e-02,-6.818067282438278198e-02,-2.081172764301300049e-01,-5.437589883804321289e-01,3.178906738758087158e-01,-1.711119115352630615e-01,9.905780898407101631e-04
1.369539556801319113e+00,1.172221797808176980e-01,5.455325185793518106e-01,7.742304801940917969e-01,-1.891037076711654663e-02,6.068364717066287994e-03,-6.325920820236206055e-01,0.000000000000000000e+00,0.000000000000000000e+00,2.561548724770545959e-03,-1.278538034358296827e+00,9.650431275367736816e-01,-2.851417362689971924e-01,4.538732394576072693e-02,1.410012648501668409e+00,1.216934084892272949e+00,2.280517369508743286e-01,1.779581606388092041e-01,9.892814606428146362e-02,7.561619877815246582e-01,1.244158074259757996e-01,-2.683432102203369141e-01,-6.472693383693695068e-02,-4.928428679704666138e-02,-1.990638971328735352e-01,-5.451347827911376953e-01,2.978677153587341309e-01,-1.719009727239608765e-01,4.683464067056775093e-04
1.367627676023979388e+00,1.149621492838769216e-01,5.453020034196099930e-01,7.668196558952331543e-01,-2.023185230791568756e-02,7.153638172894716263e-03,-6.415037512779235840e-01,0.000000000000000000e+00,0.000000000000000000e+00,1.105298660695552826e-02,-1.306909368434224561e+00,9.878857731819152832e-01,-3.113553524017333984e-01,5.053904280066490173e-02,1.420174793401036695e+00,1.205843925476074219e+00,2.219281643629074097e-01,1.926681548357009888e-01,1.010050103068351746e-01,7.751964926719665527e-01,1.115419566631317139e-01,-2.668095529079437256e-01,-6.581897288560867310e-02,-2.794247679412364960e-02,-1.777993291616439819e-01,-5.349422693252563477e-01,2.549296915531158447e-01,-1.441178470849990845e-01,1.732748188078403473e-02
1.365161346499667028e+00,1.120174862713449460e-01,5.456997998435088038e-01,7.592648863792419434e-01,-2.342020906507968903e-02,9.137403219938278198e-03,-6.502959728240966797e-01,0.000000000000000000e+00,0.000000000000000000e+00,2.117410860955715179e-02,-1.335332141318593457e+00,1.009970903396606445e+00,-3.386566340923309326e-01,5.582369118928909302e-02,1.432006896534238294e+00,1.194648742675781250e+00,2.209647595882415771e-01,2.077659219503402710e-01,1.118179857730865479e-01,8.031762838363647461e-01,9.778303653001785278e-02,-2.589517533779144287e-01,-7.887283712625503540e-02,-3.577531315386295319e-03,-1.412606835365295410e-01,-5.164716243743896484e-01,1.854084879159927368e-01,-9.076564759016036987e-02,3.762707859277725220e-02
1.361650557436726361e+00,1.089595793650457306e-01,5.458593169983588789e-01,7.526451945304870605e-01,-2.559283934533596039e-02,9.200930595397949219e-03,-6.578643321990966797e-01,0.000000000000000000e+00,0.000000000000000000e+00,3.089390881359577179e-02,-1.359759689369473890e+00,1.029799699783325195e+00,-3.658969700336456299e-01,5.779241770505905151e-02,1.445820511379514173e+00,1.185182332992553711e+00,2.120333760976791382e-01,2.234131693840026855e-01,1.200198382139205933e-01,8.227034211158752441e-01,8.839522302150726318e-02,-2.532483935356140137e-01,-9.100193530321121216e-02,1.558918133378028870e-02,-1.158224940299987793e-01,-4.988671541213989258e-01,1.439525932073593140e-01,-7.229651510715484619e-02,4.306887835264205933e-02
1.357227838444288404e+00,1.058175751143558413e-01,5.456001120015526729e-01,7.475524544715881348e-01,-2.634735405445098877e-02,7.376725785434246063e-03,-6.636389493942260742e-01,0.000000000000000000e+00,0.000000000000000000e+00,3.577249497175216675e-02,-1.378945113220487073e+00,1.047829389572143555e+00,-3.914741873741149902e-01,5.795935168862342834e-02,1.460750603177819684e+00,1.176205277442932129e+00,2.002338021993637085e-01,2.378649413585662842e-01,1.267508417367935181e-01,8.382414579391479492e-01,8.352194726467132568e-02,-2.472973763942718506e-01,-1.031975448131561279e-01,2.873455360531806946e-02,-1.009333282709121704e-01,-4.865700006484985352e-01,1.264811158180236816e-01,-7.524011284112930298e-02,4.716966673731803894e-02
1.352221773271307770e+00,1.024872496936733712e-01,5.451901504224297978e-01,7.441694736480712891e-01,-2.638261020183563232e-02,4.272590856999158859e-03,-6.674559712409973145e-01,0.000000000000000000e+00,0.000000000000000000e+00,3.505016490817070007e-02,-1.392371431985173658e+00,1.064870715141296387e+00,-4.142310619354248047e-01,5.794359743595123291e-02,1.475256347158227399e+00,1.169145345687866211e+00,1.924491077661514282e-01,2.520706653594970703e-01,1.337639093399047852e-01,8.508033156394958496e-01,8.242123574018478394e-02,-2.408626079559326172e-01,-1.152224242687225342e-01,4.054037109017372131e-02,-9.139619767665863037e-02,-4.769151508808135986e-01,1.229876801371574402e-01,-8.926197886466979980e-02,4.782289639115333557e-02
1.346996070995475359e+00,9.899330708715650684e-02,5.448583281679888479e-01,7.418674826622009277e-01,-2.642051875591278076e-02,1.042293501086533070e-03,-6.700250506401062012e-01,0.000000000000000000e+00,0.000000000000000000e+00,3.113561868667602539e-02,-1.400986016788754895e+00,1.078760147094726562e+00,-4.317897260189056396e-01,5.627571046352386475e-02,1.487599254646573499e+00,1.165760278701782227e+00,1.934803128242492676e-01,2.648017704486846924e-01,1.435059607028961182e-01,8.621676564216613770e-01,8.581835031509399414e-02,-2.344715297222137451e-01,-1.264281272888183594e-01,5.079876258969306946e-02,-8.317658305168151855e-02,-4.691363573074340820e-01,1.260363757610321045e-01,-1.050815954804420471e-01,4.458703100681304932e-02
1.341557457743570048e+00,9.546757107581754775e-02,5.446046037189286038e-01,7.401899695396423340e-01,-2.674452587962150574e-02,-1.728491275571286678e-03,-6.718635559082031250e-01,0.000000000000000000e+00,0.000000000000000000e+00,2.573016099631786346e-02,-1.406453029313359693e+00,1.087106823921203613e+00,-4.437530636787414551e-01,5.260820686817169189e-02,1.497297772267137006e+00,1.165104031562805176e+00,2.032704353332519531e-01,2.753206193447113037e-01,1.581313759088516235e-01,8.738109469413757324e-01,9.596743434667587280e-02,-2.292782068252563477e-01,-1.369302421808242798e-01,6.033974140882492065e-02,-7.387453317642211914e-02,-4.632385671138763428e-01,1.298053264617919922e-01,-1.201689019799232483e-01,3.856872394680976868e-02
1.335854449582220216e+00,9.210100968509460362e-02,5.444002457188837907e-01,7.388353347778320312e-01,-2.763603627681732178e-02,-3.604978788644075394e-03,-6.733094453811645508e-01,0.000000000000000000e+00,0.000000000000000000e+00,1.953792013227939606e-02,-1.409431890645299390e+00,1.089919447898864746e+00,-4.495092332363128662e-01,4.626516625285148621e-02,1.504192189374242261e+00,1.165953874588012695e+00,2.222357094287872314e-01,2.804538011550903320e-01,1.820915788412094116e-01,8.836645483970642090e-01,1.229005083441734314e-01,-2.300337255001068115e-01,-1.464317142963409424e-01,7.045274972915649414e-02,-6.177378445863723755e-02,-4.605660736560821533e-01,1.293659061193466187e-01,-1.308956593275070190e-01,3.100457787513732910e-02
1.329776356054676922e+00,8.895767681676931826e-02,5.441855494128634563e-01,7.379822731018066406e-01,-2.910999394953250885e-02,-4.915107507258653641e-03,-6.741740703582763672e-01,0.000000000000000000e+00,0.000000000000000000e+00,1.233342662453651428e-02,-1.409685478606496289e+00,1.088710546493530273e+00,-4.496336877346038818e-01,3.692509606480598450e-02,1.508872871347938016e+00,1.167260050773620605e+00,2.487059086561203003e-01,2.765299379825592041e-01,2.185651808977127075e-01,8.876907825469970703e-01,1.781511604785919189e-01,-2.412126660346984863e-01,-1.529669612646102905e-01,8.209935575723648071e-02,-4.701234772801399231e-02,-4.604113399982452393e-01,1.249272748827934265e-01,-1.385225355625152588e-01,2.294161356985569000e-02
1.323506360317420416e+00,8.602186779519825632e-02,5.437728060405663255e-01,7.374558448791503906e-01,-3.106340020895004272e-02,-5.847716238349676132e-03,-6.746553182601928711e-01,0.000000000000000000e+00,0.000000000000000000e+00,4.776662215590476990e-03,-1.407343418398175672e+00,1.084214448928833008e+00,-4.445674121379852295e-01,2.463652938604354858e-02,1.511008613803658918e+00,1.166833996772766113e+00,2.811432182788848877e-01,2.637043595314025879e-01,2.648423612117767334e-01,8.839408755302429199e-01,2.564897239208221436e-01,-2.584589123725891113e-01,-1.571492999792098999e-01,9.435956180095672607e-02,-3.052327409386634827e-02,-4.610580801963806152e-01,1.183751225471496582e-01,-1.446790248155593872e-01,1.604434661567211151e-02
1.317474934484320404e+00,8.338028011100385994e-02,5.432785602801978309e-01,7.365474104881286621e-01,-3.357729688286781311e-02,-6.049756426364183426e-03,-6.755249500274658203e-01,0.000000000000000000e+00,0.000000000000000000e+00,6.730962195433676243e-05,-1.403136865296636060e+00,1.080655813217163086e+00,-4.357358813285827637e-01,9.145831689238548279e-03,1.510823302963052228e+00,1.162337541580200195e+00,3.124907910823822021e-01,2.432140707969665527e-01,3.185078203678131104e-01,8.694940805435180664e-01,3.529295027256011963e-01,-2.777371406555175781e-01,-1.576190739870071411e-01,1.050980314612388611e-01,-1.147617120295763016e-02,-4.614380002021789551e-01,1.118131950497627258e-01,-1.524524837732315063e-01,1.000945270061492920e-02
1.311620297835330851e+00,8.116532400532654179e-02,5.425708222735409203e-01,7.346049547195434570e-01,-3.566754236817359924e-02,-6.594270933419466019e-03,-6.775248050689697266e-01,0.000000000000000000e+00,0.000000000000000000e+00,-4.072504583746194839e-03,-1.398718089857373670e+00,1.074692010879516602e+00,-4.190323054790496826e-01,-9.860497899353504181e-03,1.505161807933125928e+00,1.153825998306274414e+00,3.479891419410705566e-01,2.119858711957931519e-01,3.753837347030639648e-01,8.369794487953186035e-01,4.686688184738159180e-01,-2.939329743385314941e-01,-1.498428136110305786e-01,1.129078269004821777e-01,4.642289597541093826e-03,-4.570371806621551514e-01,1.101272255182266235e-01,-1.617632508277893066e-01,3.807836212217807770e-03
1.306343692896342112e+00,7.929809723632655349e-02,5.416433226061289075e-01,7.312928438186645508e-01,-3.742140531539916992e-02,-6.495474837720394135e-03,-6.810052990913391113e-01,0.000000000000000000e+00,0.000000000000000000e+00,-6.982532795518636703e-03,-1.394910902776990369e+00,1.070987343788146973e+00,-3.997346460819244385e-01,-3.369022160768508911e-02,1.494102456667695478e+00,1.144082784652709961e+00,3.849702179431915283e-01,1.680567860603332520e-01,4.265928566455841064e-01,7.721046209335327148e-01,5.865389704704284668e-01,-2.989681363105773926e-01,-1.309888064861297607e-01,1.187404096126556396e-01,1.999189518392086029e-02,-4.492777884006500244e-01,1.094474568963050842e-01,-1.700458377599716187e-01,-3.296484705060720444e-03
1.302129982065672875e+00,7.792502280926764946e-02,5.409224645003224419e-01,7.271047234535217285e-01,-3.930551931262016296e-02,-6.230637896806001663e-03,-6.853721141815185547e-01,0.000000000000000000e+00,0.000000000000000000e+00,-8.299687877297401428e-03,-1.392185450592313245e+00,1.069519042968750000e+00,-3.777525424957275391e-01,-5.851389467716217041e-02,1.477884263792310193e+00,1.134527921676635742e+00,4.170555174350738525e-01,1.127035543322563171e-01,4.583263695240020752e-01,6.666080355644226074e-01,6.854412555694580078e-01,-3.012476563453674316e-01,-1.234422698616981506e-01,1.215506717562675476e-01,3.419957682490348816e-02,-4.387490153312683105e-01,1.096131578087806702e-01,-1.779005378484725952e-01,-1.207411289215087891e-02
1.298962723700085142e+00,7.702309384142434767e-02,5.405245850378214145e-01,7.220378518104553223e-01,-3.982784226536750793e-02,-5.828727502375841141e-03,-6.906816363334655762e-01,0.000000000000000000e+00,0.000000000000000000e+00,-8.275992237031459808e-03,-1.392134458818707898e+00,1.070980072021484375e+00,-3.585861325263977051e-01,-8.308491110801696777e-02,1.459051162996564344e+00,1.127289056777954102e+00,4.413257241249084473e-01,5.528429523110389709e-02,4.607238769531250000e-01,5.462378859519958496e-01,7.511453628540039062e-01,-3.103748261928558350e-01,-1.233634129166603088e-01,1.207628175616264343e-01,4.521445184946060181e-02,-4.232364594936370850e-01,1.102509945631027222e-01,-1.823798716068267822e-01,-2.078815363347530365e-02
1.296578436314758553e+00,7.649691973850507309e-02,5.405626997562369418e-01,7.156919836997985840e-01,-3.871854394674301147e-02,-5.603123921900987625e-03,-6.973193883895874023e-01,0.000000000000000000e+00,0.000000000000000000e+00,-5.778371356427669525e-03,-1.395003155865941480e+00,1.073423862457275391e+00,-3.448597490787506104e-01,-1.070636436343193054e-01,1.438913942375455335e+00,1.121199011802673340e+00,4.586757719516754150e-01,4.658138379454612732e-03,4.359470307826995850e-01,4.290686547756195068e-01,7.805526256561279297e-01,-3.221366107463836670e-01,-1.391216516494750977e-01,1.166011616587638855e-01,5.150677263736724854e-02,-4.037630259990692139e-01,1.121155470609664917e-01,-1.842581480741500854e-01,-2.861528098583221436e-02
1.294960927382261984e+00,7.619476821461711180e-02,5.409436393438866730e-01,7.075561881065368652e-01,-3.626883029937744141e-02,-5.535717122256755829e-03,-7.057040333747863770e-01,0.000000000000000000e+00,0.000000000000000000e+00,1.646888267714530230e-04,-1.400560827055249646e+00,1.073595762252807617e+00,-3.372609019279479980e-01,-1.304299086332321167e-01,1.419270382323537305e+00,1.114897012710571289e+00,4.707975089550018311e-01,-3.272004798054695129e-02,3.993792235851287842e-01,3.353958725929260254e-01,7.802993655204772949e-01,-3.335603773593902588e-01,-1.587195098400115967e-01,1.085530966520309448e-01,5.337292328476905823e-02,-3.808870613574981689e-01,1.161947175860404968e-01,-1.839417070150375366e-01,-3.480727598071098328e-02
1.294118666840021081e+00,7.587607643915095235e-02,5.415032364841964041e-01,-6.977745294570922852e-01,3.293485194444656372e-02,5.366488359868526459e-03,7.155398130416870117e-01,0.000000000000000000e+00,0.000000000000000000e+00,9.316843003034591675e-03,-1.407744661965642408e+00,1.069666624069213867e+00,-3.340107202529907227e-01,-1.522835195064544678e-01,1.401767776408467725e+00,1.108201980590820312e+00,4.787569344043731689e-01,-5.420421808958053589e-02,3.701275289058685303e-01,2.834234833717346191e-01,7.570797801017761230e-01,-3.432290256023406982e-01,-1.679412424564361572e-01,9.666326642036437988e-02,5.235480889678001404e-02,-3.547188341617584229e-01,1.222283765673637390e-01,-1.823759526014328003e-01,-3.880737349390983582e-02
1.293926515514501441e+00,7.535003208404764119e-02,5.421454570337076451e-01,-6.869862079620361328e-01,2.924508973956108093e-02,4.864662420004606247e-03,7.260655164718627930e-01,0.000000000000000000e+00,0.000000000000000000e+00,2.079137042164802551e-02,-1.414828361072812513e+00,1.062725543975830078e+00,-3.338163197040557861e-01,-1.708246469497680664e-01,1.387573541202817395e+00,1.101660728454589844e+00,4.817742407321929932e-01,-6.169240921735763550e-02,3.519724905490875244e-01,2.657302320003509521e-01,7.114627361297607422e-01,-3.501719236373901367e-01,-1.669120788574218750e-01,8.347884565591812134e-02,5.053782463073730469e-02,-3.265453875064849854e-01,1.279610842466354370e-01,-1.795356869697570801e-01,-4.101585224270820618e-02
1.294290888901009628e+00,7.456166359464251603e-02,5.428541084649888271e-01,-6.762274503707885742e-01,2.544441074132919312e-02,4.108437336981296539e-03,7.362418770790100098e-01,0.000000000000000000e+00,0.000000000000000000e+00,3.278626501560211182e-02,-1.420375035205159620e+00,1.054875373840332031e+00,-3.361725509166717529e-01,-1.845984756946563721e-01,1.377711922922406629e+00,1.095959424972534180e+00,4.793123006820678711e-01,-5.874038860201835632e-02,3.346513807773590088e-01,2.600472271442413330e-01,6.406036019325256348e-01,-3.497551977634429932e-01,-1.650492846965789795e-01,7.178155332803726196e-02,4.835813120007514954e-02,-2.993489205837249756e-01,1.306984573602676392e-01,-1.749957501888275146e-01,-4.146080836653709412e-02
1.295192023812219428e+00,7.345774841683004597e-02,5.434972009198232312e-01,-6.661658287048339844e-01,2.186528965830802917e-02,3.057236550375819206e-03,7.454768419265747070e-01,0.000000000000000000e+00,0.000000000000000000e+00,4.408744350075721741e-02,-1.423638031878743604e+00,1.047420740127563477e+00,-3.402211666107177734e-01,-1.932190805673599243e-01,1.372552172341618970e+00,1.091583490371704102e+00,4.724295139312744141e-01,-4.647969454526901245e-02,3.121293485164642334e-01,2.539292871952056885e-01,5.435295701026916504e-01,-3.396788537502288818e-01,-1.690926253795623779e-01,6.231329962611198425e-02,4.667858779430389404e-02,-2.736146748065948486e-01,1.305323839187622070e-01,-1.697450280189514160e-01,-4.061480239033699036e-02
1.296503286379756315e+00,7.201731930355155520e-02,5.440083035164409164e-01,-6.569867134094238281e-01,1.876815594732761383e-02,1.779058016836643219e-03,7.536664605140686035e-01,0.000000000000000000e+00,0.000000000000000000e+00,5.419971048831939697e-02,-1.425402225055966809e+00,1.041730403900146484e+00,-3.438717722892761230e-01,-1.967021375894546509e-01,1.371450469889913037e+00,1.088893651962280273e+00,4.625048041343688965e-01,-2.464120090007781982e-02,2.823270559310913086e-01,2.405656874179840088e-01,4.213469624519348145e-01,-3.145058751106262207e-01,-1.839803308248519897e-01,5.508648604154586792e-02,4.534377530217170715e-02,-2.500906586647033691e-01,1.285376101732254028e-01,-1.652191281318664551e-01,-3.810035809874534607e-02
1.298138897727535213e+00,7.026780494310036485e-02,5.444053110736186696e-01,-6.486239433288574219e-01,1.645169965922832489e-02,4.795313579961657524e-04,7.609310746192932129e-01,0.000000000000000000e+00,0.000000000000000000e+00,6.300771236419677734e-02,-1.426148996749196485e+00,1.040136098861694336e+00,-3.432327210903167725e-01,-1.956855952739715576e-01,1.373304621377263501e+00,1.088432073593139648e+00,4.525224864482879639e-01,6.723731290549039841e-03,2.525938451290130615e-01,2.295237034559249878e-01,2.947926521301269531e-01,-2.736210823059082031e-01,-2.044745236635208130e-01,5.056880041956901550e-02,4.340042173862457275e-02,-2.306784242391586304e-01,1.260982304811477661e-01,-1.633821874856948853e-01,-3.251690417528152466e-02
1.299819599036315498e+00,6.845445465719834921e-02,5.445321940577992903e-01,-6.417515277862548828e-01,1.424733176827430725e-02,5.197899881750345230e-04,7.667800188064575195e-01,0.000000000000000000e+00,0.000000000000000000e+00,7.085748761892318726e-02,-1.425718725719724134e+00,1.040281295776367188e+00,-3.353180885314941406e-01,-1.889899820089340210e-01,1.375615821280751661e+00,1.093000650405883789e+00,4.472870528697967529e-01,3.257256373763084412e-02,2.296805083751678467e-01,2.341027259826660156e-01,2.146842181682586670e-01,-2.240344434976577759e-01,-2.101678997278213501e-01,5.021654069423675537e-02,3.635753318667411804e-02,-2.166657000780105591e-01,1.251867264509201050e-01,-1.640257835388183594e-01,-2.255824394524097443e-02
1.301682902231360961e+00,6.613805132918060270e-02,5.447343930541866941e-01,-6.371379494667053223e-01,1.393769308924674988e-02,6.101409089751541615e-04,7.706235051155090332e-01,0.000000000000000000e+00,0.000000000000000000e+00,7.263574004173278809e-02,-1.423852861919675306e+00,1.045657396316528320e+00,-3.384109437465667725e-01,-1.751512736082077026e-01,1.378777087726865247e+00,1.095974683761596680e+00,4.356682300567626953e-01,5.983030796051025391e-02,2.209449857473373413e-01,2.601503431797027588e-01,1.726738512516021729e-01,-2.086540460586547852e-01,-2.117193639278411865e-01,5.288859084248542786e-02,3.112316131591796875e-02,-2.066364288330078125e-01,1.241468265652656555e-01,-1.658776700496673584e-01,-1.448775175958871841e-02
1.303507592476377486e+00,6.367140522019730520e-02,5.449598843784946300e-01,-6.346850991249084473e-01,1.377378590404987335e-02,1.491958275437355042e-03,7.726467251777648926e-01,0.000000000000000000e+00,0.000000000000000000e+00,6.881211698055267334e-02,-1.420499549308095411e+00,1.053509950637817383e+00,-3.421356976032257080e-01,-1.569253057241439819e-01,1.382920504608426526e+00,1.102277278900146484e+00,4.196623861789703369e-01,8.026343584060668945e-02,2.119592726230621338e-01,2.793111205101013184e-01,1.479580402374267578e-01,-2.002732604742050171e-01,-2.117483317852020264e-01,5.677999556064605713e-02,2.343607880175113678e-02,-1.996837556362152100e-01,1.258023083209991455e-01,-1.698442995548248291e-01,-6.569806486368179321e-03
1.305260371291878219e+00,6.108275983482599342e-02,5.451504994898733747e-01,-6.338164806365966797e-01,1.387688331305980682e-02,2.664258005097508430e-03,7.733544111251831055e-01,0.000000000000000000e+00,0.000000000000000000e+00,6.266599148511886597e-02,-1.416829572119985059e+00,1.058430075645446777e+00,-3.462264239788055420e-01,-1.348607540130615234e-01,1.388237119713101819e+00,1.112248659133911133e+00,3.995473384857177734e-01,9.471720457077026367e-02,2.030583918094635010e-01,2.894262671470642090e-01,1.347234994173049927e-01,-1.974260956048965454e-01,-2.107222080230712891e-01,6.190351024270057678e-02,1.517758518457412720e-02,-1.954944729804992676e-01,1.281535774469375610e-01,-1.746977418661117554e-01,1.454804907552897930e-03
1.307075429059038285e+00,5.844569256453953365e-02,5.452596537324816417e-01,-6.343713402748107910e-01,1.420880854129791260e-02,3.873816691339015961e-03,7.728881835937500000e-01,0.000000000000000000e+00,0.000000000000000000e+00,5.570150911808013916e-02,-1.413687930503163770e+00,1.057869672775268555e+00,-3.507440686225891113e-01,-1.096565499901771545e-01,1.395336152115140393e+00,1.124761581420898438e+00,3.773466348648071289e-01,1.054728478193283081e-01,1.944243013858795166e-01,2.932901978492736816e-01,1.276859641075134277e-01,-1.980270147323608398e-01,-2.089186608791351318e-01,6.858072429895401001e-02,6.739416625350713730e-03,-1.948912888765335083e-01,1.296460330486297607e-01,-1.798625737428665161e-01,9.664036333560943604e-03
1.309037797306523254e+00,5.591010365606934734e-02,5.452797075549159489e-01,-6.361199617385864258e-01,1.462635491043329239e-02,4.951912444084882736e-03,7.714356184005737305e-01,0.000000000000000000e+00,0.000000000000000000e+00,4.879622161388397217e-02,-1.411468253531728223e+00,1.052608966827392578e+00,-3.554398715496063232e-01,-8.281240612268447876e-02,1.404347107806477979e+00,1.138986349105834961e+00,3.554248511791229248e-01,1.138698831200599670e-01,1.861198693513870239e-01,2.928484976291656494e-01,1.235767677426338196e-01,-2.005527466535568237e-01,-2.068199366331100464e-01,7.606919854879379272e-02,-1.656604348681867123e-03,-1.977707445621490479e-01,1.301783323287963867e-01,-1.848154813051223755e-01,1.756032556295394897e-02
1.311156029010360990e+00,5.356855520131913184e-02,5.452172210067510738e-01,-6.389831900596618652e-01,1.490534096956253052e-02,6.004956550896167755e-03,7.690528035163879395e-01,0.000000000000000000e+00,0.000000000000000000e+00,4.178031533956527710e-02,-1.409951792159352735e+00,1.044957756996154785e+00,-3.604161143302917480e-01,-5.586864799261093140e-02,1.415473044910703138e+00,1.153980493545532227e+00,3.337971568107604980e-01,1.200510114431381226e-01,1.776996701955795288e-01,2.890681922435760498e-01,1.214297562837600708e-01,-2.034994363784790039e-01,-2.033394426107406616e-01,8.412460982799530029e-02,-1.035962067544460297e-02,-2.034252434968948364e-01,1.299556344747543335e-01,-1.892094165086746216e-01,2.518001012504100800e-02
1.313333384198973830e+00,5.147313835343929334e-02,5.451042054691398464e-01,-6.426377296447753906e-01,1.508773770183324814e-02,7.177691441029310226e-03,7.659880518913269043e-01,0.000000000000000000e+00,0.000000000000000000e+00,3.551825881004333496e-02,-1.409032867350850537e+00,1.036806464195251465e+00,-3.652320802211761475e-01,-3.132820129394531250e-02,1.428106979527745679e+00,1.168486118316650391e+00,3.138267695903778076e-01,1.247206330299377441e-01,1.693273633718490601e-01,2.833956480026245117e-01,1.204764470458030701e-01,-2.061040848493576050e-01,-1.990055590867996216e-01,9.246855229139328003e-02,-1.898410730063915253e-02,-2.105885297060012817e-01,1.297749727964401245e-01,-1.935011297464370728e-01,3.278473019599914551e-02
1.315552092611488755e+00,4.948244875268728582e-02,5.449621264207543669e-01,-6.466128826141357422e-01,1.505216117948293686e-02,8.314416743814945221e-03,7.626245021820068359e-01,0.000000000000000000e+00,0.000000000000000000e+00,2.982398867607116699e-02,-1.408831552663121656e+00,1.029847860336303711e+00,-3.697933256626129150e-01,-1.039911247789859772e-02,1.441747770705495313e+00,1.180969476699829102e+00,2.978058457374572754e-01,1.281420141458511353e-01,1.608790606260299683e-01,2.766524851322174072e-01,1.198536306619644165e-01,-2.080888450145721436e-01,-1.943539530038833618e-01,1.006713286042213440e-01,-2.742979675531387329e-02,-2.179355919361114502e-01,1.293780058622360229e-01,-1.978679597377777100e-01,4.025549441576004028e-02
1.317791643713158711e+00,4.764938717858508560e-02,5.448442531249138021e-01,-6.503405570983886719e-01,1.482993364334106445e-02,9.345407597720623016e-03,7.594405412673950195e-01,0.000000000000000000e+00,0.000000000000000000e+00,2.507391571998596191e-02,-1.409185261526380017e+00,1.025124907493591309e+00,-3.745665550231933594e-01,5.309164989739656448e-03,1.454813950755868390e+00,1.190325140953063965e+00,2.874210476875305176e-01,1.309198141098022461e-01,1.526266336441040039e-01,2.703938484191894531e-01,1.193101182579994202e-01,-2.093900740146636963e-01,-1.896467357873916626e-01,1.082618385553359985e-01,-3.546173870563507080e-02,-2.241812348365783691e-01,1.290020942687988281e-01,-2.015126198530197144e-01,4.722623527050018311e-02
1.320273501456084908e+00,4.629666758889351003e-02,5.447735042358287094e-01,-6.532451510429382324e-01,1.450889743864536285e-02,1.001087017357349396e-02,7.569412589073181152e-01,0.000000000000000000e+00,0.000000000000000000e+00,2.238133735954761505e-02,-1.410029993453298047e+00,1.022765398025512695e+00,-3.791936337947845459e-01,1.484027225524187088e-02,1.464916461208138898e+00,1.196165561676025391e+00,2.833431065082550049e-01,1.330437511205673218e-01,1.456489562988281250e-01,2.661195695400238037e-01,1.187618151307106018e-01,-2.101688385009765625e-01,-1.860497444868087769e-01,1.137685701251029968e-01,-4.239037260413169861e-02,-2.284028977155685425e-01,1.291359663009643555e-01,-2.039737701416015625e-01,5.295758321881294250e-02
1.322786747790647199e+00,4.525609010491858653e-02,5.447094814735229384e-01,-6.556160449981689453e-01,1.398139633238315582e-02,1.050777547061443329e-02,7.548918128013610840e-01,0.000000000000000000e+00,0.000000000000000000e+00,2.104188874363899231e-02,-1.411074415841374829e+00,1.022629022598266602e+00,-3.836404681205749512e-01,1.945209316909313202e-02,1.472354152300630048e+00,1.199524879455566406e+00,2.845156192779541016e-01,1.340095847845077515e-01,1.392761170864105225e-01,2.636794149875640869e-01,1.185601428151130676e-01,-2.100305855274200439e-01,-1.822082698345184326e-01,1.174324899911880493e-01,-4.913115128874778748e-02,-2.318373471498489380e-01,1.299008131027221680e-01,-2.058463245630264282e-01,5.815442278981208801e-02
