-3.955321428634113456e-02,-2.789396655628213068e-02,5.108744895774306460e-01,9.962714314460754395e-01,-1.311072986572980881e-02,8.439831435680389404e-02,-1.217390410602092743e-02,0.000000000000000000e+00,0.000000000000000000e+00,-4.578362703323364258e-01,-1.095112756886754468e+00,7.592191696166992188e-01,-5.044349431991577148e-01,6.654145568609237671e-02,1.071875260272298291e+00,8.121290206909179688e-01,5.473055839538574219e-01,2.711466550827026367e-01,4.642290621995925903e-02,2.322545647621154785e-02,5.557843446731567383e-01,-3.839970007538795471e-02,-9.136004745960235596e-02,-6.863369345664978027e-01,-6.472889333963394165e-02,-1.793812513351440430e-01,6.147812008857727051e-01,-1.354039460420608521e-01,1.469935290515422821e-02
-1.060241803465730888e-02,-3.012715223010140053e-02,5.197585820316364957e-01,9.958983659744262695e-01,-1.514762826263904572e-02,8.012852072715759277e-02,-3.919770568609237671e-02,0.000000000000000000e+00,0.000000000000000000e+00,-3.194684684276580811e-01,-1.113890723386083081e+00,7.664781212806701660e-01,-4.567437171936035156e-01,-9.991198778152465820e-03,1.087600485482488111e+00,7.915374636650085449e-01,5.948214530944824219e-01,1.599453240633010864e-01,4.437646269798278809e-02,4.622307047247886658e-02,8.367792963981628418e-01,8.567637205123901367e-02,-1.339154690504074097e-01,-5.815072059631347656e-01,-2.425169013440608978e-02,-1.543131768703460693e-01,5.586925148963928223e-01,-1.689659506082534790e-01,9.044991806149482727e-03
2.151918388790253350e-02,-3.305203648556889057e-02,5.300747582195984853e-01,9.951483011245727539e-01,-1.813270896673202515e-02,7.837814092636108398e-02,-5.663871020078659058e-02,0.000000000000000000e+00,0.000000000000000000e+00,-1.883945018053054810e-01,-1.150763318934712842e+00,8.164827227592468262e-01,-4.527388215065002441e-01,-8.964744955301284790e-02,1.124135778346333936e+00,7.691895365715026855e-01,6.384626626968383789e-01,1.802315749228000641e-02,6.597525626420974731e-02,6.428314745426177979e-02,1.073224186897277832e+00,6.388097256422042847e-02,-1.536056250333786011e-01,-4.524241685867309570e-01,9.423828683793544769e-03,-1.323410123586654663e-01,4.413180649280548096e-01,-1.774087697267532349e-01,1.096444297581911087e-02
5.280821224016071791e-02,-3.599178984074505316e-02,5.399061550478441163e-01,9.949055314064025879e-01,-1.336048636585474014e-02,7.934353500604629517e-02,-6.073741242289543152e-02,0.000000000000000000e+00,0.000000000000000000e+00,-7.947164028882980347e-02,-1.190667168298039869e+00,9.010777473449707031e-01,-4.800687134265899658e-01,-1.593639105558395386e-01,1.176704422631535962e+00,7.426968216896057129e-01,6.717695593833923340e-01,-1.456954926252365112e-01,1.279547661542892456e-01,1.084280312061309814e-01,1.225949048995971680e+00,-2.737061493098735809e-02,-9.351512044668197632e-02,-3.135757744312286377e-01,1.346358750015497208e-02,-1.155605390667915344e-01,2.894489467144012451e-01,-1.659555584192276001e-01,1.225059013813734055e-02
8.392981920062066170e-02,-3.882299617309160900e-02,5.460731829183571584e-01,9.952872395515441895e-01,1.480385311879217625e-03,8.023619651794433594e-02,-5.443570390343666077e-02,0.000000000000000000e+00,0.000000000000000000e+00,1.291311811655759811e-02,-1.215316967168126538e+00,9.847496151924133301e-01,-5.018149614334106445e-01,-2.254780679941177368e-01,1.226132796206746534e+00,7.038894295692443848e-01,6.990947127342224121e-01,-3.145285546779632568e-01,1.856256425380706787e-01,1.702730804681777954e-01,1.289051532745361328e+00,-1.110333725810050964e-01,2.161796204745769501e-03,-1.899350583553314209e-01,-1.410783920437097549e-02,-1.092360839247703552e-01,1.673433929681777954e-01,-1.639019846916198730e-01,1.596211455762386322e-02
1.147845089540939084e-01,-4.136683185274402097e-02,5.474564814733133833e-01,9.955719709396362305e-01,1.399994455277919769e-02,7.970096170902252197e-02,-4.783571884036064148e-02,0.000000000000000000e+00,0.000000000000000000e+00,1.104101985692977905e-01,-1.217845843234334424e+00,1.025359630584716797e+00,-4.827916026115417480e-01,-3.041941821575164795e-01,1.259056733050618604e+00,6.589820384979248047e-01,7.290323972702026367e-01,-4.695394337177276611e-01,1.918084919452667236e-01,1.992722600698471069e-01,1.243244051933288574e+00,-1.631336659193038940e-01,5.457765609025955200e-02,-9.755398333072662354e-02,-4.224560782313346863e-02,-1.101658567786216736e-01,1.204385086894035339e-01,-1.913443058729171753e-01,1.942825317382812500e-02
1.467587926114598817e-01,-4.291593254675542951e-02,5.440798412722469557e-01,9.957532882690429688e-01,1.412822119891643524e-02,7.693815231323242188e-02,-4.854267090559005737e-02,0.000000000000000000e+00,0.000000000000000000e+00,2.205055654048919678e-01,-1.198140100636754468e+00,1.004590511322021484e+00,-4.146902263164520264e-01,-4.006307125091552734e-01,1.262330309548650220e+00,6.161414384841918945e-01,7.709906697273254395e-01,-5.878485441207885742e-01,1.789966970682144165e-01,2.002134919166564941e-01,1.098221063613891602e+00,-1.668167859315872192e-01,3.997551277279853821e-02,-1.910388283431529999e-02,-4.571782797574996948e-02,-1.103755310177803040e-01,1.135344728827476501e-01,-2.328988611698150635e-01,2.678539603948593140e-02
1.782283468849279739e-01,-4.331783938146375329e-02,5.365357012226424915e-01,9.956354498863220215e-01,5.597051233053207397e-03,7.145299762487411499e-02,-5.977590382099151611e-02,0.000000000000000000e+00,0.000000000000000000e+00,3.533948063850402832e-01,-1.167774931588445142e+00,9.305200576782226562e-01,-3.202026486396789551e-01,-5.111261606216430664e-01,1.232954309382710889e+00,5.787559747695922852e-01,8.261603713035583496e-01,-6.508682370185852051e-01,2.016379088163375854e-01,2.297002226114273071e-01,8.730624318122863770e-01,-1.386082917451858521e-01,-5.857474170625209808e-03,6.225005537271499634e-02,-3.354497253894805908e-02,-9.943042695522308350e-02,1.167650073766708374e-01,-2.818562090396881104e-01,4.854896664619445801e-02
2.105722353607416275e-01,-4.249859091186086735e-02,5.267668324618628439e-01,9.945173859596252441e-01,-5.116718355566263199e-03,6.530245393514633179e-02,-8.151446282863616943e-02,0.000000000000000000e+00,0.000000000000000000e+00,5.006491541862487793e-01,-1.144845441975865796e+00,8.427472114562988281e-01,-2.274310588836669922e-01,-6.208181977272033691e-01,1.182542101540837720e+00,5.424826741218566895e-01,8.775150179862976074e-01,-6.519513130187988281e-01,2.401108592748641968e-01,2.985349297523498535e-01,5.541203022003173828e-01,-8.476518094539642334e-02,-6.364817917346954346e-02,1.385071128606796265e-01,-2.398139610886573792e-02,-6.917863339185714722e-02,1.220799982547760010e-01,-3.306218981742858887e-01,7.551896572113037109e-02
2.447177501098073971e-01,-4.086010694743670568e-02,5.172518127080466543e-01,9.921599030494689941e-01,-1.574141159653663635e-02,5.718240141868591309e-02,-1.100046932697296143e-01,0.000000000000000000e+00,0.000000000000000000e+00,6.274881958961486816e-01,-1.137078271308217481e+00,7.881948351860046387e-01,-1.453714370727539062e-01,-6.915404200553894043e-01,1.125937984385762647e+00,5.194653272628784180e-01,8.917422890663146973e-01,-5.760966539382934570e-01,2.476098984479904175e-01,3.531166613101959229e-01,1.515586674213409424e-01,-2.166128531098365784e-02,-1.473984122276306152e-01,2.201897650957107544e-01,-2.215645276010036469e-02,-1.689722202718257904e-02,1.203912720084190369e-01,-3.632885813713073730e-01,9.551309794187545776e-02
2.811680843018823373e-01,-3.902144286264148249e-02,5.091391903876957281e-01,9.887603521347045898e-01,-2.716980502009391785e-02,5.193009972572326660e-02,-1.375428885221481323e-01,0.000000000000000000e+00,0.000000000000000000e+00,7.460746765136718750e-01,-1.153934673466954663e+00,7.780579924583435059e-01,-7.675476372241973877e-02,-7.178654670715332031e-01,1.092213944592748120e+00,5.215873122215270996e-01,8.397884368896484375e-01,-6.138592362403869629e-01,2.867688238620758057e-01,3.224778175354003906e-01,1.030935496091842651e-01,-8.721858263015747070e-02,-1.926901638507843018e-01,3.093199133872985840e-01,-3.782094642519950867e-02,2.654054947197437286e-02,1.136390790343284607e-01,-3.487858474254608154e-01,1.125136464834213257e-01
3.192753707625047288e-01,-3.685866613862941871e-02,5.043736050067224586e-01,9.884961247444152832e-01,-2.084556221961975098e-02,5.742035806179046631e-02,-1.383609473705291748e-01,0.000000000000000000e+00,0.000000000000000000e+00,8.224701285362243652e-01,-1.174644784131322339e+00,8.240761160850524902e-01,-1.071264315396547318e-02,-6.744529008865356445e-01,1.083123401799474195e+00,5.278980731964111328e-01,7.267987728118896484e-01,-5.908590555191040039e-01,2.526504993438720703e-01,3.464843034744262695e-01,9.489072859287261963e-02,-5.286967381834983826e-02,-1.944964528083801270e-01,3.562595546245574951e-01,-7.562115788459777832e-02,3.446597978472709656e-02,1.460859030485153198e-01,-2.811191678047180176e-01,1.256085336208343506e-01
3.591919438074333559e-01,-3.475714854844328544e-02,5.035321333312025027e-01,9.903698563575744629e-01,1.426875218749046326e-02,7.326120883226394653e-02,-1.166053637862205505e-01,0.000000000000000000e+00,0.000000000000000000e+00,8.443521261215209961e-01,-1.187438593306813672e+00,9.097163677215576172e-01,0.000000000000000000e+00,-5.822299122810363770e-01,1.106230543055806592e+00,5.247876644134521484e-01,6.041482686996459961e-01,-6.245672106742858887e-01,1.488135308027267456e-01,3.388949632644653320e-01,2.159646749496459961e-01,1.193307712674140930e-01,-8.218476921319961548e-02,2.821435034275054932e-01,-1.556553691625595093e-01,2.441301196813583374e-02,3.908503651618957520e-01,-2.123612463474273682e-01,1.266881078481674194e-01
4.005110803630315686e-01,-3.282006555533206055e-02,5.053171311243616071e-01,9.931527972221374512e-01,4.011424258351325989e-02,6.757526844739913940e-02,-8.644019812345504761e-02,0.000000000000000000e+00,0.000000000000000000e+00,8.048688769340515137e-01,-1.177076117196355298e+00,1.012553930282592773e+00,0.000000000000000000e+00,-4.613083302974700928e-01,1.146276936927113965e+00,5.292294621467590332e-01,5.183000564575195312e-01,-6.646713018417358398e-01,6.804943084716796875e-02,3.049659430980682373e-01,4.469179809093475342e-01,8.105596154928207397e-02,3.862363472580909729e-02,2.154773473739624023e-01,-2.229497134685516357e-01,1.378048676997423172e-03,6.857081651687622070e-01,-3.862196952104568481e-02,1.023166179656982422e-01
4.415664863180030486e-01,-3.103856316833484077e-02,5.109907436205280984e-01,9.957347512245178223e-01,5.693504214286804199e-02,5.130089446902275085e-02,-5.136963352560997009e-02,0.000000000000000000e+00,0.000000000000000000e+00,6.976078152656555176e-01,-1.161642448106084302e+00,1.111463785171508789e+00,-6.392021477222442627e-02,-3.294081985950469971e-01,1.188008324303899244e+00,5.765236616134643555e-01,4.831519424915313721e-01,-5.891296863555908203e-01,-2.515340596437454224e-02,2.716190814971923828e-01,5.088523030281066895e-01,1.138237887062132359e-03,6.622847914695739746e-02,1.136621385812759399e-01,-2.694738805294036865e-01,-2.461740747094154358e-03,9.918645620346069336e-01,1.569366008043289185e-01,6.721922755241394043e-02
4.815543064836299569e-01,-2.874997258214562201e-02,5.184067135876175847e-01,9.961924552917480469e-01,7.032442092895507812e-02,4.277399182319641113e-02,-2.872953563928604126e-02,0.000000000000000000e+00,0.000000000000000000e+00,5.699046850204467773e-01,-1.157160983481679395e+00,1.155716657638549805e+00,-1.750925481319427490e-01,-2.396056801080703735e-01,1.221416548886571363e+00,6.962255239486694336e-01,5.357426404953002930e-01,-4.681386351585388184e-01,-1.084083616733551025e-01,2.468112111091613770e-01,4.498361349105834961e-01,-4.993030428886413574e-02,6.819612532854080200e-02,-2.413520775735378265e-02,-2.816547453403472900e-01,2.532067336142063141e-02,1.240333318710327148e+00,9.815030544996261597e-02,6.413043290376663208e-02
5.213853497682797711e-01,-2.661118363434768555e-02,5.277495943190473326e-01,9.963955879211425781e-01,7.223147153854370117e-02,3.931882977485656738e-02,-2.079836651682853699e-02,0.000000000000000000e+00,0.000000000000000000e+00,4.377840757369995117e-01,-1.177592055001531079e+00,1.147801518440246582e+00,-2.590228319168090820e-01,-1.856716424226760864e-01,1.246841029324803785e+00,8.606940507888793945e-01,6.450562477111816406e-01,-3.125175237655639648e-01,-1.547421663999557495e-01,2.243287563323974609e-01,3.078720271587371826e-01,-7.118219882249832153e-02,6.093833595514297485e-02,-1.781222373247146606e-01,-2.829934954643249512e-01,2.219046093523502350e-02,1.371776580810546875e+00,-3.775759041309356689e-02,3.604308143258094788e-02
5.601552012359554134e-01,-2.514213734278173198e-02,5.364773250852871156e-01,9.974296092987060547e-01,5.733785778284072876e-02,3.723119571805000305e-02,-2.145896665751934052e-02,0.000000000000000000e+00,0.000000000000000000e+00,3.111917972564697266e-01,-1.216508255400929883e+00,1.126122951507568359e+00,-3.135192096233367920e-01,-1.420086324214935303e-01,1.269844369092259839e+00,1.025523424148559570e+00,7.686960101127624512e-01,-1.484968811273574829e-01,-1.479218900203704834e-01,2.011362761259078979e-01,1.571530103683471680e-01,-8.056706190109252930e-02,5.062599107623100281e-02,-3.279203176498413086e-01,-2.988783717155456543e-01,-5.688685551285743713e-02,1.386258721351623535e+00,-1.416412144899368286e-01,-5.648082867264747620e-02
5.975451172120643806e-01,-2.423514302020346803e-02,5.410095719940433145e-01,9.983120560646057129e-01,3.631595894694328308e-02,4.087230935692787170e-02,-1.958672329783439636e-02,0.000000000000000000e+00,0.000000000000000000e+00,1.926158666610717773e-01,-1.256173328557286695e+00,1.100185871124267578e+00,-3.522483408451080322e-01,-8.271286636590957642e-02,1.281942115226064161e+00,1.116492152214050293e+00,8.421188592910766602e-01,-4.969712346792221069e-02,-1.138536632061004639e-01,1.773293763399124146e-01,1.131540015339851379e-01,-1.268978118896484375e-01,4.256935790181159973e-02,-4.520956873893737793e-01,-2.662275433540344238e-01,-1.466002464294433594e-01,1.280876159667968750e+00,-2.004995495080947876e-01,-1.067209616303443909e-01
6.355885469875853788e-01,-2.336123698565055473e-02,5.397681864102681359e-01,9.985100626945495605e-01,2.963993512094020844e-02,4.567569494247436523e-02,-3.584191668778657913e-03,0.000000000000000000e+00,0.000000000000000000e+00,6.867657601833343506e-02,-1.264932231107030347e+00,1.051817655563354492e+00,-4.071066081523895264e-01,4.792510531842708588e-03,1.268628940978322461e+00,1.112342596054077148e+00,8.291602134704589844e-01,1.709860004484653473e-02,-1.067809239029884338e-01,1.464190781116485596e-01,1.122838407754898071e-01,-1.777519136667251587e-01,4.226841405034065247e-02,-5.484125614166259766e-01,-2.344357669353485107e-01,-2.079484760761260986e-01,1.089396953582763672e+00,-2.140882313251495361e-01,-8.880215138196945190e-02
6.709629500107934241e-01,-2.279694556935944402e-02,5.335704342569365100e-01,9.977434873580932617e-01,3.756245598196983337e-02,4.854012280702590942e-02,2.721781842410564423e-02,0.000000000000000000e+00,0.000000000000000000e+00,-6.039330363273620605e-02,-1.236718938746724561e+00,9.797075986862182617e-01,-4.874505996704101562e-01,1.217464134097099304e-01,1.226351217427525953e+00,1.034527063369750977e+00,7.582448124885559082e-01,8.294688910245895386e-02,-1.266403496265411377e-01,1.020958647131919861e-01,1.149071380496025085e-01,-2.276815026998519897e-01,4.256502538919448853e-02,-6.127191185951232910e-01,-2.456069588661193848e-01,-2.561111152172088623e-01,8.327233195304870605e-01,-1.867773234844207764e-01,-4.955227673053741455e-02
7.051860643336267387e-01,-2.256525229944875838e-02,5.247831648129104298e-01,9.953601956367492676e-01,4.980380088090896606e-02,4.680766910314559937e-02,6.772480159997940063e-02,0.000000000000000000e+00,0.000000000000000000e+00,-1.899088472127914429e-01,-1.187387243905339673e+00,9.015635848045349121e-01,-5.884717106819152832e-01,2.648025155067443848e-01,1.168057815232549146e+00,9.161090850830078125e-01,6.792211532592773438e-01,1.587553471326828003e-01,-1.451797187328338623e-01,4.001388326287269592e-02,1.199480742216110229e-01,-2.769406735897064209e-01,3.094363771378993988e-02,-6.235629320144653320e-01,-2.667033672332763672e-01,-2.808843255043029785e-01,5.057186484336853027e-01,-1.120292693376541138e-01,1.336065586656332016e-03
7.494477152779246421e-01,-2.311013344247270229e-02,5.156219725431215872e-01,9.907073378562927246e-01,6.431060284376144409e-02,3.673143684864044189e-02,1.140788644552230835e-01,0.000000000000000000e+00,0.000000000000000000e+00,-3.094990849494934082e-01,-1.127232150235448316e+00,8.230553269386291504e-01,-6.928958296775817871e-01,4.275928735733032227e-01,1.105192170539174512e+00,7.900690436363220215e-01,6.276002526283264160e-01,2.565409541130065918e-01,-1.483301520347595215e-01,-3.142048418521881104e-02,1.232358813285827637e-01,-3.062332868576049805e-01,1.598732918500900269e-02,-5.786021351814270020e-01,-2.896020412445068359e-01,-2.893078327178955078e-01,1.605096459388732910e-01,-1.962799392640590668e-02,8.003857731819152832e-02
7.933060477312766645e-01,-2.344085284047807069e-02,5.072114077180323033e-01,9.852387905120849609e-01,7.447540760040283203e-02,2.902660518884658813e-02,1.513784825801849365e-01,0.000000000000000000e+00,0.000000000000000000e+00,-3.922235667705535889e-01,-1.069519893327031568e+00,7.399656772613525391e-01,-7.804990410804748535e-01,5.689414143562316895e-01,1.040876583256993726e+00,6.741695404052734375e-01,5.960733890533447266e-01,3.555344939231872559e-01,-1.225544139742851257e-01,-8.168846368789672852e-02,1.132065132260322571e-01,-2.937365174293518066e-01,-9.665728546679019928e-03,-6.002215743064880371e-01,-3.396931290626525879e-01,-2.808805406093597412e-01,1.039830893278121948e-01,-6.206949800252914429e-02,1.163977906107902527e-01
8.367016060544987255e-01,-2.403119502325702303e-02,5.028946459820173853e-01,9.848407506942749023e-01,6.850092113018035889e-02,3.625211119651794434e-02,1.551840603351593018e-01,0.000000000000000000e+00,0.000000000000000000e+00,-4.187238216400146484e-01,-1.005466417470250562e+00,6.489382982254028320e-01,-8.410788178443908691e-01,6.631788611412048340e-01,9.881553212788443119e-01,5.802986621856689453e-01,5.732508301734924316e-01,4.082034230232238770e-01,-8.339422941207885742e-02,-7.702019065618515015e-02,1.341774463653564453e-01,-2.293487787246704102e-01,-4.037300497293472290e-02,-6.023327708244323730e-01,-3.088566064834594727e-01,-3.149300813674926758e-01,1.203233748674392700e-01,-5.874857679009437561e-02,1.307131350040435791e-01
8.785446746707564758e-01,-2.578707221660273691e-02,5.045723579011179849e-01,9.895001053810119629e-01,3.225576132535934448e-02,5.497718974947929382e-02,1.297172158956527710e-01,0.000000000000000000e+00,0.000000000000000000e+00,-3.667574524879455566e-01,-9.483227292683462650e-01,5.809608697891235352e-01,-8.390050530433654785e-01,6.542945504188537598e-01,9.651591340687613041e-01,5.586457848548889160e-01,5.537622570991516113e-01,3.430313766002655029e-01,-7.890572771430015564e-03,-4.530901089310646057e-02,3.500208556652069092e-01,-1.526362299919128418e-01,-8.229321986436843872e-02,-6.603762507438659668e-01,-2.007989436388015747e-01,-3.075695335865020752e-01,3.074707984924316406e-01,1.255311165004968643e-02,4.234637599438428879e-03
9.207912278551645402e-01,-2.684947847313426394e-02,5.080929039998186569e-01,9.939073920249938965e-01,1.150753442198038101e-02,4.950397834181785583e-02,9.780087321996688843e-02,0.000000000000000000e+00,0.000000000000000000e+00,-2.449102997779846191e-01,-9.121862808850149662e-01,5.659139752388000488e-01,-7.643707990646362305e-01,5.579278469085693359e-01,9.736687103894094975e-01,6.174743771553039551e-01,5.622903704643249512e-01,2.727256417274475098e-01,2.932491712272167206e-02,-1.306458562612533569e-02,6.437470912933349609e-01,4.228553548455238342e-02,-1.422094404697418213e-01,-6.530048847198486328e-01,-1.171020418405532837e-01,-2.745166718959808350e-01,4.543814361095428467e-01,4.707681760191917419e-02,-4.892665520310401917e-02
9.625543302974917115e-01,-2.880211044450977156e-02,5.141506115505189989e-01,9.970558881759643555e-01,-7.325729355216026306e-03,3.462184220552444458e-02,6.802417337894439697e-02,0.000000000000000000e+00,0.000000000000000000e+00,-1.111852973699569702e-01,-9.255815307286123783e-01,6.129342317581176758e-01,-6.724111437797546387e-01,4.159596264362335205e-01,1.030488804974828199e+00,7.251042723655700684e-01,5.798189043998718262e-01,1.578712463378906250e-01,7.393505424261093140e-02,7.273697759956121445e-03,9.667849540710449219e-01,2.135680168867111206e-01,-1.775359362363815308e-01,-5.668187141418457031e-01,-3.014757111668586731e-02,-2.653783261775970459e-01,5.109007954597473145e-01,-4.546001181006431580e-02,-9.563422948122024536e-02
1.004625672031231653e+00,-3.152420924346178988e-02,5.217586913238270174e-01,9.981178641319274902e-01,-2.889475226402282715e-02,2.775534614920616150e-02,4.642644524574279785e-02,0.000000000000000000e+00,0.000000000000000000e+00,3.947225864976644516e-03,-9.734905521061758549e-01,7.238897681236267090e-01,-6.048094630241394043e-01,2.646452784538269043e-01,1.121370569863591626e+00,8.388509750366210938e-01,5.929761528968811035e-01,-8.721286430954933167e-04,1.675027161836624146e-01,2.165209874510765076e-02,1.231241703033447266e+00,1.167988404631614685e-01,-1.452475488185882568e-01,-4.373027384281158447e-01,6.627446413040161133e-02,-2.632435560226440430e-01,4.324747920036315918e-01,-9.133386611938476562e-02,-1.064798682928085327e-01
1.045708356167029951e+00,-3.409890414366140848e-02,5.315905033450837314e-01,9.986042976379394531e-01,-3.078350052237510681e-02,2.603064663708209991e-02,3.412180021405220032e-02,0.000000000000000000e+00,0.000000000000000000e+00,8.835674077272415161e-02,-1.035670296349797681e+00,8.649412393569946289e-01,-5.548782944679260254e-01,1.188740134239196777e-01,1.220672742524419263e+00,9.361238479614257812e-01,5.976595878601074219e-01,-1.781561672687530518e-01,2.310666739940643311e-01,4.994757473468780518e-02,1.364333629608154297e+00,-4.598208703100681305e-03,-5.473620817065238953e-02,-2.823870778083801270e-01,1.161818206310272217e-01,-2.285477668046951294e-01,2.969444394111633301e-01,-1.129087805747985840e-01,-1.006428077816963196e-01
1.085994035798792945e+00,-3.545689668459347382e-02,5.399647387817050337e-01,9.992731213569641113e-01,-1.217650342732667923e-02,2.590226009488105774e-02,2.518055588006973267e-02,0.000000000000000000e+00,0.000000000000000000e+00,1.640569269657135010e-01,-1.088527754941258863e+00,9.883329272270202637e-01,-5.119099020957946777e-01,-1.552153378725051880e-02,1.306709812083516553e+00,9.923866391181945801e-01,6.129277944564819336e-01,-3.338883817195892334e-01,2.381626665592193604e-01,1.082467213273048401e-01,1.360115289688110352e+00,-9.112271666526794434e-02,5.368853732943534851e-02,-1.292097866535186768e-01,1.086226031184196472e-01,-1.763514429330825806e-01,1.689370423555374146e-01,-1.332298070192337036e-01,-9.042157977819442749e-02
1.126849526318937755e+00,-3.557085159639216537e-02,5.431968087763195951e-01,9.995239973068237305e-01,5.978875793516635895e-03,2.935131080448627472e-02,7.387091871351003647e-03,0.000000000000000000e+00,0.000000000000000000e+00,2.567820549011230469e-01,-1.121139303841863111e+00,1.055749416351318359e+00,-4.537599384784698486e-01,-1.419802457094192505e-01,1.361170814433370069e+00,1.003018975257873535e+00,6.462390422821044922e-01,-4.624454081058502197e-01,1.926142722368240356e-01,1.498772948980331421e-01,1.229554533958435059e+00,-1.340731084346771240e-01,9.543146193027496338e-02,-2.849368378520011902e-02,8.634641021490097046e-02,-1.184132024645805359e-01,1.206128969788551331e-01,-1.765442192554473877e-01,-8.366317301988601685e-02
1.168356952905052815e+00,-3.403497998969572808e-02,5.412348557218458200e-01,9.990937709808349609e-01,1.171804685145616531e-02,3.392672911286354065e-02,-2.287789806723594666e-02,0.000000000000000000e+00,0.000000000000000000e+00,3.711653649806976318e-01,-1.137199000516210035e+00,1.063611984252929688e+00,-3.886798620223999023e-01,-2.681297659873962402e-01,1.376843751468930677e+00,9.791284203529357910e-01,6.791772842407226562e-01,-5.512198805809020996e-01,1.635235995054244995e-01,1.769657880067825317e-01,9.981145858764648438e-01,-1.154149100184440613e-01,7.105973362922668457e-02,4.398611560463905334e-02,7.855293154716491699e-02,-6.252257525920867920e-02,1.204189807176589966e-01,-2.293523550033569336e-01,-7.559228688478469849e-02
1.207861654483007641e+00,-3.169613547943005843e-02,5.342664638206814365e-01,9.972261786460876465e-01,5.575084127485752106e-03,3.593954443931579590e-02,-6.493967771530151367e-02,0.000000000000000000e+00,0.000000000000000000e+00,5.076162219047546387e-01,-1.146377579369817212e+00,1.045674204826354980e+00,-3.373490869998931885e-01,-4.029853641986846924e-01,1.365829856195722058e+00,9.360731244087219238e-01,7.019595503807067871e-01,-5.737152695655822754e-01,1.834749728441238403e-01,2.331608086824417114e-01,6.415713429450988770e-01,-4.322730004787445068e-02,-1.063395012170076370e-02,1.158114299178123474e-01,8.478159457445144653e-02,-1.469105016440153122e-03,1.352959722280502319e-01,-2.854815423488616943e-01,-7.017613202333450317e-02
1.246884815206732444e+00,-2.973377761177041154e-02,5.243542289131819523e-01,9.930339455604553223e-01,-8.985349908471107483e-03,2.938470989465713501e-02,-1.137516349554061890e-01,0.000000000000000000e+00,0.000000000000000000e+00,6.284268498420715332e-01,-1.158502922454152539e+00,1.030429840087890625e+00,-3.016218841075897217e-01,-5.191937685012817383e-01,1.340549857416425183e+00,8.898314833641052246e-01,7.274144291877746582e-01,-4.862252473831176758e-01,2.223563939332962036e-01,3.386303782463073730e-01,1.607820987701416016e-01,3.831087797880172729e-02,-1.278999745845794678e-01,2.041316479444503784e-01,9.847135096788406372e-02,8.388757705688476562e-02,1.501516103744506836e-01,-3.491390645503997803e-01,-7.233575731515884399e-02
1.290055172840754105e+00,-2.833719807037274677e-02,5.124706160698575541e-01,9.859841465950012207e-01,-2.712864615023136139e-02,2.112803608179092407e-02,-1.632573157548904419e-01,0.000000000000000000e+00,0.000000000000000000e+00,7.363024353981018066e-01,-1.178315327563558057e+00,1.020240783691406250e+00,-2.831904888153076172e-01,-6.151655912399291992e-01,1.327303559580121473e+00,8.483507633209228516e-01,7.128763794898986816e-01,-5.523318052291870117e-01,3.136743307113647461e-01,3.508579134941101074e-01,1.003772094845771790e-01,-7.315926253795623779e-02,-1.716734319925308228e-01,3.162770271301269531e-01,8.868364989757537842e-02,1.541102081537246704e-01,1.486602574586868286e-01,-3.931694924831390381e-01,-5.665655434131622314e-02
1.336223556169054749e+00,-2.844375995161820686e-02,5.049520519097344673e-01,9.825338721275329590e-01,-3.439332917332649231e-02,2.575461193919181824e-02,-1.810551285743713379e-01,0.000000000000000000e+00,0.000000000000000000e+00,8.010284304618835449e-01,-1.203315631547246412e+00,1.052233457565307617e+00,-2.660543322563171387e-01,-6.485617160797119141e-01,1.323476702966962293e+00,8.023396730422973633e-01,6.575196981430053711e-01,-6.039196848869323730e-01,3.234373331069946289e-01,3.306816816329956055e-01,1.001661941409111023e-01,-9.842587262392044067e-02,-2.141716480255126953e-01,3.930720984935760498e-01,5.791897326707839966e-02,1.786024123430252075e-01,1.540401726961135864e-01,-3.549276888370513916e-01,-3.951521217823028564e-02
1.384922790015586713e+00,-3.005711954896046756e-02,5.024069187519225599e-01,9.843716025352478027e-01,-1.697289757430553436e-02,4.141838476061820984e-02,-1.703204065561294556e-01,0.000000000000000000e+00,0.000000000000000000e+00,8.134375810623168945e-01,-1.217669175067220166e+00,1.104638457298278809e+00,-2.267547994852066040e-01,-6.214126944541931152e-01,1.330025271573338941e+00,7.433310151100158691e-01,5.925135016441345215e-01,-5.661342144012451172e-01,2.355667948722839355e-01,3.539197444915771484e-01,9.190954267978668213e-02,7.131028454750776291e-03,-1.773045510053634644e-01,3.710022270679473877e-01,1.699974387884140015e-02,1.703592240810394287e-01,3.024199008941650391e-01,-2.672249674797058105e-01,-1.152094569988548756e-03
1.434832809720978597e+00,-3.222265730649609417e-02,5.040468481070164986e-01,9.871774315834045410e-01,2.509422041475772858e-02,6.195425242185592651e-02,-1.449576914310455322e-01,0.000000000000000000e+00,0.000000000000000000e+00,7.782630920410156250e-01,-1.230865881839070752e+00,1.145022869110107422e+00,-1.965374648571014404e-01,-5.515540242195129395e-01,1.340241582193646863e+00,7.028481960296630859e-01,5.498750209808349609e-01,-6.610698699951171875e-01,1.193614974617958069e-01,3.069058060646057129e-01,3.043978214263916016e-01,1.507764607667922974e-01,-1.489137765020132065e-03,2.658740878105163574e-01,-6.155539304018020630e-02,1.404650211334228516e-01,5.738616585731506348e-01,-9.500776231288909912e-02,5.297817289829254150e-02
1.484397388841166565e+00,-3.340621688365560255e-02,5.082310387145990704e-01,9.911099672317504883e-01,4.326004534959793091e-02,4.695242643356323242e-02,-1.167266219854354858e-01,0.000000000000000000e+00,0.000000000000000000e+00,6.917176842689514160e-01,-1.224308923878941968e+00,1.182109355926513672e+00,-1.981960237026214600e-01,-4.532750844955444336e-01,1.348210007944379285e+00,7.019342780113220215e-01,5.196115374565124512e-01,-6.438708901405334473e-01,4.875035956501960754e-02,2.746475338935852051e-01,5.080603957176208496e-01,5.345072224736213684e-02,6.127075105905532837e-02,1.956337839365005493e-01,-9.753251075744628906e-02,9.851513057947158813e-02,8.608833551406860352e-01,1.198225468397140503e-01,1.143561899662017822e-01
1.528887312902946549e+00,-3.361581929042144895e-02,5.157075853420026723e-01,9.928164482116699219e-01,6.283992528915405273e-02,3.116409108042716980e-02,-9.692984819412231445e-02,0.000000000000000000e+00,0.000000000000000000e+00,5.697587728500366211e-01,-1.218696192899022535e+00,1.188053369522094727e+00,-2.256338149309158325e-01,-3.607009649276733398e-01,1.347467632093701795e+00,7.567814588546752930e-01,5.179849267005920410e-01,-5.260499119758605957e-01,-4.487057030200958252e-02,2.680622041225433350e-01,5.130684375762939453e-01,-3.678958117961883545e-02,7.170920819044113159e-02,5.970082059502601624e-02,-1.192355081439018250e-01,1.088152751326560974e-01,1.148922204971313477e+00,9.994068741798400879e-02,1.317414939403533936e-01
1.570065325354084829e+00,-3.361304009220365124e-02,5.267302954768893208e-01,9.931359887123107910e-01,7.114403694868087769e-02,2.696339040994644165e-02,-8.883927017450332642e-02,0.000000000000000000e+00,0.000000000000000000e+00,4.278188645839691162e-01,-1.225735918679509595e+00,1.172458410263061523e+00,-2.611634135246276855e-01,-2.853165864944458008e-01,1.343559757867131665e+00,8.627830147743225098e-01,5.563762784004211426e-01,-3.642954826354980469e-01,-1.177822872996330261e-01,2.541392445564270020e-01,3.829313814640045166e-01,-7.702153176069259644e-02,7.075171917676925659e-02,-1.122704893350601196e-01,-1.145929768681526184e-01,1.203834265470504761e-01,1.303333878517150879e+00,-3.538333624601364136e-02,1.212091073393821716e-01
1.609862738004838478e+00,-3.458440490123448896e-02,5.377812802558294969e-01,9.946402311325073242e-01,5.954090878367424011e-02,2.326967939734458923e-02,-8.126654475927352905e-02,0.000000000000000000e+00,0.000000000000000000e+00,2.789393067359924316e-01,-1.240557716288838819e+00,1.154009580612182617e+00,-3.123346567153930664e-01,-2.184534966945648193e-01,1.331596122184071973e+00,9.983941912651062012e-01,6.329694390296936035e-01,-1.729749441146850586e-01,-1.402296274900436401e-01,2.156370580196380615e-01,2.034662812948226929e-01,-8.067613095045089722e-02,6.058795750141143799e-02,-2.760380506515502930e-01,-1.505613476037979126e-01,3.912788257002830505e-02,1.320597529411315918e+00,-1.308525204658508301e-01,3.803871572017669678e-02
1.651151357874123704e+00,-3.615046622974778939e-02,5.443354756091580704e-01,9.967332482337951660e-01,3.656115010380744934e-02,2.637197077274322510e-02,-6.701172888278961182e-02,0.000000000000000000e+00,0.000000000000000000e+00,1.297006756067276001e-01,-1.249284730353627637e+00,1.123585939407348633e+00,-3.812790811061859131e-01,-1.534995436668395996e-01,1.303326712050710157e+00,1.110367417335510254e+00,7.284134626388549805e-01,-3.921571373939514160e-02,-1.179264932870864868e-01,1.571789234876632690e-01,1.157451048493385315e-01,-1.043044105172157288e-01,5.500321835279464722e-02,-4.058774411678314209e-01,-1.845407932996749878e-01,-9.746505320072174072e-02,1.212826609611511230e+00,-1.754893809556961060e-01,-5.260109528899192810e-02
1.693813270146798500e+00,-3.754423283849551291e-02,5.445253848924179740e-01,9.982466697692871094e-01,2.433151751756668091e-02,3.349908813834190369e-02,-4.230142757296562195e-02,0.000000000000000000e+00,0.000000000000000000e+00,-2.377677336335182190e-02,-1.233081952729497388e+00,1.056774139404296875e+00,-4.687772393226623535e-01,-8.194603770971298218e-02,1.252180115380559400e+00,1.159402847290039062e+00,8.023175001144409180e-01,3.600910678505897522e-02,-1.047275736927986145e-01,1.013859212398529053e-01,1.128782480955123901e-01,-1.545245051383972168e-01,5.605898424983024597e-02,-4.993453919887542725e-01,-2.075617909431457520e-01,-2.135432064533233643e-01,1.008094787597656250e+00,-1.731020212173461914e-01,-8.629782497882843018e-02
1.735241727022209579e+00,-3.916488166813823085e-02,5.385083247375006543e-01,9.988173842430114746e-01,3.076847828924655914e-02,3.708132356405258179e-02,-6.485393736511468887e-03,0.000000000000000000e+00,0.000000000000000000e+00,-1.767366230487823486e-01,-1.194424972930226758e+00,9.509063363075256348e-01,-5.661632418632507324e-01,6.590742152184247971e-03,1.185825810828481153e+00,1.154538393020629883e+00,8.193650245666503906e-01,1.076532527804374695e-01,-1.230949983000755310e-01,4.663386940956115723e-02,1.174739375710487366e-01,-2.026403993368148804e-01,5.912438035011291504e-02,-5.613970160484313965e-01,-2.387338578701019287e-01,-2.687571644783020020e-01,7.285585999488830566e-01,-1.234412863850593567e-01,-6.615851819515228271e-02
1.775844946268833047e+00,-4.165555188272411502e-02,5.288556269812162425e-01,9.976535439491271973e-01,4.675135761499404907e-02,3.238099068403244019e-02,3.812030702829360962e-02,0.000000000000000000e+00,0.000000000000000000e+00,-3.217623233795166016e-01,-1.145402298369679883e+00,8.347697854042053223e-01,-6.469797492027282715e-01,1.223897859454154968e-01,1.119028464951787427e+00,1.121687173843383789e+00,7.706897258758544922e-01,1.993227303028106689e-01,-1.470251530408859253e-01,-2.037268318235874176e-02,1.235024333000183105e-01,-2.510183453559875488e-01,6.019780039787292480e-02,-5.808271765708923340e-01,-2.697637081146240234e-01,-2.437893152236938477e-01,4.079420268535614014e-01,-3.904702514410018921e-02,1.570398104377090931e-03
1.819927981179771947e+00,-4.501932629036030364e-02,5.180592800759606931e-01,9.939181804656982422e-01,6.385581195354461670e-02,2.097665518522262573e-02,8.723024278879165649e-02,0.000000000000000000e+00,0.000000000000000000e+00,-4.544874131679534912e-01,-1.102615312733922437e+00,7.298154830932617188e-01,-6.885324120521545410e-01,2.504877746105194092e-01,1.069668666520390943e+00,1.083037495613098145e+00,6.714391708374023438e-01,3.023177087306976318e-01,-1.503172069787979126e-01,-9.725833684206008911e-02,1.345347166061401367e-01,-2.830304801464080811e-01,5.371656641364097595e-02,-5.618106722831726074e-01,-3.239539563655853271e-01,-2.284703999757766724e-01,1.132183372974395752e-01,9.090461768209934235e-03,9.800344705581665039e-02
1.865988331286594137e+00,-4.836297940669788409e-02,5.087178525200697354e-01,9.893177747726440430e-01,7.170735299587249756e-02,1.604508236050605774e-02,1.259007155895233154e-01,0.000000000000000000e+00,0.000000000000000000e+00,-5.461411476135253906e-01,-1.076591596999440625e+00,6.480082273483276367e-01,-6.886301636695861816e-01,3.506127595901489258e-01,1.043710962929997876e+00,1.067967772483825684e+00,5.554401278495788574e-01,3.903308510780334473e-01,-1.168654710054397583e-01,-1.504607051610946655e-01,1.473385840654373169e-01,-2.706490755081176758e-01,4.507438838481903076e-02,-6.110324859619140625e-01,-3.886629641056060791e-01,-2.212942242622375488e-01,1.066318899393081665e-01,-8.301917463541030884e-02,1.149321198463439941e-01
1.910904907686541865e+00,-5.191582233174656807e-02,5.022844368136590854e-01,9.881794452667236328e-01,6.860835105180740356e-02,2.232966385781764984e-02,1.352612972259521484e-01,0.000000000000000000e+00,0.000000000000000000e+00,-5.833672285079956055e-01,-1.058967844643865064e+00,5.876405239105224609e-01,-6.569836735725402832e-01,4.077978134155273438e-01,1.035023585953984693e+00,1.084774971008300781e+00,4.592584669589996338e-01,4.290454387664794922e-01,-8.196058869361877441e-02,-1.576671749353408813e-01,2.111707627773284912e-01,-2.252027541399002075e-01,4.221769049763679504e-02,-5.999845862388610840e-01,-3.720623552799224854e-01,-2.504428327083587646e-01,1.046138629317283630e-01,-8.821950107812881470e-02,1.753444373607635498e-01
1.954346386356787146e+00,-5.643271747891875911e-02,5.026541661900101321e-01,9.921561479568481445e-01,1.918728835880756378e-02,5.029560998082160950e-02,1.128204166889190674e-01,0.000000000000000000e+00,0.000000000000000000e+00,-5.618741512298583984e-01,-1.056793646016393140e+00,5.318615436553955078e-01,-5.934867262840270996e-01,3.958690762519836426e-01,1.043701962628636792e+00,1.148867845535278320e+00,3.797009885311126709e-01,3.400439918041229248e-01,1.194381806999444962e-02,-1.214713081717491150e-01,4.427691996097564697e-01,-1.531676799058914185e-01,-4.000714048743247986e-03,-6.679989099502563477e-01,-2.315793037414550781e-01,-2.497743666172027588e-01,2.690507173538208008e-01,6.897529214620590210e-02,6.347150355577468872e-02
1.999058189563678978e+00,-5.946924194514826428e-02,5.044312337966578852e-01,9.952711462974548340e-01,-1.151846721768379211e-03,4.626269266009330750e-02,8.540373295545578003e-02,0.000000000000000000e+00,0.000000000000000000e+00,-4.836117923259735107e-01,-1.063800946870122388e+00,5.014076828956604004e-01,-5.093972682952880859e-01,3.350929915904998779e-01,1.041574613251958326e+00,1.214671373367309570e+00,3.590998053550720215e-01,2.773540914058685303e-01,4.824012517929077148e-02,-6.057832390069961548e-02,7.160847783088684082e-01,7.685808837413787842e-02,-7.595353573560714722e-02,-6.829106211662292480e-01,-1.580114066600799561e-01,-2.151730805635452271e-01,4.644145369529724121e-01,1.032909080386161804e-01,5.561712384223937988e-02
2.041461851783473058e+00,-6.334985380286746459e-02,5.100612510266628874e-01,9.973249435424804688e-01,-2.197694405913352966e-02,3.307633474469184875e-02,6.136665493249893188e-02,0.000000000000000000e+00,0.000000000000000000e+00,-4.079957008361816406e-01,-1.087905363240514234e+00,5.206745862960815430e-01,-4.750992953777313232e-01,2.482699006795883179e-01,1.055557207265172437e+00,1.272961974143981934e+00,3.950585424900054932e-01,1.545149683952331543e-01,1.061039865016937256e-01,-2.142285555601119995e-02,1.027019500732421875e+00,2.549960613250732422e-01,-1.112344712018966675e-01,-6.103748679161071777e-01,-7.799215614795684814e-02,-2.175716757774353027e-01,5.601204037666320801e-01,-1.882349140942096710e-02,3.784830449149012566e-03
2.083482706047067534e+00,-6.782624168189788083e-02,5.191860308693816428e-01,9.970335364341735840e-01,-5.320002511143684387e-02,2.969180606305599213e-02,4.703560099005699158e-02,0.000000000000000000e+00,0.000000000000000000e+00,-3.465872704982757568e-01,-1.114784435429845288e+00,5.969103574752807617e-01,-5.079985857009887695e-01,1.583717018365859985e-01,1.087152735390935376e+00,1.294243574142456055e+00,4.523705840110778809e-01,-1.692630164325237274e-02,1.410617828369140625e-01,-7.373670488595962524e-02,1.270833849906921387e+00,1.378375142812728882e-01,-1.447914689779281616e-01,-4.771588444709777832e-01,3.195588663220405579e-02,-2.389574795961380005e-01,4.736546874046325684e-01,-7.593332976102828979e-02,-2.766972221434116364e-02
2.127446663602433841e+00,-7.111604945461331984e-02,5.308199466358531904e-01,9.970463514328002930e-01,-5.884824693202972412e-02,2.759886905550956726e-02,4.091218858957290649e-02,0.000000000000000000e+00,0.000000000000000000e+00,-2.848640978336334229e-01,-1.141003415980611280e+00,6.981180310249328613e-01,-5.710100531578063965e-01,7.826282083988189697e-02,1.132468001046452954e+00,1.284137368202209473e+00,5.051816701889038086e-01,-1.913808435201644897e-01,1.331987977027893066e-01,-9.060047566890716553e-02,1.369879007339477539e+00,7.389077916741371155e-03,-1.291704773902893066e-01,-3.087239861488342285e-01,9.212247282266616821e-02,-2.181339412927627563e-01,3.148894309997558594e-01,-1.013433784246444702e-01,-3.221381455659866333e-02
2.171336384647422513e+00,-7.242989659864418339e-02,5.412396719607740492e-01,9.984669685363769531e-01,-3.411239385604858398e-02,2.665275149047374725e-02,3.449224680662155151e-02,0.000000000000000000e+00,0.000000000000000000e+00,-1.979805380105972290e-01,-1.162522242465291455e+00,7.962066531181335449e-01,-6.321648955345153809e-01,2.746075391769409180e-03,1.187715248265538648e+00,1.241337060928344727e+00,5.441318750381469727e-01,-3.416390120983123779e-01,1.347225606441497803e-01,4.285253118723630905e-03,1.330378770828247070e+00,-7.405782490968704224e-02,-3.902262821793556213e-02,-1.417966336011886597e-01,7.245001941919326782e-02,-1.675012707710266113e-01,1.687545627355575562e-01,-1.204588636755943298e-01,-2.594906277954578400e-02
2.214016897566992714e+00,-7.234843053996110884e-02,5.461282790309250901e-01,9.994375705718994141e-01,-5.964403040707111359e-03,2.883289381861686707e-02,1.605192758142948151e-02,0.000000000000000000e+00,0.000000000000000000e+00,-7.966923713684082031e-02,-1.172964499392781690e+00,8.610237836837768555e-01,-6.455993056297302246e-01,-7.519404590129852295e-02,1.239711658158574537e+00,1.170874357223510742e+00,5.790656208992004395e-01,-4.444793760776519775e-01,1.145664006471633911e-01,1.115677952766418457e-01,1.175585269927978516e+00,-1.219612285494804382e-01,2.478183805942535400e-02,-3.728677704930305481e-02,3.029894456267356873e-02,-1.048174351453781128e-01,1.166717186570167542e-01,-1.593018025159835815e-01,-2.388036437332630157e-02
2.255241411635370063e+00,-7.079446170789499559e-02,5.454907501624388644e-01,9.993830919265747070e-01,3.941419534385204315e-03,3.032462485134601593e-02,-1.727251894772052765e-02,0.000000000000000000e+00,0.000000000000000000e+00,6.288556754589080811e-02,-1.173413173356328443e+00,9.006563425064086914e-01,-6.034225821495056152e-01,-1.668772250413894653e-01,1.277628109851155713e+00,1.092037320137023926e+00,6.179483532905578613e-01,-5.162066817283630371e-01,1.098613291978836060e-01,1.740742474794387817e-01,9.484359025955200195e-01,-1.159201413393020630e-01,3.173402324318885803e-02,3.576863184571266174e-02,1.715562678873538971e-02,-4.029446467757225037e-02,1.149346083402633667e-01,-1.999307274818420410e-01,-2.550676092505455017e-02
2.296319943841057754e+00,-6.897459808163194928e-02,5.399154138519908219e-01,9.977493286132812500e-01,-3.898274386301636696e-03,2.556729502975940704e-02,-6.186580285429954529e-02,0.000000000000000000e+00,0.000000000000000000e+00,2.282329052686691284e-01,-1.171731070676122144e+00,9.364986419677734375e-01,-5.268395543098449707e-01,-2.758348584175109863e-01,1.301001326241765454e+00,1.016779184341430664e+00,6.673436760902404785e-01,-5.440701842308044434e-01,1.471440643072128296e-01,2.058627307415008545e-01,6.622686982154846191e-01,-6.656426936388015747e-02,-7.997339591383934021e-03,1.181503161787986755e-01,3.143477067351341248e-02,3.033483400940895081e-02,1.264425963163375854e-01,-2.446414232254028320e-01,-2.583505026996135712e-02
2.337135907986549466e+00,-6.750568672779458379e-02,5.298919487368277670e-01,9.935424923896789551e-01,-1.878188923001289368e-02,1.222093962132930756e-02,-1.112258359789848328e-01,0.000000000000000000e+00,0.000000000000000000e+00,3.933911323547363281e-01,-1.177703843512807325e+00,9.827479720115661621e-01,-4.416768848896026611e-01,-3.911040723323822021e-01,1.314617947736058667e+00,9.505732059478759766e-01,7.337110638618469238e-01,-5.099441409111022949e-01,2.047233283519744873e-01,2.445089966058731079e-01,3.232088387012481689e-01,-6.386695429682731628e-03,-8.159304410219192505e-02,2.143570631742477417e-01,4.537250474095344543e-02,1.176607832312583923e-01,1.528819799423217773e-01,-3.063381314277648926e-01,-1.990669034421443939e-02
2.381087243674379295e+00,-6.622009346816651321e-02,5.179847529304749676e-01,9.872104525566101074e-01,-3.410409018397331238e-02,-2.550341188907623291e-03,-1.557109653949737549e-01,0.000000000000000000e+00,0.000000000000000000e+00,5.365396142005920410e-01,-1.199190483489308789e+00,1.031907916069030762e+00,-3.578085899353027344e-01,-4.926200211048126221e-01,1.318250970044408277e+00,8.902722001075744629e-01,7.896365523338317871e-01,-4.894007742404937744e-01,2.757765352725982666e-01,2.756730318069458008e-01,1.088936924934387207e-01,-3.006684035062789917e-02,-1.468520760536193848e-01,3.161382377147674561e-01,3.888750448822975159e-02,1.950468420982360840e-01,1.883137524127960205e-01,-3.653930127620697021e-01,-1.072774920612573624e-02
2.427344727422854120e+00,-6.458078171267653267e-02,5.090037544274872428e-01,9.831432104110717773e-01,-4.273218289017677307e-02,-4.208826459944248199e-03,-1.777234077453613281e-01,0.000000000000000000e+00,0.000000000000000000e+00,6.514002680778503418e-01,-1.229079620042119458e+00,1.083058357238769531e+00,-2.872845232486724854e-01,-5.506657361984252930e-01,1.317111865678105787e+00,8.338751792907714844e-01,7.983568906784057617e-01,-5.414286255836486816e-01,3.098867535591125488e-01,2.431107163429260254e-01,1.096843630075454712e-01,-9.161829203367233276e-02,-1.843194067478179932e-01,3.960134685039520264e-01,1.289078313857316971e-02,2.287891209125518799e-01,2.272850275039672852e-01,-3.570541143417358398e-01,-4.314766265451908112e-03
2.474597013625833508e+00,-6.278058266539991716e-02,5.040840494008076433e-01,9.846311807632446289e-01,-2.335702814161777496e-02,1.257697772234678268e-02,-1.726202219724655151e-01,0.000000000000000000e+00,0.000000000000000000e+00,7.194348573684692383e-01,-1.250176684060368970e+00,1.131216287612915039e+00,-2.235617190599441528e-01,-5.548344254493713379e-01,1.308617160716329053e+00,7.532525062561035156e-01,7.643229961395263672e-01,-5.448614954948425293e-01,2.395496666431427002e-01,2.472949177026748657e-01,1.148962974548339844e-01,-8.926807902753353119e-03,-1.671024411916732788e-01,3.785248696804046631e-01,-3.477493301033973694e-02,2.335443943738937378e-01,3.726930916309356689e-01,-2.988359630107879639e-01,1.383192930370569229e-02
2.523622672217662899e+00,-6.130750381171402169e-02,5.038333973800293020e-01,9.869177937507629395e-01,1.698097586631774902e-02,4.071863368153572083e-02,-1.550705581903457642e-01,0.000000000000000000e+00,0.000000000000000000e+00,7.422584295272827148e-01,-1.263797656693730787e+00,1.157654762268066406e+00,-1.877265870571136475e-01,-5.096729397773742676e-01,1.291702644028935865e+00,6.714511513710021973e-01,7.098468542098999023e-01,-6.534288525581359863e-01,1.255132257938385010e-01,2.192340344190597534e-01,3.245794177055358887e-01,1.371939629316329956e-01,-4.892409220337867737e-02,2.804425358772277832e-01,-1.092712655663490295e-01,2.252672314643859863e-01,5.984575152397155762e-01,-1.381183713674545288e-01,3.292242437601089478e-02
2.572897778770538491e+00,-5.949237338577707812e-02,5.064715337723192379e-01,9.895160198211669922e-01,4.084821790456771851e-02,3.875065222382545471e-02,-1.329957693815231323e-01,0.000000000000000000e+00,0.000000000000000000e+00,7.166087627410888672e-01,-1.252890096106801465e+00,1.180604100227355957e+00,-1.967955231666564941e-01,-4.277603924274444580e-01,1.280991838374410108e+00,6.350165605545043945e-01,6.566590070724487305e-01,-6.690050363540649414e-01,4.694304987788200378e-02,2.162511050701141357e-01,5.276001095771789551e-01,7.515840977430343628e-02,1.766102202236652374e-02,2.133492976427078247e-01,-1.455499231815338135e-01,2.101940065622329712e-01,8.375905752182006836e-01,8.277996629476547241e-02,9.063009917736053467e-02
2.619000146410079832e+00,-5.812191467468786482e-02,5.124861027691701709e-01,9.914301633834838867e-01,5.611600354313850403e-02,2.838572114706039429e-02,-1.145051941275596619e-01,0.000000000000000000e+00,0.000000000000000000e+00,6.441454291343688965e-01,-1.235168979563985303e+00,1.187100648880004883e+00,-2.409647703170776367e-01,-3.379039466381072998e-01,1.280569241442952588e+00,6.787848472595214844e-01,6.258240938186645508e-01,-5.815666913986206055e-01,-2.979849465191364288e-02,2.235360294580459595e-01,5.791331529617309570e-01,-3.178602457046508789e-02,4.613455012440681458e-02,9.976379573345184326e-02,-1.570257842540740967e-01,1.999356001615524292e-01,1.089626193046569824e+00,1.631309986114501953e-01,1.303462684154510498e-01
2.662058318892512432e+00,-5.646667507731101959e-02,5.222905950902989591e-01,9.915717840194702148e-01,6.889995187520980835e-02,2.594624646008014679e-02,-1.066069453954696655e-01,0.000000000000000000e+00,0.000000000000000000e+00,5.418549776077270508e-01,-1.226141796508107618e+00,1.163938641548156738e+00,-2.871019542217254639e-01,-2.628054618835449219e-01,1.290885941186223462e+00,7.961237430572509766e-01,6.545036435127258301e-01,-4.430121183395385742e-01,-1.068193987011909485e-01,2.312580198049545288e-01,4.841578304767608643e-01,-8.725175261497497559e-02,6.898286193609237671e-02,-5.988720059394836426e-02,-1.660091280937194824e-01,1.980607509613037109e-01,1.273297786712646484e+00,2.562505938112735748e-02,1.304277926683425903e-01
2.703110610899901012e+00,-5.548323853148354190e-02,5.335148399127552787e-01,9.923954606056213379e-01,6.536124646663665771e-02,2.331786043941974640e-02,-1.016630977392196655e-01,0.000000000000000000e+00,0.000000000000000000e+00,4.216411709785461426e-01,-1.229921029010091260e+00,1.132782340049743652e+00,-3.263289332389831543e-01,-1.919496953487396240e-01,1.295433656373296216e+00,9.477765560150146484e-01,7.445384860038757324e-01,-2.660221755504608154e-01,-1.524751037359237671e-01,2.106729745864868164e-01,3.197130262851715088e-01,-1.064781695604324341e-01,7.935727387666702271e-02,-2.285656481981277466e-01,-1.926519572734832764e-01,1.353522539138793945e-01,1.345464110374450684e+00,-9.984614700078964233e-02,6.346175074577331543e-02
2.744108761738647040e+00,-5.561720574641543929e-02,5.424831335096046425e-01,9.945059418678283691e-01,4.503068700432777405e-02,2.512150444090366364e-02,-9.109941869974136353e-02,0.000000000000000000e+00,0.000000000000000000e+00,2.968019545078277588e-01,-1.244693921008382276e+00,1.101013302803039551e+00,-3.604631721973419189e-01,-1.160777434706687927e-01,1.286212788024220899e+00,1.080360174179077148e+00,8.585276007652282715e-01,-1.002568081021308899e-01,-1.510598212480545044e-01,1.582071036100387573e-01,1.612505614757537842e-01,-1.027951762080192566e-01,8.578334748744964600e-02,-3.655382394790649414e-01,-2.213316261768341064e-01,-2.105760620906949043e-03,1.291959285736083984e+00,-1.757524758577346802e-01,-3.562791645526885986e-02
2.786226272935217185e+00,-5.528708059340715214e-02,5.465101735625002011e-01,9.968224763870239258e-01,2.227257378399372101e-02,3.563594073057174683e-02,-6.766777485609054565e-02,0.000000000000000000e+00,0.000000000000000000e+00,1.620764732360839844e-01,-1.260436878600392774e+00,1.053801298141479492e+00,-4.069956839084625244e-01,-2.629895508289337158e-02,1.261965231099400953e+00,1.154547214508056641e+00,9.249355792999267578e-01,-1.149359811097383499e-02,-1.295561790466308594e-01,8.870632201433181763e-02,1.174213439226150513e-01,-1.300909668207168579e-01,8.938538283109664917e-02,-4.666061997413635254e-01,-2.176149487495422363e-01,-1.515658646821975708e-01,1.126240968704223633e+00,-2.019582688808441162e-01,-9.185187518596649170e-02
2.827336525886949836e+00,-5.451631109775843809e-02,5.441828091389904198e-01,9.985671639442443848e-01,1.778797619044780731e-02,4.338055849075317383e-02,-2.579468674957752228e-02,0.000000000000000000e+00,0.000000000000000000e+00,1.914726383984088898e-02,-1.246879355111394361e+00,9.701976180076599121e-01,-4.771112501621246338e-01,8.143515139818191528e-02,1.222262338795934156e+00,1.177191495895385742e+00,9.031197428703308105e-01,5.408161878585815430e-02,-1.360410153865814209e-01,1.587815396487712860e-02,1.165792122483253479e-01,-1.690002530813217163e-01,1.021013781428337097e-01,-5.377066731452941895e-01,-2.131816744804382324e-01,-2.437617629766464233e-01,8.863580226898193359e-01,-1.803770363330841064e-01,-5.661368370056152344e-02
2.866628731681843067e+00,-5.482608141339938984e-02,5.362283753558542143e-01,9.982795119285583496e-01,2.807259187102317810e-02,4.339351132512092590e-02,2.769366092979907990e-02,0.000000000000000000e+00,0.000000000000000000e+00,-1.301178336143493652e-01,-1.208837525048528150e+00,8.526968359947204590e-01,-5.758511424064636230e-01,2.032342702150344849e-01,1.178359315791402295e+00,1.173000335693359375e+00,8.038820028305053711e-01,1.304049342870712280e-01,-1.609625071287155151e-01,-6.303343921899795532e-02,1.257471591234207153e-01,-2.166067808866500854e-01,1.060129851102828979e-01,-5.791750550270080566e-01,-2.465778887271881104e-01,-2.941046953201293945e-01,6.052606105804443359e-01,-1.194760575890541077e-01,-4.567353986203670502e-03
2.905669828743645766e+00,-5.464209382045976532e-02,5.255466217216517855e-01,9.949568510055541992e-01,4.517384991049766541e-02,3.533086553215980530e-02,8.229219913482666016e-02,0.000000000000000000e+00,0.000000000000000000e+00,-2.766359150409698486e-01,-1.157251552739415601e+00,7.217824459075927734e-01,-6.635522842407226562e-01,3.343743979930877686e-01,1.145370111861501172e+00,1.168274402618408203e+00,6.818798780441284180e-01,2.238789200782775879e-01,-1.767503172159194946e-01,-1.384321898221969604e-01,1.396581828594207764e-01,-2.653906047344207764e-01,1.087534651160240173e-01,-5.847798585891723633e-01,-2.949043512344360352e-01,-3.045930564403533936e-01,3.155015110969543457e-01,-5.302355810999870300e-02,5.591185763478279114e-02
2.948311811751789691e+00,-5.435631128103293741e-02,5.142285847979964908e-01,9.885328412055969238e-01,6.757021695375442505e-02,2.396880462765693665e-02,1.329006105661392212e-01,0.000000000000000000e+00,0.000000000000000000e+00,-4.115112125873565674e-01,-1.107729480662618116e+00,5.979720354080200195e-01,-7.089643478393554688e-01,4.483329057693481445e-01,1.125211850800786451e+00,1.161427855491638184e+00,5.677339434623718262e-01,3.269029259681701660e-01,-1.816840767860412598e-01,-2.031784504652023315e-01,1.488371193408966064e-01,-2.807780802249908447e-01,1.028875410556793213e-01,-5.827562808990478516e-01,-3.627445101737976074e-01,-2.982548773288726807e-01,9.417630732059478760e-02,-3.303295001387596130e-02,1.576830595731735229e-01
2.993875757094585310e+00,-5.405504723220611735e-02,5.062045231469051165e-01,9.835816025733947754e-01,7.345508038997650146e-02,2.325046993792057037e-02,1.631901711225509644e-01,0.000000000000000000e+00,0.000000000000000000e+00,-5.058857798576354980e-01,-1.074998901286397412e+00,4.975770711898803711e-01,-7.040066123008728027e-01,5.204914212226867676e-01,1.110544399419103101e+00,1.179852962493896484e+00,4.700936377048492432e-01,4.053506553173065186e-01,-1.467004865407943726e-01,-2.444296628236770630e-01,1.770777851343154907e-01,-2.496658861637115479e-01,9.447550028562545776e-02,-6.397638916969299316e-01,-3.952828347682952881e-01,-2.739711105823516846e-01,1.047602742910385132e-01,-1.199521347880363464e-01,1.640351265668869019e-01
3.039481553892896759e+00,-5.448230679015243078e-02,5.003478520521611461e-01,9.838604331016540527e-01,6.391248852014541626e-02,2.974880300462245941e-02,1.644651591777801514e-01,0.000000000000000000e+00,0.000000000000000000e+00,-5.404469370841979980e-01,-1.048784629502568677e+00,4.317945241928100586e-01,-6.738438606262207031e-01,5.520811080932617188e-01,1.094705150523457959e+00,1.202978849411010742e+00,4.058817028999328613e-01,4.228145480155944824e-01,-1.131306514143943787e-01,-2.405514717102050781e-01,2.855660617351531982e-01,-2.021348625421524048e-01,7.509332895278930664e-02,-6.080610156059265137e-01,-3.331472277641296387e-01,-3.082405924797058105e-01,9.789273142814636230e-02,-1.118664667010307312e-01,1.941852122545242310e-01
3.082580581367617700e+00,-5.564088731778390334e-02,5.004820839526376020e-01,9.881268739700317383e-01,1.708473265171051025e-02,5.545476078987121582e-02,1.422606408596038818e-01,0.000000000000000000e+00,0.000000000000000000e+00,-5.287191867828369141e-01,-1.037372366586003736e+00,3.943530023097991943e-01,-6.243125200271606445e-01,5.268164873123168945e-01,1.088251189389501050e+00,1.251231312751770020e+00,3.284291625022888184e-01,3.307072520256042480e-01,-4.296793416142463684e-02,-2.137796431779861450e-01,5.119053721427917480e-01,-8.878243714570999146e-02,-3.194628981873393059e-03,-6.567637920379638672e-01,-1.888637840747833252e-01,-3.136422634124755859e-01,2.266282290220260620e-01,6.219596043229103088e-02,7.038138061761856079e-02
3.126295755270755539e+00,-5.518297613579591782e-02,5.012792545338772277e-01,9.914999008178710938e-01,-7.677940448047593236e-05,5.186749249696731567e-02,1.193216443061828613e-01,0.000000000000000000e+00,0.000000000000000000e+00,-4.704082012176513672e-01,-1.031645492711339429e+00,3.842236399650573730e-01,-5.541744232177734375e-01,4.610684812068939209e-01,1.076011524596486524e+00,1.303495287895202637e+00,2.881647944450378418e-01,2.662172317504882812e-01,-2.565262466669082642e-02,-1.721833348274230957e-01,7.561974525451660156e-01,1.806078404188156128e-01,-1.379915326833724976e-01,-7.297316789627075195e-01,-1.486553549766540527e-01,-2.638420462608337402e-01,5.440785288810729980e-01,7.656996697187423706e-02,-3.435316681861877441e-02
3.169230034158687204e+00,-5.598716347892251227e-02,5.064288104114809119e-01,9.943170547485351562e-01,-1.920286938548088074e-02,3.676791489124298096e-02,9.804561734199523926e-02,0.000000000000000000e+00,0.000000000000000000e+00,-3.903715908527374268e-01,-1.043092862763677076e+00,4.417728781700134277e-01,-5.168924927711486816e-01,3.603585064411163330e-01,1.084767297902379468e+00,1.337469577789306641e+00,3.056755959987640381e-01,1.452911198139190674e-01,-9.009814821183681488e-04,-1.505191773176193237e-01,1.060736417770385742e+00,2.711739242076873779e-01,-1.915683150291442871e-01,-6.476241946220397949e-01,-7.684487104415893555e-02,-2.774617671966552734e-01,6.381707787513732910e-01,-5.869392305612564087e-02,-7.191893458366394043e-02
3.212578177440045923e+00,-5.779916438753857771e-02,5.165003133580239325e-01,9.947226047515869141e-01,-4.831733554601669312e-02,3.015371225774288177e-02,8.534148335456848145e-02,0.000000000000000000e+00,0.000000000000000000e+00,-3.131244778633117676e-01,-1.069416777291570142e+00,5.625048875808715820e-01,-5.344175696372985840e-01,2.607572674751281738e-01,1.119340197243962720e+00,1.334510564804077148e+00,3.534824550151824951e-01,-1.934093981981277466e-02,1.997241564095020294e-02,-2.060790061950683594e-01,1.285015940666198730e+00,1.230956986546516418e-01,-2.256831526756286621e-01,-5.043578147888183594e-01,3.420598804950714111e-02,-3.008876144886016846e-01,5.432082414627075195e-01,-1.194480285048484802e-01,-9.548780322074890137e-02
3.257224712305598846e+00,-5.871370484309289955e-02,5.291593821881094284e-01,9.953579902648925781e-01,-4.960760846734046936e-02,2.618638612329959869e-02,7.820398360490798950e-02,0.000000000000000000e+00,0.000000000000000000e+00,-2.424106895923614502e-01,-1.104022816815648511e+00,7.019727230072021484e-01,-5.884656906127929688e-01,1.718197315931320190e-01,1.173831240334783033e+00,1.309927105903625488e+00,4.055064916610717773e-01,-2.031330168247222900e-01,2.679847739636898041e-02,-2.038134932518005371e-01,1.364161372184753418e+00,5.300794728100299835e-03,-1.928275078535079956e-01,-3.317337334156036377e-01,9.580177813768386841e-02,-2.725318670272827148e-01,3.815161585807800293e-01,-1.478936672210693359e-01,-8.833374083042144775e-02
3.302799286589478189e+00,-5.793902734322755460e-02,5.404733087009552239e-01,9.970571994781494141e-01,-2.592314966022968292e-02,2.407112158834934235e-02,6.801062077283859253e-02,0.000000000000000000e+00,0.000000000000000000e+00,-1.539005488157272339e-01,-1.136630044379506543e+00,8.252392411231994629e-01,-6.464861035346984863e-01,8.803244680166244507e-02,1.237045721211705640e+00,1.270028948783874512e+00,4.664805233478546143e-01,-3.652726113796234131e-01,5.565914511680603027e-02,-9.321226179599761963e-02,1.303709626197814941e+00,-6.659802049398422241e-02,-7.811542600393295288e-02,-1.509629189968109131e-01,9.127845615148544312e-02,-2.147297263145446777e-01,2.122007757425308228e-01,-1.597297787666320801e-01,-7.687704265117645264e-02
3.348431655740497170e+00,-5.625753197781365594e-02,5.460590663559810043e-01,9.985586404800415039e-01,2.997541334480047226e-03,2.707771770656108856e-02,4.624393582344055176e-02,0.000000000000000000e+00,0.000000000000000000e+00,-3.909610211849212646e-02,-1.159516082206044629e+00,9.051524400711059570e-01,-6.635949611663818359e-01,6.963358260691165924e-03,1.293121800818715528e+00,1.208208441734313965e+00,5.425825119018554688e-01,-4.620139896869659424e-01,6.406483799219131470e-02,4.057920351624488831e-02,1.121475815773010254e+00,-1.094834432005882263e-01,1.249607559293508530e-02,-2.670079842209815979e-02,5.518694967031478882e-02,-1.455264091491699219e-01,1.251163184642791748e-01,-1.874668747186660767e-01,-6.874585896730422974e-02
3.392182038010973066e+00,-5.360204570757394482e-02,5.447953433882106733e-01,9.993572831153869629e-01,1.481038145720958710e-02,3.072713129222393036e-02,1.102736312896013260e-02,0.000000000000000000e+00,0.000000000000000000e+00,9.548708796501159668e-02,-1.172889367738042310e+00,9.558489322662353516e-01,-6.288663744926452637e-01,-8.528904616832733154e-02,1.329498113193784192e+00,1.128643274307250977e+00,6.206057071685791016e-01,-5.265260338783264160e-01,8.310682326555252075e-02,1.356561332941055298e-01,8.791759610176086426e-01,-1.117959395051002502e-01,3.950587287545204163e-02,5.101705715060234070e-02,4.079486429691314697e-02,-7.461497932672500610e-02,1.196778118610382080e-01,-2.321868985891342163e-01,-6.266853213310241699e-02
3.434125500297305678e+00,-5.145831596294436761e-02,5.380195595248781215e-01,9.989537000656127930e-01,8.275996893644332886e-03,2.793182060122489929e-02,-3.525372594594955444e-02,0.000000000000000000e+00,0.000000000000000000e+00,2.417883276939392090e-01,-1.183143244185719922e+00,1.004419803619384766e+00,-5.641955137252807617e-01,-1.958987116813659668e-01,1.347878695526395276e+00,1.039109110832214355e+00,6.827663183212280273e-01,-5.485314130783081055e-01,1.258280873298645020e-01,1.889501661062240601e-01,5.685395598411560059e-01,-9.087406098842620850e-02,-9.704191237688064575e-03,1.335276216268539429e-01,5.309622734785079956e-02,-2.323958091437816620e-03,1.335929036140441895e-01,-2.797282636165618896e-01,-5.878059566020965576e-02
3.478008080022503723e+00,-5.021771405597753868e-02,5.270399879438407709e-01,9.961720705032348633e-01,-1.120872236788272858e-02,1.594134233891963959e-02,-8.521429449319839478e-02,0.000000000000000000e+00,0.000000000000000000e+00,3.754166960716247559e-01,-1.198562280335698560e+00,1.055283546447753906e+00,-4.876883327960968018e-01,-3.035195767879486084e-01,1.356687293448720411e+00,9.511581659317016602e-01,7.235911488533020020e-01,-4.945902526378631592e-01,1.949535757303237915e-01,2.404110133647918701e-01,1.963154375553131104e-01,-7.315172255039215088e-02,-1.126812919974327087e-01,2.385801076889038086e-01,7.686965167522430420e-02,8.033922314643859863e-02,1.498205214738845825e-01,-3.313353359699249268e-01,-6.341043859720230103e-02
3.524191493337804459e+00,-4.821031812644290676e-02,5.150593444938310617e-01,9.905757308006286621e-01,-3.338500857353210449e-02,4.002162721008062363e-03,-1.327747255563735962e-01,0.000000000000000000e+00,0.000000000000000000e+00,4.900392293930053711e-01,-1.226135627427373365e+00,1.097558736801147461e+00,-4.024131596088409424e-01,-4.080297052860260010e-01,1.364683047929082349e+00,8.803366422653198242e-01,7.128670215606689453e-01,-5.289955139160156250e-01,2.918559014797210693e-01,2.399865686893463135e-01,1.070828959345817566e-01,-1.392273157835006714e-01,-1.894989162683486938e-01,3.565449714660644531e-01,7.744570076465606689e-02,1.532600373029708862e-01,1.515353322029113770e-01,-3.599550127983093262e-01,-5.286980420351028442e-02
3.568206934826542831e+00,-4.522930496579243009e-02,5.074695747323108019e-01,9.882904887199401855e-01,-3.345557674765586853e-02,8.306678384542465210e-03,-1.486393660306930542e-01,0.000000000000000000e+00,0.000000000000000000e+00,5.674082040786743164e-01,-1.259267852702413037e+00,1.141636013984680176e+00,-3.299958705902099609e-01,-4.784134328365325928e-01,1.371303157010350660e+00,8.169618844985961914e-01,6.630931496620178223e-01,-5.806155204772949219e-01,2.897682487964630127e-01,2.142241597175598145e-01,1.082949414849281311e-01,-1.572469472885131836e-01,-2.114664763212203979e-01,4.255667924880981445e-01,3.524244204163551331e-02,1.778467893600463867e-01,1.772272139787673950e-01,-3.324503898620605469e-01,-3.289728239178657532e-02
3.612374170880125135e+00,-4.169293482345764329e-02,5.033829960016289462e-01,9.893819093704223633e-01,-1.809020340442657471e-02,2.237370423972606659e-02,-1.424624025821685791e-01,0.000000000000000000e+00,0.000000000000000000e+00,6.072297692298889160e-01,-1.280787185826573804e+00,1.190388202667236328e+00,-2.602332830429077148e-01,-5.035160779953002930e-01,1.377565310397420362e+00,7.480160593986511230e-01,6.085677146911621094e-01,-5.512294173240661621e-01,2.170082330703735352e-01,2.184455096721649170e-01,9.427596628665924072e-02,-8.698502928018569946e-02,-2.015454024076461792e-01,4.162400960922241211e-01,-6.005047820508480072e-03,1.742056161165237427e-01,3.114468455314636230e-01,-2.511441707611083984e-01,-8.816433139145374298e-03
3.656476636823981607e+00,-3.921422735750298982e-02,5.045935742639833244e-01,9.912413954734802246e-01,2.609612978994846344e-02,4.881448298692703247e-02,-1.199028417468070984e-01,0.000000000000000000e+00,0.000000000000000000e+00,6.012479662895202637e-01,-1.296022192635808423e+00,1.236485481262207031e+00,-2.088268250226974487e-01,-4.940224587917327881e-01,1.377225817241940931e+00,6.826252341270446777e-01,5.706014633178710938e-01,-6.098027229309082031e-01,7.892045378684997559e-02,2.022760361433029175e-01,2.109795063734054565e-01,1.238450706005096436e-01,-8.459394425153732300e-02,3.041740655899047852e-01,-8.489922434091567993e-02,1.604900062084197998e-01,5.775881409645080566e-01,-9.457010775804519653e-02,1.945050060749053955e-02
3.703102811966279440e+00,-3.650034159530105016e-02,5.075308157014425392e-01,9.932088255882263184e-01,5.333043262362480164e-02,4.285465925931930542e-02,-9.410407394170761108e-02,0.000000000000000000e+00,0.000000000000000000e+00,5.558179020881652832e-01,-1.290682719149861768e+00,1.279951333999633789e+00,-2.004967927932739258e-01,-4.513129889965057373e-01,1.378093526759419873e+00,6.501257419586181641e-01,5.585237741470336914e-01,-6.218074560165405273e-01,-1.226242072880268097e-02,1.879135668277740479e-01,4.147345721721649170e-01,1.080679371953010559e-01,-9.808031842112541199e-03,2.330853343009948730e-01,-1.283446848392486572e-01,1.442509442567825317e-01,8.420873284339904785e-01,1.042511761188507080e-01,9.158840775489807129e-02
3.749356642016256735e+00,-3.469508238320210408e-02,5.128097872405943392e-01,9.938561320304870605e-01,7.427941262722015381e-02,2.878560870885848999e-02,-7.683675736188888550e-02,0.000000000000000000e+00,0.000000000000000000e+00,4.779792428016662598e-01,-1.284187571206365064e+00,1.300672650337219238e+00,-2.344531267881393433e-01,-4.045947790145874023e-01,1.378148124614034131e+00,6.825844645500183105e-01,5.729788541793823242e-01,-5.409882664680480957e-01,-9.396870434284210205e-02,1.941144764423370361e-01,4.816672205924987793e-01,7.762074470520019531e-03,2.455555275082588196e-02,1.200416088104248047e-01,-1.568006873130798340e-01,1.447480767965316772e-01,1.109069943428039551e+00,1.452919244766235352e-01,1.452730149030685425e-01
3.793065837140034979e+00,-3.375926069087452353e-02,5.224761863662438222e-01,9.933564662933349609e-01,8.195532113313674927e-02,2.354382351040840149e-02,-7.727786898612976074e-02,0.000000000000000000e+00,0.000000000000000000e+00,3.860633373260498047e-01,-1.292810902991567090e+00,1.277207016944885254e+00,-2.765213549137115479e-01,-3.565130531787872314e-01,1.387740538516316846e+00,7.882093787193298340e-01,6.141557693481445312e-01,-4.041644930839538574e-01,-1.452552378177642822e-01,1.962590664625167847e-01,4.097777009010314941e-01,-5.658087506890296936e-02,4.312400519847869873e-02,-4.911831021308898926e-02,-1.682151556015014648e-01,1.482551544904708862e-01,1.300438404083251953e+00,2.191445603966712952e-02,1.354135870933532715e-01
3.834348312152756399e+00,-3.418296256370729341e-02,5.336205895726728876e-01,9.938727617263793945e-01,7.243664562702178955e-02,1.887271180748939514e-02,-8.132450282573699951e-02,0.000000000000000000e+00,0.000000000000000000e+00,2.886984944343566895e-01,-1.311704025664601758e+00,1.234549403190612793e+00,-3.191312849521636963e-01,-3.030019998550415039e-01,1.404593856134686902e+00,9.380303025245666504e-01,6.640726327896118164e-01,-2.319113165140151978e-01,-1.589274853467941284e-01,1.778538972139358521e-01,2.769068181514739990e-01,-8.949127048254013062e-02,5.042967572808265686e-02,-2.176614105701446533e-01,-1.765677928924560547e-01,9.786308556795120239e-02,1.363541960716247559e+00,-8.099663257598876953e-02,7.520798593759536743e-02
3.873347889913453024e+00,-3.606709547312648284e-02,5.428250864735155723e-01,9.957428574562072754e-01,4.824488982558250427e-02,1.893798820674419403e-02,-7.622270286083221436e-02,0.000000000000000000e+00,0.000000000000000000e+00,1.910314261913299561e-01,-1.328233675160680249e+00,1.185344576835632324e+00,-3.572505712509155273e-01,-2.356320768594741821e-01,1.417003319659505323e+00,1.083225607872009277e+00,6.999868750572204590e-01,-6.994836777448654175e-02,-1.340492516756057739e-01,1.335981637239456177e-01,1.431795358657836914e-01,-9.665308147668838501e-02,5.294061824679374695e-02,-3.438032865524291992e-01,-1.814902126789093018e-01,-2.868349850177764893e-02,1.286352872848510742e+00,-1.437672227621078491e-01,8.080417173914611340e-04
3.914385899281260794e+00,-3.719675261762482588e-02,5.464899121435603524e-01,9.977316260337829590e-01,2.612515538930892944e-02,2.748713269829750061e-02,-5.561965331435203552e-02,0.000000000000000000e+00,0.000000000000000000e+00,8.396752178668975830e-02,-1.325435132780347303e+00,1.123996615409851074e+00,-4.011300504207611084e-01,-1.484342217445373535e-01,1.408716202774320081e+00,1.176240921020507812e+00,6.919929385185241699e-01,1.703933067619800568e-02,-1.033047214150428772e-01,7.493378967046737671e-02,1.147447675466537476e-01,-1.316144317388534546e-01,5.494757369160652161e-02,-4.367157816886901855e-01,-1.820787340402603149e-01,-1.779613792896270752e-01,1.111078500747680664e+00,-1.729737371206283569e-01,-4.728285223245620728e-02
3.955336884193950020e+00,-3.777921910797518712e-02,5.430668533638570716e-01,9.988141655921936035e-01,2.730288915336132050e-02,3.555528074502944946e-02,-1.899163797497749329e-02,0.000000000000000000e+00,0.000000000000000000e+00,-3.640414774417877197e-02,-1.290852175154958204e+00,1.036489963531494141e+00,-4.617870450019836426e-01,-4.865667968988418579e-02,1.368561164536748365e+00,1.202179431915283203e+00,6.531641483306884766e-01,7.841280102729797363e-02,-1.157253086566925049e-01,1.570093818008899689e-02,1.164698153734207153e-01,-1.680244207382202148e-01,6.846136599779129028e-02,-5.180643200874328613e-01,-1.993330121040344238e-01,-2.566101849079132080e-01,8.935745954513549805e-01,-1.741492599248886108e-01,-3.002545051276683807e-02
3.995769376074425061e+00,-3.900890403370739501e-02,5.341462654439789182e-01,9.980136752128601074e-01,4.262977093458175659e-02,3.723843395709991455e-02,2.765226922929286957e-02,0.000000000000000000e+00,0.000000000000000000e+00,-1.619450747966766357e-01,-1.240234301486287549e+00,9.293900728225708008e-01,-5.323749780654907227e-01,6.942618638277053833e-02,1.310284213223729566e+00,1.186048746109008789e+00,6.043347716331481934e-01,1.486211270093917847e-01,-1.464897096157073975e-01,-4.969181492924690247e-02,1.253438293933868408e-01,-2.115106135606765747e-01,7.736009359359741211e-02,-5.714361667633056641e-01,-2.522754073143005371e-01,-2.922716736793518066e-01,6.418257951736450195e-01,-1.379655599594116211e-01,6.292937905527651310e-04
4.038734877476788832e+00,-3.912868721739887895e-02,5.230503152619407903e-01,9.946655631065368652e-01,6.147763133049011230e-02,3.143326938152313232e-02,7.663495093584060669e-02,0.000000000000000000e+00,0.000000000000000000e+00,-2.819186747074127197e-01,-1.189294056096349195e+00,8.073067069053649902e-01,-5.898486375808715820e-01,2.060763537883758545e-01,1.253047005334172681e+00,1.166550517082214355e+00,5.639234185218811035e-01,2.365220189094543457e-01,-1.655755192041397095e-01,-1.194717809557914734e-01,1.373249292373657227e-01,-2.564149796962738037e-01,7.816717028617858887e-02,-5.795667767524719238e-01,-3.142447471618652344e-01,-3.027613162994384766e-01,3.552745878696441650e-01,-8.933755010366439819e-02,3.777121007442474365e-02
4.084560892648166686e+00,-3.884866029108789698e-02,5.113655383516140240e-01,9.892800450325012207e-01,8.042869716882705688e-02,2.160215564072132111e-02,1.199563741683959961e-01,0.000000000000000000e+00,0.000000000000000000e+00,-3.755889534950256348e-01,-1.147816942134175733e+00,6.734405159950256348e-01,-6.025647521018981934e-01,3.357488512992858887e-01,1.205814407267842725e+00,1.167594790458679199e+00,5.357280969619750977e-01,3.367377221584320068e-01,-1.630602777004241943e-01,-1.762268841266632080e-01,1.463967561721801758e-01,-2.717729210853576660e-01,6.762351840734481812e-02,-5.776920318603515625e-01,-3.709451258182525635e-01,-2.796541452407836914e-01,1.216108575463294983e-01,-6.728552281856536865e-02,9.805209189653396606e-02
4.131279074561716058e+00,-3.973240899495930623e-02,5.033958254656707432e-01,9.864322543144226074e-01,8.099503815174102783e-02,2.178174629807472229e-02,1.411265730857849121e-01,0.000000000000000000e+00,0.000000000000000000e+00,-4.219868183135986328e-01,-1.123920128741536573e+00,5.458738803863525391e-01,-5.604976415634155273e-01,4.244244396686553955e-01,1.177448497214589551e+00,1.210015773773193359e+00,5.197026133537292480e-01,4.086383879184722900e-01,-1.222964897751808167e-01,-2.083221077919006348e-01,1.864324212074279785e-01,-2.377383112907409668e-01,5.810507014393806458e-02,-6.169207692146301270e-01,-3.796721100807189941e-01,-2.534883618354797363e-01,1.073663011193275452e-01,-1.046881228685379028e-01,1.208624467253684998e-01
4.176761309919934995e+00,-4.258603055999059250e-02,5.005820209104003826e-01,9.899432659149169922e-01,4.611637815833091736e-02,3.719847276806831360e-02,1.284595280885696411e-01,0.000000000000000000e+00,0.000000000000000000e+00,-4.056245088577270508e-01,-1.103608028092656568e+00,4.425849318504333496e-01,-4.904581606388092041e-01,4.597610831260681152e-01,1.164390252032552198e+00,1.263441085815429688e+00,5.050114393234252930e-01,3.739894628524780273e-01,-5.389208346605300903e-02,-1.987228691577911377e-01,3.652611672878265381e-01,-1.952983289957046509e-01,2.273469977080821991e-02,-6.075887084007263184e-01,-2.547145485877990723e-01,-2.786439061164855957e-01,1.227592900395393372e-01,-2.970137938973493874e-05,7.819478958845138550e-02
4.221616437754245332e+00,-4.617589313188812106e-02,5.016021501385804493e-01,9.932236671447753906e-01,6.922160740941762924e-03,4.940170794725418091e-02,1.049682497978210449e-01,0.000000000000000000e+00,0.000000000000000000e+00,-3.425248563289642334e-01,-1.085631386437688306e+00,3.787735402584075928e-01,-4.064160287380218506e-01,4.459522962570190430e-01,1.159256116547856763e+00,1.299573659896850586e+00,4.813256561756134033e-01,3.039541244506835938e-01,8.090076968073844910e-03,-1.770171523094177246e-01,6.011952161788940430e-01,-1.951185613870620728e-02,-6.210442259907722473e-02,-6.776790618896484375e-01,-1.513292640447616577e-01,-2.545425891876220703e-01,3.588127791881561279e-01,1.559786647558212280e-01,1.644011028110980988e-02
4.266159340444237280e+00,-4.908623525214315941e-02,5.052438495579091304e-01,9.962321519851684570e-01,-8.884047158062458038e-03,2.997634001076221466e-02,8.089457452297210693e-02,0.000000000000000000e+00,0.000000000000000000e+00,-2.536776959896087646e-01,-1.082067624726567701e+00,3.841572701930999756e-01,-3.497232794761657715e-01,3.989412784576416016e-01,1.167521939673695996e+00,1.321223020553588867e+00,4.820486307144165039e-01,2.387451380491256714e-01,2.464018762111663818e-02,-1.377835124731063843e-01,8.780619502067565918e-01,2.208267152309417725e-01,-1.488496959209442139e-01,-6.605375409126281738e-01,-9.551219642162322998e-02,-2.371854931116104126e-01,5.995807051658630371e-01,6.549790035933256149e-03,-6.847358494997024536e-02
4.309969510508306456e+00,-5.259306960165350403e-02,5.135676805629875163e-01,9.970178604125976562e-01,-3.084918297827243805e-02,1.736850850284099579e-02,6.857150793075561523e-02,0.000000000000000000e+00,0.000000000000000000e+00,-1.777861714363098145e-01,-1.087262616553578809e+00,4.744712710380554199e-01,-3.633226454257965088e-01,3.267557024955749512e-01,1.201678440966878370e+00,1.323106884956359863e+00,4.942703247070312500e-01,9.796857088804244995e-02,4.928734153509140015e-02,-1.506498008966445923e-01,1.155320644378662109e+00,1.986131519079208374e-01,-1.782066375017166138e-01,-5.285851955413818359e-01,-1.653762347996234894e-02,-2.597099542617797852e-01,5.824819207191467285e-01,-9.001193195581436157e-02,-7.789782434701919556e-02
4.354518391977657110e+00,-5.539367620908476619e-02,5.248150931554611542e-01,9.964146018028259277e-01,-5.580626055598258972e-02,1.274750847369432449e-02,6.229826435446739197e-02,0.000000000000000000e+00,0.000000000000000000e+00,-1.077599897980690002e-01,-1.096221433081899121e+00,5.987123250961303711e-01,-4.219899177551269531e-01,2.525632083415985107e-01,1.244014994302068189e+00,1.311442732810974121e+00,5.014408230781555176e-01,-6.261778622865676880e-02,6.278284639120101929e-02,-2.032722234725952148e-01,1.318040251731872559e+00,6.780724972486495972e-02,-2.018096148967742920e-01,-3.576200008392333984e-01,8.719266951084136963e-02,-2.763862609863281250e-01,4.213119447231292725e-01,-1.163121759891510010e-01,-9.117010980844497681e-02
4.398911825183666302e+00,-5.652032839416554211e-02,5.360888705041372271e-01,9.972395896911621094e-01,-4.524238035082817078e-02,9.874230250716209412e-03,5.804155394434928894e-02,0.000000000000000000e+00,0.000000000000000000e+00,-3.543654084205627441e-02,-1.107391671338353589e+00,7.249417901039123535e-01,-5.089310407638549805e-01,1.725895702838897705e-01,1.294601217904363111e+00,1.288339853286743164e+00,5.015335083007812500e-01,-2.282745093107223511e-01,5.480777472257614136e-02,-1.640717238187789917e-01,1.353583931922912598e+00,5.168627016246318817e-03,-1.412474811077117920e-01,-1.785100251436233521e-01,1.089016646146774292e-01,-2.435287833213806152e-01,2.536436915397644043e-01,-1.326871514320373535e-01,-7.751195877790451050e-02
4.441757750998843512e+00,-5.641766154235511310e-02,5.439130997590043703e-01,9.987185001373291016e-01,-1.520719286054372787e-02,1.058671064674854279e-02,4.709627851843833923e-02,0.000000000000000000e+00,0.000000000000000000e+00,4.952827095985412598e-02,-1.118486956754003003e+00,8.308050036430358887e-01,-5.934751629829406738e-01,8.354306966066360474e-02,1.344101996221814588e+00,1.241950035095214844e+00,5.019449591636657715e-01,-3.669827878475189209e-01,5.046107620000839233e-02,-4.735168442130088806e-02,1.278744459152221680e+00,-3.509432822465896606e-02,-2.626471593976020813e-02,-3.483719751238822937e-02,7.333563268184661865e-02,-1.912285685539245605e-01,1.384162455797195435e-01,-1.577022224664688110e-01,-6.583772599697113037e-02
4.482279924569708029e+00,-5.566906854340975680e-02,5.458073763526750666e-01,9.996501207351684570e-01,9.590358473360538483e-03,1.445292215794324875e-02,1.997102797031402588e-02,0.000000000000000000e+00,0.000000000000000000e+00,1.492889076471328735e-01,-1.128968552747044995e+00,9.054793715476989746e-01,-6.341820955276489258e-01,-1.870618574321269989e-02,1.379583136239324048e+00,1.176104068756103516e+00,5.109461545944213867e-01,-4.606143534183502197e-01,3.161169961094856262e-02,4.983564466238021851e-02,1.109149932861328125e+00,-5.433094501495361328e-02,3.876122087240219116e-02,4.479097947478294373e-02,3.462786227464675903e-02,-1.235702410340309143e-01,1.212223172187805176e-01,-2.114387154579162598e-01,-5.853366106748580933e-02
4.519426412883430721e+00,-5.476632994919488490e-02,5.420358045594860785e-01,9.994769096374511719e-01,1.402290258556604385e-02,1.734873466193675995e-02,-2.341586351394653320e-02,0.000000000000000000e+00,0.000000000000000000e+00,2.640124261379241943e-01,-1.141147033372197583e+00,9.586617350578308105e-01,-6.337367296218872070e-01,-1.370353251695632935e-01,1.392913551130567029e+00,1.098826885223388672e+00,5.286144018173217773e-01,-5.224887132644653320e-01,5.131129175424575806e-02,1.055052429437637329e-01,8.897219896316528320e-01,-4.898502677679061890e-02,4.113492369651794434e-02,1.098616570234298706e-01,3.047899901866912842e-02,-4.900838434696197510e-02,1.256753057241439819e-01,-2.620773315429687500e-01,-5.640516802668571472e-02
4.555516318022602817e+00,-5.410894966486728269e-02,5.336118705194405898e-01,9.967715740203857422e-01,4.482072312384843826e-03,1.686036959290504456e-02,-7.837149500846862793e-02,0.000000000000000000e+00,0.000000000000000000e+00,3.897991180419921875e-01,-1.162204192080769971e+00,1.003873109817504883e+00,-6.086352467536926270e-01,-2.685571014881134033e-01,1.388074905672345594e+00,1.014024734497070312e+00,5.551711916923522949e-01,-5.433009862899780273e-01,1.390503644943237305e-01,1.818893700838088989e-01,6.229738593101501465e-01,-3.746004030108451843e-02,1.201176922768354416e-02,1.777873784303665161e-01,4.109173640608787537e-02,3.569523990154266357e-02,1.422028541564941406e-01,-3.161387443542480469e-01,-5.192570015788078308e-02
4.595064947021127999e+00,-5.290204586066080128e-02,5.223787820858485365e-01,9.911608695983886719e-01,-8.695016615092754364e-03,1.339884661138057709e-02,-1.317007392644882202e-01,0.000000000000000000e+00,0.000000000000000000e+00,5.022312998771667480e-01,-1.195739136138234571e+00,1.061017751693725586e+00,-5.792368650436401367e-01,-3.969480693340301514e-01,1.372089386978421643e+00,9.299408197402954102e-01,5.863800644874572754e-01,-5.139681100845336914e-01,2.336446940898895264e-01,2.940635085105895996e-01,3.007150590419769287e-01,-2.951946482062339783e-02,-4.340540245175361633e-02,2.526026368141174316e-01,4.301479086279869080e-02,1.212763190269470215e-01,1.603281348943710327e-01,-3.733763396739959717e-01,-3.312332928180694580e-02
4.638429698022928704e+00,-5.155038501314743865e-02,5.112232932260241114e-01,9.847689867019653320e-01,-2.331697568297386169e-02,8.383586071431636810e-03,-1.720931977033615112e-01,0.000000000000000000e+00,0.000000000000000000e+00,5.864030718803405762e-01,-1.234704897799764112e+00,1.123744249343872070e+00,-5.396838784217834473e-01,-4.985663890838623047e-01,1.351064325371060804e+00,8.530195951461791992e-01,5.978820323944091797e-01,-5.114508867263793945e-01,3.007528483867645264e-01,3.439173102378845215e-01,1.026393845677375793e-01,-4.857629537582397461e-02,-1.247404217720031738e-01,3.475567400455474854e-01,2.784637175500392914e-02,1.857844442129135132e-01,1.568601280450820923e-01,-4.006714820861816406e-01,-8.747351355850696564e-03
4.684451019986711096e+00,-4.955858477109083282e-02,5.033012029784496022e-01,9.817222356796264648e-01,-2.814002707600593567e-02,7.435994222760200500e-03,-1.880807578563690186e-01,0.000000000000000000e+00,0.000000000000000000e+00,6.409109234809875488e-01,-1.269699500003133252e+00,1.183396339416503906e+00,-5.055095553398132324e-01,-5.532965064048767090e-01,1.330042094984326795e+00,7.866351008415222168e-01,5.763308405876159668e-01,-5.712323188781738281e-01,3.179422616958618164e-01,3.234013020992279053e-01,1.044685021042823792e-01,-8.763378858566284180e-02,-1.729810833930969238e-01,4.393154084682464600e-01,-1.198303140699863434e-02,2.109414786100387573e-01,1.560973972082138062e-01,-3.659534454345703125e-01,2.187004685401916504e-02
4.731923856717167531e+00,-4.813967303561065419e-02,4.978498433011047664e-01,9.836400747299194336e-01,-1.810975745320320129e-02,1.234953850507736206e-02,-1.788060665130615234e-01,0.000000000000000000e+00,0.000000000000000000e+00,6.623067259788513184e-01,-1.288622365393910840e+00,1.239074587821960449e+00,-4.738253653049468994e-01,-5.570608377456665039e-01,1.310973421731267408e+00,7.319325804710388184e-01,5.416452884674072266e-01,-5.536355972290039062e-01,2.567493021488189697e-01,3.372005522251129150e-01,9.323246031999588013e-02,-5.231119319796562195e-02,-1.985691487789154053e-01,4.759025275707244873e-01,-4.866906255483627319e-02,2.016160786151885986e-01,2.373740226030349731e-01,-2.768541276454925537e-01,5.060313269495964050e-02
4.780184563705415002e+00,-4.767036480546900379e-02,4.962523881910425039e-01,9.877241849899291992e-01,1.704077608883380890e-02,2.992981113493442535e-02,-1.523635834455490112e-01,0.000000000000000000e+00,0.000000000000000000e+00,6.485249400138854980e-01,-1.295166716971669629e+00,1.277118444442749023e+00,-4.394671320915222168e-01,-5.185319185256958008e-01,1.292367146411214307e+00,6.794164180755615234e-01,5.035587549209594727e-01,-5.550550818443298340e-01,1.343076378107070923e-01,3.427686691284179688e-01,1.355165094137191772e-01,1.627597510814666748e-01,-1.317465156316757202e-01,4.145236611366271973e-01,-1.050275489687919617e-01,1.773541867733001709e-01,4.433693587779998779e-01,-1.452302485704421997e-01,7.564996927976608276e-02
4.823065697887931158e+00,-4.615983554218528601e-02,4.948819606194291287e-01,9.904715418815612793e-01,5.431512743234634399e-02,3.361462429165840149e-02,-1.220081523060798645e-01,0.000000000000000000e+00,0.000000000000000000e+00,6.112714409828186035e-01,-1.291654423871312574e+00,1.302201986312866211e+00,-4.173987805843353271e-01,-4.571059048175811768e-01,1.277174518504414991e+00,6.424037814140319824e-01,4.801478683948516846e-01,-6.447533965110778809e-01,3.347103297710418701e-02,3.209685683250427246e-01,4.095560610294342041e-01,1.564434915781021118e-01,2.796793356537818909e-02,3.452340364456176758e-01,-1.655247956514358521e-01,1.564518362283706665e-01,7.120368480682373047e-01,1.753971725702285767e-02,1.236302629113197327e-01
4.863832004949300014e+00,-4.461788654778942737e-02,4.962181762869309898e-01,9.919006228446960449e-01,8.173985779285430908e-02,2.018392831087112427e-02,-9.510166198015213013e-02,0.000000000000000000e+00,0.000000000000000000e+00,5.281248092651367188e-01,-1.283851341405187085e+00,1.319802999496459961e+00,-4.287248253822326660e-01,-3.864312469959259033e-01,1.262175844111714795e+00,6.638452410697937012e-01,4.776596128940582275e-01,-6.126748323440551758e-01,-6.320028752088546753e-02,3.225584626197814941e-01,5.502774715423583984e-01,3.019042499363422394e-02,8.840297907590866089e-02,2.452047616243362427e-01,-2.186260372400283813e-01,1.414936780929565430e-01,1.005870580673217773e+00,1.245590895414352417e-01,1.582576036453247070e-01
4.904505308776190731e+00,-4.270152947079917244e-02,5.012631865643492057e-01,9.922485351562500000e-01,9.376663714647293091e-02,1.386212278157472610e-02,-8.036468178033828735e-02,0.000000000000000000e+00,0.000000000000000000e+00,4.235197901725769043e-01,-1.293336943784032300e+00,1.309964537620544434e+00,-4.450278282165527344e-01,-3.186005651950836182e-01,1.255766705670628980e+00,7.653999924659729004e-01,5.181385874748229980e-01,-5.267143249511718750e-01,-1.365160197019577026e-01,3.152216076850891113e-01,5.531753301620483398e-01,-5.732550844550132751e-02,1.077793911099433899e-01,9.707463532686233521e-02,-2.495836168527603149e-01,1.450904309749603271e-01,1.257385253906250000e+00,9.183320216834545135e-03,1.555669754743576050e-01
4.948110539569999133e+00,-4.198871053966947431e-02,5.120182217650040002e-01,9.928041100502014160e-01,9.411093592643737793e-02,7.881795987486839294e-03,-7.362794876098632812e-02,0.000000000000000000e+00,0.000000000000000000e+00,3.232877254486083984e-01,-1.318123088279042676e+00,1.279717803001403809e+00,-4.644364714622497559e-01,-2.423489987850189209e-01,1.260754064717565015e+00,9.285881519317626953e-01,5.811889767646789551e-01,-3.940020501613616943e-01,-1.917072683572769165e-01,2.922828495502471924e-01,4.581808447837829590e-01,-1.042599231004714966e-01,9.886381030082702637e-02,-8.147095888853073120e-02,-2.564919292926788330e-01,1.428004503250122070e-01,1.412804961204528809e+00,-1.200602352619171143e-01,1.394507735967636108e-01
