-4.545401261329199555e-02,6.769668848766484566e-03,5.106267023884286660e-01,9.958419799804687500e-01,-1.544903032481670380e-02,8.960087597370147705e-02,-5.632138811051845551e-03,0.000000000000000000e+00,0.000000000000000000e+00,7.652546465396881104e-02,-1.308721498647008374e+00,1.158867835998535156e+00,-3.231457471847534180e-01,-2.294468283653259277e-01,1.029465333619389966e+00,9.727402925491333008e-01,3.014161586761474609e-01,-7.568204402923583984e-01,1.040024757385253906e-01,2.997545301914215088e-01,3.410502970218658447e-01,-3.475022315979003906e-02,-2.553149498999118805e-02,2.819153070449829102e-01,1.101441383361816406e-01,6.246544793248176575e-02,1.541141867637634277e-01,-2.433615624904632568e-01,-4.023987427353858948e-02
-1.327074155380780079e-02,4.725607808290115119e-03,5.079109249030701045e-01,9.952362775802612305e-01,-1.790156774222850800e-02,9.180741757154464722e-02,-2.748963050544261932e-02,0.000000000000000000e+00,0.000000000000000000e+00,1.070444434881210327e-01,-1.306687281527791455e+00,1.178611278533935547e+00,-3.103298246860504150e-01,-2.051423043012619019e-01,1.025155262151036695e+00,9.874300360679626465e-01,3.072151243686676025e-01,-7.484102249145507812e-01,8.180018514394760132e-02,2.714438140392303467e-01,2.949576079845428467e-01,-3.321861103177070618e-02,-2.648060210049152374e-02,3.123083114624023438e-01,1.080491021275520325e-01,9.140201658010482788e-02,2.082792967557907104e-01,-1.549903601408004761e-01,-2.631914243102073669e-02
2.777397577608512261e-02,2.442352776662587606e-03,5.077801391045854151e-01,9.944971799850463867e-01,-1.313818991184234619e-02,9.753577411174774170e-02,-3.591051325201988220e-02,0.000000000000000000e+00,0.000000000000000000e+00,1.257296800613403320e-01,-1.303949133553777173e+00,1.201271653175354004e+00,-2.951086163520812988e-01,-1.638420075178146362e-01,1.039188996949468091e+00,1.007826328277587891e+00,2.977213263511657715e-01,-7.306519150733947754e-01,4.388345032930374146e-02,2.554313242435455322e-01,3.392216563224792480e-01,-4.026512429118156433e-02,1.691897027194499969e-02,2.879931032657623291e-01,9.591402858495712280e-02,8.481922745704650879e-02,3.554013967514038086e-01,-2.542104385793209076e-02,1.142335496842861176e-02
6.724215853376069862e-02,1.639837234144597700e-04,5.096110572447680731e-01,9.947142004966735840e-01,-5.271498812362551689e-04,9.866479039192199707e-02,-2.843832969665527344e-02,0.000000000000000000e+00,0.000000000000000000e+00,1.284994781017303467e-01,-1.292717800536427930e+00,1.221796274185180664e+00,-2.961806356906890869e-01,-1.070611551403999329e-01,1.072998807826314405e+00,1.029617309570312500e+00,2.686061263084411621e-01,-7.247143387794494629e-01,-2.647821325808763504e-03,2.274746745824813843e-01,4.790983200073242188e-01,-5.274933204054832458e-02,8.478728681802749634e-02,2.102941125631332397e-01,7.962046563625335693e-02,6.628594547510147095e-02,5.982401967048645020e-01,1.506279259920120239e-01,9.536470472812652588e-02
1.070322845471703005e-01,-1.908192695671165600e-03,5.128849786948976863e-01,9.959771037101745605e-01,5.634954664856195450e-03,8.795937895774841309e-02,-1.615719497203826904e-02,0.000000000000000000e+00,0.000000000000000000e+00,1.144602149724960327e-01,-1.276517764725957349e+00,1.239610433578491211e+00,-3.117889463901519775e-01,-4.890002310276031494e-02,1.115624264874730542e+00,1.063274621963500977e+00,2.276590913534164429e-01,-6.819695234298706055e-01,-2.551049552857875824e-02,2.075612843036651611e-01,6.100898385047912598e-01,-1.359421014785766602e-01,1.097998544573783875e-01,1.020240709185600281e-01,7.969085127115249634e-02,4.889956116676330566e-02,8.670530915260314941e-01,2.960664629936218262e-01,1.756396442651748657e-01
1.455823328347895518e-01,-2.598656726850554106e-03,5.179494615245346933e-01,9.966822862625122070e-01,1.613812334835529327e-02,7.915167510509490967e-02,-9.951282292604446411e-03,0.000000000000000000e+00,0.000000000000000000e+00,8.950261771678924561e-02,-1.263749853768620923e+00,1.229346036911010742e+00,-3.153543174266815186e-01,1.917677116580307484e-03,1.159284607568059400e+00,1.096645116806030273e+00,2.027119398117065430e-01,-5.790058970451354980e-01,-5.562878400087356567e-02,2.137471884489059448e-01,6.113911867141723633e-01,-2.177829295396804810e-01,1.133310720324516296e-01,-4.214731231331825256e-02,5.670357495546340942e-02,4.777691140770912170e-02,1.125445246696472168e+00,1.855350583791732788e-01,2.036360502243041992e-01
1.844064188895351841e-01,-3.159950319853978284e-03,5.261768431931432843e-01,9.971494674682617188e-01,2.252960018813610077e-02,7.045157253742218018e-02,-1.489546429365873337e-02,0.000000000000000000e+00,0.000000000000000000e+00,6.418484449386596680e-02,-1.261952654519353345e+00,1.180025935173034668e+00,-2.817344963550567627e-01,5.920340865850448608e-02,1.200761721530232862e+00,1.118090271949768066e+00,2.008580714464187622e-01,-4.232936501502990723e-01,-7.943503558635711670e-02,2.154129445552825928e-01,5.182727575302124023e-01,-2.713578641414642334e-01,1.160055398941040039e-01,-2.023915946483612061e-01,2.358301728963851929e-02,5.544526502490043640e-02,1.276988387107849121e+00,7.986540906131267548e-03,1.899774968624114990e-01
2.228759197330083541e-01,-4.416203057120620355e-03,5.345830069723153111e-01,9.975627064704895020e-01,1.337411068379878998e-02,6.268645077943801880e-02,-2.757095545530319214e-02,0.000000000000000000e+00,0.000000000000000000e+00,4.116946458816528320e-02,-1.271711603799138501e+00,1.104016304016113281e+00,-2.234288454055786133e-01,1.159423962235450745e-01,1.235293821492467359e+00,1.131270170211791992e+00,2.241723388433456421e-01,-2.458694428205490112e-01,-6.614455580711364746e-02,2.125243842601776123e-01,3.828489184379577637e-01,-2.936506271362304688e-01,1.067995354533195496e-01,-3.598104119300842285e-01,-1.187847740948200226e-02,1.903508417308330536e-02,1.299254059791564941e+00,-1.169703453779220581e-01,1.331977248191833496e-01
2.612609910776819699e-01,-6.398157386163325078e-03,5.395514971777947144e-01,9.973293542861938477e-01,-1.795255346223711967e-03,5.973147228360176086e-02,-4.198814556002616882e-02,0.000000000000000000e+00,0.000000000000000000e+00,2.817122451961040497e-02,-1.285994486012731031e+00,1.013053536415100098e+00,-1.645254641771316528e-01,1.693391948938369751e-01,1.257903174557958081e+00,1.133571863174438477e+00,2.621546089649200439e-01,-7.588003575801849365e-02,-4.274899140000343323e-02,2.173456847667694092e-01,2.301418334245681763e-01,-2.827270627021789551e-01,9.062733501195907593e-02,-4.967142939567565918e-01,-1.231118477880954742e-02,-2.762063592672348022e-02,1.206350684165954590e+00,-1.704667508602142334e-01,9.378312528133392334e-02
3.001795024029684789e-01,-8.883340565612388509e-03,5.379021014220485286e-01,9.971587061882019043e-01,-7.570590358227491379e-03,5.731538310647010803e-02,-4.829228296875953674e-02,0.000000000000000000e+00,0.000000000000000000e+00,9.729472920298576355e-03,-1.289384708800588086e+00,9.203849434852600098e-01,-1.344921439886093140e-01,2.221953570842742920e-01,1.269498572745595411e+00,1.133126497268676758e+00,2.920966744422912598e-01,6.140166148543357849e-02,-4.418959841132164001e-02,2.275938838720321655e-01,1.369393020868301392e-01,-2.822217345237731934e-01,7.331164181232452393e-02,-5.995501279830932617e-01,-1.473956648260354996e-02,-5.948893725872039795e-02,1.033125877380371094e+00,-1.703638881444931030e-01,9.444545954465866089e-02
3.391741186071827174e-01,-1.194943780279389065e-02,5.302433265820898356e-01,9.979674220085144043e-01,-5.221475148573517799e-04,4.993778839707374573e-02,-3.958529233932495117e-02,0.000000000000000000e+00,0.000000000000000000e+00,-2.979340031743049622e-02,-1.270859257378850415e+00,8.489833474159240723e-01,-1.385958343744277954e-01,2.793699204921722412e-01,1.276502982774053052e+00,1.143075704574584961e+00,2.996839582920074463e-01,1.718540638685226440e-01,-6.477759778499603271e-02,2.196367233991622925e-01,1.218766495585441589e-01,-3.165646493434906006e-01,5.906790494918823242e-02,-6.518195271492004395e-01,-4.487467929720878601e-02,-7.872933149337768555e-02,8.004229664802551270e-01,-1.369925290346145630e-01,1.127709075808525085e-01
3.799515113219468221e-01,-1.505506984823656164e-02,5.202544470447482139e-01,9.988711476325988770e-01,6.612358149141073227e-03,4.277454316616058350e-02,-1.957357116043567657e-02,0.000000000000000000e+00,0.000000000000000000e+00,-8.948660641908645630e-02,-1.246136472621236280e+00,8.168869018554687500e-01,-1.645868122577667236e-01,3.352760970592498779e-01,1.290442899861607984e+00,1.170055508613586426e+00,2.837039828300476074e-01,2.753120660781860352e-01,-7.458106428384780884e-02,1.821658909320831299e-01,1.266717612743377686e-01,-3.455306887626647949e-01,3.146531060338020325e-02,-6.486740708351135254e-01,-8.814978599548339844e-02,-1.156889423727989197e-01,4.884213507175445557e-01,-8.060096204280853271e-02,1.131377518177032471e-01
4.233980968662283684e-01,-1.791468576236505614e-02,5.112903468973106769e-01,9.991254806518554688e-01,1.603541895747184753e-02,3.735414892435073853e-02,9.793180972337722778e-03,0.000000000000000000e+00,0.000000000000000000e+00,-1.485041826963424683e-01,-1.228058383860860303e+00,8.117742538452148438e-01,-1.931207627058029175e-01,3.849401473999023438e-01,1.315265552201543287e+00,1.207438588142395020e+00,2.657374143600463867e-01,3.683286309242248535e-01,-7.741171121597290039e-02,1.235347986221313477e-01,1.343803554773330688e-01,-3.348747491836547852e-01,2.999715041369199753e-03,-5.984443426132202148e-01,-1.306200921535491943e-01,-1.693452000617980957e-01,1.455472409725189209e-01,-2.422026172280311584e-02,1.352759897708892822e-01
4.677033845959889802e-01,-2.152825326023792563e-02,5.050308140239330168e-01,9.981810450553894043e-01,2.781277336180210114e-02,3.480712696909904480e-02,4.061293601989746094e-02,0.000000000000000000e+00,0.000000000000000000e+00,-1.878110766410827637e-01,-1.228538529076848462e+00,8.230231404304504395e-01,-2.103773057460784912e-01,4.187110960483551025e-01,1.349741877117429212e+00,1.252736091613769531e+00,2.461124807596206665e-01,4.519227445125579834e-01,-6.886433809995651245e-02,7.607296854257583618e-02,1.324517279863357544e-01,-2.562742829322814941e-01,-1.712313853204250336e-02,-6.242601275444030762e-01,-1.733552813529968262e-01,-1.767589598894119263e-01,1.226205751299858093e-01,-1.006000488996505737e-01,1.473360210657119751e-01
5.108625735380131205e-01,-2.592065797295571919e-02,5.039812060919675041e-01,9.974427819252014160e-01,1.754373311996459961e-02,4.904106259346008301e-02,4.893970116972923279e-02,0.000000000000000000e+00,0.000000000000000000e+00,-2.016731053590774536e-01,-1.238178507485661939e+00,8.222862482070922852e-01,-2.303633093833923340e-01,4.238483011722564697e-01,1.379717723527226880e+00,1.286018252372741699e+00,2.317429780960083008e-01,4.123344719409942627e-01,-2.139489911496639252e-02,6.270704418420791626e-02,3.042542040348052979e-01,-1.535105258226394653e-01,-3.993099927902221680e-02,-6.166528463363647461e-01,-1.288841068744659424e-01,-2.005942761898040771e-01,1.526367962360382080e-01,-4.634883627295494080e-02,1.281994283199310303e-01
5.534989099212066499e-01,-3.025231475824245730e-02,5.072518890366108923e-01,9.968459010124206543e-01,-5.615128669887781143e-03,6.335571408271789551e-02,4.746349155902862549e-02,0.000000000000000000e+00,0.000000000000000000e+00,-1.963111311197280884e-01,-1.262599186101232007e+00,8.201093077659606934e-01,-2.243400365114212036e-01,3.975322544574737549e-01,1.400266842046056226e+00,1.310935735702514648e+00,2.182309180498123169e-01,2.711260318756103516e-01,4.570690914988517761e-02,3.885841369628906250e-02,6.461939811706542969e-01,8.214272558689117432e-03,-8.705581724643707275e-02,-6.962342262268066406e-01,-7.434576749801635742e-02,-1.826142072677612305e-01,4.000746011734008789e-01,4.382956773042678833e-02,4.155809432268142700e-02
5.970312328222725506e-01,-3.386556307648807412e-02,5.113192858501817151e-01,9.975531101226806641e-01,-1.805452257394790649e-02,5.317752435803413391e-02,4.164038971066474915e-02,0.000000000000000000e+00,0.000000000000000000e+00,-1.744678318500518799e-01,-1.291733280816350415e+00,8.385838866233825684e-01,-2.220160961151123047e-01,3.516006171703338623e-01,1.396198512115750745e+00,1.302543759346008301e+00,2.197987884283065796e-01,1.394324153661727905e-01,8.039072901010513306e-02,2.909909002482891083e-02,9.836320877075195312e-01,1.363559365272521973e-01,-1.157854720950126648e-01,-6.545160412788391113e-01,-3.768732026219367981e-02,-1.733872294425964355e-01,5.472397208213806152e-01,-2.263856679201126099e-02,1.227368507534265518e-02
6.399015719865006613e-01,-3.709620065521448962e-02,5.171502980168419805e-01,9.976042509078979492e-01,-3.679423406720161438e-02,4.704206436872482300e-02,3.491415083408355713e-02,0.000000000000000000e+00,0.000000000000000000e+00,-1.502249836921691895e-01,-1.321226240196500257e+00,8.762401938438415527e-01,-2.399997860193252563e-01,2.882039248943328857e-01,1.381413937607083753e+00,1.262547016143798828e+00,2.141984999179840088e-01,-1.351426076143980026e-02,1.146174892783164978e-01,5.769434850662946701e-03,1.232056736946105957e+00,1.923638395965099335e-02,-1.165867671370506287e-01,-5.553562045097351074e-01,2.048844099044799805e-02,-1.926700025796890259e-01,5.619572401046752930e-01,-1.212225705385208130e-01,-1.294173765927553177e-02
6.833707855498850625e-01,-3.956099656034223200e-02,5.260583886270872034e-01,9.975461363792419434e-01,-4.557010531425476074e-02,4.072897136211395264e-02,3.415105864405632019e-02,0.000000000000000000e+00,0.000000000000000000e+00,-1.242443472146987915e-01,-1.343413711586270765e+00,9.281914830207824707e-01,-2.695455849170684814e-01,2.193517684936523438e-01,1.359849751987729505e+00,1.196314334869384766e+00,1.943102777004241943e-01,-1.735392957925796509e-01,1.484744697809219360e-01,1.413339190185070038e-02,1.336966276168823242e+00,-1.052817851305007935e-01,-7.022433727979660034e-02,-4.101896286010742188e-01,6.504477560520172119e-02,-1.977396011352539062e-01,4.826295375823974609e-01,-1.801774799823760986e-01,-2.598081342875957489e-02
7.258576939683971663e-01,-4.112117771783636855e-02,5.348741818309733498e-01,9.979197978973388672e-01,-3.984978795051574707e-02,3.056264109909534454e-02,4.042262583971023560e-02,0.000000000000000000e+00,0.000000000000000000e+00,-8.999201655387878418e-02,-1.353542969622884229e+00,9.846966266632080078e-01,-3.053366541862487793e-01,1.564136445522308350e-01,1.339015931883130506e+00,1.101652622222900391e+00,1.602368801832199097e-01,-3.109599053859710693e-01,1.492326259613037109e-01,4.257371649146080017e-02,1.302193880081176758e+00,-1.760667562484741211e-01,-1.693128608167171478e-02,-2.293209731578826904e-01,7.707456499338150024e-02,-1.880562454462051392e-01,3.560890257358551025e-01,-2.155231088399887085e-01,-2.870699577033519745e-02
7.668848252793153408e-01,-4.216453699498540902e-02,5.400465318048842667e-01,9.982998967170715332e-01,-2.819776348769664764e-02,2.105604112148284912e-02,4.646295309066772461e-02,0.000000000000000000e+00,0.000000000000000000e+00,-4.997835308313369751e-02,-1.356105254092488721e+00,1.034701466560363770e+00,-3.290256261825561523e-01,1.015316024422645569e-01,1.319524959721837476e+00,9.882889986038208008e-01,1.216559931635856628e-01,-4.105044007301330566e-01,1.242024675011634827e-01,8.325090259313583374e-02,1.166175127029418945e+00,-2.047803103923797607e-01,2.812231518328189850e-02,-4.849973320960998535e-02,7.313278317451477051e-02,-1.791130751371383667e-01,2.188936322927474976e-01,-2.310672402381896973e-01,-2.654340304434299469e-02
8.074191224861024807e-01,-4.244537614262427344e-02,5.395450616861232618e-01,9.986727833747863770e-01,-1.977495290338993073e-02,1.644962467253208160e-02,4.462174698710441589e-02,0.000000000000000000e+00,0.000000000000000000e+00,-1.030821539461612701e-02,-1.354146138825688794e+00,1.070863842964172363e+00,-3.317850530147552490e-01,4.099181294441223145e-02,1.290786043801579908e+00,8.728874921798706055e-01,9.199808537960052490e-02,-4.932385087013244629e-01,1.081209704279899597e-01,1.338978856801986694e-01,9.889865517616271973e-01,-2.073517590761184692e-01,6.303062289953231812e-02,8.980157971382141113e-02,7.262081652879714966e-02,-1.658282727003097534e-01,1.350989788770675659e-01,-2.475322037935256958e-01,-1.455489452928304672e-02
8.515038181690857133e-01,-4.296556887122793267e-02,5.335971311675479223e-01,9.992156028747558594e-01,-2.083706669509410858e-02,1.285047922283411026e-02,3.112633153796195984e-02,0.000000000000000000e+00,0.000000000000000000e+00,2.852923050522804260e-02,-1.347032205262456372e+00,1.102820992469787598e+00,-3.205283880233764648e-01,-4.384537413716316223e-02,1.242670045295033887e+00,7.690511345863342285e-01,8.269727975130081177e-02,-5.547740459442138672e-01,1.256252676248550415e-01,1.979341357946395874e-01,7.650817632675170898e-01,-1.821438372135162354e-01,6.861627101898193359e-02,1.884907931089401245e-01,8.499469608068466187e-02,-1.436034291982650757e-01,1.273906975984573364e-01,-2.882727086544036865e-01,2.831479068845510483e-03
8.913135205329668631e-01,-4.233688361387737131e-02,5.239174043462433428e-01,9.994555711746215820e-01,-3.140301257371902466e-02,8.287823759019374847e-03,5.814112257212400436e-03,0.000000000000000000e+00,0.000000000000000000e+00,7.240362465381622314e-02,-1.339146808781896070e+00,1.136771917343139648e+00,-2.994817793369293213e-01,-1.521161198616027832e-01,1.180630342164311841e+00,6.960840225219726562e-01,1.018647328019142151e-01,-5.725731849670410156e-01,1.477447003126144409e-01,2.425190359354019165e-01,4.611145853996276855e-01,-1.194726824760437012e-01,2.910712920129299164e-02,2.816672325134277344e-01,1.063595935702323914e-01,-1.058157533407211304e-01,1.312990486621856689e-01,-3.263925313949584961e-01,6.123414263129234314e-03
9.342197323733507641e-01,-4.127556983395620771e-02,5.143352063632372628e-01,9.982990026473999023e-01,-4.948422685265541077e-02,1.923931529745459557e-03,-3.076927363872528076e-02,0.000000000000000000e+00,0.000000000000000000e+00,1.156714856624603271e-01,-1.338698820271764234e+00,1.170838117599487305e+00,-2.710050344467163086e-01,-2.585234344005584717e-01,1.121267424025807813e+00,6.585604548454284668e-01,1.447978317737579346e-01,-5.386345982551574707e-01,1.836528629064559937e-01,2.657731175422668457e-01,1.359585672616958618e-01,-6.096791476011276245e-02,-5.721535161137580872e-02,3.779303729534149170e-01,1.273676455020904541e-01,-4.446603730320930481e-02,1.250695735216140747e-01,-3.301421999931335449e-01,8.301546797156333923e-03
9.793861719273557753e-01,-3.969578897138361512e-02,5.068733160491242229e-01,9.963846206665039062e-01,-6.021763756871223450e-02,5.062329000793397427e-04,-5.992666259407997131e-02,0.000000000000000000e+00,0.000000000000000000e+00,1.679797619581222534e-01,-1.352140576639447644e+00,1.212283849716186523e+00,-2.547769248485565186e-01,-3.373707532882690430e-01,1.085687027373586133e+00,6.490604877471923828e-01,1.798754632472991943e-01,-5.701840519905090332e-01,2.265855967998504639e-01,2.609915435314178467e-01,1.051424592733383179e-01,-1.013063341379165649e-01,-8.489238470792770386e-02,4.726829528808593750e-01,1.129299476742744446e-01,2.341658109799027443e-03,1.223047003149986267e-01,-2.741608917713165283e-01,2.229679562151432037e-02
1.027821675173260951e+00,-3.735674205452504948e-02,5.041159362240572595e-01,9.965879917144775391e-01,-5.349345132708549500e-02,1.009038370102643967e-02,-6.204007193446159363e-02,0.000000000000000000e+00,0.000000000000000000e+00,2.037903219461441040e-01,-1.370760948457990125e+00,1.259034752845764160e+00,-2.421298176050186157e-01,-3.517211079597473145e-01,1.071537123122487500e+00,6.295099258422851562e-01,1.841325312852859497e-01,-5.340319275856018066e-01,1.983896493911743164e-01,2.805000841617584229e-01,1.046955510973930359e-01,-6.447985023260116577e-02,-7.900177687406539917e-02,4.781520068645477295e-01,8.604547381401062012e-02,1.069321017712354660e-02,2.496867328882217407e-01,-1.649882793426513672e-01,4.960144683718681335e-02
1.076445676046188460e+00,-3.523129637212012860e-02,5.061179554040985407e-01,9.982140660285949707e-01,-1.481450907886028290e-02,3.137708455324172974e-02,-4.862793534994125366e-02,0.000000000000000000e+00,0.000000000000000000e+00,2.153871804475784302e-01,-1.390125439563069776e+00,1.304070949554443359e+00,-2.610365152359008789e-01,-3.187308609485626221e-01,1.074664817252431348e+00,6.105051636695861816e-01,1.661717593669891357e-01,-6.240503787994384766e-01,8.656283468008041382e-02,2.223776727914810181e-01,3.179560005664825439e-01,7.445228844881057739e-02,6.196006014943122864e-02,3.420048356056213379e-01,6.958531215786933899e-03,3.984302282333374023e-03,5.847927927970886230e-01,-1.213749125599861145e-02,9.038743376731872559e-02
1.125042274180385826e+00,-3.356366326336306799e-02,5.096202745296136705e-01,9.993053674697875977e-01,4.387685563415288925e-03,2.490558475255966187e-02,-2.737127989530563354e-02,0.000000000000000000e+00,0.000000000000000000e+00,1.969191581010818481e-01,-1.396829755106244519e+00,1.341578722000122070e+00,-3.063671886920928955e-01,-2.547238469123840332e-01,1.093263880410466626e+00,6.126000881195068359e-01,1.437727808952331543e-01,-6.065214872360229492e-01,2.954232320189476013e-02,2.006095051765441895e-01,4.950866401195526123e-01,3.714474290609359741e-02,8.672898262739181519e-02,2.360372245311737061e-01,-2.552638575434684753e-02,-2.796116052195429802e-03,8.926537036895751953e-01,1.889988929033279419e-01,1.331595480442047119e-01
1.170207136000948722e+00,-3.243217407970341165e-02,5.151173884767775712e-01,9.993913769721984863e-01,2.635305374860763550e-02,2.090881392359733582e-02,-9.228178299963474274e-03,0.000000000000000000e+00,0.000000000000000000e+00,1.605684459209442139e-01,-1.398641214766774610e+00,1.340782403945922852e+00,-3.567332029342651367e-01,-1.995934396982192993e-01,1.114514128365788892e+00,6.411131024360656738e-01,1.468072980642318726e-01,-5.259872078895568848e-01,-4.423012584447860718e-02,1.995948553085327148e-01,5.363311767578125000e-01,-6.391396373510360718e-02,1.002930924296379089e-01,7.890154421329498291e-02,-5.324954912066459656e-02,1.431078184396028519e-02,1.172818422317504883e+00,1.281083971261978149e-01,1.634191423654556274e-01
1.214873517092430300e+00,-3.195499275208949636e-02,5.248358112867130831e-01,9.992637634277343750e-01,3.301516920328140259e-02,1.884458400309085846e-02,-5.173208657652139664e-03,0.000000000000000000e+00,0.000000000000000000e+00,1.201623231172561646e-01,-1.405308545627866224e+00,1.286929368972778320e+00,-3.643295168876647949e-01,-1.422724872827529907e-01,1.141359821954045728e+00,6.793270707130432129e-01,1.789290755987167358e-01,-3.908158540725708008e-01,-8.157559484243392944e-02,1.910209059715270996e-01,4.675308763980865479e-01,-1.364263296127319336e-01,9.977865219116210938e-02,-9.376206248998641968e-02,-4.319617897272109985e-02,3.937281668186187744e-02,1.320248007774353027e+00,-1.585977524518966675e-02,1.607440859079360962e-01
1.259259227708433571e+00,-3.258345484319660063e-02,5.352120659033758887e-01,9.995607137680053711e-01,2.481459081172943115e-02,1.443025469779968262e-02,-7.370079401880502701e-03,0.000000000000000000e+00,0.000000000000000000e+00,8.473762124776840210e-02,-1.411307216682706311e+00,1.199503779411315918e+00,-3.370620608329772949e-01,-8.137717097997665405e-02,1.177173839011464551e+00,7.289597392082214355e-01,2.215416431427001953e-01,-2.170472592115402222e-01,-7.983526587486267090e-02,1.712255924940109253e-01,3.406482934951782227e-01,-1.777689605951309204e-01,8.277397602796554565e-02,-2.556967437267303467e-01,-4.089339450001716614e-02,1.569549553096294403e-02,1.334943532943725586e+00,-1.210815906524658203e-01,1.194406673312187195e-01
1.303290114377183118e+00,-3.454048267057673732e-02,5.428467180293918837e-01,9.998664259910583496e-01,5.270301364362239838e-03,1.219563465565443039e-02,-9.516329504549503326e-03,0.000000000000000000e+00,0.000000000000000000e+00,5.390646308660507202e-02,-1.410266534486089185e+00,1.097972512245178223e+00,-3.010198473930358887e-01,-2.206750772893428802e-02,1.222125814357076123e+00,7.956451177597045898e-01,2.494812756776809692e-01,-4.606452584266662598e-02,-4.558886960148811340e-02,1.504462808370590210e-01,1.976769864559173584e-01,-1.876386702060699463e-01,5.034457147121429443e-02,-3.837809562683105469e-01,-4.182568192481994629e-02,-5.836228281259536743e-02,1.224873542785644531e+00,-1.775346845388412476e-01,6.308014690876007080e-02
1.347470719645721626e+00,-3.677103446373208157e-02,5.441236026156128780e-01,9.998556971549987793e-01,-9.224787354469299316e-03,1.270750258117914200e-02,-6.482291501015424728e-03,0.000000000000000000e+00,0.000000000000000000e+00,1.406015735119581223e-02,-1.387156562009129956e+00,9.985234737396240234e-01,-2.801799476146697998e-01,3.559286892414093018e-02,1.268720225491795972e+00,8.669474124908447266e-01,2.486958652734756470e-01,7.804858684539794922e-02,-1.598412543535232544e-02,1.423795819282531738e-01,1.351536363363265991e-01,-2.188625484704971313e-01,2.685444988310337067e-02,-4.689801335334777832e-01,-7.831294834613800049e-02,-1.754119992256164551e-01,1.037120819091796875e+00,-1.886472553014755249e-01,3.348354017361998558e-03
1.390094683277185439e+00,-3.891176443885673020e-02,5.389471007115913537e-01,9.998776316642761230e-01,-2.359733451157808304e-03,1.301265507936477661e-02,8.356751874089241028e-03,0.000000000000000000e+00,0.000000000000000000e+00,-4.671517759561538696e-02,-1.339734570184026197e+00,9.076904654502868652e-01,-2.844371795654296875e-01,9.385433048009872437e-02,1.308850214877400830e+00,9.307901859283447266e-01,2.211142629384994507e-01,1.758556067943572998e-01,-2.833849564194679260e-02,1.336238086223602295e-01,1.251374632120132446e-01,-2.573685348033905029e-01,1.763759553432464600e-02,-5.203044414520263672e-01,-1.373029202222824097e-01,-2.661396265029907227e-01,8.022911548614501953e-01,-1.702312231063842773e-01,-1.966862939298152924e-02
1.432191351784600108e+00,-4.149831050456586484e-02,5.296400096177151795e-01,9.992974996566772461e-01,1.461771130561828613e-02,1.141917426139116287e-02,3.256472572684288025e-02,0.000000000000000000e+00,0.000000000000000000e+00,-1.200237050652503967e-01,-1.282473431029591993e+00,8.361059427261352539e-01,-3.039872348308563232e-01,1.594029217958450317e-01,1.347072155275617078e+00,9.921865463256835938e-01,1.749919801950454712e-01,2.733709216117858887e-01,-5.413130298256874084e-02,1.023025363683700562e-01,1.279901415109634399e-01,-2.933534383773803711e-01,1.955251209437847137e-03,-5.322095751762390137e-01,-1.802227795124053955e-01,-3.059485852718353271e-01,4.859760105609893799e-01,-1.128725633025169373e-01,-2.592413686215877533e-03
1.478502810624512831e+00,-4.474977260775337556e-02,5.201132399016858976e-01,9.971523284912109375e-01,3.746147453784942627e-02,8.306245319545269012e-03,6.492289900779724121e-02,0.000000000000000000e+00,0.000000000000000000e+00,-1.943274736404418945e-01,-1.230646536746297315e+00,7.806187272071838379e-01,-3.131411671638488770e-01,2.317463755607604980e-01,1.385431648292813733e+00,1.055808544158935547e+00,1.245796605944633484e-01,3.672032654285430908e-01,-7.849641144275665283e-02,4.415442794561386108e-02,1.342982351779937744e-01,-2.961549162864685059e-01,-1.707704365253448486e-02,-5.091575384140014648e-01,-2.211171388626098633e-01,-3.308423161506652832e-01,1.294721215963363647e-01,-4.434007033705711365e-02,6.200030073523521423e-02
1.528889637983808614e+00,-4.800588746762109865e-02,5.115881233248446014e-01,9.940235614776611328e-01,5.212907493114471436e-02,3.558215452358126640e-03,9.584917128086090088e-02,0.000000000000000000e+00,0.000000000000000000e+00,-2.371926456689834595e-01,-1.203247622647557691e+00,7.437815666198730469e-01,-2.948350906372070312e-01,2.931144237518310547e-01,1.416045234599385694e+00,1.128952980041503906e+00,7.031127065420150757e-02,4.612298309803009033e-01,-6.680520623922348022e-02,-6.373815238475799561e-03,1.363578736782073975e-01,-2.385180443525314331e-01,-3.784448280930519104e-02,-5.722055435180664062e-01,-2.756401896476745605e-01,-2.879564464092254639e-01,1.170870959758758545e-01,-1.528057008981704712e-01,7.464011013507843018e-02
1.582030523624083029e+00,-5.184360469738491517e-02,5.062287288994500312e-01,9.926623106002807617e-01,5.467095226049423218e-02,4.686161410063505173e-03,1.077531427145004272e-01,0.000000000000000000e+00,0.000000000000000000e+00,-2.336749285459518433e-01,-1.186433092751775220e+00,7.108557224273681641e-01,-2.709855139255523682e-01,3.400594592094421387e-01,1.440482051172528699e+00,1.203938722610473633e+00,3.873350471258163452e-02,4.926111102104187012e-01,-3.617764636874198914e-02,-2.428700588643550873e-02,2.369301915168762207e-01,-1.524001657962799072e-01,-4.981761425733566284e-02,-5.412235260009765625e-01,-2.687200307846069336e-01,-2.896794080734252930e-01,1.091208681464195251e-01,-1.448554247617721558e-01,1.384906023740768433e-01
1.630652614609159556e+00,-5.716098159005997270e-02,5.088889120406273614e-01,9.949538111686706543e-01,8.554644882678985596e-03,2.746964246034622192e-02,9.612040221691131592e-02,0.000000000000000000e+00,0.000000000000000000e+00,-2.102565765380859375e-01,-1.185397313037190870e+00,6.900297999382019043e-01,-2.308912426233291626e-01,3.430382311344146729e-01,1.447841220596108869e+00,1.277229547500610352e+00,1.318660937249660492e-02,3.484438359737396240e-01,7.250148057937622070e-02,-1.591238938271999359e-02,5.707371234893798828e-01,-4.951563850045204163e-02,-7.779774069786071777e-02,-5.826768279075622559e-01,-1.454493850469589233e-01,-2.915759682655334473e-01,2.310117483139038086e-01,2.532809413969516754e-02,2.728031016886234283e-02
1.677082652573031574e+00,-6.106346892954950950e-02,5.108543111970930140e-01,9.961970448493957520e-01,-1.566315628588199615e-02,2.287228591740131378e-02,8.260182291269302368e-02,0.000000000000000000e+00,0.000000000000000000e+00,-1.655998080968856812e-01,-1.206669257083211377e+00,6.999852061271667480e-01,-1.910425722599029541e-01,3.189788162708282471e-01,1.441165567436490491e+00,1.310104131698608398e+00,1.983333751559257507e-02,2.259789407253265381e-01,1.584515422582626343e-01,1.696070772595703602e-03,9.086202383041381836e-01,1.352617293596267700e-01,-7.231273502111434937e-02,-5.999306440353393555e-01,-8.720061182975769043e-02,-2.738026678562164307e-01,4.450549781322479248e-01,5.642141401767730713e-02,-2.145651541650295258e-02
1.719506742288970047e+00,-6.427543320260339921e-02,5.149522246969769901e-01,9.968889355659484863e-01,-3.583945706486701965e-02,1.031353231519460678e-02,6.943747401237487793e-02,0.000000000000000000e+00,0.000000000000000000e+00,-1.209473833441734314e-01,-1.231814281144414380e+00,7.422609925270080566e-01,-1.876707822084426880e-01,2.713584601879119873e-01,1.421836287775311902e+00,1.291548728942871094e+00,5.560974404215812683e-02,1.008310616016387939e-01,1.765129566192626953e-01,-4.253923892974853516e-02,1.181237220764160156e+00,1.384384036064147949e-01,-8.858766406774520874e-02,-5.200166702270507812e-01,-1.657358929514884949e-02,-2.749666571617126465e-01,5.236454010009765625e-01,-4.395125433802604675e-02,-4.591223970055580139e-02
1.760990004641841189e+00,-6.677541931037499212e-02,5.224029878383935621e-01,9.968147873878479004e-01,-5.051508545875549316e-02,2.202095696702599525e-03,6.167337298393249512e-02,0.000000000000000000e+00,0.000000000000000000e+00,-8.017270267009735107e-02,-1.257355199256215528e+00,8.095850944519042969e-01,-2.168586999177932739e-01,2.125133275985717773e-01,1.398541451492581800e+00,1.226469159126281738e+00,8.659756183624267578e-02,-3.583610057830810547e-02,1.132414340972900391e-01,-1.241581887006759644e-01,1.328024864196777344e+00,1.739117875695228577e-02,-1.386131346225738525e-01,-3.932259380817413330e-01,5.251371860504150391e-02,-2.775581181049346924e-01,4.888676702976226807e-01,-1.271562576293945312e-01,-6.173416227102279663e-02
1.802781174131716124e+00,-6.820725392832449607e-02,5.310235988077792735e-01,9.969425201416015625e-01,-5.270369350910186768e-02,-5.952282343059778214e-03,5.738051980733871460e-02,0.000000000000000000e+00,0.000000000000000000e+00,-4.329906404018402100e-02,-1.283904270329747632e+00,9.056170582771301270e-01,-2.617018520832061768e-01,1.497633159160614014e-01,1.375165761509213880e+00,1.137121677398681641e+00,9.322887659072875977e-02,-1.783491224050521851e-01,9.393341094255447388e-02,-1.271103918552398682e-01,1.363185763359069824e+00,-9.082976728677749634e-02,-1.082223653793334961e-01,-2.278790920972824097e-01,9.929111599922180176e-02,-2.626847922801971436e-01,3.808292150497436523e-01,-1.726368814706802368e-01,-6.033218279480934143e-02
1.845875053213100303e+00,-6.875963709006706337e-02,5.381956844001707374e-01,9.976117610931396484e-01,-4.407848790287971497e-02,-1.451569143682718277e-02,5.115765333175659180e-02,0.000000000000000000e+00,0.000000000000000000e+00,-5.638488568365573883e-03,-1.312110022702489331e+00,1.010527014732360840e+00,-3.028054535388946533e-01,8.460017293691635132e-02,1.354831532635961011e+00,1.041137933731079102e+00,8.100248873233795166e-02,-2.972414195537567139e-01,1.086722314357757568e-01,-6.292104721069335938e-02,1.291884183883666992e+00,-1.686207205057144165e-01,-2.682859636843204498e-02,-4.532424733042716980e-02,1.168380901217460632e-01,-2.356788218021392822e-01,2.382605820894241333e-01,-1.918221265077590942e-01,-5.596546456217765808e-02
1.891167794481070308e+00,-6.829497383173667446e-02,5.411983187368722970e-01,9.987278580665588379e-01,-3.083444200456142426e-02,-1.846656203269958496e-02,3.536833450198173523e-02,0.000000000000000000e+00,0.000000000000000000e+00,3.595582768321037292e-02,-1.340985060730252698e+00,1.093726754188537598e+00,-3.248538374900817871e-01,1.892418973147869110e-02,1.331932575502667859e+00,9.468409419059753418e-01,7.637477666139602661e-02,-3.786008358001708984e-01,1.170326173305511475e-01,2.753957547247409821e-02,1.138454079627990723e+00,-2.052090167999267578e-01,4.550256207585334778e-02,9.896247088909149170e-02,1.107034385204315186e-01,-1.927712261676788330e-01,1.381753534078598022e-01,-2.063117623329162598e-01,-4.823511466383934021e-02
1.935333867994221801e+00,-6.609414985817339827e-02,5.388422229569970190e-01,9.995022416114807129e-01,-2.396482974290847778e-02,-1.800161041319370270e-02,9.845918044447898865e-03,0.000000000000000000e+00,0.000000000000000000e+00,8.017365634441375732e-02,-1.366007001199994519e+00,1.146125674247741699e+00,-3.383138179779052734e-01,-5.610750243067741394e-02,1.294829533496175245e+00,8.490848541259765625e-01,9.397382289171218872e-02,-4.426021277904510498e-01,1.366943120956420898e-01,1.167699545621871948e-01,9.379786849021911621e-01,-2.035044431686401367e-01,7.940266281366348267e-02,1.895938813686370850e-01,1.016020625829696655e-01,-1.434345692396163940e-01,1.243728920817375183e-01,-2.437567114830017090e-01,-3.350291401147842407e-02
1.975619215471575929e+00,-6.329784568831926805e-02,5.318242985296128822e-01,9.992288947105407715e-01,-2.861669473350048065e-02,-1.604741252958774567e-02,-2.156806178390979767e-02,0.000000000000000000e+00,0.000000000000000000e+00,1.300372332334518433e-01,-1.383082673945699170e+00,1.178880214691162109e+00,-3.523989617824554443e-01,-1.432918012142181396e-01,1.245061800875935987e+00,7.582765221595764160e-01,1.381907016038894653e-01,-4.855051040649414062e-01,1.742397695779800415e-01,1.905129700899124146e-01,6.826980710029602051e-01,-1.536043882369995117e-01,6.172151863574981689e-02,2.703653573989868164e-01,1.045586317777633667e-01,-9.675846248865127563e-02,1.283676028251647949e-01,-2.843137979507446289e-01,-2.437549456954002380e-02
2.015587023334069805e+00,-6.061746340715373077e-02,5.227467676515531458e-01,9.974288940429687500e-01,-4.214852303266525269e-02,-1.381393056362867355e-02,-5.628747493028640747e-02,0.000000000000000000e+00,0.000000000000000000e+00,1.776992529630661011e-01,-1.396249116459165052e+00,1.207556962966918945e+00,-3.649618923664093018e-01,-2.404505312442779541e-01,1.192201391854558423e+00,6.868093013763427734e-01,2.065004408359527588e-01,-4.899026751518249512e-01,2.107659280300140381e-01,2.457303255796432495e-01,3.526524603366851807e-01,-8.723433315753936768e-02,3.780730534344911575e-03,3.499846756458282471e-01,1.135784536600112915e-01,-3.827501833438873291e-02,1.299942284822463989e-01,-3.125850558280944824e-01,-1.845068298280239105e-02
2.058924703751549679e+00,-5.854909638394460714e-02,5.138632564675627012e-01,9.937786459922790527e-01,-6.123585999011993408e-02,-1.195255946367979050e-02,-9.225650131702423096e-02,0.000000000000000000e+00,0.000000000000000000e+00,2.156526297330856323e-01,-1.411817223825726941e+00,1.241409897804260254e+00,-3.751293718814849854e-01,-3.196035027503967285e-01,1.152907506623540357e+00,6.389911174774169922e-01,2.695752382278442383e-01,-4.896228611469268799e-01,2.644153833389282227e-01,2.789551615715026855e-01,1.064516827464103699e-01,-8.723979443311691284e-02,-7.524545490741729736e-02,4.360055625438690186e-01,1.166988611221313477e-01,2.002908475697040558e-02,1.150067076086997986e-01,-3.021925687789916992e-01,-7.448727265000343323e-03
2.105089516419954787e+00,-5.611551001846715181e-02,5.078099499627797275e-01,9.921522736549377441e-01,-6.508178263902664185e-02,-4.096493124961853027e-03,-1.066837236285209656e-01,0.000000000000000000e+00,0.000000000000000000e+00,2.425060570240020752e-01,-1.426967070498738721e+00,1.284318804740905762e+00,-3.885794281959533691e-01,-3.539308309555053711e-01,1.140362487235341504e+00,6.161127686500549316e-01,2.824965119361877441e-01,-5.432918667793273926e-01,2.788496017456054688e-01,2.733323276042938232e-01,9.818983823060989380e-02,-1.165756136178970337e-01,-8.735909312963485718e-02,5.105844736099243164e-01,8.506817370653152466e-02,3.793881461024284363e-02,1.081024482846260071e-01,-2.254219949245452881e-01,1.779466494917869568e-02
2.155228058358635401e+00,-5.416304931420870550e-02,5.056423102906255629e-01,9.940222501754760742e-01,-5.031475797295570374e-02,8.377979509532451630e-03,-9.652987867593765259e-02,0.000000000000000000e+00,0.000000000000000000e+00,2.501330375671386719e-01,-1.428834528723035291e+00,1.319585442543029785e+00,-4.042352139949798584e-01,-3.287598192691802979e-01,1.151285604634557203e+00,5.983511209487915039e-01,2.568239867687225342e-01,-5.158365964889526367e-01,2.185062021017074585e-01,2.773609161376953125e-01,1.185932233929634094e-01,-3.023681975901126862e-02,-8.363944292068481445e-02,4.961595535278320312e-01,4.842329770326614380e-02,2.351816929876804352e-02,2.561246752738952637e-01,-1.229972466826438904e-01,5.529280379414558411e-02
2.204021707095883187e+00,-5.244934016104900454e-02,5.069027532336085606e-01,9.962473511695861816e-01,-1.676289550960063934e-02,2.425960265100002289e-02,-8.137401938438415527e-02,0.000000000000000000e+00,0.000000000000000000e+00,2.362535893917083740e-01,-1.424317495026860669e+00,1.344856381416320801e+00,-4.365622401237487793e-01,-2.798873782157897949e-01,1.177712933221135572e+00,6.105611920356750488e-01,2.096611559391021729e-01,-6.167616844177246094e-01,1.262334436178207397e-01,2.080977410078048706e-01,3.831279277801513672e-01,1.014388576149940491e-01,2.280212566256523132e-02,3.668697178363800049e-01,-2.271499484777450562e-02,1.483397185802459717e-02,5.937678813934326172e-01,2.584428898990154266e-02,7.704946398735046387e-02
2.251502847686560393e+00,-5.064732983426162988e-02,5.110614509903119718e-01,9.977855682373046875e-01,1.429557683877646923e-03,1.328077446669340134e-02,-6.515713781118392944e-02,0.000000000000000000e+00,0.000000000000000000e+00,1.876906603574752808e-01,-1.411055014529500440e+00,1.360181331634521484e+00,-4.848110675811767578e-01,-2.289923727512359619e-01,1.216940329470906690e+00,6.826121807098388672e-01,1.652951836585998535e-01,-5.712429285049438477e-01,6.851967424154281616e-02,1.968911290168762207e-01,5.299559831619262695e-01,2.839063992723822594e-03,3.132699057459831238e-02,2.531846761703491211e-01,-4.710275679826736450e-02,3.640776872634887695e-02,9.161750078201293945e-01,1.636735945940017700e-01,1.043605878949165344e-01
2.294527804728108134e+00,-4.977214967615601476e-02,5.174808331729486843e-01,9.983581900596618652e-01,2.361134067177772522e-02,8.214462548494338989e-03,-5.153565853834152222e-02,0.000000000000000000e+00,0.000000000000000000e+00,1.248244196176528931e-01,-1.388300270834241346e+00,1.342791318893432617e+00,-5.061816573143005371e-01,-1.952758729457855225e-01,1.254769698777471021e+00,7.820172905921936035e-01,1.481751799583435059e-01,-4.734915494918823242e-01,-8.567512035369873047e-03,2.036284357309341431e-01,5.339542627334594727e-01,-8.838128298521041870e-02,3.704354539513587952e-02,1.010238900780677795e-01,-4.225859791040420532e-02,8.372583985328674316e-02,1.171786785125732422e+00,6.793401390314102173e-02,1.460143327713012695e-01
2.337401465436424797e+00,-4.988693497397683058e-02,5.271180027106193711e-01,9.987152218818664551e-01,3.185892477631568909e-02,2.072043484076857567e-03,-3.935296833515167236e-02,0.000000000000000000e+00,0.000000000000000000e+00,5.873804539442062378e-02,-1.363635555901799634e+00,1.294641375541687012e+00,-4.780448377132415771e-01,-1.505202949047088623e-01,1.289158896603856519e+00,8.789281845092773438e-01,1.532932519912719727e-01,-3.293852210044860840e-01,-6.285539269447326660e-02,1.908070892095565796e-01,4.467189610004425049e-01,-1.440264731645584106e-01,3.224747627973556519e-02,-5.103042721748352051e-02,-4.462394490838050842e-02,7.442322373390197754e-02,1.290085315704345703e+00,-5.724496766924858093e-02,1.269505918025970459e-01
2.378783752849005673e+00,-5.126322714687146093e-02,5.364951368654616859e-01,9.992934465408325195e-01,2.616052515804767609e-02,-6.531666032969951630e-03,-2.618341520428657532e-02,0.000000000000000000e+00,0.000000000000000000e+00,-7.596000563353300095e-03,-1.341546014943395093e+00,1.235319256782531738e+00,-4.233331382274627686e-01,-8.963371813297271729e-02,1.319434330859456495e+00,9.724023938179016113e-01,1.718806326389312744e-01,-1.571917384862899780e-01,-7.903711497783660889e-02,1.533567309379577637e-01,3.202248513698577881e-01,-1.715915203094482422e-01,1.349057443439960480e-02,-1.844738870859146118e-01,-5.760169774293899536e-02,1.345974765717983246e-02,1.288113951683044434e+00,-1.431970894336700439e-01,8.010097593069076538e-02
2.420658957404319800e+00,-5.359172297133640850e-02,5.428862028847438737e-01,9.997559189796447754e-01,1.410568598657846451e-02,-1.247905846685171127e-02,-1.155273616313934326e-02,0.000000000000000000e+00,0.000000000000000000e+00,-7.279594987630844116e-02,-1.320705489316258863e+00,1.164438366889953613e+00,-3.694364428520202637e-01,-1.711224392056465149e-02,1.346203164258275464e+00,1.056678295135498047e+00,1.914499402046203613e-01,8.977713994681835175e-03,-6.721374392509460449e-02,1.096106544137001038e-01,1.888495236635208130e-01,-1.725202351808547974e-01,-9.196043014526367188e-03,-2.932634949684143066e-01,-6.621117889881134033e-02,-6.699036806821823120e-02,1.185200214385986328e+00,-1.848399937152862549e-01,4.288580641150474548e-02
2.463780903533251632e+00,-5.554046250823320430e-02,5.437838916939616851e-01,9.998811483383178711e-01,7.452420890331268311e-03,-1.225660927593708038e-02,5.652399268001317978e-03,0.000000000000000000e+00,0.000000000000000000e+00,-1.360680162906646729e-01,-1.289637611308370069e+00,1.077103734016418457e+00,-3.322762548923492432e-01,5.917738378047943115e-02,1.366859273114476636e+00,1.124151110649108887e+00,2.068149596452713013e-01,1.264834254980087280e-01,-5.402152612805366516e-02,7.879948616027832031e-02,1.264719069004058838e-01,-1.943095475435256958e-01,-2.053386159241199493e-02,-3.855918645858764648e-01,-9.714718908071517944e-02,-1.586277484893798828e-01,1.020708560943603516e+00,-1.942738741636276245e-01,1.187504921108484268e-02
2.505641991526189383e+00,-5.772624611497075703e-02,5.393651585544299021e-01,9.995046257972717285e-01,1.433105673640966415e-02,-9.692320600152015686e-03,2.628893032670021057e-02,0.000000000000000000e+00,0.000000000000000000e+00,-1.992358267307281494e-01,-1.247639373936925367e+00,9.758834242820739746e-01,-3.149276077747344971e-01,1.347655504941940308e-01,1.381254599490437940e+00,1.174238443374633789e+00,2.100222855806350708e-01,2.128411531448364258e-01,-6.085796281695365906e-02,5.760889500379562378e-02,1.168319806456565857e-01,-2.348754405975341797e-01,-2.123909629881381989e-02,-4.576092660427093506e-01,-1.482176035642623901e-01,-2.276854366064071655e-01,8.114369511604309082e-01,-1.803729981184005737e-01,-1.964617054909467697e-03
2.545699647156276946e+00,-6.033138504270652014e-02,5.317706971118847381e-01,9.983728528022766113e-01,2.799614705145359039e-02,-6.979852914810180664e-03,4.918485879898071289e-02,0.000000000000000000e+00,0.000000000000000000e+00,-2.578191459178924561e-01,-1.203696892657552198e+00,8.728335499763488770e-01,-3.064911961555480957e-01,2.094558030366897583e-01,1.395919830599103406e+00,1.217247247695922852e+00,1.989981830120086670e-01,2.952298820018768311e-01,-7.454198598861694336e-02,2.865729294717311859e-02,1.165629178285598755e-01,-2.681468427181243896e-01,-2.477759495377540588e-02,-4.947848320007324219e-01,-1.865164488554000854e-01,-2.554312944412231445e-01,5.319514274597167969e-01,-1.302428245544433594e-01,7.876646704971790314e-03
2.588521657854017555e+00,-6.305289219161777647e-02,5.234222036419492463e-01,9.961922764778137207e-01,4.493794590234756470e-02,-5.329292267560958862e-03,7.451881468296051025e-02,0.000000000000000000e+00,0.000000000000000000e+00,-3.066027462482452393e-01,-1.166266069808278516e+00,7.782086730003356934e-01,-2.912471890449523926e-01,2.810985743999481201e-01,1.412331000962529615e+00,1.259021759033203125e+00,1.784408092498779297e-01,3.767352104187011719e-01,-8.588528633117675781e-02,-1.386017072945833206e-02,1.206757947802543640e-01,-2.751756310462951660e-01,-3.557695075869560242e-02,-4.913075566291809082e-01,-2.098857462406158447e-01,-2.511747479438781738e-01,1.996000707149505615e-01,-6.456743925809860229e-02,6.177429482340812683e-02
2.634813187429399406e+00,-6.590952390597926147e-02,5.150720909192706420e-01,9.931633472442626953e-01,5.941424891352653503e-02,-5.722257308661937714e-03,1.003178358078002930e-01,0.000000000000000000e+00,0.000000000000000000e+00,-3.312707245349884033e-01,-1.151109979548726514e+00,7.093371152877807617e-01,-2.571565210819244385e-01,3.361815810203552246e-01,1.425693438449178174e+00,1.301341295242309570e+00,1.521566361188888550e-01,4.594704806804656982e-01,-7.761821150779724121e-02,-5.482310801744461060e-02,1.217815577983856201e-01,-2.308302968740463257e-01,-4.738444834947586060e-02,-5.387130975723266602e-01,-2.537664175033569336e-01,-2.257576584815979004e-01,1.153685078024864197e-01,-1.163687109947204590e-01,9.250523895025253296e-02
2.682694241928331724e+00,-6.959585657399712522e-02,5.095564593638133299e-01,9.915761947631835938e-01,6.563806533813476562e-02,-7.446521194651722908e-04,1.116593256592750549e-01,0.000000000000000000e+00,0.000000000000000000e+00,-3.208104670047760010e-01,-1.152209059396062329e+00,6.657143235206604004e-01,-2.147447615861892700e-01,3.759914338588714600e-01,1.434580252566609815e+00,1.339657425880432129e+00,1.317359805107116699e-01,5.094845294952392578e-01,-5.785699561238288879e-02,-7.363060861825942993e-02,1.664204299449920654e-01,-1.400801539421081543e-01,-5.382465198636054993e-02,-5.435297489166259766e-01,-2.619448304176330566e-01,-2.321351766586303711e-01,1.180631816387176514e-01,-1.376361697912216187e-01,1.420138478279113770e-01
2.726191190384855023e+00,-7.457140506066457786e-02,5.096977495454778628e-01,9.939216375350952148e-01,3.206472098827362061e-02,2.307325974106788635e-02,1.027583330869674683e-01,0.000000000000000000e+00,0.000000000000000000e+00,-2.963408529758453369e-01,-1.161905393996510938e+00,6.551437973976135254e-01,-1.737452149391174316e-01,3.868935704231262207e-01,1.433158488073621228e+00,1.367074728012084961e+00,1.167259365320205688e-01,3.950798213481903076e-01,1.310590840876102448e-02,-6.555708497762680054e-02,4.424602389335632324e-01,-6.799025833606719971e-02,-7.715839147567749023e-02,-5.720390677452087402e-01,-1.646329462528228760e-01,-2.571304738521575928e-01,2.138398885726928711e-01,-1.387199480086565018e-02,5.576227232813835144e-02
2.769695944469986681e+00,-7.864028618924996661e-02,5.093043956867974176e-01,9.955849051475524902e-01,8.064682595431804657e-03,2.853219024837017059e-02,8.905892819166183472e-02,0.000000000000000000e+00,0.000000000000000000e+00,-2.569143176078796387e-01,-1.188207940259252027e+00,6.771433353424072266e-01,-1.237637698650360107e-01,3.714437782764434814e-01,1.419883997240338758e+00,1.382296323776245117e+00,1.281112879514694214e-01,2.774095535278320312e-01,6.982873380184173584e-02,-4.753582179546356201e-02,7.659621834754943848e-01,8.763372153043746948e-02,-1.105703860521316528e-01,-6.450263261795043945e-01,-1.153935864567756653e-01,-2.432097792625427246e-01,4.870339334011077881e-01,3.763554990291595459e-02,-3.428524360060691833e-02
2.812705456331522580e+00,-8.205586111492882417e-02,5.115016386206402421e-01,9.973200559616088867e-01,-7.856224663555622101e-03,1.665488816797733307e-02,7.080691307783126831e-02,0.000000000000000000e+00,0.000000000000000000e+00,-2.278103232383728027e-01,-1.221920833983693555e+00,7.579045295715332031e-01,-1.008739247918128967e-01,3.240534663200378418e-01,1.394750387468610242e+00,1.375143051147460938e+00,1.662955433130264282e-01,1.611458212137222290e-01,1.088751032948493958e-01,-3.120693005621433258e-02,1.070364952087402344e+00,1.386985778808593750e-01,-1.040893644094467163e-01,-5.944054722785949707e-01,-5.783400312066078186e-02,-2.443296760320663452e-01,6.173564791679382324e-01,-6.806693971157073975e-02,-6.273306906223297119e-02
2.854353633348388097e+00,-8.564861965807850364e-02,5.173901965386337176e-01,9.978371262550354004e-01,-2.582662738859653473e-02,9.629126638174057007e-03,5.967710167169570923e-02,0.000000000000000000e+00,0.000000000000000000e+00,-2.007173448801040649e-01,-1.247312949099812940e+00,8.662537336349487305e-01,-1.192664951086044312e-01,2.561951875686645508e-01,1.371371404328618482e+00,1.336280465126037598e+00,1.962499171495437622e-01,1.478747092187404633e-02,1.223009601235389709e-01,-6.686421483755111694e-02,1.280411362648010254e+00,2.035690099000930786e-02,-9.387332201004028320e-02,-4.882365167140960693e-01,1.519312337040901184e-02,-2.606493234634399414e-01,6.108773946762084961e-01,-1.588254123926162720e-01,-7.989434152841567993e-02
2.896468155155278001e+00,-8.865644390741833636e-02,5.256154192035847883e-01,9.978470802307128906e-01,-3.497922793030738831e-02,2.366819186136126518e-03,5.542574822902679443e-02,0.000000000000000000e+00,0.000000000000000000e+00,-1.733978688716888428e-01,-1.263366685309682325e+00,9.824685454368591309e-01,-1.725224703550338745e-01,1.812034547328948975e-01,1.352431000271115735e+00,1.265769004821777344e+00,1.893329024314880371e-01,-1.399745047092437744e-01,1.525294184684753418e-01,-6.395321339368820190e-02,1.377294182777404785e+00,-1.049525514245033264e-01,-3.164936974644660950e-02,-3.383960425853729248e-01,7.532268017530441284e-02,-2.624575495719909668e-01,5.229611992835998535e-01,-2.143118530511856079e-01,-8.554574102163314819e-02
2.939522341784804649e+00,-9.123501048244611611e-02,5.335130545828077331e-01,9.981037974357604980e-01,-3.190568462014198303e-02,-6.232879590243101120e-03,5.226827040314674377e-02,0.000000000000000000e+00,0.000000000000000000e+00,-1.350380629301071167e-01,-1.275100753703389600e+00,1.082624793052673340e+00,-2.403583079576492310e-01,1.086508035659790039e-01,1.341149122514996961e+00,1.170456647872924805e+00,1.528384834527969360e-01,-2.703959047794342041e-01,1.790924966335296631e-01,-1.305961422622203827e-02,1.356899857521057129e+00,-1.893426328897476196e-01,4.907157272100448608e-02,-1.626082658767700195e-01,1.094825789332389832e-01,-2.461796849966049194e-01,3.914902508258819580e-01,-2.416087985038757324e-01,-8.498390018939971924e-02
2.983207953945554713e+00,-9.358675711553054999e-02,5.381179187491987870e-01,9.987886548042297363e-01,-2.161874249577522278e-02,-1.199235022068023682e-02,4.254426062107086182e-02,0.000000000000000000e+00,0.000000000000000000e+00,-7.521495968103408813e-02,-1.288035855689320996e+00,1.146424412727355957e+00,-2.890309989452362061e-01,4.644020274281501770e-02,1.334013820686612561e+00,1.063665032386779785e+00,1.158371120691299438e-01,-3.620378077030181885e-01,1.587050408124923706e-01,4.835022613406181335e-02,1.230128645896911621e+00,-2.218417674303054810e-01,8.957349509000778198e-02,3.441345645114779472e-03,1.213058903813362122e-01,-2.124323695898056030e-01,2.550982832908630371e-01,-2.501492798328399658e-01,-7.736537605524063110e-02
3.025165034562650401e+00,-9.476797085217755767e-02,5.380387414419891545e-01,9.995568394660949707e-01,-1.454444508999586105e-02,-1.208941172808408737e-02,2.298592962324619293e-02,0.000000000000000000e+00,0.000000000000000000e+00,-5.084464792162179947e-03,-1.304303363957677320e+00,1.173129796981811523e+00,-3.015640377998352051e-01,-8.954018354415893555e-03,1.315131531157765821e+00,9.513458609580993652e-01,1.022649854421615601e-01,-4.336619675159454346e-01,1.324756443500518799e-01,1.070434600114822388e-01,1.042072534561157227e+00,-2.169968783855438232e-01,9.917816519737243652e-02,1.313806921243667603e-01,1.280401945114135742e-01,-1.669216901063919067e-01,1.569380462169647217e-01,-2.524265646934509277e-01,-6.178722530603408813e-02
3.064169594639479577e+00,-9.523476197468963567e-02,5.335313230752944946e-01,9.997554421424865723e-01,-1.895019784569740295e-02,-9.947611019015312195e-03,-5.559436045587062836e-03,0.000000000000000000e+00,0.000000000000000000e+00,7.386788725852966309e-02,-1.321440772214208081e+00,1.178545236587524414e+00,-2.901610732078552246e-01,-6.869579851627349854e-02,1.277867690720830396e+00,8.446465730667114258e-01,1.160558685660362244e-01,-4.843660593032836914e-01,1.463533043861389160e-01,1.690120398998260498e-01,8.118618726730346680e-01,-1.843700855970382690e-01,8.159380406141281128e-02,2.229132205247879028e-01,1.442267149686813354e-01,-1.155176013708114624e-01,1.343381702899932861e-01,-2.720354497432708740e-01,-5.681430175900459290e-02
3.103558125212939167e+00,-9.574512760371270415e-02,5.258622514486613886e-01,9.987320899963378906e-01,-3.134154900908470154e-02,-7.854960858821868896e-03,-3.860368207097053528e-02,0.000000000000000000e+00,0.000000000000000000e+00,1.526207625865936279e-01,-1.340052635469708875e+00,1.184652090072631836e+00,-2.731576859951019287e-01,-1.435145437717437744e-01,1.228213147321019605e+00,7.540587186813354492e-01,1.570844054222106934e-01,-5.001969933509826660e-01,1.781701147556304932e-01,2.402748465538024902e-01,5.119910836219787598e-01,-1.269215345382690430e-01,3.790534660220146179e-02,3.055332601070404053e-01,1.620774418115615845e-01,-5.649650096893310547e-02,1.333967745304107666e-01,-2.946405410766601562e-01,-5.885018780827522278e-02
3.145981550620059686e+00,-9.648132709127785200e-02,5.176817450710017310e-01,9.960246086120605469e-01,-4.776369780302047729e-02,-7.979555986821651459e-03,-7.476553320884704590e-02,0.000000000000000000e+00,0.000000000000000000e+00,2.123633176088333130e-01,-1.363281489410672620e+00,1.208979129791259766e+00,-2.575337290763854980e-01,-2.124205827713012695e-01,1.181417242684636548e+00,6.907414793968200684e-01,2.127168923616409302e-01,-4.567419886589050293e-01,2.011570036411285400e-01,3.145749568939208984e-01,1.486060619354248047e-01,-6.563849002122879028e-02,-4.865984991192817688e-02,3.904942870140075684e-01,1.767314821481704712e-01,1.852828450500965118e-02,1.283605992794036865e-01,-2.953931987285614014e-01,-6.109249219298362732e-02
3.189121765241478279e+00,-9.692666311494328724e-02,5.102127964757006140e-01,9.927839040756225586e-01,-6.132513284683227539e-02,-7.100696675479412079e-03,-1.028051152825355530e-01,0.000000000000000000e+00,0.000000000000000000e+00,2.630307078361511230e-01,-1.388784335055623487e+00,1.250765085220336914e+00,-2.587786316871643066e-01,-2.676529884338378906e-01,1.154310003915105298e+00,6.552587747573852539e-01,2.441570460796356201e-01,-5.085870623588562012e-01,2.303192168474197388e-01,3.031297922134399414e-01,1.066272333264350891e-01,-1.092517748475074768e-01,-9.771081060171127319e-02,4.772575795650482178e-01,1.672850698232650757e-01,7.127068191766738892e-02,1.248864755034446716e-01,-2.504230439662933350e-01,-5.814062431454658508e-02
3.235155044763979415e+00,-9.749985782636536036e-02,5.066367390714209273e-01,9.923887252807617188e-01,-6.158059090375900269e-02,1.353359199129045010e-03,-1.066329702734947205e-01,0.000000000000000000e+00,0.000000000000000000e+00,2.867517769336700439e-01,-1.411320076384816602e+00,1.302840113639831543e+00,-2.659359872341156006e-01,-2.810915410518646240e-01,1.150111214318547681e+00,6.307282447814941406e-01,2.347669750452041626e-01,-4.974353015422821045e-01,2.053783088922500610e-01,3.052961230278015137e-01,9.599758684635162354e-02,-9.231623262166976929e-02,-1.244271621108055115e-01,5.021553635597229004e-01,1.552996337413787842e-01,8.470149338245391846e-02,2.076674699783325195e-01,-1.430710405111312866e-01,-3.948689997196197510e-02
3.278534742714178662e+00,-9.857208339760850646e-02,5.074102021317289379e-01,9.952393770217895508e-01,-2.185799553990364075e-02,2.070951089262962341e-02,-9.269241243600845337e-02,0.000000000000000000e+00,0.000000000000000000e+00,2.839901447296142578e-01,-1.424930648007665113e+00,1.344187259674072266e+00,-2.907112240791320801e-01,-2.639737427234649658e-01,1.167954967417989209e+00,6.205182075500488281e-01,2.044710814952850342e-01,-5.377774834632873535e-01,8.932355791330337524e-02,2.717004716396331787e-01,2.024990469217300415e-01,6.646583229303359985e-02,-9.011868387460708618e-03,3.775550127029418945e-01,8.970320969820022583e-02,8.030852675437927246e-02,5.132619142532348633e-01,-3.267843648791313171e-02,2.518082968890666962e-02
3.322852776869378744e+00,-9.932448579243036146e-02,5.086625903302972596e-01,9.968571066856384277e-01,3.717845771461725235e-03,1.335378177464008331e-02,-7.799860835075378418e-02,0.000000000000000000e+00,0.000000000000000000e+00,2.587223649024963379e-01,-1.423669443526540235e+00,1.374404788017272949e+00,-3.331702649593353271e-01,-2.303763777017593384e-01,1.200350777306828931e+00,6.440717577934265137e-01,1.707419902086257935e-01,-5.570419430732727051e-01,2.762079983949661255e-02,2.412258982658386230e-01,4.307713210582733154e-01,4.405192285776138306e-02,5.169840529561042786e-02,2.863309383392333984e-01,5.363658443093299866e-02,8.695615828037261963e-02,8.155143857002258301e-01,1.261528283357620239e-01,1.167417168617248535e-01
3.367181439965662104e+00,-1.007537773531871073e-01,5.119629595752316353e-01,9.975000023841857910e-01,2.579451166093349457e-02,-2.061533275991678238e-03,-6.575804948806762695e-02,0.000000000000000000e+00,0.000000000000000000e+00,2.072928696870803833e-01,-1.415033624568257764e+00,1.378985881805419922e+00,-3.827791512012481689e-01,-2.016820311546325684e-01,1.230339990058217481e+00,7.103804349899291992e-01,1.480357646942138672e-01,-4.870501458644866943e-01,-3.706867247819900513e-02,2.428459376096725464e-01,5.328622460365295410e-01,-7.610958814620971680e-02,7.757726311683654785e-02,1.677272021770477295e-01,2.278876863420009613e-02,9.597349911928176880e-02,1.108325242996215820e+00,1.233052238821983337e-01,1.638328582048416138e-01
3.409037545642467304e+00,-1.027628132951154266e-01,5.198339395631443871e-01,9.972424507141113281e-01,4.161445796489715576e-02,-1.064735464751720428e-02,-6.051724404096603394e-02,0.000000000000000000e+00,0.000000000000000000e+00,1.471055895090103149e-01,-1.403545663752828077e+00,1.346274256706237793e+00,-3.989684581756591797e-01,-1.711160391569137573e-01,1.258504794039998487e+00,7.954542040824890137e-01,1.550444364547729492e-01,-3.588851392269134521e-01,-9.941937774419784546e-02,2.429628372192382812e-01,4.845064580440521240e-01,-1.435596793889999390e-01,9.122227132320404053e-02,1.278641074895858765e-02,-1.904859766364097595e-02,1.044989004731178284e-01,1.297444343566894531e+00,-2.318648993968963623e-02,1.483236104249954224e-01
3.450242296523517993e+00,-1.060032182894270758e-01,5.291513689629959716e-01,9.974650740623474121e-01,3.893879801034927368e-02,-2.088933810591697693e-02,-5.577423423528671265e-02,0.000000000000000000e+00,0.000000000000000000e+00,8.385401964187622070e-02,-1.395483688512120679e+00,1.298670053482055664e+00,-3.874273896217346191e-01,-1.220430806279182434e-01,1.287122176089559034e+00,8.847564458847045898e-01,1.769997030496597290e-01,-1.963733136653900146e-01,-1.226665973663330078e-01,2.170365601778030396e-01,3.865613639354705811e-01,-1.890490800142288208e-01,8.597031980752944946e-02,-1.321231871843338013e-01,-4.696250706911087036e-02,8.125784248113632202e-02,1.347089290618896484e+00,-1.309031844139099121e-01,1.006134450435638428e-01
3.490437962310482867e+00,-1.105296421162031556e-01,5.366747493620472875e-01,9.980835914611816406e-01,2.735420688986778259e-02,-2.955736033618450165e-02,-4.698155447840690613e-02,0.000000000000000000e+00,0.000000000000000000e+00,2.380395121872425079e-02,-1.384914935627255872e+00,1.241254091262817383e+00,-3.640329241752624512e-01,-5.915176123380661011e-02,1.317340717711720899e+00,9.689905643463134766e-01,1.957505494356155396e-01,-2.756719104945659637e-02,-1.185811385512351990e-01,1.725064963102340698e-01,2.679824531078338623e-01,-2.062920928001403809e-01,7.409462332725524902e-02,-2.498131245374679565e-01,-5.665386840701103210e-02,3.437288850545883179e-02,1.280618667602539062e+00,-1.935142278671264648e-01,6.362317502498626709e-02
3.532403678942208192e+00,-1.151257872293618562e-01,5.402467793941196916e-01,9.988555908203125000e-01,1.409546099603176117e-02,-3.166436031460762024e-02,-3.295728564262390137e-02,0.000000000000000000e+00,0.000000000000000000e+00,-3.339436650276184082e-02,-1.361721695461545423e+00,1.169702768325805664e+00,-3.529869318008422852e-01,7.830983959138393402e-03,1.345032722749982312e+00,1.045203566551208496e+00,1.999849528074264526e-01,1.111708581447601318e-01,-9.998214989900588989e-02,1.257173269987106323e-01,1.723411530256271362e-01,-2.167174816131591797e-01,6.301072984933853149e-02,-3.440842926502227783e-01,-7.857963442802429199e-02,-4.560788720846176147e-02,1.131768345832824707e+00,-2.153569459915161133e-01,3.246401995420455933e-02
3.575073562920695558e+00,-1.191502842250646982e-01,5.387330271950875327e-01,9.994457960128784180e-01,8.889129385352134705e-03,-2.811394073069095612e-02,-1.545088458806276321e-02,0.000000000000000000e+00,0.000000000000000000e+00,-8.966013789176940918e-02,-1.322942734756741956e+00,1.077881097793579102e+00,-3.561277091503143311e-01,7.346663624048233032e-02,1.366146893301282361e+00,1.113175153732299805e+00,1.924837678670883179e-01,2.047391831874847412e-01,-8.707280457019805908e-02,9.380146116018295288e-02,1.355433613061904907e-01,-2.479596585035324097e-01,5.307348817586898804e-02,-4.185001850128173828e-01,-1.278094351291656494e-01,-1.430639475584030151e-01,9.223951101303100586e-01,-2.052547633647918701e-01,7.276994641870260239e-03
3.616864898487774926e+00,-1.234123235222215620e-01,5.329313691743094994e-01,9.996122717857360840e-01,1.417648978531360626e-02,-2.351751364767551422e-02,4.610314499586820602e-03,0.000000000000000000e+00,0.000000000000000000e+00,-1.430190503597259521e-01,-1.272553131976399854e+00,9.770846962928771973e-01,-3.625241518020629883e-01,1.378434151411056519e-01,1.381587238111768201e+00,1.172236323356628418e+00,1.796641200780868530e-01,2.828226685523986816e-01,-8.852420747280120850e-02,6.591819226741790771e-02,1.267738789319992065e-01,-2.855174839496612549e-01,4.868920147418975830e-02,-4.579538404941558838e-01,-1.736959666013717651e-01,-2.138247489929199219e-01,6.452797651290893555e-01,-1.615255922079086304e-01,3.834778908640146255e-03
3.659010310654688514e+00,-1.272885862331498696e-01,5.255574997785416036e-01,9.990987777709960938e-01,2.535060420632362366e-02,-1.961520127952098846e-02,2.782334014773368835e-02,0.000000000000000000e+00,0.000000000000000000e+00,-1.905206888914108276e-01,-1.220243678489003614e+00,8.776149153709411621e-01,-3.628079891204833984e-01,2.061431258916854858e-01,1.395902992286954358e+00,1.226876974105834961e+00,1.607753187417984009e-01,3.598264753818511963e-01,-9.426444023847579956e-02,2.908881567418575287e-02,1.285186260938644409e-01,-3.067700266838073730e-01,3.794261068105697632e-02,-4.636768996715545654e-01,-1.929082423448562622e-01,-2.149219363927841187e-01,3.121244907379150391e-01,-1.014957875013351440e-01,3.521723300218582153e-02
3.702514234353797562e+00,-1.306423700589573744e-01,5.175822233062500333e-01,9.976687431335449219e-01,3.884575143456459045e-02,-2.099001221358776093e-02,5.203266814351081848e-02,0.000000000000000000e+00,0.000000000000000000e+00,-2.218326479196548462e-01,-1.181638137498174146e+00,7.937826514244079590e-01,-3.409811258316040039e-01,2.696608006954193115e-01,1.409396500387464002e+00,1.277549743652343750e+00,1.410014331340789795e-01,4.443421959877014160e-01,-9.244948625564575195e-02,-5.618270486593246460e-03,1.306479722261428833e-01,-2.897296547889709473e-01,2.495949342846870422e-02,-4.826321601867675781e-01,-2.163009047508239746e-01,-1.648801714181900024e-01,1.187851950526237488e-01,-9.648947417736053467e-02,7.990778982639312744e-02
3.746013507891182925e+00,-1.348389126586191644e-01,5.117951800794613426e-01,9.966732859611511230e-01,4.611288011074066162e-02,-2.139380574226379395e-02,6.370468437671661377e-02,0.000000000000000000e+00,0.000000000000000000e+00,-2.248877435922622681e-01,-1.160507754483495191e+00,7.294338345527648926e-01,-3.051581382751464844e-01,3.198011815547943115e-01,1.420332313576016858e+00,1.326632022857666016e+00,1.195402890443801880e-01,5.157670378684997559e-01,-7.797560095787048340e-02,-2.230594865977764130e-02,1.571593284606933594e-01,-2.233083695173263550e-01,1.463587861508131027e-02,-4.903723597526550293e-01,-2.284456789493560791e-01,-1.586292088031768799e-01,1.071489080786705017e-01,-1.241220235824584961e-01,1.431285738945007324e-01
3.787704200672380672e+00,-1.412949044850062286e-01,5.098734592277593958e-01,9.977324008941650391e-01,2.834050171077251434e-02,-8.931550197303295135e-03,6.039098650217056274e-02,0.000000000000000000e+00,0.000000000000000000e+00,-2.042510360479354858e-01,-1.149462387957845166e+00,6.905532479286193848e-01,-2.722004950046539307e-01,3.477641642093658447e-01,1.425331653156552747e+00,1.359756708145141602e+00,1.058361902832984924e-01,4.675735831260681152e-01,-2.383218519389629364e-02,-9.541063569486141205e-03,3.622087240219116211e-01,-1.700008213520050049e-01,3.372292732819914818e-03,-4.807156324386596680e-01,-1.588354259729385376e-01,-1.721685528755187988e-01,1.498098075389862061e-01,-4.193799942731857300e-02,1.338819563388824463e-01
3.829241105962281289e+00,-1.480192355544428517e-01,5.102575127629920271e-01,9.983800053596496582e-01,-3.557410309440456331e-05,5.805473192594945431e-04,5.689528211951255798e-02,0.000000000000000000e+00,0.000000000000000000e+00,-1.702453494071960449e-01,-1.158006415763173536e+00,6.891888380050659180e-01,-2.300638109445571899e-01,3.498003184795379639e-01,1.424348593750272229e+00,1.376715898513793945e+00,1.032363250851631165e-01,3.511631190776824951e-01,5.433322489261627197e-02,-4.580503329634666443e-03,6.818926334381103516e-01,-5.328172072768211365e-02,-2.157269231975078583e-02,-5.535215735435485840e-01,-9.040405601263046265e-02,-1.602819561958312988e-01,3.988918066024780273e-01,3.028277307748794556e-02,5.723161995410919189e-02
3.870154225272361526e+00,-1.540260715814627257e-01,5.117115602070333447e-01,9.982653260231018066e-01,-1.983628608286380768e-02,-8.841751143336296082e-03,5.472407862544059753e-02,0.000000000000000000e+00,0.000000000000000000e+00,-1.384498476982116699e-01,-1.182426200309071973e+00,7.494643330574035645e-01,-2.118742913007736206e-01,3.358689546585083008e-01,1.415492803850446180e+00,1.358700037002563477e+00,1.208590492606163025e-01,2.338979691267013550e-01,1.193069964647293091e-01,-1.265728613361716270e-03,1.002898216247558594e+00,5.907827243208885193e-02,-4.572020471096038818e-02,-5.150571465492248535e-01,-3.980680555105209351e-02,-1.725693196058273315e-01,5.358074903488159180e-01,-3.151538223028182983e-02,2.345761284232139587e-02
3.908421070407135378e+00,-1.592911756740450213e-01,5.161273454761866608e-01,9.974945783615112305e-01,-3.637607023119926453e-02,-1.527728233486413956e-02,5.871930345892906189e-02,0.000000000000000000e+00,0.000000000000000000e+00,-1.229671388864517212e-01,-1.215159253278050855e+00,8.483119606971740723e-01,-2.282729893922805786e-01,2.992722392082214355e-01,1.402340785661015943e+00,1.308233022689819336e+00,1.581010371446609497e-01,8.602783083915710449e-02,1.516276001930236816e-01,-3.171877935528755188e-02,1.243204116821289062e+00,-6.900931242853403091e-03,-4.966713860630989075e-02,-4.296191632747650146e-01,4.633017349988222122e-03,-2.046423852443695068e-01,5.742456316947937012e-01,-1.343939006328582764e-01,-5.386542063206434250e-03
3.945954518607168282e+00,-1.629825217976714480e-01,5.234317115619026017e-01,9.964294433593750000e-01,-4.669558256864547729e-02,-2.141245082020759583e-02,6.700310856103897095e-02,0.000000000000000000e+00,0.000000000000000000e+00,-1.115529760718345642e-01,-1.250102804103169873e+00,9.635533094406127930e-01,-2.704084813594818115e-01,2.534650266170501709e-01,1.383956612148557141e+00,1.227370023727416992e+00,1.842836588621139526e-01,-6.489154696464538574e-02,1.675072014331817627e-01,-4.628291353583335876e-02,1.365744471549987793e+00,-1.169010326266288757e-01,-2.694471366703510284e-02,-2.987028062343597412e-01,4.792386293411254883e-02,-2.279612571001052856e-01,5.161584019660949707e-01,-1.999323368072509766e-01,-1.824595965445041656e-02
3.983826764304228440e+00,-1.649044710055294627e-01,5.312429037562222955e-01,9.958319664001464844e-01,-4.461552575230598450e-02,-2.876583114266395569e-02,7.416625320911407471e-02,0.000000000000000000e+00,0.000000000000000000e+00,-8.881913870573043823e-02,-1.280831501879964307e+00,1.071251630783081055e+00,-3.282198607921600342e-01,2.043854445219039917e-01,1.362119109430585340e+00,1.138546228408813477e+00,1.879504919052124023e-01,-1.914340257644653320e-01,1.740483194589614868e-01,-1.025825086981058121e-02,1.368895649909973145e+00,-1.957005858421325684e-01,2.143566310405731201e-02,-1.397152692079544067e-01,7.348093390464782715e-02,-2.314560413360595703e-01,4.060725569725036621e-01,-2.366486936807632446e-01,-2.065191417932510376e-02
4.022245071849437359e+00,-1.657481224443575207e-01,5.369224119931459427e-01,9.961844086647033691e-01,-3.352150693535804749e-02,-3.341117128729820251e-02,7.332541793584823608e-02,0.000000000000000000e+00,0.000000000000000000e+00,-4.505277052521705627e-02,-1.305600718655858472e+00,1.142660737037658691e+00,-3.828578591346740723e-01,1.523087918758392334e-01,1.339298010864530042e+00,1.053511142730712891e+00,1.752611696720123291e-01,-2.828421294689178467e-01,1.489821523427963257e-01,5.604736879467964172e-02,1.257938981056213379e+00,-2.277767509222030640e-01,5.732848122715950012e-02,1.818403229117393494e-02,8.026587963104248047e-02,-2.154280543327331543e-01,2.768192887306213379e-01,-2.500484883785247803e-01,-1.797043345868587494e-02
4.062410843739606037e+00,-1.656418537931761414e-01,5.385662441625438390e-01,9.973606467247009277e-01,-2.258804626762866974e-02,-3.178143873810768127e-02,6.124925240874290466e-02,0.000000000000000000e+00,0.000000000000000000e+00,1.405048184096813202e-02,-1.324102656045232251e+00,1.168588519096374512e+00,-4.094780683517456055e-01,9.560281783342361450e-02,1.309944138922963575e+00,9.783406853675842285e-01,1.653125882148742676e-01,-3.512299060821533203e-01,1.194182485342025757e-01,1.362366229295730591e-01,1.076220035552978516e+00,-2.237724661827087402e-01,7.663767784833908081e-02,1.412392407655715942e-01,8.024348318576812744e-02,-1.822719871997833252e-01,1.713886857032775879e-01,-2.515760362148284912e-01,-6.652471609413623810e-03
4.100274785576444536e+00,-1.646406469864751809e-01,5.355828332622545318e-01,9.986565709114074707e-01,-2.129719965159893036e-02,-2.746416255831718445e-02,3.843370079994201660e-02,0.000000000000000000e+00,0.000000000000000000e+00,8.125838637351989746e-02,-1.336633161702428296e+00,1.165500044822692871e+00,-4.089142680168151855e-01,2.639389783143997192e-02,1.265277282395635083e+00,9.092254638671875000e-01,1.722353249788284302e-01,-4.065211713314056396e-01,1.232705190777778625e-01,2.194186598062515259e-01,8.548732399940490723e-01,-1.982268244028091431e-01,7.751931995153427124e-02,2.224868535995483398e-01,8.918675780296325684e-02,-1.365732848644256592e-01,1.329592317342758179e-01,-2.692347168922424316e-01,4.949271678924560547e-03
4.137613259138483102e+00,-1.636881630796224174e-01,5.288961498190959398e-01,9.992276430130004883e-01,-2.949175238609313965e-02,-2.383249625563621521e-02,1.031737215816974640e-02,0.000000000000000000e+00,0.000000000000000000e+00,1.544860303401947021e-01,-1.345175177850995496e+00,1.160177826881408691e+00,-3.924456834793090820e-01,-5.685842037200927734e-02,1.210846201577458814e+00,8.490538001060485840e-01,1.983210891485214233e-01,-4.387619495391845703e-01,1.517976224422454834e-01,3.013646304607391357e-01,5.925048589706420898e-01,-1.439454704523086548e-01,6.506238877773284912e-02,2.927972376346588135e-01,1.067764833569526672e-01,-8.239637315273284912e-02,1.286295056343078613e-01,-3.010971248149871826e-01,1.664843410253524780e-03
4.177107414813956865e+00,-1.620315118260079457e-01,5.201577485924718802e-01,9.986585378646850586e-01,-4.262845963239669800e-02,-2.247869409620761871e-02,-1.893671602010726929e-02,0.000000000000000000e+00,0.000000000000000000e+00,2.164659053087234497e-01,-1.355416433015141919e+00,1.172481298446655273e+00,-3.777602314949035645e-01,-1.446204036474227905e-01,1.158811316886220411e+00,8.067942261695861816e-01,2.399990856647491455e-01,-4.394495189189910889e-01,1.719034612178802490e-01,3.607636690139770508e-01,2.903198301792144775e-01,-8.780449628829956055e-02,2.464756742119789124e-02,3.678704500198364258e-01,1.238680705428123474e-01,-1.891937106847763062e-02,1.256544589996337891e-01,-3.295051157474517822e-01,-1.997624756768345833e-03
4.217028388904802583e+00,-1.597337195247110764e-01,5.117263825975283398e-01,9.969218969345092773e-01,-5.733433365821838379e-02,-2.187577262520790100e-02,-4.879600927233695984e-02,0.000000000000000000e+00,0.000000000000000000e+00,2.633128166198730469e-01,-1.372349918880734876e+00,1.205348730087280273e+00,-3.681885600090026855e-01,-2.181003093719482422e-01,1.123650745549474195e+00,7.846918106079101562e-01,2.671121060848236084e-01,-4.563588201999664307e-01,2.023032009601593018e-01,3.610926866531372070e-01,1.153669282793998718e-01,-9.219430387020111084e-02,-3.076175600290298462e-02,4.482947885990142822e-01,1.300179362297058105e-01,4.473509266972541809e-02,1.152947694063186646e-01,-3.241519331932067871e-01,-4.431445151567459106e-03
4.258699816730286969e+00,-1.563487547037727965e-01,5.069695993083895846e-01,9.962602257728576660e-01,-5.675825849175453186e-02,-1.385345589369535446e-02,-6.365669518709182739e-02,0.000000000000000000e+00,0.000000000000000000e+00,2.945264279842376709e-01,-1.393970073261533216e+00,1.257275462150573730e+00,-3.677322566509246826e-01,-2.541314065456390381e-01,1.112927482524190381e+00,7.702460289001464844e-01,2.577918469905853271e-01,-5.018472671508789062e-01,1.969335079193115234e-01,3.228096365928649902e-01,1.213086694478988647e-01,-1.020890474319458008e-01,-2.908693067729473114e-02,5.053484439849853516e-01,1.036674827337265015e-01,7.323083281517028809e-02,1.285304725170135498e-01,-2.567579746246337891e-01,5.142382811754941940e-03
4.301731084705603614e+00,-1.530605713737131224e-01,5.057133082955173053e-01,9.976762533187866211e-01,-3.241487592458724976e-02,2.758055692538619041e-03,-5.986481904983520508e-02,0.000000000000000000e+00,0.000000000000000000e+00,3.062957227230072021e-01,-1.409924880662236646e+00,1.310971260070800781e+00,-3.664952516555786133e-01,-2.436016947031021118e-01,1.122784898677144483e+00,7.415375113487243652e-01,2.154946476221084595e-01,-5.101208686828613281e-01,1.196147650480270386e-01,3.063754141330718994e-01,1.835760921239852905e-01,-2.647781558334827423e-02,2.506552450358867645e-02,4.494510293006896973e-01,5.124549940228462219e-02,6.148139014840126038e-02,3.382382094860076904e-01,-1.817313730716705322e-01,4.117735475301742554e-02
4.342244622261837605e+00,-1.509431492962469978e-01,5.072116568338389531e-01,9.987627267837524414e-01,-1.554399728775024414e-03,1.392442453652620316e-02,-4.771495237946510315e-02,0.000000000000000000e+00,0.000000000000000000e+00,2.984886467456817627e-01,-1.417542115845952466e+00,1.348755478858947754e+00,-3.719905018806457520e-01,-1.968367248773574829e-01,1.150040970244679883e+00,7.136299014091491699e-01,1.594146639108657837e-01,-5.666195750236511230e-01,4.253770411014556885e-02,2.707810699939727783e-01,3.749291300773620605e-01,5.955737829208374023e-02,9.013621509075164795e-02,3.369898796081542969e-01,-1.403758395463228226e-02,3.343257308006286621e-02,6.415343284606933594e-01,-2.114674635231494904e-02,8.681635558605194092e-02
4.381540481755227923e+00,-1.489056933927114523e-01,5.113744650013518633e-01,9.995257258415222168e-01,1.187516283243894577e-02,2.033147029578685760e-03,-2.833899669349193573e-02,0.000000000000000000e+00,0.000000000000000000e+00,2.660780549049377441e-01,-1.412860588231358960e+00,1.362732887268066406e+00,-3.927380740642547607e-01,-1.317678391933441162e-01,1.191683606305394605e+00,7.178907990455627441e-01,9.751451015472412109e-02,-5.207353830337524414e-01,-1.244613435119390488e-03,2.560255527496337891e-01,5.081272721290588379e-01,-2.343089319765567780e-02,9.704472124576568604e-02,2.368155121803283691e-01,-4.761672019958496094e-02,9.606476669432595372e-05,9.394457340240478516e-01,1.649639308452606201e-01,1.219811737537384033e-01
4.421447505360902142e+00,-1.468519515433169831e-01,5.173365120823033569e-01,9.994811415672302246e-01,2.726210840046405792e-02,-5.278735421597957611e-03,-1.631903275847434998e-02,0.000000000000000000e+00,0.000000000000000000e+00,2.256198078393936157e-01,-1.403554515042577222e+00,1.334320664405822754e+00,-4.080172181129455566e-01,-7.327313721179962158e-02,1.230618909993443921e+00,7.575818896293640137e-01,6.975096464157104492e-02,-4.224154949188232422e-01,-6.050740182399749756e-02,2.527090907096862793e-01,5.096588730812072754e-01,-1.048877388238906860e-01,9.780939668416976929e-02,9.324534237384796143e-02,-7.412322610616683960e-02,9.619256481528282166e-03,1.197339057922363281e+00,1.262270063161849976e-01,1.427683830261230469e-01
4.462202519172369541e+00,-1.453194118605343477e-01,5.257447933458319067e-01,9.992678761482238770e-01,3.497387841343879700e-02,-1.172188017517328262e-02,-1.015492063015699387e-02,0.000000000000000000e+00,0.000000000000000000e+00,1.809163391590118408e-01,-1.390977934994969800e+00,1.271021485328674316e+00,-4.069166779518127441e-01,-1.756105944514274597e-02,1.263616309562001661e+00,8.229100108146667480e-01,8.258948475122451782e-02,-2.844315171241760254e-01,-1.080178171396255493e-01,2.369355708360671997e-01,4.256654679775238037e-01,-1.501915156841278076e-01,9.781286865472793579e-02,-5.357809737324714661e-02,-7.918534427881240845e-02,2.356115542352199554e-02,1.337914824485778809e+00,-1.297453884035348892e-02,1.405485123395919800e-01
4.500978224861501786e+00,-1.449278433318014758e-01,5.345705927012845970e-01,9.993885159492492676e-01,2.805803157389163971e-02,-2.056498453021049500e-02,-3.514842130243778229e-03,0.000000000000000000e+00,0.000000000000000000e+00,1.307645589113235474e-01,-1.377670929827962354e+00,1.197515368461608887e+00,-3.958144783973693848e-01,4.240585491061210632e-02,1.292233900227818921e+00,9.103837013244628906e-01,1.208065003156661987e-01,-1.218367666006088257e-01,-1.179407015442848206e-01,1.986604928970336914e-01,3.113768696784973145e-01,-1.733191013336181641e-01,8.841565251350402832e-02,-1.812944114208221436e-01,-8.864424377679824829e-02,-1.151899993419647217e-02,1.355554580688476562e+00,-1.155376136302947998e-01,1.009942963719367981e-01
4.537618177701728150e+00,-1.454213625044006863e-01,5.411522738319455295e-01,9.995350837707519531e-01,1.470549684017896652e-02,-2.609780430793762207e-02,5.678459536284208298e-03,0.000000000000000000e+00,0.000000000000000000e+00,7.443806529045104980e-02,-1.363364459076199964e+00,1.124369263648986816e+00,-3.841398656368255615e-01,1.021077930927276611e-01,1.317828849950108960e+00,1.003983497619628906e+00,1.653984338045120239e-01,3.170064091682434082e-02,-1.046870350837707520e-01,1.553824394941329956e-01,1.928223371505737305e-01,-1.734136790037155151e-01,7.510333508253097534e-02,-2.876991927623748779e-01,-9.712559729814529419e-02,-7.568386197090148926e-02,1.274040341377258301e+00,-1.806651651859283447e-01,6.488740444183349609e-02
4.573320126491363879e+00,-1.458336284047350162e-01,5.430617049705199761e-01,9.994903206825256348e-01,5.918907932937145233e-03,-2.554096840322017670e-02,1.821242645382881165e-02,0.000000000000000000e+00,0.000000000000000000e+00,1.127275358885526657e-02,-1.339069665470395520e+00,1.051156163215637207e+00,-3.781028091907501221e-01,1.603526920080184937e-01,1.341041849055562452e+00,1.084665894508361816e+00,2.040812820196151733e-01,1.389787048101425171e-01,-9.018958359956741333e-02,1.269203275442123413e-01,1.354249566793441772e-01,-1.885126233100891113e-01,6.585998833179473877e-02,-3.775888085365295410e-01,-1.259302049875259399e-01,-1.569555252790451050e-01,1.123241424560546875e+00,-2.070607692003250122e-01,3.492452949285507202e-02
4.607084618614177174e+00,-1.469035185152909317e-01,5.402412573270725105e-01,9.990860819816589355e-01,7.591556757688522339e-03,-2.291085943579673767e-02,3.527656197547912598e-02,0.000000000000000000e+00,0.000000000000000000e+00,-5.782858654856681824e-02,-1.302368537583623365e+00,9.795703291893005371e-01,-3.809569478034973145e-01,2.178613841533660889e-01,1.362732724347386792e+00,1.146597266197204590e+00,2.266429364681243896e-01,2.181436717510223389e-01,-8.925557136535644531e-02,1.079136133193969727e-01,1.236001253128051758e-01,-2.222707122564315796e-01,5.642013624310493469e-02,-4.381214976310729980e-01,-1.686751991510391235e-01,-2.318969964981079102e-01,9.035513997077941895e-01,-2.008112370967864990e-01,2.075890824198722839e-02
4.641347010195857159e+00,-1.483706964383071092e-01,5.339884505804740611e-01,9.980740547180175781e-01,1.487019564956426620e-02,-2.033543400466442108e-02,5.668810382485389709e-02,0.000000000000000000e+00,0.000000000000000000e+00,-1.225480139255523682e-01,-1.259459392228398755e+00,9.079307317733764648e-01,-3.879972100257873535e-01,2.755264043807983398e-01,1.387788401046071485e+00,1.194394469261169434e+00,2.318929582834243774e-01,2.945233285427093506e-01,-9.269225597381591797e-02,8.106138557195663452e-02,1.219711005687713623e-01,-2.579110264778137207e-01,3.950939700007438660e-02,-4.502925872802734375e-01,-1.940124034881591797e-01,-2.843369841575622559e-01,5.857141613960266113e-01,-1.471063047647476196e-01,2.764086797833442688e-02
4.680139655759840700e+00,-1.489171008206904012e-01,5.265476520713230357e-01,9.960019588470458984e-01,2.631972357630729675e-02,-1.844398118555545807e-02,8.334974944591522217e-02,0.000000000000000000e+00,0.000000000000000000e+00,-1.799056380987167358e-01,-1.215977625050816968e+00,8.358916044235229492e-01,-3.900372087955474854e-01,3.387475013732910156e-01,1.418319792547498182e+00,1.234325766563415527e+00,2.205769270658493042e-01,3.722212016582489014e-01,-9.790673851966857910e-02,3.410581871867179871e-02,1.260997503995895386e-01,-2.797754108905792236e-01,2.000748179852962494e-02,-4.162708818912506104e-01,-1.977126747369766235e-01,-3.042438030242919922e-01,1.928990930318832397e-01,-6.239593401551246643e-02,6.715770065784454346e-02
4.724867236301152573e+00,-1.479574340747462358e-01,5.176496921705476817e-01,9.928203225135803223e-01,3.650585189461708069e-02,-2.041786536574363708e-02,1.120638176798820496e-01,0.000000000000000000e+00,0.000000000000000000e+00,-2.139779329299926758e-01,-1.191345320143971875e+00,7.797157764434814453e-01,-3.752025067806243896e-01,3.951994776725769043e-01,1.444714681306157544e+00,1.273768305778503418e+00,2.010622918605804443e-01,4.529075324535369873e-01,-8.476223796606063843e-02,-1.118271145969629288e-02,1.334472745656967163e-01,-2.789633274078369141e-01,-1.935664797201752663e-03,-4.675603806972503662e-01,-2.293212264776229858e-01,-2.498811483383178711e-01,1.087012290954589844e-01,-1.193377673625946045e-01,6.214408949017524719e-02
4.772673888212502824e+00,-1.479645857743617787e-01,5.102610003842850128e-01,9.903525114059448242e-01,4.578051716089248657e-02,-2.327549457550048828e-02,1.287022829055786133e-01,0.000000000000000000e+00,0.000000000000000000e+00,-2.223259359598159790e-01,-1.182908997931752637e+00,7.407782077789306641e-01,-3.542508780956268311e-01,4.458178579807281494e-01,1.470376812913690046e+00,1.323577165603637695e+00,1.777580380439758301e-01,5.282167196273803711e-01,-6.763575971126556396e-02,-3.668973967432975769e-02,1.663178354501724243e-01,-2.310864478349685669e-01,-1.694703847169876099e-02,-4.667067229747772217e-01,-2.464098632335662842e-01,-2.294838577508926392e-01,1.181042268872261047e-01,-1.451706737279891968e-01,1.359189897775650024e-01
4.821264424528738601e+00,-1.506235544759817746e-01,5.094227256949501736e-01,9.921998977661132812e-01,1.263815164566040039e-02,-9.288825094699859619e-03,1.236663013696670532e-01,0.000000000000000000e+00,0.000000000000000000e+00,-2.057668268680572510e-01,-1.187985525527272657e+00,7.226963043212890625e-01,-3.194252252578735352e-01,4.615039527416229248e-01,1.482208670177731946e+00,1.375209450721740723e+00,1.520449817180633545e-01,4.567309916019439697e-01,1.215867418795824051e-02,-3.867962211370468140e-02,4.003388881683349609e-01,-2.059961855411529541e-01,-4.942679405212402344e-02,-4.891684949398040771e-01,-1.467738002538681030e-01,-2.337639927864074707e-01,2.195472866296768188e-01,-3.545206040143966675e-02,6.414396315813064575e-02
4.861805530900906724e+00,-1.538355395086862254e-01,5.088274219556890854e-01,9.933189749717712402e-01,-1.594785228371620178e-02,-7.213869597762823105e-03,1.140659749507904053e-01,0.000000000000000000e+00,0.000000000000000000e+00,-1.582807600498199463e-01,-1.214257226386342481e+00,7.425475120544433594e-01,-2.759461104869842529e-01,4.497974216938018799e-01,1.477571488418851331e+00,1.415512084960937500e+00,1.342131942510604858e-01,3.654123246669769287e-01,8.337684720754623413e-02,-3.123160079121589661e-02,6.943030953407287598e-01,-8.902482688426971436e-02,-9.100765734910964966e-02,-5.512174367904663086e-01,-8.121199905872344971e-02,-2.203933149576187134e-01,4.647857844829559326e-01,3.301511332392692566e-02,1.949174702167510986e-02
4.899105474551518569e+00,-1.574113893164603983e-01,5.103597748016167612e-01,9.943076372146606445e-01,-2.917666547000408173e-02,-1.998039893805980682e-02,1.005076467990875244e-01,0.000000000000000000e+00,0.000000000000000000e+00,-1.129103004932403564e-01,-1.256485746302876905e+00,8.350830078125000000e-01,-2.498597949743270874e-01,4.105007350444793701e-01,1.454854399957929090e+00,1.425704240798950195e+00,1.434841156005859375e-01,2.620532512664794922e-01,1.424326449632644653e-01,9.653049521148204803e-03,1.001660346984863281e+00,1.735812611877918243e-02,-8.964876830577850342e-02,-5.206927657127380371e-01,-3.557730466127395630e-02,-2.215386778116226196e-01,6.282382607460021973e-01,-7.237461954355239868e-02,-1.282967254519462585e-02
4.936018790470229511e+00,-1.606962303427809935e-01,5.146578528521338347e-01,9.943351149559020996e-01,-4.194214195013046265e-02,-2.352108806371688843e-02,9.479074180126190186e-02,0.000000000000000000e+00,0.000000000000000000e+00,-8.560037612915039062e-02,-1.292132780947957471e+00,9.625810384750366211e-01,-2.623146474361419678e-01,3.438820242881774902e-01,1.429779903092656568e+00,1.399107217788696289e+00,1.695230156183242798e-01,1.171643584966659546e-01,1.886046826839447021e-01,5.580754484981298447e-03,1.237051010131835938e+00,-3.383257612586021423e-02,-6.973180919885635376e-02,-4.500238299369812012e-01,1.146626006811857224e-02,-2.447985857725143433e-01,6.526849865913391113e-01,-1.638944000005722046e-01,-3.216383606195449829e-02
4.975251872780346751e+00,-1.619612300290603768e-01,5.215634675700254741e-01,9.944857954978942871e-01,-4.785810410976409912e-02,-2.252474240958690643e-02,9.055502712726593018e-02,0.000000000000000000e+00,0.000000000000000000e+00,-5.210992321372032166e-02,-1.322315887608800367e+00,1.084394216537475586e+00,-2.893201708793640137e-01,2.600316405296325684e-01,1.396888853111539319e+00,1.338461756706237793e+00,1.902014464139938354e-01,-4.221889004111289978e-02,2.067095935344696045e-01,3.058122703805565834e-03,1.379615545272827148e+00,-9.318311512470245361e-02,-3.357660397887229919e-02,-3.552554547786712646e-01,5.047820135951042175e-02,-2.509301006793975830e-01,6.045925617218017578e-01,-2.273923009634017944e-01,-3.895398974418640137e-02
